MINUTE,REWARD_TOTAL,HITS,MISSES,EPSILON,SIGNAL,RIGHT_Y
0,0.0,0,0,1.0,NONE,260
0,0.0,0,0,0.999,NONE,266
0,0.0,0,0,0.999,NONE,266
0,0.0,0,0,0.998,NONE,260
0,0.0,0,0,0.998,NONE,254
0,0.0,0,0,0.997,NONE,248
0,0.0,0,0,0.997,NONE,254
0,0.0,0,0,0.996,NONE,248
0,0.0,0,0,0.996,NONE,242
0,0.0,0,0,0.995,NONE,242
0,0.0,0,0,0.995,NONE,236
0,0.0,0,0,0.994,NONE,236
0,0.0,0,0,0.994,NONE,242
0,0.0,0,0,0.993,NONE,242
0,0.0,0,0,0.993,NONE,242
0,0.0,0,0,0.992,NONE,248
0,0.0,0,0,0.992,NONE,242
0,0.0,0,0,0.991,NONE,242
0,0.0,0,0,0.991,NONE,242
0,0.0,0,0,0.99,NONE,236
0,0.0,0,0,0.99,NONE,230
0,0.0,0,0,0.989,NONE,230
0,0.0,0,0,0.989,NONE,236
0,0.0,0,0,0.988,NONE,230
0,0.0,0,0,0.988,NONE,224
0,0.0,0,0,0.987,NONE,230
0,0.0,0,0,0.987,NONE,224
0,0.0,0,0,0.986,NONE,218
0,0.0,0,0,0.986,NONE,218
0,0.0,0,0,0.985,NONE,218
0,0.0,0,0,0.985,NONE,224
0,0.0,0,0,0.984,NONE,218
0,0.0,0,0,0.984,NONE,218
0,0.0,0,0,0.983,NONE,224
0,0.0,0,0,0.983,NONE,230
0,0.0,0,0,0.982,NONE,224
0,0.0,0,0,0.982,NONE,218
0,0.0,0,0,0.981,NONE,224
0,0.0,0,0,0.981,NONE,218
0,0.0,0,0,0.98,NONE,218
0,0.0,0,0,0.98,NONE,212
0,0.0,0,0,0.979,NONE,212
0,0.0,0,0,0.979,NONE,212
0,0.0,0,0,0.978,NONE,206
0,0.0,0,0,0.978,NONE,212
0,0.0,0,0,0.977,NONE,206
0,0.0,0,0,0.977,NONE,200
0,0.0,0,0,0.976,NONE,206
0,0.0,0,0,0.976,NONE,212
0,0.0,0,0,0.975,NONE,218
0,0.0,0,0,0.975,NONE,218
0,0.0,0,0,0.974,NONE,224
0,0.0,0,0,0.974,NONE,224
0,0.0,0,0,0.973,NONE,218
0,0.0,0,0,0.973,NONE,218
0,0.0,0,0,0.972,NONE,218
0,0.0,0,0,0.972,NONE,218
0,0.0,0,0,0.971,NONE,224
0,0.0,0,0,0.971,NONE,224
0,0.0,0,0,0.97,NONE,224
0,0.0,0,0,0.97,NONE,224
0,0.0,0,0,0.969,NONE,218
0,0.0,0,0,0.969,NONE,212
0,0.0,0,0,0.968,NONE,206
0,0.0,0,0,0.968,NONE,200
0,0.0,0,0,0.968,NONE,194
0,0.0,0,0,0.967,NONE,188
0,0.0,0,0,0.967,NONE,182
0,0.0,0,0,0.966,NONE,182
0,0.0,0,0,0.966,NONE,188
0,0.0,0,0,0.965,NONE,194
0,0.0,0,0,0.965,NONE,200
0,0.0,0,0,0.964,NONE,200
0,0.0,0,0,0.964,NONE,200
0,0.0,0,0,0.963,NONE,200
0,0.0,0,0,0.963,NONE,194
0,0.0,0,0,0.962,NONE,200
0,0.0,0,0,0.962,NONE,200
0,0.0,0,0,0.961,NONE,194
0,0.0,0,0,0.961,NONE,188
0,0.0,0,0,0.96,NONE,194
0,0.0,0,0,0.96,NONE,194
0,0.0,0,0,0.959,NONE,188
0,0.0,0,0,0.959,NONE,182
0,0.0,0,0,0.958,NONE,188
0,0.0,0,0,0.958,NONE,182
0,0.0,0,0,0.957,NONE,182
0,0.0,0,0,0.957,NONE,176
0,0.0,0,0,0.956,NONE,176
0,0.0,0,0,0.956,NONE,170
0,0.0,0,0,0.956,NONE,176
0,0.0,0,0,0.955,NONE,182
0,0.0,0,0,0.955,NONE,182
0,0.0,0,0,0.954,NONE,182
0,0.0,0,0,0.954,NONE,176
0,0.0,0,0,0.953,NONE,170
0,0.0,0,0,0.953,NONE,170
0,0.0,0,0,0.952,NONE,170
0,0.0,0,0,0.952,NONE,164
0,0.0,0,0,0.951,NONE,158
0,0.0,0,0,0.951,NONE,164
0,0.0,0,0,0.95,NONE,170
0,0.0,0,0,0.95,NONE,170
0,0.0,0,0,0.949,NONE,176
0,0.0,0,0,0.949,NONE,176
0,0.0,0,0,0.948,NONE,182
0,0.0,0,0,0.948,NONE,188
0,0.0,0,0,0.947,NONE,188
0,0.0,0,0,0.947,NONE,188
0,0.0,0,0,0.946,NONE,188
0,0.0,0,0,0.946,NONE,188
0,0.0,0,0,0.946,NONE,194
0,0.0,0,0,0.945,NONE,188
0,0.0,0,0,0.945,NONE,182
0,0.0,0,0,0.944,NONE,188
0,0.0,0,0,0.944,NONE,188
0,0.0,0,0,0.943,NONE,188
0,0.0,0,0,0.943,NONE,182
0,0.0,0,0,0.942,NONE,188
0,0.0,0,0,0.942,NONE,194
0,0.0,0,0,0.941,NONE,194
0,0.0,0,0,0.941,NONE,188
0,0.0,0,0,0.94,NONE,182
0,0.0,0,0,0.94,NONE,176
0,0.0,0,0,0.939,NONE,176
0,0.0,0,0,0.939,NONE,176
0,0.0,0,0,0.938,NONE,170
0,0.0,0,0,0.938,NONE,176
0,0.0,0,0,0.938,NONE,170
0,0.0,0,0,0.937,NONE,170
0,0.0,0,0,0.937,NONE,170
0,0.0,0,0,0.936,NONE,164
0,0.0,0,0,0.936,NONE,158
0,0.0,0,0,0.935,NONE,158
0,0.0,0,0,0.935,NONE,164
0,0.0,0,0,0.934,NONE,164
0,0.0,0,0,0.934,NONE,170
0,0.0,0,0,0.933,NONE,170
0,0.0,0,0,0.933,NONE,176
0,0.0,0,0,0.932,NONE,182
0,0.0,0,0,0.932,NONE,176
0,0.0,0,0,0.931,NONE,170
0,0.0,0,0,0.931,NONE,164
0,0.0,0,0,0.931,NONE,170
0,0.0,0,0,0.93,NONE,170
0,0.0,0,0,0.93,NONE,170
0,0.0,0,0,0.929,NONE,164
0,0.0,0,0,0.929,NONE,164
0,0.0,0,0,0.928,NONE,158
0,0.0,0,0,0.928,NONE,158
0,0.0,0,0,0.927,NONE,152
0,0.0,0,0,0.927,NONE,146
0,0.0,0,0,0.926,NONE,140
0,0.0,0,0,0.926,NONE,140
0,0.0,0,0,0.925,NONE,146
0,0.0,0,0,0.925,NONE,146
0,0.0,0,0,0.924,NONE,140
0,0.0,0,0,0.924,NONE,140
0,0.0,0,0,0.924,NONE,134
0,0.0,0,0,0.923,NONE,140
0,0.0,0,0,0.923,NONE,140
0,-1.0,0,1,0.922,NONE,146
0,-1.0,0,1,0.922,NONE,146
0,-1.0,0,1,0.921,NONE,146
0,-1.0,0,1,0.921,NONE,146
0,-1.0,0,1,0.92,NONE,152
0,-1.0,0,1,0.92,NONE,158
0,-1.0,0,1,0.919,NONE,158
0,-1.0,0,1,0.919,NONE,152
0,-1.0,0,1,0.918,NONE,158
0,-1.0,0,1,0.918,NONE,152
0,-1.0,0,1,0.918,NONE,146
0,-1.0,0,1,0.917,NONE,146
0,-1.0,0,1,0.917,NONE,146
0,-1.0,0,1,0.916,NONE,152
0,-1.0,0,1,0.916,NONE,146
0,-1.0,0,1,0.915,NONE,152
0,-1.0,0,1,0.915,NONE,152
0,-1.0,0,1,0.914,NONE,152
0,-1.0,0,1,0.914,NONE,146
0,-1.0,0,1,0.913,NONE,152
0,-1.0,0,1,0.913,NONE,158
0,-1.0,0,1,0.913,NONE,158
0,-1.0,0,1,0.912,NONE,152
0,-1.0,0,1,0.912,NONE,158
0,-1.0,0,1,0.911,NONE,152
0,-1.0,0,1,0.911,NONE,146
0,-1.0,0,1,0.91,NONE,146
0,-1.0,0,1,0.91,NONE,146
0,-1.0,0,1,0.909,NONE,140
0,-1.0,0,1,0.909,NONE,134
0,-1.0,0,1,0.908,NONE,134
0,-1.0,0,1,0.908,NONE,140
0,-1.0,0,1,0.908,NONE,134
0,-1.0,0,1,0.907,NONE,134
0,-1.0,0,1,0.907,NONE,140
0,-1.0,0,1,0.906,NONE,134
0,-1.0,0,1,0.906,NONE,140
0,-1.0,0,1,0.905,NONE,140
0,-1.0,0,1,0.905,NONE,134
0,-1.0,0,1,0.904,NONE,140
0,-1.0,0,1,0.904,NONE,140
0,-1.0,0,1,0.903,NONE,146
0,-1.0,0,1,0.903,NONE,152
0,-1.0,0,1,0.903,NONE,146
0,-1.0,0,1,0.902,NONE,152
0,-1.0,0,1,0.902,NONE,152
0,-1.0,0,1,0.901,NONE,152
0,-1.0,0,1,0.901,NONE,152
0,-1.0,0,1,0.9,NONE,146
0,-1.0,0,1,0.9,NONE,146
0,-1.0,0,1,0.899,NONE,140
0,-1.0,0,1,0.899,NONE,134
0,-1.0,0,1,0.899,NONE,128
0,-1.0,0,1,0.898,NONE,128
0,-1.0,0,1,0.898,NONE,134
0,-1.0,0,1,0.897,NONE,134
0,-1.0,0,1,0.897,NONE,128
0,-1.0,0,1,0.896,NONE,128
0,-1.0,0,1,0.896,NONE,134
0,-1.0,0,1,0.895,NONE,134
0,-1.0,0,1,0.895,NONE,134
0,-1.0,0,1,0.894,NONE,128
0,-1.0,0,1,0.894,NONE,128
0,-1.0,0,1,0.894,NONE,122
0,-1.0,0,1,0.893,NONE,116
0,-1.0,0,1,0.893,NONE,110
0,-1.0,0,1,0.892,NONE,104
0,-1.0,0,1,0.892,NONE,104
0,-1.0,0,1,0.891,NONE,110
0,-1.0,0,1,0.891,NONE,104
0,-1.0,0,1,0.89,NONE,110
0,-1.0,0,1,0.89,NONE,104
0,-1.0,0,1,0.89,NONE,110
0,-1.0,0,1,0.889,NONE,110
0,-1.0,0,1,0.889,NONE,110
0,-1.0,0,1,0.888,NONE,104
0,-1.0,0,1,0.888,NONE,104
0,-1.0,0,1,0.887,NONE,110
0,-1.0,0,1,0.887,NONE,110
0,-1.0,0,1,0.886,NONE,104
0,-1.0,0,1,0.886,NONE,110
0,-1.0,0,1,0.886,NONE,110
0,-1.0,0,1,0.885,NONE,110
0,-1.0,0,1,0.885,NONE,104
0,-1.0,0,1,0.884,NONE,104
0,-1.0,0,1,0.884,NONE,98
0,-1.0,0,1,0.883,NONE,98
0,-1.0,0,1,0.883,NONE,104
0,-1.0,0,1,0.882,NONE,104
0,-1.0,0,1,0.882,NONE,98
0,-1.0,0,1,0.882,NONE,92
0,-1.0,0,1,0.881,NONE,92
0,-1.0,0,1,0.881,NONE,86
0,-1.0,0,1,0.88,NONE,86
0,-1.0,0,1,0.88,NONE,86
0,-1.0,0,1,0.879,NONE,86
0,-1.0,0,1,0.879,NONE,80
0,-1.0,0,1,0.879,NONE,74
0,-1.0,0,1,0.878,NONE,80
0,-1.0,0,1,0.878,NONE,74
0,-1.0,0,1,0.877,NONE,74
0,-1.0,0,1,0.877,NONE,74
0,-1.0,0,1,0.876,NONE,80
0,-1.0,0,1,0.876,NONE,80
0,-1.0,0,1,0.875,NONE,86
0,-1.0,0,1,0.875,NONE,92
0,-1.0,0,1,0.875,NONE,92
0,-1.0,0,1,0.874,NONE,86
0,-1.0,0,1,0.874,NONE,92
0,-1.0,0,1,0.873,NONE,86
0,-1.0,0,1,0.873,NONE,80
0,-1.0,0,1,0.872,NONE,74
0,-1.0,0,1,0.872,NONE,80
0,-1.0,0,1,0.872,NONE,80
0,-1.0,0,1,0.871,NONE,74
0,-1.0,0,1,0.871,NONE,80
0,-1.0,0,1,0.87,NONE,80
0,-1.0,0,1,0.87,NONE,86
0,-1.0,0,1,0.869,NONE,80
0,-1.0,0,1,0.869,NONE,74
0,-1.0,0,1,0.868,NONE,68
0,-1.0,0,1,0.868,NONE,62
0,-1.0,0,1,0.868,NONE,56
0,-1.0,0,1,0.867,NONE,50
0,-1.0,0,1,0.867,NONE,50
0,-1.0,0,1,0.866,NONE,44
0,-1.0,0,1,0.866,NONE,44
0,-1.0,0,1,0.865,NONE,44
0,-1.0,0,1,0.865,NONE,50
0,-1.0,0,1,0.865,NONE,50
0,-1.0,0,1,0.864,NONE,50
0,-1.0,0,1,0.864,NONE,50
0,-1.0,0,1,0.863,NONE,44
0,-1.0,0,1,0.863,NONE,38
0,-1.0,0,1,0.862,NONE,38
0,-1.0,0,1,0.862,NONE,44
0,-1.0,0,1,0.862,NONE,44
0,-1.0,0,1,0.861,NONE,50
0,-1.0,0,1,0.861,NONE,44
0,-1.0,0,1,0.86,NONE,50
0,-1.0,0,1,0.86,NONE,56
0,-1.0,0,1,0.859,NONE,56
0,-1.0,0,1,0.859,NONE,56
0,-1.0,0,1,0.859,NONE,62
0,-1.0,0,1,0.858,NONE,56
0,-1.0,0,1,0.858,NONE,50
0,-1.0,0,1,0.857,NONE,44
0,-1.0,0,1,0.857,NONE,44
0,-1.0,0,1,0.856,NONE,44
0,-1.0,0,1,0.856,NONE,50
0,-1.0,0,1,0.856,NONE,56
0,-1.0,0,1,0.855,NONE,50
0,-1.0,0,1,0.855,NONE,44
0,-1.0,0,1,0.854,NONE,38
0,-1.0,0,1,0.854,NONE,32
0,-1.0,0,1,0.853,NONE,26
0,-1.0,0,1,0.853,NONE,20
0,-1.0,0,1,0.853,NONE,20
0,-1.0,0,1,0.852,NONE,14
0,-1.0,0,1,0.852,NONE,14
0,-1.0,0,1,0.851,NONE,8
0,-1.0,0,1,0.851,NONE,8
0,-1.0,0,1,0.85,NONE,2
0,-1.0,0,1,0.85,NONE,0
0,-1.0,0,1,0.85,NONE,0
0,-1.0,0,1,0.849,NONE,0
0,-1.0,0,1,0.849,NONE,6
0,-1.0,0,1,0.848,NONE,12
0,-1.0,0,1,0.848,NONE,18
0,-1.0,0,1,0.847,NONE,12
0,-1.0,0,1,0.847,NONE,6
0,-1.0,0,1,0.847,NONE,0
0,-1.0,0,1,0.846,NONE,0
0,-1.0,0,1,0.846,NONE,6
0,-1.0,0,1,0.845,NONE,0
0,-1.0,0,1,0.845,NONE,6
0,-1.0,0,1,0.844,NONE,0
0,-1.0,0,1,0.844,NONE,0
0,-1.0,0,1,0.844,NONE,0
0,-1.0,0,1,0.843,NONE,0
0,-1.0,0,1,0.843,NONE,0
0,-1.0,0,1,0.842,NONE,6
0,-1.0,0,1,0.842,NONE,0
0,-1.0,0,1,0.842,NONE,0
0,-1.0,0,1,0.841,NONE,0
0,-1.0,0,1,0.841,NONE,0
0,-1.0,0,1,0.84,NONE,6
0,-1.0,0,1,0.84,NONE,6
0,-1.0,0,1,0.839,NONE,12
0,-1.0,0,1,0.839,NONE,6
0,-1.0,0,1,0.839,NONE,6
0,-1.0,0,1,0.838,NONE,12
0,-1.0,0,1,0.838,NONE,6
0,-1.0,0,1,0.837,NONE,6
0,-1.0,0,1,0.837,NONE,12
0,-1.0,0,1,0.836,NONE,12
0,-1.0,0,1,0.836,NONE,6
0,-1.0,0,1,0.836,NONE,0
0,-1.0,0,1,0.835,NONE,0
0,-1.0,0,1,0.835,NONE,6
0,-1.0,0,1,0.834,NONE,6
0,-1.0,0,1,0.834,NONE,0
0,-1.0,0,1,0.834,NONE,0
0,-1.0,0,1,0.833,NONE,0
0,-1.0,0,1,0.833,NONE,0
0,-1.0,0,1,0.832,NONE,0
0,-1.0,0,1,0.832,NONE,0
0,-1.0,0,1,0.831,NONE,0
0,-1.0,0,1,0.831,NONE,0
0,-1.0,0,1,0.831,NONE,6
0,-1.0,0,1,0.83,NONE,6
0,-1.0,0,1,0.83,NONE,6
0,-1.0,0,1,0.829,NONE,0
0,-1.0,0,1,0.829,NONE,0
0,-1.0,0,1,0.829,NONE,0
0,-1.0,0,1,0.828,NONE,0
0,-1.0,0,1,0.828,NONE,0
0,-1.0,0,1,0.827,NONE,6
0,-1.0,0,1,0.827,NONE,12
0,-1.0,0,1,0.827,NONE,12
0,-1.0,0,1,0.826,NONE,6
0,-1.0,0,1,0.826,NONE,0
0,-1.0,0,1,0.825,NONE,0
0,-1.0,0,1,0.825,NONE,0
0,-1.0,0,1,0.824,NONE,0
0,-1.0,0,1,0.824,NONE,6
0,-1.0,0,1,0.824,NONE,12
0,-1.0,0,1,0.823,NONE,6
0,-1.0,0,1,0.823,NONE,0
0,-1.0,0,1,0.822,NONE,6
0,-1.0,0,1,0.822,NONE,0
0,-1.0,0,1,0.822,NONE,0
0,-1.0,0,1,0.821,NONE,0
0,-1.0,0,1,0.821,NONE,6
0,-1.0,0,1,0.82,NONE,6
0,-1.0,0,1,0.82,NONE,6
0,-1.0,0,1,0.82,NONE,0
0,-1.0,0,1,0.819,NONE,0
0,-1.0,0,1,0.819,NONE,0
0,-1.0,0,1,0.818,NONE,0
0,-1.0,0,1,0.818,NONE,0
0,-1.0,0,1,0.817,NONE,0
0,-1.0,0,1,0.817,NONE,0
0,-1.0,0,1,0.817,NONE,0
0,-1.0,0,1,0.816,NONE,0
0,-1.0,0,1,0.816,NONE,0
0,-1.0,0,1,0.815,NONE,0
0,-1.0,0,1,0.815,NONE,6
0,-1.0,0,1,0.815,NONE,6
0,-1.0,0,1,0.814,NONE,6
0,-1.0,0,1,0.814,NONE,6
0,-1.0,0,1,0.813,NONE,12
0,-1.0,0,1,0.813,NONE,6
0,-1.0,0,1,0.813,NONE,12
0,-1.0,0,1,0.812,NONE,18
0,-1.0,0,1,0.812,NONE,12
0,-1.0,0,1,0.811,NONE,12
0,-1.0,0,1,0.811,NONE,6
0,-1.0,0,1,0.811,NONE,6
0,-1.0,0,1,0.81,NONE,0
0,-1.0,0,1,0.81,NONE,0
0,-1.0,0,1,0.809,NONE,0
0,-1.0,0,1,0.809,NONE,0
0,-1.0,0,1,0.809,NONE,0
0,-1.0,0,1,0.808,NONE,0
0,-1.0,0,1,0.808,NONE,0
0,-1.0,0,1,0.807,NONE,6
0,-1.0,0,1,0.807,NONE,6
0,-1.0,0,1,0.806,NONE,6
0,-1.0,0,1,0.806,NONE,0
0,-1.0,0,1,0.806,NONE,6
0,-1.0,0,1,0.805,NONE,12
0,-1.0,0,1,0.805,NONE,18
0,-1.0,0,1,0.804,NONE,18
0,-1.0,0,1,0.804,NONE,24
0,-1.0,0,1,0.804,NONE,18
0,-1.0,0,1,0.803,NONE,12
0,-1.0,0,1,0.803,NONE,6
0,-1.0,0,1,0.802,NONE,0
0,-1.0,0,1,0.802,NONE,0
0,-1.0,0,1,0.802,NONE,0
0,-1.0,0,1,0.801,NONE,0
0,-1.0,0,1,0.801,NONE,0
0,-1.0,0,1,0.8,NONE,0
0,-1.0,0,1,0.8,NONE,6
0,-1.0,0,1,0.8,NONE,0
0,-1.0,0,1,0.799,NONE,0
0,-1.0,0,1,0.799,NONE,0
0,-1.0,0,1,0.798,NONE,0
0,-1.0,0,1,0.798,NONE,0
0,-1.0,0,1,0.798,NONE,6
0,-1.0,0,1,0.797,NONE,6
0,-1.0,0,1,0.797,NONE,12
0,-1.0,0,1,0.796,NONE,6
0,-1.0,0,1,0.796,NONE,6
0,-1.0,0,1,0.796,NONE,0
0,-1.0,0,1,0.795,NONE,0
0,-1.0,0,1,0.795,NONE,6
0,-1.0,0,1,0.794,NONE,0
0,-1.0,0,1,0.794,NONE,6
0,-1.0,0,1,0.794,NONE,12
0,-1.0,0,1,0.793,NONE,12
0,-1.0,0,1,0.793,NONE,18
0,-1.0,0,1,0.793,NONE,24
0,-1.0,0,1,0.792,NONE,30
0,-1.0,0,1,0.792,NONE,24
0,-1.0,0,1,0.791,NONE,24
0,-1.0,0,1,0.791,NONE,30
0,-1.0,0,1,0.791,NONE,30
0,-1.0,0,1,0.79,NONE,36
0,-1.0,0,1,0.79,NONE,42
0,-1.0,0,1,0.789,NONE,48
0,-1.0,0,1,0.789,NONE,54
0,-1.0,0,1,0.789,NONE,54
0,-1.0,0,1,0.788,NONE,60
0,-1.0,0,1,0.788,NONE,66
0,-1.0,0,1,0.787,NONE,66
0,-1.0,0,1,0.787,NONE,72
0,-1.0,0,1,0.787,NONE,72
0,-1.0,0,1,0.786,NONE,72
0,-1.0,0,1,0.786,NONE,72
0,-1.0,0,1,0.785,NONE,66
0,-1.0,0,1,0.785,NONE,60
0,-1.0,0,1,0.785,NONE,66
0,-1.0,0,1,0.784,NONE,72
0,-1.0,0,1,0.784,NONE,72
0,-1.0,0,1,0.783,NONE,66
0,-1.0,0,1,0.783,NONE,66
0,-1.0,0,1,0.783,NONE,60
0,-1.0,0,1,0.782,NONE,60
0,-1.0,0,1,0.782,NONE,54
0,-1.0,0,1,0.781,NONE,60
0,-1.0,0,1,0.781,NONE,60
0,-1.0,0,1,0.781,NONE,60
0,-1.0,0,1,0.78,NONE,66
0,-1.0,0,1,0.78,NONE,60
0,-1.0,0,1,0.78,NONE,66
0,-1.0,0,1,0.779,NONE,60
0,-1.0,0,1,0.779,NONE,66
0,-1.0,0,1,0.778,NONE,72
0,-1.0,0,1,0.778,NONE,66
0,-1.0,0,1,0.778,NONE,72
0,-1.0,0,1,0.777,NONE,72
0,-1.0,0,1,0.777,NONE,66
0,-1.0,0,1,0.776,NONE,66
0,-1.0,0,1,0.776,NONE,66
0,-1.0,0,1,0.776,NONE,60
0,-1.0,0,1,0.775,NONE,54
0,-1.0,0,1,0.775,NONE,48
0,-1.0,0,1,0.774,NONE,42
0,-1.0,0,1,0.774,NONE,42
0,-1.0,0,1,0.774,NONE,36
0,-1.0,0,1,0.773,NONE,30
0,-1.0,0,1,0.773,NONE,36
0,-1.0,0,1,0.773,NONE,36
0,-1.0,0,1,0.772,NONE,30
0,-1.0,0,1,0.772,NONE,24
0,-1.0,0,1,0.771,NONE,24
0,-1.0,0,1,0.771,NONE,30
0,-1.0,0,1,0.771,NONE,36
0,-1.0,0,1,0.77,NONE,30
0,-1.0,0,1,0.77,NONE,24
0,-1.0,0,1,0.769,NONE,18
0,-1.0,0,1,0.769,NONE,12
0,-1.0,0,1,0.769,NONE,18
0,-1.0,0,1,0.768,NONE,12
0,-1.0,0,1,0.768,NONE,6
0,-1.0,0,1,0.768,NONE,6
0,-1.0,0,1,0.767,NONE,6
0,-1.0,0,1,0.767,NONE,0
0,-1.0,0,1,0.766,NONE,0
0,-1.0,0,1,0.766,NONE,0
0,-1.0,0,1,0.766,NONE,6
0,-1.0,0,1,0.765,NONE,12
0,-1.0,0,1,0.765,NONE,6
0,-1.0,0,1,0.764,NONE,12
0,-1.0,0,1,0.764,NONE,18
0,-1.0,0,1,0.764,NONE,12
0,-1.0,0,1,0.763,NONE,6
0,-1.0,0,1,0.763,NONE,6
0,-1.0,0,1,0.763,NONE,0
0,-1.0,0,1,0.762,NONE,6
0,-1.0,0,1,0.762,NONE,12
0,-1.0,0,1,0.761,NONE,12
0,-1.0,0,1,0.761,NONE,6
0,-1.0,0,1,0.761,NONE,6
0,-1.0,0,1,0.76,NONE,6
0,-1.0,0,1,0.76,NONE,0
0,-1.0,0,1,0.76,NONE,6
0,-1.0,0,1,0.759,NONE,0
0,-1.0,0,1,0.759,NONE,6
0,-1.0,0,1,0.758,NONE,0
0,-1.0,0,1,0.758,NONE,0
0,-1.0,0,1,0.758,NONE,6
0,-1.0,0,1,0.757,NONE,0
0,-1.0,0,1,0.757,NONE,0
0,-1.0,0,1,0.756,NONE,0
0,-1.0,0,1,0.756,NONE,0
0,-1.0,0,1,0.756,NONE,6
0,-1.0,0,1,0.755,NONE,0
0,-1.0,0,1,0.755,NONE,0
0,-1.0,0,1,0.755,NONE,0
0,-1.0,0,1,0.754,NONE,6
0,-1.0,0,1,0.754,NONE,12
0,-1.0,0,1,0.753,NONE,12
0,-1.0,0,1,0.753,NONE,6
0,-1.0,0,1,0.753,NONE,12
0,-1.0,0,1,0.752,NONE,12
0,-1.0,0,1,0.752,NONE,6
0,-1.0,0,1,0.752,NONE,0
0,-1.0,0,1,0.751,NONE,0
0,-1.0,0,1,0.751,NONE,0
0,-1.0,0,1,0.75,NONE,6
0,-1.0,0,1,0.75,NONE,0
0,-1.0,0,1,0.75,NONE,0
0,-1.0,0,1,0.749,NONE,0
0,-1.0,0,1,0.749,NONE,0
0,-1.0,0,1,0.749,NONE,0
0,-1.0,0,1,0.748,NONE,6
0,-1.0,0,1,0.748,NONE,0
0,-1.0,0,1,0.747,NONE,0
0,-1.0,0,1,0.747,NONE,0
0,-1.0,0,1,0.747,NONE,0
0,-1.0,0,1,0.746,NONE,0
0,-1.0,0,1,0.746,NONE,0
0,-1.0,0,1,0.746,NONE,0
0,-1.0,0,1,0.745,NONE,0
0,-1.0,0,1,0.745,NONE,0
0,-1.0,0,1,0.744,NONE,6
0,-1.0,0,1,0.744,NONE,6
0,-1.0,0,1,0.744,NONE,12
0,-1.0,0,1,0.743,NONE,12
0,-1.0,0,1,0.743,NONE,18
0,-1.0,0,1,0.743,NONE,12
0,-1.0,0,1,0.742,NONE,6
0,-1.0,0,1,0.742,NONE,0
0,-1.0,0,1,0.742,NONE,0
0,-1.0,0,1,0.741,NONE,0
0,-1.0,0,1,0.741,NONE,6
0,-1.0,0,1,0.74,NONE,6
0,-1.0,0,1,0.74,NONE,6
0,-1.0,0,1,0.74,NONE,0
0,-1.0,0,1,0.739,NONE,0
0,-1.0,0,1,0.739,NONE,0
0,-1.0,0,1,0.739,NONE,6
0,-1.0,0,1,0.738,NONE,0
0,-1.0,0,1,0.738,NONE,0
0,-1.0,0,1,0.737,NONE,6
0,-1.0,0,1,0.737,NONE,0
0,-1.0,0,1,0.737,NONE,0
0,-1.0,0,1,0.736,NONE,0
0,-1.0,0,1,0.736,NONE,0
0,-1.0,0,1,0.736,NONE,0
0,-1.0,0,1,0.735,NONE,0
0,-1.0,0,1,0.735,NONE,0
0,-1.0,0,1,0.734,NONE,6
0,-1.0,0,1,0.734,NONE,0
0,-1.0,0,1,0.734,NONE,6
0,-1.0,0,1,0.733,NONE,0
0,-2.0,0,2,0.733,NONE,0
0,-2.0,0,2,0.733,NONE,6
0,-2.0,0,2,0.732,NONE,12
0,-2.0,0,2,0.732,NONE,18
0,-2.0,0,2,0.732,NONE,18
0,-2.0,0,2,0.731,NONE,24
0,-2.0,0,2,0.731,NONE,24
0,-2.0,0,2,0.73,NONE,24
0,-2.0,0,2,0.73,NONE,18
0,-2.0,0,2,0.73,NONE,24
0,-2.0,0,2,0.729,NONE,18
0,-2.0,0,2,0.729,NONE,12
0,-2.0,0,2,0.729,NONE,18
0,-2.0,0,2,0.728,NONE,18
0,-2.0,0,2,0.728,NONE,12
0,-2.0,0,2,0.728,NONE,18
0,-2.0,0,2,0.727,NONE,12
0,-2.0,0,2,0.727,NONE,6
0,-2.0,0,2,0.726,NONE,12
0,-2.0,0,2,0.726,NONE,6
0,-2.0,0,2,0.726,NONE,6
0,-2.0,0,2,0.725,NONE,0
0,-2.0,0,2,0.725,NONE,0
0,-2.0,0,2,0.725,NONE,6
0,-2.0,0,2,0.724,NONE,6
0,-2.0,0,2,0.724,NONE,12
0,-2.0,0,2,0.724,NONE,12
0,-2.0,0,2,0.723,NONE,6
0,-2.0,0,2,0.723,NONE,12
0,-2.0,0,2,0.722,NONE,6
0,-2.0,0,2,0.722,NONE,12
0,-2.0,0,2,0.722,NONE,12
0,-2.0,0,2,0.721,NONE,6
0,-2.0,0,2,0.721,NONE,6
0,-2.0,0,2,0.721,NONE,12
0,-2.0,0,2,0.72,NONE,6
0,-2.0,0,2,0.72,NONE,12
0,-2.0,0,2,0.72,NONE,12
0,-2.0,0,2,0.719,NONE,12
0,-2.0,0,2,0.719,NONE,18
0,-2.0,0,2,0.719,NONE,18
0,-2.0,0,2,0.718,NONE,18
0,-2.0,0,2,0.718,NONE,18
0,-2.0,0,2,0.717,NONE,24
0,-2.0,0,2,0.717,NONE,18
0,-2.0,0,2,0.717,NONE,24
0,-2.0,0,2,0.716,NONE,18
0,-2.0,0,2,0.716,NONE,12
0,-2.0,0,2,0.716,NONE,6
0,-2.0,0,2,0.715,NONE,0
0,-2.0,0,2,0.715,NONE,0
0,-2.0,0,2,0.715,NONE,0
0,-2.0,0,2,0.714,NONE,0
0,-2.0,0,2,0.714,NONE,0
0,-2.0,0,2,0.713,NONE,0
0,-2.0,0,2,0.713,NONE,0
0,-2.0,0,2,0.713,NONE,0
0,-2.0,0,2,0.712,NONE,6
0,-2.0,0,2,0.712,NONE,6
0,-2.0,0,2,0.712,NONE,0
0,-2.0,0,2,0.711,NONE,0
0,-2.0,0,2,0.711,NONE,0
0,-2.0,0,2,0.711,NONE,0
0,-2.0,0,2,0.71,NONE,0
0,-2.0,0,2,0.71,NONE,0
0,-2.0,0,2,0.71,NONE,6
0,-2.0,0,2,0.709,NONE,6
0,-2.0,0,2,0.709,NONE,0
0,-2.0,0,2,0.709,NONE,0
0,-2.0,0,2,0.708,NONE,6
0,-2.0,0,2,0.708,NONE,0
0,-2.0,0,2,0.707,NONE,6
0,-2.0,0,2,0.707,NONE,0
0,-2.0,0,2,0.707,NONE,0
0,-2.0,0,2,0.706,NONE,0
0,-2.0,0,2,0.706,NONE,0
0,-2.0,0,2,0.706,NONE,6
0,-2.0,0,2,0.705,NONE,0
0,-2.0,0,2,0.705,NONE,0
0,-2.0,0,2,0.705,NONE,0
0,-2.0,0,2,0.704,NONE,0
0,-2.0,0,2,0.704,NONE,0
0,-2.0,0,2,0.704,NONE,0
0,-2.0,0,2,0.703,NONE,0
0,-2.0,0,2,0.703,NONE,6
0,-2.0,0,2,0.703,NONE,0
0,-2.0,0,2,0.702,NONE,6
0,-2.0,0,2,0.702,NONE,6
0,-2.0,0,2,0.701,NONE,6
0,-2.0,0,2,0.701,NONE,12
0,-2.0,0,2,0.701,NONE,18
0,-2.0,0,2,0.7,NONE,18
0,-2.0,0,2,0.7,NONE,12
0,-2.0,0,2,0.7,NONE,6
0,-2.0,0,2,0.699,NONE,0
0,-2.0,0,2,0.699,NONE,0
0,-2.0,0,2,0.699,NONE,6
0,-2.0,0,2,0.698,NONE,6
0,-2.0,0,2,0.698,NONE,12
0,-2.0,0,2,0.698,NONE,12
0,-2.0,0,2,0.697,NONE,18
0,-2.0,0,2,0.697,NONE,24
0,-2.0,0,2,0.697,NONE,18
0,-2.0,0,2,0.696,NONE,12
0,-2.0,0,2,0.696,NONE,6
0,-2.0,0,2,0.696,NONE,12
0,-2.0,0,2,0.695,NONE,18
0,-2.0,0,2,0.695,NONE,18
0,-2.0,0,2,0.694,NONE,24
0,-2.0,0,2,0.694,NONE,30
0,-2.0,0,2,0.694,NONE,36
0,-2.0,0,2,0.693,NONE,30
0,-2.0,0,2,0.693,NONE,24
0,-2.0,0,2,0.693,NONE,24
0,-2.0,0,2,0.692,NONE,18
0,-2.0,0,2,0.692,NONE,12
0,-2.0,0,2,0.692,NONE,6
0,-2.0,0,2,0.691,NONE,0
0,-2.0,0,2,0.691,NONE,0
0,-2.0,0,2,0.691,NONE,0
0,-2.0,0,2,0.69,NONE,0
0,-2.0,0,2,0.69,NONE,6
0,-2.0,0,2,0.69,NONE,6
0,-2.0,0,2,0.689,NONE,6
0,-2.0,0,2,0.689,NONE,6
0,-2.0,0,2,0.689,NONE,12
0,-2.0,0,2,0.688,NONE,6
0,-2.0,0,2,0.688,NONE,0
0,-2.0,0,2,0.688,NONE,0
0,-2.0,0,2,0.687,NONE,0
0,-2.0,0,2,0.687,NONE,0
0,-2.0,0,2,0.687,NONE,0
0,-2.0,0,2,0.686,NONE,0
0,-2.0,0,2,0.686,NONE,0
0,-2.0,0,2,0.686,NONE,0
0,-2.0,0,2,0.685,NONE,0
0,-2.0,0,2,0.685,NONE,0
0,-2.0,0,2,0.684,NONE,0
0,-2.0,0,2,0.684,NONE,6
0,-2.0,0,2,0.684,NONE,0
0,-2.0,0,2,0.683,NONE,6
0,-2.0,0,2,0.683,NONE,12
0,-2.0,0,2,0.683,NONE,6
0,-2.0,0,2,0.682,NONE,0
0,-2.0,0,2,0.682,NONE,0
0,-2.0,0,2,0.682,NONE,0
0,-2.0,0,2,0.681,NONE,0
0,-2.0,0,2,0.681,NONE,0
0,-2.0,0,2,0.681,NONE,0
0,-2.0,0,2,0.68,NONE,0
0,-2.0,0,2,0.68,NONE,0
0,-2.0,0,2,0.68,NONE,6
0,-2.0,0,2,0.679,NONE,12
0,-2.0,0,2,0.679,NONE,12
0,-2.0,0,2,0.679,NONE,18
0,-2.0,0,2,0.678,NONE,12
0,-2.0,0,2,0.678,NONE,18
0,-2.0,0,2,0.678,NONE,12
0,-2.0,0,2,0.677,NONE,12
0,-2.0,0,2,0.677,NONE,18
0,-2.0,0,2,0.677,NONE,24
0,-2.0,0,2,0.676,NONE,18
0,-2.0,0,2,0.676,NONE,24
0,-2.0,0,2,0.676,NONE,24
0,-2.0,0,2,0.675,NONE,24
0,-2.0,0,2,0.675,NONE,30
0,-2.0,0,2,0.675,NONE,36
0,-2.0,0,2,0.674,NONE,36
0,-2.0,0,2,0.674,NONE,30
0,-2.0,0,2,0.674,NONE,24
0,-2.0,0,2,0.673,NONE,24
0,-2.0,0,2,0.673,NONE,24
0,-2.0,0,2,0.673,NONE,30
0,-2.0,0,2,0.672,NONE,24
0,-2.0,0,2,0.672,NONE,24
0,-2.0,0,2,0.672,NONE,24
0,-2.0,0,2,0.671,NONE,30
0,-2.0,0,2,0.671,NONE,24
0,-2.0,0,2,0.671,NONE,18
0,-2.0,0,2,0.67,NONE,18
0,-2.0,0,2,0.67,NONE,24
0,-2.0,0,2,0.67,NONE,18
0,-2.0,0,2,0.669,NONE,12
0,-2.0,0,2,0.669,NONE,6
0,-2.0,0,2,0.669,NONE,6
0,-2.0,0,2,0.668,NONE,12
0,-2.0,0,2,0.668,NONE,6
0,-2.0,0,2,0.668,NONE,12
0,-2.0,0,2,0.667,NONE,6
0,-2.0,0,2,0.667,NONE,12
0,-2.0,0,2,0.667,NONE,6
0,-2.0,0,2,0.666,NONE,12
0,-2.0,0,2,0.666,NONE,6
0,-2.0,0,2,0.666,NONE,0
0,-2.0,0,2,0.665,NONE,0
0,-2.0,0,2,0.665,NONE,0
0,-2.0,0,2,0.665,NONE,0
0,-2.0,0,2,0.664,NONE,0
0,-2.0,0,2,0.664,NONE,6
0,-2.0,0,2,0.664,NONE,6
0,-2.0,0,2,0.663,NONE,0
0,-2.0,0,2,0.663,NONE,0
0,-2.0,0,2,0.663,NONE,0
0,-2.0,0,2,0.662,NONE,0
0,-2.0,0,2,0.662,NONE,0
0,-2.0,0,2,0.662,NONE,0
0,-2.0,0,2,0.661,NONE,6
0,-2.0,0,2,0.661,NONE,0
0,-2.0,0,2,0.661,NONE,0
0,-2.0,0,2,0.66,NONE,6
0,-2.0,0,2,0.66,NONE,0
0,-2.0,0,2,0.66,NONE,0
0,-2.0,0,2,0.659,NONE,0
0,-2.0,0,2,0.659,NONE,0
0,-2.0,0,2,0.659,NONE,0
0,-2.0,0,2,0.658,NONE,0
0,-2.0,0,2,0.658,NONE,0
0,-2.0,0,2,0.658,NONE,0
0,-2.0,0,2,0.657,NONE,0
0,-2.0,0,2,0.657,NONE,6
0,-2.0,0,2,0.657,NONE,6
0,-2.0,0,2,0.656,NONE,0
0,-2.0,0,2,0.656,NONE,6
0,-2.0,0,2,0.656,NONE,6
0,-2.0,0,2,0.655,NONE,12
0,-2.0,0,2,0.655,NONE,12
0,-2.0,0,2,0.655,NONE,18
0,-2.0,0,2,0.654,NONE,18
0,-2.0,0,2,0.654,NONE,18
0,-2.0,0,2,0.654,NONE,24
0,-2.0,0,2,0.653,NONE,18
0,-2.0,0,2,0.653,NONE,24
0,-2.0,0,2,0.653,NONE,24
0,-2.0,0,2,0.652,NONE,18
0,-2.0,0,2,0.652,NONE,12
0,-2.0,0,2,0.652,NONE,18
0,-2.0,0,2,0.651,NONE,18
0,-2.0,0,2,0.651,NONE,24
0,-2.0,0,2,0.651,NONE,18
0,-2.0,0,2,0.65,NONE,12
0,-2.0,0,2,0.65,NONE,18
0,-2.0,0,2,0.65,NONE,18
0,-2.0,0,2,0.649,NONE,12
0,-2.0,0,2,0.649,NONE,18
0,-2.0,0,2,0.649,NONE,12
0,-2.0,0,2,0.648,NONE,6
0,-2.0,0,2,0.648,NONE,6
0,-2.0,0,2,0.648,NONE,0
0,-2.0,0,2,0.648,NONE,0
0,-2.0,0,2,0.647,NONE,0
0,-2.0,0,2,0.647,NONE,0
0,-2.0,0,2,0.647,NONE,0
0,-2.0,0,2,0.646,NONE,0
0,-2.0,0,2,0.646,NONE,0
0,-2.0,0,2,0.646,NONE,0
0,-2.0,0,2,0.645,NONE,6
0,-2.0,0,2,0.645,NONE,0
0,-2.0,0,2,0.645,NONE,0
0,-2.0,0,2,0.644,NONE,0
0,-2.0,0,2,0.644,NONE,0
0,-2.0,0,2,0.644,NONE,0
0,-2.0,0,2,0.643,NONE,0
0,-2.0,0,2,0.643,NONE,0
0,-2.0,0,2,0.643,NONE,6
0,-2.0,0,2,0.642,NONE,0
0,-2.0,0,2,0.642,NONE,0
0,-2.0,0,2,0.642,NONE,0
0,-2.0,0,2,0.641,NONE,0
0,-2.0,0,2,0.641,NONE,0
0,-2.0,0,2,0.641,NONE,0
0,-2.0,0,2,0.64,NONE,0
0,-2.0,0,2,0.64,NONE,0
0,-2.0,0,2,0.64,NONE,0
0,-2.0,0,2,0.639,NONE,0
0,-2.0,0,2,0.639,NONE,0
0,-2.0,0,2,0.639,NONE,0
0,-2.0,0,2,0.639,NONE,6
0,-2.0,0,2,0.638,NONE,6
0,-2.0,0,2,0.638,NONE,12
0,-2.0,0,2,0.638,NONE,6
0,-2.0,0,2,0.637,NONE,6
0,-2.0,0,2,0.637,NONE,0
0,-2.0,0,2,0.637,NONE,0
0,-2.0,0,2,0.636,NONE,0
0,-2.0,0,2,0.636,NONE,0
0,-2.0,0,2,0.636,NONE,6
0,-2.0,0,2,0.635,NONE,0
0,-2.0,0,2,0.635,NONE,0
0,-2.0,0,2,0.635,NONE,6
0,-2.0,0,2,0.634,NONE,0
0,-2.0,0,2,0.634,NONE,0
0,-2.0,0,2,0.634,NONE,0
0,-2.0,0,2,0.633,NONE,0
0,-2.0,0,2,0.633,NONE,0
0,-2.0,0,2,0.633,NONE,6
0,-2.0,0,2,0.632,NONE,12
0,-2.0,0,2,0.632,NONE,12
0,-2.0,0,2,0.632,NONE,18
0,-2.0,0,2,0.632,NONE,12
0,-2.0,0,2,0.631,NONE,6
0,-2.0,0,2,0.631,NONE,0
0,-2.0,0,2,0.631,NONE,0
0,-2.0,0,2,0.63,NONE,0
0,-2.0,0,2,0.63,NONE,0
0,-2.0,0,2,0.63,NONE,0
0,-2.0,0,2,0.629,NONE,0
0,-2.0,0,2,0.629,NONE,0
0,-2.0,0,2,0.629,NONE,0
0,-2.0,0,2,0.628,NONE,0
0,-2.0,0,2,0.628,NONE,0
0,-2.0,0,2,0.628,NONE,6
0,-2.0,0,2,0.627,NONE,0
0,-2.0,0,2,0.627,NONE,0
0,-2.0,0,2,0.627,NONE,6
0,-2.0,0,2,0.626,NONE,12
0,-2.0,0,2,0.626,NONE,12
0,-2.0,0,2,0.626,NONE,6
0,-2.0,0,2,0.626,NONE,12
0,-2.0,0,2,0.625,NONE,18
0,-2.0,0,2,0.625,NONE,24
0,-2.0,0,2,0.625,NONE,18
0,-2.0,0,2,0.624,NONE,12
0,-2.0,0,2,0.624,NONE,6
0,-2.0,0,2,0.624,NONE,0
0,-2.0,0,2,0.623,NONE,6
0,-2.0,0,2,0.623,NONE,12
0,-2.0,0,2,0.623,NONE,18
0,-2.0,0,2,0.622,NONE,18
0,-2.0,0,2,0.622,NONE,12
0,-2.0,0,2,0.622,NONE,12
0,-2.0,0,2,0.622,NONE,12
0,-2.0,0,2,0.621,NONE,6
0,-2.0,0,2,0.621,NONE,0
0,-2.0,0,2,0.621,NONE,0
0,-2.0,0,2,0.62,NONE,0
0,-2.0,0,2,0.62,NONE,6
0,-2.0,0,2,0.62,NONE,12
0,-2.0,0,2,0.619,NONE,6
0,-2.0,0,2,0.619,NONE,12
0,-2.0,0,2,0.619,NONE,6
0,-2.0,0,2,0.618,NONE,12
0,-2.0,0,2,0.618,NONE,18
0,-2.0,0,2,0.618,NONE,12
0,-2.0,0,2,0.617,NONE,18
0,-2.0,0,2,0.617,NONE,24
0,-2.0,0,2,0.617,NONE,18
0,-2.0,0,2,0.617,NONE,12
0,-2.0,0,2,0.616,NONE,6
0,-2.0,0,2,0.616,NONE,0
0,-2.0,0,2,0.616,NONE,6
0,-2.0,0,2,0.615,NONE,12
0,-2.0,0,2,0.615,NONE,6
0,-2.0,0,2,0.615,NONE,6
0,-2.0,0,2,0.614,NONE,0
0,-2.0,0,2,0.614,NONE,0
0,-2.0,0,2,0.614,NONE,6
0,-2.0,0,2,0.613,NONE,0
0,-2.0,0,2,0.613,NONE,0
0,-2.0,0,2,0.613,NONE,0
0,-2.0,0,2,0.613,NONE,0
0,-2.0,0,2,0.612,NONE,0
0,-2.0,0,2,0.612,NONE,0
0,-2.0,0,2,0.612,NONE,0
0,-2.0,0,2,0.611,NONE,0
0,-2.0,0,2,0.611,NONE,0
0,-2.0,0,2,0.611,NONE,0
0,-2.0,0,2,0.61,NONE,0
0,-2.0,0,2,0.61,NONE,6
0,-2.0,0,2,0.61,NONE,0
0,-2.0,0,2,0.609,NONE,0
0,-2.0,0,2,0.609,NONE,0
0,-2.0,0,2,0.609,NONE,0
0,-2.0,0,2,0.609,NONE,0
0,-2.0,0,2,0.608,NONE,0
0,-2.0,0,2,0.608,NONE,0
0,-2.0,0,2,0.608,NONE,0
0,-2.0,0,2,0.607,NONE,0
0,-2.0,0,2,0.607,NONE,0
0,-2.0,0,2,0.607,NONE,6
0,-2.0,0,2,0.606,NONE,12
0,-2.0,0,2,0.606,NONE,12
0,-2.0,0,2,0.606,NONE,6
0,-2.0,0,2,0.606,NONE,0
0,-2.0,0,2,0.605,NONE,6
0,-2.0,0,2,0.605,NONE,0
0,-2.0,0,2,0.605,NONE,6
0,-2.0,0,2,0.604,NONE,0
0,-2.0,0,2,0.604,NONE,6
0,-2.0,0,2,0.604,NONE,0
0,-2.0,0,2,0.603,NONE,0
0,-2.0,0,2,0.603,NONE,0
0,-2.0,0,2,0.603,NONE,0
0,-2.0,0,2,0.603,NONE,0
0,-2.0,0,2,0.602,NONE,6
0,-2.0,0,2,0.602,NONE,0
0,-2.0,0,2,0.602,NONE,0
0,-2.0,0,2,0.601,NONE,0
0,-2.0,0,2,0.601,NONE,0
0,-2.0,0,2,0.601,NONE,0
0,-2.0,0,2,0.6,NONE,0
0,-2.0,0,2,0.6,NONE,0
0,-2.0,0,2,0.6,NONE,0
0,-2.0,0,2,0.6,NONE,0
0,-2.0,0,2,0.599,NONE,0
0,-2.0,0,2,0.599,NONE,0
0,-2.0,0,2,0.599,NONE,6
0,-2.0,0,2,0.598,NONE,0
0,-2.0,0,2,0.598,NONE,0
0,-2.0,0,2,0.598,NONE,6
0,-2.0,0,2,0.597,NONE,0
0,-2.0,0,2,0.597,NONE,0
0,-2.0,0,2,0.597,NONE,0
0,-2.0,0,2,0.597,NONE,0
0,-2.0,0,2,0.596,NONE,0
0,-2.0,0,2,0.596,NONE,6
0,-2.0,0,2,0.596,NONE,0
0,-2.0,0,2,0.595,NONE,0
0,-2.0,0,2,0.595,NONE,0
0,-2.0,0,2,0.595,NONE,0
0,-2.0,0,2,0.594,NONE,0
0,-2.0,0,2,0.594,NONE,0
0,-2.0,0,2,0.594,NONE,0
0,-2.0,0,2,0.594,NONE,6
0,-2.0,0,2,0.593,NONE,12
0,-2.0,0,2,0.593,NONE,12
0,-2.0,0,2,0.593,NONE,6
0,-2.0,0,2,0.592,NONE,12
0,-2.0,0,2,0.592,NONE,12
0,-2.0,0,2,0.592,NONE,12
0,-2.0,0,2,0.591,NONE,6
0,-2.0,0,2,0.591,NONE,12
0,-2.0,0,2,0.591,NONE,6
0,-2.0,0,2,0.591,NONE,0
0,-2.0,0,2,0.59,NONE,0
0,-2.0,0,2,0.59,NONE,0
0,-2.0,0,2,0.59,NONE,0
0,-2.0,0,2,0.589,NONE,0
0,-2.0,0,2,0.589,NONE,0
0,-2.0,0,2,0.589,NONE,0
0,-2.0,0,2,0.589,NONE,0
0,-2.0,0,2,0.588,NONE,0
0,-2.0,0,2,0.588,NONE,0
0,-2.0,0,2,0.588,NONE,0
0,-2.0,0,2,0.587,NONE,0
0,-2.0,0,2,0.587,NONE,6
0,-2.0,0,2,0.587,NONE,0
0,-2.0,0,2,0.586,NONE,0
0,-2.0,0,2,0.586,NONE,0
0,-2.0,0,2,0.586,NONE,6
0,-2.0,0,2,0.586,NONE,0
0,-2.0,0,2,0.585,NONE,0
0,-2.0,0,2,0.585,NONE,6
0,-2.0,0,2,0.585,NONE,12
0,-2.0,0,2,0.584,NONE,12
0,-2.0,0,2,0.584,NONE,6
0,-2.0,0,2,0.584,NONE,12
0,-2.0,0,2,0.584,NONE,12
0,-2.0,0,2,0.583,NONE,6
0,-2.0,0,2,0.583,NONE,6
0,-3.0,0,3,0.583,NONE,0
0,-3.0,0,3,0.582,NONE,6
0,-3.0,0,3,0.582,NONE,0
0,-3.0,0,3,0.582,NONE,0
0,-3.0,0,3,0.582,NONE,0
0,-3.0,0,3,0.581,NONE,0
0,-3.0,0,3,0.581,NONE,6
0,-3.0,0,3,0.581,NONE,0
0,-3.0,0,3,0.58,NONE,0
0,-3.0,0,3,0.58,NONE,0
0,-3.0,0,3,0.58,NONE,0
0,-3.0,0,3,0.579,NONE,6
0,-3.0,0,3,0.579,NONE,0
0,-3.0,0,3,0.579,NONE,0
0,-3.0,0,3,0.579,NONE,6
0,-3.0,0,3,0.578,NONE,0
0,-3.0,0,3,0.578,NONE,0
0,-3.0,0,3,0.578,NONE,6
0,-3.0,0,3,0.577,NONE,6
0,-3.0,0,3,0.577,NONE,6
0,-3.0,0,3,0.577,NONE,0
0,-3.0,0,3,0.577,NONE,0
0,-3.0,0,3,0.576,NONE,0
0,-3.0,0,3,0.576,NONE,0
0,-3.0,0,3,0.576,NONE,0
0,-3.0,0,3,0.575,NONE,0
0,-3.0,0,3,0.575,NONE,0
0,-3.0,0,3,0.575,NONE,0
0,-3.0,0,3,0.575,NONE,0
0,-3.0,0,3,0.574,NONE,0
0,-3.0,0,3,0.574,NONE,0
0,-3.0,0,3,0.574,NONE,0
0,-3.0,0,3,0.573,NONE,0
0,-3.0,0,3,0.573,NONE,0
0,-3.0,0,3,0.573,NONE,0
0,-3.0,0,3,0.573,NONE,0
0,-3.0,0,3,0.572,NONE,0
0,-3.0,0,3,0.572,NONE,0
0,-3.0,0,3,0.572,NONE,6
0,-3.0,0,3,0.571,NONE,0
0,-3.0,0,3,0.571,NONE,0
0,-3.0,0,3,0.571,NONE,6
0,-3.0,0,3,0.571,NONE,0
0,-3.0,0,3,0.57,NONE,0
0,-3.0,0,3,0.57,NONE,0
0,-3.0,0,3,0.57,NONE,0
0,-3.0,0,3,0.569,NONE,6
0,-3.0,0,3,0.569,NONE,0
0,-3.0,0,3,0.569,NONE,0
0,-3.0,0,3,0.569,NONE,6
0,-3.0,0,3,0.568,NONE,0
0,-3.0,0,3,0.568,NONE,0
0,-3.0,0,3,0.568,NONE,0
0,-3.0,0,3,0.567,NONE,0
0,-3.0,0,3,0.567,NONE,0
0,-3.0,0,3,0.567,NONE,0
0,-3.0,0,3,0.567,NONE,0
0,-3.0,0,3,0.566,NONE,0
0,-3.0,0,3,0.566,NONE,0
0,-3.0,0,3,0.566,NONE,0
0,-3.0,0,3,0.565,NONE,0
0,-3.0,0,3,0.565,NONE,0
0,-3.0,0,3,0.565,NONE,0
0,-3.0,0,3,0.565,NONE,0
0,-3.0,0,3,0.564,NONE,6
0,-3.0,0,3,0.564,NONE,0
0,-3.0,0,3,0.564,NONE,6
0,-3.0,0,3,0.563,NONE,0
0,-3.0,0,3,0.563,NONE,0
0,-3.0,0,3,0.563,NONE,0
0,-3.0,0,3,0.563,NONE,6
0,-3.0,0,3,0.562,NONE,0
0,-3.0,0,3,0.562,NONE,0
0,-3.0,0,3,0.562,NONE,0
0,-3.0,0,3,0.561,NONE,0
0,-3.0,0,3,0.561,NONE,0
0,-3.0,0,3,0.561,NONE,6
0,-3.0,0,3,0.561,NONE,0
0,-3.0,0,3,0.56,NONE,0
0,-3.0,0,3,0.56,NONE,0
0,-3.0,0,3,0.56,NONE,0
0,-3.0,0,3,0.56,NONE,0
0,-3.0,0,3,0.559,NONE,6
0,-3.0,0,3,0.559,NONE,0
0,-3.0,0,3,0.559,NONE,0
0,-3.0,0,3,0.558,NONE,0
0,-3.0,0,3,0.558,NONE,6
0,-3.0,0,3,0.558,NONE,0
0,-3.0,0,3,0.558,NONE,0
0,-3.0,0,3,0.557,NONE,0
0,-3.0,0,3,0.557,NONE,0
0,-3.0,0,3,0.557,NONE,0
0,-3.0,0,3,0.556,NONE,6
0,-3.0,0,3,0.556,NONE,12
0,-3.0,0,3,0.556,NONE,12
0,-3.0,0,3,0.556,NONE,6
0,-3.0,0,3,0.555,NONE,6
0,-3.0,0,3,0.555,NONE,6
0,-3.0,0,3,0.555,NONE,0
0,-3.0,0,3,0.555,NONE,0
0,-3.0,0,3,0.554,NONE,0
0,-3.0,0,3,0.554,NONE,0
0,-3.0,0,3,0.554,NONE,0
0,-3.0,0,3,0.553,NONE,0
0,-3.0,0,3,0.553,NONE,0
0,-3.0,0,3,0.553,NONE,6
0,-3.0,0,3,0.553,NONE,12
0,-3.0,0,3,0.552,NONE,12
0,-3.0,0,3,0.552,NONE,6
0,-3.0,0,3,0.552,NONE,0
0,-3.0,0,3,0.551,NONE,0
0,-3.0,0,3,0.551,NONE,0
0,-3.0,0,3,0.551,NONE,0
0,-3.0,0,3,0.551,NONE,6
0,-3.0,0,3,0.55,NONE,0
0,-3.0,0,3,0.55,NONE,0
0,-3.0,0,3,0.55,NONE,0
0,-3.0,0,3,0.55,NONE,0
0,-3.0,0,3,0.549,NONE,6
0,-3.0,0,3,0.549,NONE,0
0,-3.0,0,3,0.549,NONE,0
0,-3.0,0,3,0.548,NONE,0
0,-3.0,0,3,0.548,NONE,6
0,-3.0,0,3,0.548,NONE,0
0,-3.0,0,3,0.548,NONE,6
0,-3.0,0,3,0.547,NONE,12
0,-3.0,0,3,0.547,NONE,12
0,-3.0,0,3,0.547,NONE,12
0,-3.0,0,3,0.547,NONE,6
0,-3.0,0,3,0.546,NONE,0
0,-3.0,0,3,0.546,NONE,6
0,-3.0,0,3,0.546,NONE,12
0,-3.0,0,3,0.545,NONE,6
0,-3.0,0,3,0.545,NONE,0
0,-3.0,0,3,0.545,NONE,6
0,-3.0,0,3,0.545,NONE,0
0,-3.0,0,3,0.544,NONE,0
0,-3.0,0,3,0.544,NONE,0
0,-3.0,0,3,0.544,NONE,0
0,-3.0,0,3,0.544,NONE,6
0,-3.0,0,3,0.543,NONE,12
0,-3.0,0,3,0.543,NONE,6
0,-3.0,0,3,0.543,NONE,6
0,-3.0,0,3,0.542,NONE,6
0,-3.0,0,3,0.542,NONE,0
0,-3.0,0,3,0.542,NONE,6
0,-3.0,0,3,0.542,NONE,0
0,-3.0,0,3,0.541,NONE,0
0,-3.0,0,3,0.541,NONE,6
0,-3.0,0,3,0.541,NONE,0
0,-3.0,0,3,0.541,NONE,0
0,-3.0,0,3,0.54,NONE,6
0,-3.0,0,3,0.54,NONE,6
0,-3.0,0,3,0.54,NONE,0
0,-3.0,0,3,0.539,NONE,6
0,-3.0,0,3,0.539,NONE,0
0,-3.0,0,3,0.539,NONE,0
0,-3.0,0,3,0.539,NONE,0
0,-3.0,0,3,0.538,NONE,6
0,-3.0,0,3,0.538,NONE,0
0,-3.0,0,3,0.538,NONE,0
0,-3.0,0,3,0.538,NONE,0
0,-3.0,0,3,0.537,NONE,0
0,-3.0,0,3,0.537,NONE,6
0,-3.0,0,3,0.537,NONE,12
0,-3.0,0,3,0.537,NONE,6
0,-3.0,0,3,0.536,NONE,0
0,-3.0,0,3,0.536,NONE,0
0,-3.0,0,3,0.536,NONE,0
0,-3.0,0,3,0.535,NONE,0
0,-3.0,0,3,0.535,NONE,6
0,-3.0,0,3,0.535,NONE,12
0,-3.0,0,3,0.535,NONE,18
0,-3.0,0,3,0.534,NONE,12
0,-3.0,0,3,0.534,NONE,6
0,-3.0,0,3,0.534,NONE,0
0,-3.0,0,3,0.534,NONE,6
0,-3.0,0,3,0.533,NONE,0
0,-3.0,0,3,0.533,NONE,0
0,-3.0,0,3,0.533,NONE,0
0,-3.0,0,3,0.533,NONE,0
0,-3.0,0,3,0.532,NONE,0
0,-3.0,0,3,0.532,NONE,0
0,-3.0,0,3,0.532,NONE,0
0,-3.0,0,3,0.531,NONE,0
0,-3.0,0,3,0.531,NONE,0
0,-3.0,0,3,0.531,NONE,0
0,-3.0,0,3,0.531,NONE,0
0,-3.0,0,3,0.53,NONE,0
0,-3.0,0,3,0.53,NONE,6
0,-3.0,0,3,0.53,NONE,6
0,-3.0,0,3,0.53,NONE,0
0,-3.0,0,3,0.529,NONE,0
0,-3.0,0,3,0.529,NONE,0
0,-3.0,0,3,0.529,NONE,0
0,-3.0,0,3,0.529,NONE,0
0,-3.0,0,3,0.528,NONE,6
0,-3.0,0,3,0.528,NONE,0
0,-3.0,0,3,0.528,NONE,0
0,-3.0,0,3,0.527,NONE,0
0,-3.0,0,3,0.527,NONE,0
0,-3.0,0,3,0.527,NONE,0
0,-3.0,0,3,0.527,NONE,0
0,-3.0,0,3,0.526,NONE,0
0,-3.0,0,3,0.526,NONE,0
0,-3.0,0,3,0.526,NONE,0
0,-3.0,0,3,0.526,NONE,0
0,-3.0,0,3,0.525,NONE,0
0,-3.0,0,3,0.525,NONE,0
0,-3.0,0,3,0.525,NONE,0
0,-3.0,0,3,0.525,NONE,0
0,-3.0,0,3,0.524,NONE,0
0,-3.0,0,3,0.524,NONE,0
0,-3.0,0,3,0.524,NONE,0
0,-3.0,0,3,0.524,NONE,0
0,-3.0,0,3,0.523,NONE,0
0,-3.0,0,3,0.523,NONE,0
0,-3.0,0,3,0.523,NONE,0
0,-3.0,0,3,0.522,NONE,0
0,-3.0,0,3,0.522,NONE,0
0,-3.0,0,3,0.522,NONE,0
0,-3.0,0,3,0.522,NONE,0
0,-3.0,0,3,0.521,NONE,0
0,-3.0,0,3,0.521,NONE,6
0,-3.0,0,3,0.521,NONE,0
0,-3.0,0,3,0.521,NONE,0
0,-3.0,0,3,0.52,NONE,0
0,-3.0,0,3,0.52,NONE,0
0,-3.0,0,3,0.52,NONE,0
0,-3.0,0,3,0.52,NONE,0
0,-3.0,0,3,0.519,NONE,6
0,-3.0,0,3,0.519,NONE,0
0,-3.0,0,3,0.519,NONE,0
0,-3.0,0,3,0.519,NONE,0
0,-3.0,0,3,0.518,NONE,0
0,-3.0,0,3,0.518,NONE,0
0,-3.0,0,3,0.518,NONE,0
0,-3.0,0,3,0.518,NONE,0
0,-3.0,0,3,0.517,NONE,0
0,-3.0,0,3,0.517,NONE,0
0,-3.0,0,3,0.517,NONE,0
0,-3.0,0,3,0.517,NONE,0
0,-3.0,0,3,0.516,NONE,0
0,-3.0,0,3,0.516,NONE,6
0,-3.0,0,3,0.516,NONE,0
0,-3.0,0,3,0.515,NONE,0
0,-3.0,0,3,0.515,NONE,6
0,-3.0,0,3,0.515,NONE,12
0,-3.0,0,3,0.515,NONE,12
0,-3.0,0,3,0.514,NONE,6
0,-3.0,0,3,0.514,NONE,6
0,-3.0,0,3,0.514,NONE,12
0,-3.0,0,3,0.514,NONE,12
0,-3.0,0,3,0.513,NONE,6
0,-3.0,0,3,0.513,NONE,12
0,-3.0,0,3,0.513,NONE,18
0,-3.0,0,3,0.513,NONE,24
0,-3.0,0,3,0.512,NONE,24
0,-3.0,0,3,0.512,NONE,18
0,-3.0,0,3,0.512,NONE,18
0,-3.0,0,3,0.512,NONE,24
0,-3.0,0,3,0.511,NONE,18
0,-3.0,0,3,0.511,NONE,12
0,-3.0,0,3,0.511,NONE,6
0,-3.0,0,3,0.511,NONE,0
0,-3.0,0,3,0.51,NONE,0
0,-3.0,0,3,0.51,NONE,0
0,-3.0,0,3,0.51,NONE,6
0,-3.0,0,3,0.51,NONE,0
0,-3.0,0,3,0.509,NONE,0
0,-3.0,0,3,0.509,NONE,0
0,-3.0,0,3,0.509,NONE,6
0,-3.0,0,3,0.509,NONE,0
0,-3.0,0,3,0.508,NONE,0
0,-3.0,0,3,0.508,NONE,0
0,-3.0,0,3,0.508,NONE,6
0,-3.0,0,3,0.508,NONE,6
0,-3.0,0,3,0.507,NONE,0
0,-3.0,0,3,0.507,NONE,6
0,-3.0,0,3,0.507,NONE,0
0,-3.0,0,3,0.507,NONE,0
0,-3.0,0,3,0.506,NONE,0
0,-3.0,0,3,0.506,NONE,0
0,-3.0,0,3,0.506,NONE,6
0,-3.0,0,3,0.506,NONE,6
0,-3.0,0,3,0.505,NONE,0
0,-3.0,0,3,0.505,NONE,0
0,-3.0,0,3,0.505,NONE,0
0,-3.0,0,3,0.505,NONE,0
0,-3.0,0,3,0.504,NONE,0
0,-3.0,0,3,0.504,NONE,6
0,-3.0,0,3,0.504,NONE,0
0,-3.0,0,3,0.504,NONE,0
0,-3.0,0,3,0.503,NONE,0
0,-3.0,0,3,0.503,NONE,0
0,-3.0,0,3,0.503,NONE,0
0,-3.0,0,3,0.502,NONE,0
0,-3.0,0,3,0.502,NONE,0
0,-3.0,0,3,0.502,NONE,0
0,-3.0,0,3,0.502,NONE,0
0,-3.0,0,3,0.501,NONE,0
0,-3.0,0,3,0.501,NONE,0
0,-3.0,0,3,0.501,NONE,0
0,-3.0,0,3,0.501,NONE,0
0,-3.0,0,3,0.5,NONE,0
0,-3.0,0,3,0.5,NONE,0
0,-3.0,0,3,0.5,NONE,0
0,-3.0,0,3,0.5,NONE,0
0,-3.0,0,3,0.499,NONE,0
0,-3.0,0,3,0.499,NONE,0
0,-3.0,0,3,0.499,NONE,0
0,-3.0,0,3,0.499,NONE,0
0,-3.0,0,3,0.498,NONE,0
0,-3.0,0,3,0.498,NONE,0
0,-3.0,0,3,0.498,NONE,6
0,-3.0,0,3,0.498,NONE,6
0,-3.0,0,3,0.497,NONE,0
0,-3.0,0,3,0.497,NONE,0
0,-3.0,0,3,0.497,NONE,0
0,-3.0,0,3,0.497,NONE,0
0,-3.0,0,3,0.496,NONE,0
0,-3.0,0,3,0.496,NONE,0
0,-3.0,0,3,0.496,NONE,0
0,-3.0,0,3,0.496,NONE,0
0,-3.0,0,3,0.496,NONE,0
0,-3.0,0,3,0.495,NONE,0
0,-3.0,0,3,0.495,NONE,0
0,-3.0,0,3,0.495,NONE,0
0,-3.0,0,3,0.495,NONE,0
0,-3.0,0,3,0.494,NONE,0
0,-3.0,0,3,0.494,NONE,0
0,-3.0,0,3,0.494,NONE,0
0,-3.0,0,3,0.494,NONE,6
0,-3.0,0,3,0.493,NONE,12
0,-3.0,0,3,0.493,NONE,12
0,-3.0,0,3,0.493,NONE,12
0,-3.0,0,3,0.493,NONE,12
0,-3.0,0,3,0.492,NONE,18
0,-3.0,0,3,0.492,NONE,12
0,-3.0,0,3,0.492,NONE,6
0,-3.0,0,3,0.492,NONE,12
0,-3.0,0,3,0.491,NONE,6
0,-3.0,0,3,0.491,NONE,6
0,-3.0,0,3,0.491,NONE,0
0,-3.0,0,3,0.491,NONE,0
0,-3.0,0,3,0.49,NONE,0
0,-3.0,0,3,0.49,NONE,6
0,-3.0,0,3,0.49,NONE,0
0,-3.0,0,3,0.49,NONE,0
0,-3.0,0,3,0.489,NONE,0
0,-3.0,0,3,0.489,NONE,0
0,-3.0,0,3,0.489,NONE,0
0,-3.0,0,3,0.489,NONE,0
0,-3.0,0,3,0.488,NONE,0
0,-3.0,0,3,0.488,NONE,0
0,-3.0,0,3,0.488,NONE,0
0,-3.0,0,3,0.488,NONE,6
0,-3.0,0,3,0.487,NONE,0
0,-3.0,0,3,0.487,NONE,0
0,-3.0,0,3,0.487,NONE,0
0,-3.0,0,3,0.487,NONE,0
0,-3.0,0,3,0.486,NONE,0
0,-3.0,0,3,0.486,NONE,0
0,-3.0,0,3,0.486,NONE,0
0,-3.0,0,3,0.486,NONE,0
0,-3.0,0,3,0.485,NONE,0
0,-3.0,0,3,0.485,NONE,0
0,-3.0,0,3,0.485,NONE,0
0,-3.0,0,3,0.485,NONE,0
0,-3.0,0,3,0.484,NONE,0
0,-3.0,0,3,0.484,NONE,0
0,-3.0,0,3,0.484,NONE,0
0,-3.0,0,3,0.484,NONE,0
0,-3.0,0,3,0.484,NONE,0
0,-3.0,0,3,0.483,NONE,0
0,-3.0,0,3,0.483,NONE,6
0,-3.0,0,3,0.483,NONE,0
0,-3.0,0,3,0.483,NONE,0
0,-3.0,0,3,0.482,NONE,0
0,-3.0,0,3,0.482,NONE,0
0,-3.0,0,3,0.482,NONE,0
0,-3.0,0,3,0.482,NONE,0
0,-3.0,0,3,0.481,NONE,0
0,-3.0,0,3,0.481,NONE,0
0,-3.0,0,3,0.481,NONE,0
0,-3.0,0,3,0.481,NONE,0
0,-3.0,0,3,0.48,NONE,0
0,-3.0,0,3,0.48,NONE,0
0,-3.0,0,3,0.48,NONE,0
0,-3.0,0,3,0.48,NONE,0
0,-3.0,0,3,0.479,NONE,0
0,-3.0,0,3,0.479,NONE,6
0,-3.0,0,3,0.479,NONE,0
0,-3.0,0,3,0.479,NONE,0
0,-3.0,0,3,0.478,NONE,0
0,-3.0,0,3,0.478,NONE,0
0,-3.0,0,3,0.478,NONE,0
0,-3.0,0,3,0.478,NONE,0
0,-3.0,0,3,0.478,NONE,0
0,-3.0,0,3,0.477,NONE,6
0,-3.0,0,3,0.477,NONE,0
0,-3.0,0,3,0.477,NONE,0
0,-3.0,0,3,0.477,NONE,0
0,-3.0,0,3,0.476,NONE,0
0,-3.0,0,3,0.476,NONE,6
0,-3.0,0,3,0.476,NONE,12
0,-3.0,0,3,0.476,NONE,6
0,-3.0,0,3,0.475,NONE,0
0,-3.0,0,3,0.475,NONE,0
0,-3.0,0,3,0.475,NONE,0
0,-3.0,0,3,0.475,NONE,0
0,-3.0,0,3,0.474,NONE,0
0,-3.0,0,3,0.474,NONE,0
0,-3.0,0,3,0.474,NONE,0
0,-3.0,0,3,0.474,NONE,0
0,-3.0,0,3,0.473,NONE,0
0,-3.0,0,3,0.473,NONE,0
0,-3.0,0,3,0.473,NONE,6
0,-3.0,0,3,0.473,NONE,12
0,-3.0,0,3,0.473,NONE,6
0,-3.0,0,3,0.472,NONE,0
0,-3.0,0,3,0.472,NONE,0
0,-3.0,0,3,0.472,NONE,0
0,-3.0,0,3,0.472,NONE,0
0,-3.0,0,3,0.471,NONE,0
0,-3.0,0,3,0.471,NONE,0
0,-3.0,0,3,0.471,NONE,0
0,-3.0,0,3,0.471,NONE,0
0,-3.0,0,3,0.47,NONE,0
0,-3.0,0,3,0.47,NONE,0
0,-3.0,0,3,0.47,NONE,0
0,-3.0,0,3,0.47,NONE,0
0,-3.0,0,3,0.469,NONE,0
0,-3.0,0,3,0.469,NONE,0
0,-3.0,0,3,0.469,NONE,0
0,-3.0,0,3,0.469,NONE,0
0,-3.0,0,3,0.469,NONE,0
0,-3.0,0,3,0.468,NONE,0
0,-3.0,0,3,0.468,NONE,0
0,-3.0,0,3,0.468,NONE,0
0,-3.0,0,3,0.468,NONE,0
0,-3.0,0,3,0.467,NONE,0
0,-3.0,0,3,0.467,NONE,6
0,-3.0,0,3,0.467,NONE,12
0,-3.0,0,3,0.467,NONE,18
0,-3.0,0,3,0.466,NONE,12
0,-3.0,0,3,0.466,NONE,6
0,-3.0,0,3,0.466,NONE,0
0,-3.0,0,3,0.466,NONE,0
0,-3.0,0,3,0.465,NONE,0
0,-3.0,0,3,0.465,NONE,0
0,-3.0,0,3,0.465,NONE,6
0,-3.0,0,3,0.465,NONE,6
0,-3.0,0,3,0.465,NONE,0
0,-3.0,0,3,0.464,NONE,0
0,-3.0,0,3,0.464,NONE,0
0,-3.0,0,3,0.464,NONE,0
0,-3.0,0,3,0.464,NONE,6
0,-3.0,0,3,0.463,NONE,0
0,-4.0,0,4,0.463,NONE,0
0,-4.0,0,4,0.463,NONE,0
0,-4.0,0,4,0.463,NONE,0
0,-4.0,0,4,0.462,NONE,0
0,-4.0,0,4,0.462,NONE,0
0,-4.0,0,4,0.462,NONE,0
0,-4.0,0,4,0.462,NONE,0
0,-4.0,0,4,0.462,NONE,0
0,-4.0,0,4,0.461,NONE,0
0,-4.0,0,4,0.461,NONE,0
0,-4.0,0,4,0.461,NONE,6
0,-4.0,0,4,0.461,NONE,0
0,-4.0,0,4,0.46,NONE,6
0,-4.0,0,4,0.46,NONE,6
0,-4.0,0,4,0.46,NONE,0
0,-4.0,0,4,0.46,NONE,0
0,-4.0,0,4,0.459,NONE,0
0,-4.0,0,4,0.459,NONE,0
0,-4.0,0,4,0.459,NONE,0
0,-4.0,0,4,0.459,NONE,0
0,-4.0,0,4,0.459,NONE,0
0,-4.0,0,4,0.458,NONE,0
0,-4.0,0,4,0.458,NONE,0
0,-4.0,0,4,0.458,NONE,6
0,-4.0,0,4,0.458,NONE,12
0,-4.0,0,4,0.457,NONE,12
0,-4.0,0,4,0.457,NONE,6
0,-4.0,0,4,0.457,NONE,0
0,-4.0,0,4,0.457,NONE,6
0,-4.0,0,4,0.456,NONE,0
0,-4.0,0,4,0.456,NONE,0
0,-4.0,0,4,0.456,NONE,0
0,-4.0,0,4,0.456,NONE,0
0,-4.0,0,4,0.456,NONE,0
0,-4.0,0,4,0.455,NONE,0
0,-4.0,0,4,0.455,NONE,0
0,-4.0,0,4,0.455,NONE,0
0,-4.0,0,4,0.455,NONE,0
0,-4.0,0,4,0.454,NONE,0
0,-4.0,0,4,0.454,NONE,0
0,-4.0,0,4,0.454,NONE,0
0,-4.0,0,4,0.454,NONE,0
0,-4.0,0,4,0.454,NONE,0
0,-4.0,0,4,0.453,NONE,0
0,-4.0,0,4,0.453,NONE,0
0,-4.0,0,4,0.453,NONE,0
0,-4.0,0,4,0.453,NONE,0
0,-4.0,0,4,0.452,NONE,6
0,-4.0,0,4,0.452,NONE,0
0,-4.0,0,4,0.452,NONE,0
0,-4.0,0,4,0.452,NONE,0
0,-4.0,0,4,0.451,NONE,0
0,-4.0,0,4,0.451,NONE,6
0,-4.0,0,4,0.451,NONE,0
0,-4.0,0,4,0.451,NONE,0
0,-4.0,0,4,0.451,NONE,0
0,-4.0,0,4,0.45,NONE,0
0,-4.0,0,4,0.45,NONE,0
0,-4.0,0,4,0.45,NONE,0
0,-4.0,0,4,0.45,NONE,0
0,-4.0,0,4,0.449,NONE,0
0,-4.0,0,4,0.449,NONE,6
0,-4.0,0,4,0.449,NONE,6
0,-4.0,0,4,0.449,NONE,6
0,-4.0,0,4,0.449,NONE,12
0,-4.0,0,4,0.448,NONE,18
0,-4.0,0,4,0.448,NONE,12
0,-4.0,0,4,0.448,NONE,6
0,-4.0,0,4,0.448,NONE,12
0,-4.0,0,4,0.447,NONE,18
0,-4.0,0,4,0.447,NONE,12
0,-4.0,0,4,0.447,NONE,6
0,-4.0,0,4,0.447,NONE,0
0,-4.0,0,4,0.447,NONE,0
0,-4.0,0,4,0.446,NONE,0
0,-4.0,0,4,0.446,NONE,0
0,-4.0,0,4,0.446,NONE,0
0,-4.0,0,4,0.446,NONE,0
0,-4.0,0,4,0.445,NONE,0
0,-4.0,0,4,0.445,NONE,0
0,-4.0,0,4,0.445,NONE,0
0,-4.0,0,4,0.445,NONE,0
0,-4.0,0,4,0.445,NONE,6
0,-4.0,0,4,0.444,NONE,0
0,-4.0,0,4,0.444,NONE,0
0,-4.0,0,4,0.444,NONE,0
0,-4.0,0,4,0.444,NONE,0
0,-4.0,0,4,0.443,NONE,6
0,-4.0,0,4,0.443,NONE,0
0,-4.0,0,4,0.443,NONE,0
0,-4.0,0,4,0.443,NONE,0
0,-4.0,0,4,0.443,NONE,0
0,-4.0,0,4,0.442,NONE,0
0,-4.0,0,4,0.442,NONE,0
0,-4.0,0,4,0.442,NONE,6
0,-4.0,0,4,0.442,NONE,0
0,-4.0,0,4,0.441,NONE,0
0,-4.0,0,4,0.441,NONE,0
0,-4.0,0,4,0.441,NONE,0
0,-4.0,0,4,0.441,NONE,0
0,-4.0,0,4,0.441,NONE,0
0,-4.0,0,4,0.44,NONE,0
0,-4.0,0,4,0.44,NONE,0
0,-4.0,0,4,0.44,NONE,0
0,-4.0,0,4,0.44,NONE,0
0,-4.0,0,4,0.439,NONE,0
0,-4.0,0,4,0.439,NONE,0
0,-4.0,0,4,0.439,NONE,0
0,-4.0,0,4,0.439,NONE,0
0,-4.0,0,4,0.439,NONE,0
0,-4.0,0,4,0.438,NONE,0
0,-4.0,0,4,0.438,NONE,0
0,-4.0,0,4,0.438,NONE,0
0,-4.0,0,4,0.438,NONE,0
0,-4.0,0,4,0.437,NONE,0
0,-4.0,0,4,0.437,NONE,0
0,-4.0,0,4,0.437,NONE,6
0,-4.0,0,4,0.437,NONE,12
0,-4.0,0,4,0.437,NONE,12
0,-4.0,0,4,0.436,NONE,12
0,-4.0,0,4,0.436,NONE,18
0,-4.0,0,4,0.436,NONE,12
0,-4.0,0,4,0.436,NONE,6
0,-4.0,0,4,0.436,NONE,0
0,-4.0,0,4,0.435,NONE,0
0,-4.0,0,4,0.435,NONE,0
0,-4.0,0,4,0.435,NONE,0
0,-4.0,0,4,0.435,NONE,0
0,-4.0,0,4,0.434,NONE,0
0,-4.0,0,4,0.434,NONE,6
0,-4.0,0,4,0.434,NONE,12
0,-4.0,0,4,0.434,NONE,6
0,-4.0,0,4,0.434,NONE,0
0,-4.0,0,4,0.433,NONE,0
0,-4.0,0,4,0.433,NONE,0
0,-4.0,0,4,0.433,NONE,0
0,-4.0,0,4,0.433,NONE,0
0,-4.0,0,4,0.432,NONE,0
0,-4.0,0,4,0.432,NONE,0
0,-4.0,0,4,0.432,NONE,0
0,-4.0,0,4,0.432,NONE,0
0,-4.0,0,4,0.432,NONE,0
0,-4.0,0,4,0.431,NONE,0
0,-4.0,0,4,0.431,NONE,0
0,-4.0,0,4,0.431,NONE,0
0,-4.0,0,4,0.431,NONE,0
0,-4.0,0,4,0.431,NONE,0
0,-4.0,0,4,0.43,NONE,0
0,-4.0,0,4,0.43,NONE,0
0,-4.0,0,4,0.43,NONE,0
0,-4.0,0,4,0.43,NONE,0
0,-4.0,0,4,0.429,NONE,0
0,-4.0,0,4,0.429,NONE,0
0,-4.0,0,4,0.429,NONE,0
0,-4.0,0,4,0.429,NONE,0
0,-4.0,0,4,0.429,NONE,0
0,-4.0,0,4,0.428,NONE,0
0,-4.0,0,4,0.428,NONE,0
0,-4.0,0,4,0.428,NONE,6
0,-4.0,0,4,0.428,NONE,0
0,-4.0,0,4,0.428,NONE,0
0,-4.0,0,4,0.427,NONE,0
0,-4.0,0,4,0.427,NONE,6
0,-4.0,0,4,0.427,NONE,0
0,-4.0,0,4,0.427,NONE,0
0,-4.0,0,4,0.426,NONE,0
0,-4.0,0,4,0.426,NONE,0
0,-4.0,0,4,0.426,NONE,0
0,-4.0,0,4,0.426,NONE,0
0,-4.0,0,4,0.426,NONE,0
0,-4.0,0,4,0.425,NONE,0
0,-4.0,0,4,0.425,NONE,0
0,-4.0,0,4,0.425,NONE,0
0,-4.0,0,4,0.425,NONE,0
0,-4.0,0,4,0.425,NONE,6
0,-4.0,0,4,0.424,NONE,0
0,-4.0,0,4,0.424,NONE,0
0,-4.0,0,4,0.424,NONE,6
0,-4.0,0,4,0.424,NONE,0
0,-4.0,0,4,0.423,NONE,0
0,-4.0,0,4,0.423,NONE,0
0,-4.0,0,4,0.423,NONE,0
0,-4.0,0,4,0.423,NONE,0
0,-4.0,0,4,0.423,NONE,6
0,-4.0,0,4,0.422,NONE,0
0,-4.0,0,4,0.422,NONE,0
0,-4.0,0,4,0.422,NONE,0
0,-4.0,0,4,0.422,NONE,6
0,-4.0,0,4,0.422,NONE,0
0,-4.0,0,4,0.421,NONE,0
0,-4.0,0,4,0.421,NONE,0
0,-4.0,0,4,0.421,NONE,0
0,-4.0,0,4,0.421,NONE,0
0,-4.0,0,4,0.421,NONE,0
0,-4.0,0,4,0.42,NONE,6
0,-4.0,0,4,0.42,NONE,0
0,-4.0,0,4,0.42,NONE,0
0,-4.0,0,4,0.42,NONE,0
0,-4.0,0,4,0.419,NONE,0
0,-4.0,0,4,0.419,NONE,0
0,-4.0,0,4,0.419,NONE,6
0,-4.0,0,4,0.419,NONE,0
0,-4.0,0,4,0.419,NONE,0
0,-4.0,0,4,0.418,NONE,0
0,-4.0,0,4,0.418,NONE,0
0,-4.0,0,4,0.418,NONE,6
0,-4.0,0,4,0.418,NONE,0
0,-4.0,0,4,0.418,NONE,0
0,-4.0,0,4,0.417,NONE,0
0,-4.0,0,4,0.417,NONE,0
0,-4.0,0,4,0.417,NONE,0
0,-4.0,0,4,0.417,NONE,0
0,-4.0,0,4,0.417,NONE,0
0,-4.0,0,4,0.416,NONE,0
0,-4.0,0,4,0.416,NONE,0
0,-4.0,0,4,0.416,NONE,6
0,-4.0,0,4,0.416,NONE,0
0,-4.0,0,4,0.416,NONE,0
0,-4.0,0,4,0.415,NONE,0
0,-4.0,0,4,0.415,NONE,0
0,-4.0,0,4,0.415,NONE,0
0,-4.0,0,4,0.415,NONE,6
0,-4.0,0,4,0.414,NONE,0
0,-4.0,0,4,0.414,NONE,6
0,-4.0,0,4,0.414,NONE,6
0,-4.0,0,4,0.414,NONE,0
0,-4.0,0,4,0.414,NONE,0
0,-4.0,0,4,0.413,NONE,0
0,-4.0,0,4,0.413,NONE,0
0,-4.0,0,4,0.413,NONE,0
0,-4.0,0,4,0.413,NONE,0
0,-4.0,0,4,0.413,NONE,6
0,-4.0,0,4,0.412,NONE,0
0,-4.0,0,4,0.412,NONE,0
0,-4.0,0,4,0.412,NONE,0
0,-4.0,0,4,0.412,NONE,0
0,-4.0,0,4,0.412,NONE,0
0,-4.0,0,4,0.411,NONE,0
0,-4.0,0,4,0.411,NONE,0
0,-4.0,0,4,0.411,NONE,0
0,-4.0,0,4,0.411,NONE,6
0,-4.0,0,4,0.411,NONE,6
0,-4.0,0,4,0.41,NONE,12
0,-4.0,0,4,0.41,NONE,6
0,-4.0,0,4,0.41,NONE,12
0,-4.0,0,4,0.41,NONE,6
0,-4.0,0,4,0.41,NONE,0
0,-4.0,0,4,0.409,NONE,6
0,-4.0,0,4,0.409,NONE,12
0,-4.0,0,4,0.409,NONE,18
0,-4.0,0,4,0.409,NONE,12
0,-4.0,0,4,0.409,NONE,18
0,-4.0,0,4,0.408,NONE,24
0,-4.0,0,4,0.408,NONE,30
0,-4.0,0,4,0.408,NONE,30
0,-4.0,0,4,0.408,NONE,24
0,-4.0,0,4,0.407,NONE,30
0,-4.0,0,4,0.407,NONE,36
0,-4.0,0,4,0.407,NONE,30
0,-4.0,0,4,0.407,NONE,24
0,-4.0,0,4,0.407,NONE,18
0,-4.0,0,4,0.406,NONE,24
0,-4.0,0,4,0.406,NONE,18
0,-4.0,0,4,0.406,NONE,12
0,-4.0,0,4,0.406,NONE,6
0,-4.0,0,4,0.406,NONE,0
0,-4.0,0,4,0.405,NONE,0
0,-4.0,0,4,0.405,NONE,0
0,-4.0,0,4,0.405,NONE,0
0,-4.0,0,4,0.405,NONE,0
0,-4.0,0,4,0.405,NONE,6
0,-4.0,0,4,0.404,NONE,0
0,-4.0,0,4,0.404,NONE,6
0,-4.0,0,4,0.404,NONE,6
0,-4.0,0,4,0.404,NONE,6
0,-4.0,0,4,0.404,NONE,0
0,-4.0,0,4,0.403,NONE,0
0,-4.0,0,4,0.403,NONE,0
0,-4.0,0,4,0.403,NONE,0
0,-4.0,0,4,0.403,NONE,0
0,-4.0,0,4,0.403,NONE,0
0,-4.0,0,4,0.402,NONE,0
0,-4.0,0,4,0.402,NONE,0
0,-4.0,0,4,0.402,NONE,0
0,-4.0,0,4,0.402,NONE,6
0,-4.0,0,4,0.402,NONE,0
0,-4.0,0,4,0.401,NONE,0
0,-4.0,0,4,0.401,NONE,0
0,-4.0,0,4,0.401,NONE,0
0,-4.0,0,4,0.401,NONE,0
0,-4.0,0,4,0.401,NONE,0
0,-4.0,0,4,0.4,NONE,6
0,-4.0,0,4,0.4,NONE,0
0,-4.0,0,4,0.4,NONE,0
0,-4.0,0,4,0.4,NONE,0
0,-4.0,0,4,0.4,NONE,0
0,-4.0,0,4,0.399,NONE,0
0,-4.0,0,4,0.399,NONE,0
0,-4.0,0,4,0.399,NONE,6
0,-4.0,0,4,0.399,NONE,6
0,-4.0,0,4,0.399,NONE,0
0,-4.0,0,4,0.398,NONE,0
0,-4.0,0,4,0.398,NONE,0
0,-4.0,0,4,0.398,NONE,0
0,-4.0,0,4,0.398,NONE,0
0,-4.0,0,4,0.398,NONE,0
0,-4.0,0,4,0.397,NONE,0
0,-4.0,0,4,0.397,NONE,0
0,-4.0,0,4,0.397,NONE,6
0,-4.0,0,4,0.397,NONE,0
0,-4.0,0,4,0.397,NONE,0
0,-4.0,0,4,0.396,NONE,6
0,-4.0,0,4,0.396,NONE,0
0,-4.0,0,4,0.396,NONE,0
0,-4.0,0,4,0.396,NONE,0
0,-4.0,0,4,0.396,NONE,0
0,-4.0,0,4,0.395,NONE,0
0,-4.0,0,4,0.395,NONE,0
0,-4.0,0,4,0.395,NONE,0
0,-4.0,0,4,0.395,NONE,6
0,-4.0,0,4,0.395,NONE,12
0,-4.0,0,4,0.394,NONE,6
0,-4.0,0,4,0.394,NONE,0
0,-4.0,0,4,0.394,NONE,0
0,-4.0,0,4,0.394,NONE,0
0,-4.0,0,4,0.394,NONE,0
0,-4.0,0,4,0.393,NONE,6
0,-4.0,0,4,0.393,NONE,0
0,-4.0,0,4,0.393,NONE,0
0,-4.0,0,4,0.393,NONE,0
0,-4.0,0,4,0.393,NONE,0
0,-4.0,0,4,0.392,NONE,0
0,-4.0,0,4,0.392,NONE,0
0,-4.0,0,4,0.392,NONE,0
0,-4.0,0,4,0.392,NONE,0
0,-4.0,0,4,0.392,NONE,6
0,-4.0,0,4,0.392,NONE,0
0,-4.0,0,4,0.391,NONE,6
0,-4.0,0,4,0.391,NONE,0
0,-4.0,0,4,0.391,NONE,0
0,-4.0,0,4,0.391,NONE,0
0,-4.0,0,4,0.391,NONE,0
0,-4.0,0,4,0.39,NONE,0
0,-4.0,0,4,0.39,NONE,6
0,-4.0,0,4,0.39,NONE,0
0,-4.0,0,4,0.39,NONE,0
0,-4.0,0,4,0.39,NONE,0
0,-4.0,0,4,0.389,NONE,0
0,-4.0,0,4,0.389,NONE,0
0,-4.0,0,4,0.389,NONE,0
0,-4.0,0,4,0.389,NONE,0
0,-4.0,0,4,0.389,NONE,0
0,-4.0,0,4,0.388,NONE,0
0,-4.0,0,4,0.388,NONE,0
0,-4.0,0,4,0.388,NONE,0
0,-4.0,0,4,0.388,NONE,0
0,-4.0,0,4,0.388,NONE,0
0,-4.0,0,4,0.387,NONE,0
0,-4.0,0,4,0.387,NONE,0
0,-4.0,0,4,0.387,NONE,0
0,-4.0,0,4,0.387,NONE,0
0,-4.0,0,4,0.387,NONE,0
0,-4.0,0,4,0.386,NONE,0
0,-4.0,0,4,0.386,NONE,6
0,-4.0,0,4,0.386,NONE,0
0,-4.0,0,4,0.386,NONE,0
0,-4.0,0,4,0.386,NONE,0
0,-4.0,0,4,0.385,NONE,0
0,-4.0,0,4,0.385,NONE,0
0,-4.0,0,4,0.385,NONE,0
0,-4.0,0,4,0.385,NONE,6
0,-4.0,0,4,0.385,NONE,6
0,-4.0,0,4,0.385,NONE,12
0,-4.0,0,4,0.384,NONE,6
0,-4.0,0,4,0.384,NONE,0
0,-4.0,0,4,0.384,NONE,0
0,-4.0,0,4,0.384,NONE,0
0,-4.0,0,4,0.384,NONE,0
0,-4.0,0,4,0.383,NONE,0
0,-4.0,0,4,0.383,NONE,0
0,-4.0,0,4,0.383,NONE,0
0,-4.0,0,4,0.383,NONE,0
0,-4.0,0,4,0.383,NONE,0
0,-4.0,0,4,0.382,NONE,0
0,-4.0,0,4,0.382,NONE,0
0,-4.0,0,4,0.382,NONE,6
0,-4.0,0,4,0.382,NONE,6
0,-4.0,0,4,0.382,NONE,0
0,-4.0,0,4,0.381,NONE,0
0,-4.0,0,4,0.381,NONE,0
0,-4.0,0,4,0.381,NONE,0
0,-4.0,0,4,0.381,NONE,0
0,-4.0,0,4,0.381,NONE,0
0,-4.0,0,4,0.381,NONE,6
0,-4.0,0,4,0.38,NONE,0
0,-4.0,0,4,0.38,NONE,0
0,-4.0,0,4,0.38,NONE,0
0,-4.0,0,4,0.38,NONE,0
0,-4.0,0,4,0.38,NONE,0
0,-4.0,0,4,0.379,NONE,0
0,-4.0,0,4,0.379,NONE,0
0,-4.0,0,4,0.379,NONE,0
0,-4.0,0,4,0.379,NONE,0
0,-4.0,0,4,0.379,NONE,0
0,-4.0,0,4,0.378,NONE,0
0,-4.0,0,4,0.378,NONE,0
0,-4.0,0,4,0.378,NONE,0
0,-4.0,0,4,0.378,NONE,0
0,-4.0,0,4,0.378,NONE,0
0,-4.0,0,4,0.377,NONE,0
0,-4.0,0,4,0.377,NONE,0
0,-4.0,0,4,0.377,NONE,0
0,-4.0,0,4,0.377,NONE,0
0,-4.0,0,4,0.377,NONE,0
0,-4.0,0,4,0.377,NONE,0
0,-4.0,0,4,0.376,NONE,0
0,-4.0,0,4,0.376,NONE,6
0,-4.0,0,4,0.376,NONE,0
0,-4.0,0,4,0.376,NONE,0
0,-4.0,0,4,0.376,NONE,0
0,-4.0,0,4,0.375,NONE,0
0,-4.0,0,4,0.375,NONE,6
0,-4.0,0,4,0.375,NONE,0
0,-4.0,0,4,0.375,NONE,0
0,-4.0,0,4,0.375,NONE,0
0,-4.0,0,4,0.374,NONE,0
0,-4.0,0,4,0.374,NONE,0
0,-4.0,0,4,0.374,NONE,0
0,-4.0,0,4,0.374,NONE,0
0,-4.0,0,4,0.374,NONE,0
0,-4.0,0,4,0.374,NONE,0
0,-4.0,0,4,0.373,NONE,0
0,-4.0,0,4,0.373,NONE,0
0,-4.0,0,4,0.373,NONE,6
0,-4.0,0,4,0.373,NONE,0
0,-4.0,0,4,0.373,NONE,0
0,-4.0,0,4,0.372,NONE,0
0,-4.0,0,4,0.372,NONE,0
0,-4.0,0,4,0.372,NONE,0
0,-4.0,0,4,0.372,NONE,6
0,-4.0,0,4,0.372,NONE,0
0,-4.0,0,4,0.371,NONE,0
0,-4.0,0,4,0.371,NONE,0
0,-4.0,0,4,0.371,NONE,0
0,-4.0,0,4,0.371,NONE,0
0,-4.0,0,4,0.371,NONE,0
0,-4.0,0,4,0.371,NONE,0
0,-4.0,0,4,0.37,NONE,6
0,-4.0,0,4,0.37,NONE,0
0,-4.0,0,4,0.37,NONE,0
0,-4.0,0,4,0.37,NONE,0
0,-4.0,0,4,0.37,NONE,6
0,-4.0,0,4,0.369,NONE,12
0,-4.0,0,4,0.369,NONE,6
0,-4.0,0,4,0.369,NONE,0
0,-4.0,0,4,0.369,NONE,6
0,-4.0,0,4,0.369,NONE,6
0,-4.0,0,4,0.369,NONE,6
0,-4.0,0,4,0.368,NONE,6
0,-5.0,0,5,0.368,NONE,6
0,-5.0,0,5,0.368,NONE,0
0,-5.0,0,5,0.368,NONE,0
0,-5.0,0,5,0.368,NONE,0
0,-5.0,0,5,0.367,NONE,0
0,-5.0,0,5,0.367,NONE,0
0,-5.0,0,5,0.367,NONE,0
0,-5.0,0,5,0.367,NONE,0
0,-5.0,0,5,0.367,NONE,0
0,-5.0,0,5,0.367,NONE,0
0,-5.0,0,5,0.366,NONE,0
0,-5.0,0,5,0.366,NONE,0
0,-5.0,0,5,0.366,NONE,0
0,-5.0,0,5,0.366,NONE,0
0,-5.0,0,5,0.366,NONE,6
0,-5.0,0,5,0.365,NONE,0
0,-5.0,0,5,0.365,NONE,0
0,-5.0,0,5,0.365,NONE,0
0,-5.0,0,5,0.365,NONE,6
0,-5.0,0,5,0.365,NONE,0
0,-5.0,0,5,0.364,NONE,0
0,-5.0,0,5,0.364,NONE,0
0,-5.0,0,5,0.364,NONE,0
0,-5.0,0,5,0.364,NONE,0
0,-5.0,0,5,0.364,NONE,0
0,-5.0,0,5,0.364,NONE,6
0,-5.0,0,5,0.363,NONE,0
0,-5.0,0,5,0.363,NONE,0
0,-5.0,0,5,0.363,NONE,0
0,-5.0,0,5,0.363,NONE,0
0,-5.0,0,5,0.363,NONE,0
0,-5.0,0,5,0.362,NONE,0
0,-5.0,0,5,0.362,NONE,0
0,-5.0,0,5,0.362,NONE,0
0,-5.0,0,5,0.362,NONE,6
0,-5.0,0,5,0.362,NONE,0
0,-5.0,0,5,0.362,NONE,0
0,-5.0,0,5,0.361,NONE,6
0,-5.0,0,5,0.361,NONE,0
0,-5.0,0,5,0.361,NONE,0
0,-5.0,0,5,0.361,NONE,0
0,-5.0,0,5,0.361,NONE,0
0,-5.0,0,5,0.361,NONE,0
0,-5.0,0,5,0.36,NONE,0
0,-5.0,0,5,0.36,NONE,0
0,-5.0,0,5,0.36,NONE,0
0,-5.0,0,5,0.36,NONE,0
0,-5.0,0,5,0.36,NONE,0
0,-5.0,0,5,0.359,NONE,0
0,-5.0,0,5,0.359,NONE,0
0,-5.0,0,5,0.359,NONE,0
0,-5.0,0,5,0.359,NONE,0
0,-5.0,0,5,0.359,NONE,0
0,-5.0,0,5,0.359,NONE,0
0,-5.0,0,5,0.358,NONE,0
0,-5.0,0,5,0.358,NONE,0
0,-5.0,0,5,0.358,NONE,0
0,-5.0,0,5,0.358,NONE,0
0,-5.0,0,5,0.358,NONE,0
0,-5.0,0,5,0.357,NONE,6
0,-5.0,0,5,0.357,NONE,6
0,-5.0,0,5,0.357,NONE,12
0,-5.0,0,5,0.357,NONE,12
0,-5.0,0,5,0.357,NONE,6
0,-5.0,0,5,0.357,NONE,0
0,-5.0,0,5,0.356,NONE,0
0,-5.0,0,5,0.356,NONE,0
0,-5.0,0,5,0.356,NONE,0
0,-5.0,0,5,0.356,NONE,0
0,-5.0,0,5,0.356,NONE,0
0,-5.0,0,5,0.355,NONE,0
0,-5.0,0,5,0.355,NONE,0
0,-5.0,0,5,0.355,NONE,0
0,-5.0,0,5,0.355,NONE,0
0,-5.0,0,5,0.355,NONE,0
0,-5.0,0,5,0.355,NONE,0
0,-5.0,0,5,0.354,NONE,6
0,-5.0,0,5,0.354,NONE,6
0,-5.0,0,5,0.354,NONE,12
0,-5.0,0,5,0.354,NONE,12
0,-5.0,0,5,0.354,NONE,12
0,-5.0,0,5,0.354,NONE,6
0,-5.0,0,5,0.353,NONE,0
0,-5.0,0,5,0.353,NONE,0
0,-5.0,0,5,0.353,NONE,0
0,-5.0,0,5,0.353,NONE,0
0,-5.0,0,5,0.353,NONE,0
0,-5.0,0,5,0.352,NONE,0
0,-5.0,0,5,0.352,NONE,0
0,-5.0,0,5,0.352,NONE,0
0,-5.0,0,5,0.352,NONE,0
0,-5.0,0,5,0.352,NONE,6
0,-5.0,0,5,0.352,NONE,0
0,-5.0,0,5,0.351,NONE,0
0,-5.0,0,5,0.351,NONE,0
0,-5.0,0,5,0.351,NONE,0
0,-5.0,0,5,0.351,NONE,6
0,-5.0,0,5,0.351,NONE,0
0,-5.0,0,5,0.351,NONE,0
0,-5.0,0,5,0.35,NONE,6
0,-5.0,0,5,0.35,NONE,12
0,-5.0,0,5,0.35,NONE,18
0,-5.0,0,5,0.35,NONE,12
0,-5.0,0,5,0.35,NONE,6
0,-5.0,0,5,0.349,NONE,12
0,-5.0,0,5,0.349,NONE,6
0,-5.0,0,5,0.349,NONE,0
0,-5.0,0,5,0.349,NONE,0
0,-5.0,0,5,0.349,NONE,0
0,-5.0,0,5,0.349,NONE,0
0,-5.0,0,5,0.348,NONE,0
0,-5.0,0,5,0.348,NONE,6
0,-5.0,0,5,0.348,NONE,0
0,-5.0,0,5,0.348,NONE,0
0,-5.0,0,5,0.348,NONE,0
0,-5.0,0,5,0.348,NONE,0
0,-5.0,0,5,0.347,NONE,0
0,-5.0,0,5,0.347,NONE,0
0,-5.0,0,5,0.347,NONE,0
0,-5.0,0,5,0.347,NONE,0
0,-5.0,0,5,0.347,NONE,0
0,-5.0,0,5,0.347,NONE,0
0,-5.0,0,5,0.346,NONE,0
0,-5.0,0,5,0.346,NONE,0
0,-5.0,0,5,0.346,NONE,0
0,-5.0,0,5,0.346,NONE,0
0,-5.0,0,5,0.346,NONE,0
0,-5.0,0,5,0.345,NONE,0
0,-5.0,0,5,0.345,NONE,0
0,-5.0,0,5,0.345,NONE,0
0,-5.0,0,5,0.345,NONE,0
0,-5.0,0,5,0.345,NONE,0
0,-5.0,0,5,0.345,NONE,0
0,-5.0,0,5,0.344,NONE,0
0,-5.0,0,5,0.344,NONE,0
0,-5.0,0,5,0.344,NONE,0
0,-5.0,0,5,0.344,NONE,0
0,-5.0,0,5,0.344,NONE,0
0,-5.0,0,5,0.344,NONE,6
0,-5.0,0,5,0.343,NONE,0
0,-5.0,0,5,0.343,NONE,0
0,-5.0,0,5,0.343,NONE,0
0,-5.0,0,5,0.343,NONE,0
0,-5.0,0,5,0.343,NONE,0
0,-5.0,0,5,0.343,NONE,0
0,-5.0,0,5,0.342,NONE,0
0,-5.0,0,5,0.342,NONE,0
0,-5.0,0,5,0.342,NONE,0
0,-5.0,0,5,0.342,NONE,6
0,-5.0,0,5,0.342,NONE,0
0,-5.0,0,5,0.342,NONE,0
0,-5.0,0,5,0.341,NONE,0
0,-5.0,0,5,0.341,NONE,0
0,-5.0,0,5,0.341,NONE,0
0,-5.0,0,5,0.341,NONE,0
0,-5.0,0,5,0.341,NONE,0
0,-5.0,0,5,0.341,NONE,0
0,-5.0,0,5,0.34,NONE,0
0,-5.0,0,5,0.34,NONE,0
0,-5.0,0,5,0.34,NONE,6
0,-5.0,0,5,0.34,NONE,0
0,-5.0,0,5,0.34,NONE,0
0,-5.0,0,5,0.34,NONE,0
0,-5.0,0,5,0.339,NONE,0
0,-5.0,0,5,0.339,NONE,0
0,-5.0,0,5,0.339,NONE,6
0,-5.0,0,5,0.339,NONE,0
0,-5.0,0,5,0.339,NONE,0
0,-5.0,0,5,0.338,NONE,0
0,-5.0,0,5,0.338,NONE,0
0,-5.0,0,5,0.338,NONE,0
0,-5.0,0,5,0.338,NONE,0
0,-5.0,0,5,0.338,NONE,6
0,-5.0,0,5,0.338,NONE,0
0,-5.0,0,5,0.337,NONE,0
0,-5.0,0,5,0.337,NONE,0
0,-5.0,0,5,0.337,NONE,0
0,-5.0,0,5,0.337,NONE,0
0,-5.0,0,5,0.337,NONE,0
0,-5.0,0,5,0.337,NONE,0
0,-5.0,0,5,0.336,NONE,0
0,-5.0,0,5,0.336,NONE,0
0,-5.0,0,5,0.336,NONE,0
0,-5.0,0,5,0.336,NONE,0
0,-5.0,0,5,0.336,NONE,0
0,-5.0,0,5,0.336,NONE,0
0,-5.0,0,5,0.335,NONE,0
0,-5.0,0,5,0.335,NONE,0
0,-5.0,0,5,0.335,NONE,6
0,-5.0,0,5,0.335,NONE,0
0,-5.0,0,5,0.335,NONE,0
0,-5.0,0,5,0.335,NONE,0
0,-5.0,0,5,0.334,NONE,0
0,-5.0,0,5,0.334,NONE,0
0,-5.0,0,5,0.334,NONE,0
0,-5.0,0,5,0.334,NONE,0
0,-5.0,0,5,0.334,NONE,0
0,-5.0,0,5,0.334,NONE,0
0,-5.0,0,5,0.333,NONE,0
0,-5.0,0,5,0.333,NONE,0
0,-5.0,0,5,0.333,NONE,0
0,-5.0,0,5,0.333,NONE,6
0,-5.0,0,5,0.333,NONE,0
0,-5.0,0,5,0.333,NONE,0
0,-5.0,0,5,0.332,NONE,6
0,-5.0,0,5,0.332,NONE,0
0,-5.0,0,5,0.332,NONE,0
0,-5.0,0,5,0.332,NONE,0
0,-5.0,0,5,0.332,NONE,0
0,-5.0,0,5,0.332,NONE,0
0,-5.0,0,5,0.331,NONE,0
0,-5.0,0,5,0.331,NONE,6
0,-5.0,0,5,0.331,NONE,0
0,-5.0,0,5,0.331,NONE,0
0,-5.0,0,5,0.331,NONE,0
0,-5.0,0,5,0.331,NONE,0
0,-5.0,0,5,0.33,NONE,0
0,-5.0,0,5,0.33,NONE,0
0,-5.0,0,5,0.33,NONE,0
0,-5.0,0,5,0.33,NONE,0
0,-5.0,0,5,0.33,NONE,0
0,-5.0,0,5,0.33,NONE,0
0,-5.0,0,5,0.329,NONE,0
0,-5.0,0,5,0.329,NONE,6
0,-5.0,0,5,0.329,NONE,0
0,-5.0,0,5,0.329,NONE,0
0,-5.0,0,5,0.329,NONE,0
0,-5.0,0,5,0.329,NONE,0
0,-5.0,0,5,0.328,NONE,0
0,-5.0,0,5,0.328,NONE,6
0,-5.0,0,5,0.328,NONE,0
0,-5.0,0,5,0.328,NONE,6
0,-5.0,0,5,0.328,NONE,0
0,-5.0,0,5,0.328,NONE,0
0,-5.0,0,5,0.327,NONE,0
0,-5.0,0,5,0.327,NONE,0
0,-5.0,0,5,0.327,NONE,0
0,-5.0,0,5,0.327,NONE,0
0,-5.0,0,5,0.327,NONE,6
0,-5.0,0,5,0.327,NONE,6
0,-5.0,0,5,0.327,NONE,6
0,-5.0,0,5,0.326,NONE,12
0,-5.0,0,5,0.326,NONE,6
0,-5.0,0,5,0.326,NONE,12
0,-5.0,0,5,0.326,NONE,12
0,-5.0,0,5,0.326,NONE,12
0,-5.0,0,5,0.326,NONE,18
0,-5.0,0,5,0.325,NONE,24
0,-5.0,0,5,0.325,NONE,18
0,-5.0,0,5,0.325,NONE,12
0,-5.0,0,5,0.325,NONE,12
0,-5.0,0,5,0.325,NONE,6
0,-5.0,0,5,0.325,NONE,12
0,-5.0,0,5,0.324,NONE,6
0,-5.0,0,5,0.324,NONE,12
0,-5.0,0,5,0.324,NONE,12
0,-5.0,0,5,0.324,NONE,12
0,-5.0,0,5,0.324,NONE,12
0,-5.0,0,5,0.324,NONE,18
0,-5.0,0,5,0.323,NONE,12
0,-5.0,0,5,0.323,NONE,6
0,-5.0,0,5,0.323,NONE,0
0,-5.0,0,5,0.323,NONE,0
0,-5.0,0,5,0.323,NONE,0
0,-5.0,0,5,0.323,NONE,0
0,-5.0,0,5,0.322,NONE,0
0,-5.0,0,5,0.322,NONE,0
0,-5.0,0,5,0.322,NONE,0
0,-5.0,0,5,0.322,NONE,0
0,-5.0,0,5,0.322,NONE,0
0,-5.0,0,5,0.322,NONE,0
0,-5.0,0,5,0.321,NONE,0
0,-5.0,0,5,0.321,NONE,0
0,-5.0,0,5,0.321,NONE,0
0,-5.0,0,5,0.321,NONE,0
0,-5.0,0,5,0.321,NONE,0
0,-5.0,0,5,0.321,NONE,0
0,-5.0,0,5,0.321,NONE,0
0,-5.0,0,5,0.32,NONE,0
0,-5.0,0,5,0.32,NONE,0
0,-5.0,0,5,0.32,NONE,0
0,-5.0,0,5,0.32,NONE,0
0,-5.0,0,5,0.32,NONE,0
0,-5.0,0,5,0.32,NONE,0
0,-5.0,0,5,0.319,NONE,0
0,-5.0,0,5,0.319,NONE,0
0,-5.0,0,5,0.319,NONE,0
0,-5.0,0,5,0.319,NONE,0
0,-5.0,0,5,0.319,NONE,0
0,-5.0,0,5,0.319,NONE,0
0,-5.0,0,5,0.318,NONE,0
0,-5.0,0,5,0.318,NONE,0
0,-5.0,0,5,0.318,NONE,0
0,-5.0,0,5,0.318,NONE,0
0,-5.0,0,5,0.318,NONE,0
0,-5.0,0,5,0.318,NONE,0
0,-5.0,0,5,0.317,NONE,0
0,-5.0,0,5,0.317,NONE,0
0,-5.0,0,5,0.317,NONE,0
0,-5.0,0,5,0.317,NONE,0
0,-5.0,0,5,0.317,NONE,0
0,-5.0,0,5,0.317,NONE,0
0,-5.0,0,5,0.317,NONE,0
0,-5.0,0,5,0.316,NONE,0
0,-5.0,0,5,0.316,NONE,0
0,-5.0,0,5,0.316,NONE,0
0,-5.0,0,5,0.316,NONE,0
0,-5.0,0,5,0.316,NONE,6
0,-5.0,0,5,0.316,NONE,0
0,-5.0,0,5,0.315,NONE,0
0,-5.0,0,5,0.315,NONE,0
0,-5.0,0,5,0.315,NONE,0
0,-5.0,0,5,0.315,NONE,0
0,-5.0,0,5,0.315,NONE,0
0,-5.0,0,5,0.315,NONE,0
0,-5.0,0,5,0.314,NONE,6
0,-5.0,0,5,0.314,NONE,0
0,-5.0,0,5,0.314,NONE,0
0,-5.0,0,5,0.314,NONE,0
0,-5.0,0,5,0.314,NONE,0
0,-5.0,0,5,0.314,NONE,6
0,-5.0,0,5,0.314,NONE,0
0,-5.0,0,5,0.313,NONE,0
0,-5.0,0,5,0.313,NONE,0
0,-5.0,0,5,0.313,NONE,0
0,-5.0,0,5,0.313,NONE,0
0,-5.0,0,5,0.313,NONE,0
0,-5.0,0,5,0.313,NONE,0
0,-5.0,0,5,0.312,NONE,0
0,-5.0,0,5,0.312,NONE,0
0,-5.0,0,5,0.312,NONE,0
0,-5.0,0,5,0.312,NONE,0
0,-5.0,0,5,0.312,NONE,6
0,-5.0,0,5,0.312,NONE,0
0,-5.0,0,5,0.312,NONE,0
0,-5.0,0,5,0.311,NONE,0
0,-5.0,0,5,0.311,NONE,0
0,-5.0,0,5,0.311,NONE,0
0,-5.0,0,5,0.311,NONE,6
0,-5.0,0,5,0.311,NONE,12
0,-5.0,0,5,0.311,NONE,6
0,-5.0,0,5,0.31,NONE,0
0,-5.0,0,5,0.31,NONE,0
0,-5.0,0,5,0.31,NONE,0
0,-5.0,0,5,0.31,NONE,0
0,-5.0,0,5,0.31,NONE,0
0,-5.0,0,5,0.31,NONE,0
0,-5.0,0,5,0.31,NONE,0
0,-5.0,0,5,0.309,NONE,0
0,-5.0,0,5,0.309,NONE,0
0,-5.0,0,5,0.309,NONE,0
0,-5.0,0,5,0.309,NONE,0
0,-5.0,0,5,0.309,NONE,0
0,-5.0,0,5,0.309,NONE,0
0,-5.0,0,5,0.308,NONE,0
0,-5.0,0,5,0.308,NONE,6
0,-5.0,0,5,0.308,NONE,12
0,-5.0,0,5,0.308,NONE,6
0,-5.0,0,5,0.308,NONE,0
0,-5.0,0,5,0.308,NONE,6
0,-5.0,0,5,0.307,NONE,0
0,-5.0,0,5,0.307,NONE,6
0,-5.0,0,5,0.307,NONE,12
0,-5.0,0,5,0.307,NONE,6
0,-5.0,0,5,0.307,NONE,0
0,-5.0,0,5,0.307,NONE,0
0,-5.0,0,5,0.307,NONE,0
0,-5.0,0,5,0.306,NONE,0
0,-5.0,0,5,0.306,NONE,0
0,-5.0,0,5,0.306,NONE,0
0,-5.0,0,5,0.306,NONE,6
0,-5.0,0,5,0.306,NONE,0
0,-5.0,0,5,0.306,NONE,0
0,-5.0,0,5,0.306,NONE,0
0,-5.0,0,5,0.305,NONE,6
0,-5.0,0,5,0.305,NONE,0
0,-5.0,0,5,0.305,NONE,0
0,-5.0,0,5,0.305,NONE,6
0,-5.0,0,5,0.305,NONE,0
0,-5.0,0,5,0.305,NONE,0
0,-5.0,0,5,0.304,NONE,6
0,-5.0,0,5,0.304,NONE,6
0,-5.0,0,5,0.304,NONE,0
0,-5.0,0,5,0.304,NONE,0
0,-5.0,0,5,0.304,NONE,0
0,-5.0,0,5,0.304,NONE,6
0,-5.0,0,5,0.304,NONE,0
0,-5.0,0,5,0.303,NONE,0
0,-5.0,0,5,0.303,NONE,0
0,-5.0,0,5,0.303,NONE,0
0,-5.0,0,5,0.303,NONE,0
0,-5.0,0,5,0.303,NONE,0
0,-5.0,0,5,0.303,NONE,0
0,-5.0,0,5,0.302,NONE,0
0,-5.0,0,5,0.302,NONE,0
0,-5.0,0,5,0.302,NONE,0
0,-5.0,0,5,0.302,NONE,0
0,-5.0,0,5,0.302,NONE,0
0,-5.0,0,5,0.302,NONE,0
0,-5.0,0,5,0.302,NONE,0
0,-5.0,0,5,0.301,NONE,0
0,-5.0,0,5,0.301,NONE,0
0,-5.0,0,5,0.301,NONE,6
0,-5.0,0,5,0.301,NONE,0
0,-5.0,0,5,0.301,NONE,0
0,-5.0,0,5,0.301,NONE,0
0,-5.0,0,5,0.301,NONE,0
0,-5.0,0,5,0.3,NONE,0
0,-5.0,0,5,0.3,NONE,0
0,-5.0,0,5,0.3,NONE,0
0,-5.0,0,5,0.3,NONE,0
0,-5.0,0,5,0.3,NONE,0
0,-5.0,0,5,0.3,NONE,0
0,-5.0,0,5,0.299,NONE,0
0,-5.0,0,5,0.299,NONE,0
0,-5.0,0,5,0.299,NONE,0
0,-5.0,0,5,0.299,NONE,0
0,-5.0,0,5,0.299,NONE,0
0,-5.0,0,5,0.299,NONE,0
0,-5.0,0,5,0.299,NONE,0
0,-5.0,0,5,0.298,NONE,0
0,-5.0,0,5,0.298,NONE,0
0,-5.0,0,5,0.298,NONE,0
0,-5.0,0,5,0.298,NONE,0
0,-5.0,0,5,0.298,NONE,0
0,-5.0,0,5,0.298,NONE,0
0,-5.0,0,5,0.298,NONE,0
0,-5.0,0,5,0.297,NONE,0
0,-5.0,0,5,0.297,NONE,0
0,-5.0,0,5,0.297,NONE,0
0,-5.0,0,5,0.297,NONE,0
0,-5.0,0,5,0.297,NONE,6
0,-5.0,0,5,0.297,NONE,12
0,-5.0,0,5,0.296,NONE,6
0,-5.0,0,5,0.296,NONE,6
0,-5.0,0,5,0.296,NONE,6
0,-5.0,0,5,0.296,NONE,6
0,-5.0,0,5,0.296,NONE,6
0,-5.0,0,5,0.296,NONE,6
0,-5.0,0,5,0.296,NONE,12
0,-5.0,0,5,0.295,NONE,12
0,-5.0,0,5,0.295,NONE,12
0,-5.0,0,5,0.295,NONE,18
0,-5.0,0,5,0.295,NONE,18
0,-5.0,0,5,0.295,NONE,18
0,-5.0,0,5,0.295,NONE,18
0,-5.0,0,5,0.295,NONE,18
0,-5.0,0,5,0.294,NONE,24
0,-5.0,0,5,0.294,NONE,30
0,-5.0,0,5,0.294,NONE,30
0,-5.0,0,5,0.294,NONE,30
0,-5.0,0,5,0.294,NONE,30
0,-5.0,0,5,0.294,NONE,36
0,-5.0,0,5,0.294,NONE,42
0,-5.0,0,5,0.293,NONE,48
0,-5.0,0,5,0.293,NONE,54
0,-5.0,0,5,0.293,NONE,48
0,-5.0,0,5,0.293,NONE,42
0,-5.0,0,5,0.293,NONE,48
0,-6.0,0,6,0.293,NONE,48
0,-6.0,0,6,0.292,NONE,54
0,-6.0,0,6,0.292,NONE,48
0,-6.0,0,6,0.292,NONE,42
0,-6.0,0,6,0.292,NONE,48
0,-6.0,0,6,0.292,NONE,42
0,-6.0,0,6,0.292,NONE,48
0,-6.0,0,6,0.292,NONE,42
0,-6.0,0,6,0.291,NONE,36
0,-6.0,0,6,0.291,NONE,30
0,-6.0,0,6,0.291,NONE,24
0,-6.0,0,6,0.291,NONE,24
0,-6.0,0,6,0.291,NONE,24
0,-6.0,0,6,0.291,NONE,18
0,-6.0,0,6,0.291,NONE,12
0,-6.0,0,6,0.29,NONE,6
0,-6.0,0,6,0.29,NONE,0
0,-6.0,0,6,0.29,NONE,0
0,-6.0,0,6,0.29,NONE,0
0,-6.0,0,6,0.29,NONE,0
0,-6.0,0,6,0.29,NONE,0
0,-6.0,0,6,0.29,NONE,0
0,-6.0,0,6,0.289,NONE,0
0,-6.0,0,6,0.289,NONE,0
0,-6.0,0,6,0.289,NONE,6
0,-6.0,0,6,0.289,NONE,0
0,-6.0,0,6,0.289,NONE,0
0,-6.0,0,6,0.289,NONE,6
0,-6.0,0,6,0.289,NONE,12
0,-6.0,0,6,0.288,NONE,6
0,-6.0,0,6,0.288,NONE,0
0,-6.0,0,6,0.288,NONE,0
0,-6.0,0,6,0.288,NONE,0
0,-6.0,0,6,0.288,NONE,0
0,-6.0,0,6,0.288,NONE,0
0,-6.0,0,6,0.288,NONE,6
0,-6.0,0,6,0.287,NONE,12
0,-6.0,0,6,0.287,NONE,18
0,-6.0,0,6,0.287,NONE,12
0,-6.0,0,6,0.287,NONE,6
0,-6.0,0,6,0.287,NONE,6
0,-6.0,0,6,0.287,NONE,0
0,-6.0,0,6,0.287,NONE,0
0,-6.0,0,6,0.286,NONE,0
0,-6.0,0,6,0.286,NONE,0
0,-6.0,0,6,0.286,NONE,0
0,-6.0,0,6,0.286,NONE,0
0,-6.0,0,6,0.286,NONE,6
0,-6.0,0,6,0.286,NONE,0
0,-6.0,0,6,0.286,NONE,0
0,-6.0,0,6,0.285,NONE,0
0,-6.0,0,6,0.285,NONE,0
0,-6.0,0,6,0.285,NONE,0
0,-6.0,0,6,0.285,NONE,0
0,-6.0,0,6,0.285,NONE,0
0,-6.0,0,6,0.285,NONE,0
0,-6.0,0,6,0.285,NONE,0
0,-6.0,0,6,0.284,NONE,0
0,-6.0,0,6,0.284,NONE,0
0,-6.0,0,6,0.284,NONE,0
0,-6.0,0,6,0.284,NONE,0
0,-6.0,0,6,0.284,NONE,0
0,-6.0,0,6,0.284,NONE,0
0,-6.0,0,6,0.284,NONE,0
0,-6.0,0,6,0.283,NONE,0
0,-6.0,0,6,0.283,NONE,0
0,-6.0,0,6,0.283,NONE,0
0,-6.0,0,6,0.283,NONE,0
0,-6.0,0,6,0.283,NONE,0
0,-6.0,0,6,0.283,NONE,0
0,-6.0,0,6,0.283,NONE,0
0,-6.0,0,6,0.282,NONE,0
0,-6.0,0,6,0.282,NONE,0
0,-6.0,0,6,0.282,NONE,0
0,-6.0,0,6,0.282,NONE,0
0,-6.0,0,6,0.282,NONE,0
0,-6.0,0,6,0.282,NONE,0
0,-6.0,0,6,0.282,NONE,0
0,-6.0,0,6,0.281,NONE,0
0,-6.0,0,6,0.281,NONE,0
0,-6.0,0,6,0.281,NONE,0
0,-6.0,0,6,0.281,NONE,0
0,-6.0,0,6,0.281,NONE,0
0,-6.0,0,6,0.281,NONE,0
0,-6.0,0,6,0.281,NONE,0
0,-6.0,0,6,0.28,NONE,0
0,-6.0,0,6,0.28,NONE,0
0,-6.0,0,6,0.28,NONE,0
0,-6.0,0,6,0.28,NONE,0
0,-6.0,0,6,0.28,NONE,0
0,-6.0,0,6,0.28,NONE,0
0,-6.0,0,6,0.28,NONE,0
0,-6.0,0,6,0.279,NONE,0
0,-6.0,0,6,0.279,NONE,0
0,-6.0,0,6,0.279,NONE,0
0,-6.0,0,6,0.279,NONE,0
0,-6.0,0,6,0.279,NONE,0
0,-6.0,0,6,0.279,NONE,0
0,-6.0,0,6,0.279,NONE,0
0,-6.0,0,6,0.279,NONE,0
0,-6.0,0,6,0.278,NONE,0
0,-6.0,0,6,0.278,NONE,0
0,-6.0,0,6,0.278,NONE,0
0,-6.0,0,6,0.278,NONE,0
0,-6.0,0,6,0.278,NONE,0
0,-6.0,0,6,0.278,NONE,0
0,-6.0,0,6,0.278,NONE,0
0,-6.0,0,6,0.277,NONE,0
0,-6.0,0,6,0.277,NONE,0
0,-6.0,0,6,0.277,NONE,0
0,-6.0,0,6,0.277,NONE,0
0,-6.0,0,6,0.277,NONE,0
0,-6.0,0,6,0.277,NONE,0
0,-6.0,0,6,0.277,NONE,6
0,-6.0,0,6,0.276,NONE,0
0,-6.0,0,6,0.276,NONE,0
0,-6.0,0,6,0.276,NONE,0
0,-6.0,0,6,0.276,NONE,0
0,-6.0,0,6,0.276,NONE,0
0,-6.0,0,6,0.276,NONE,0
0,-6.0,0,6,0.276,NONE,0
0,-6.0,0,6,0.275,NONE,0
0,-6.0,0,6,0.275,NONE,0
0,-6.0,0,6,0.275,NONE,0
0,-6.0,0,6,0.275,NONE,0
0,-6.0,0,6,0.275,NONE,0
0,-6.0,0,6,0.275,NONE,0
0,-6.0,0,6,0.275,NONE,0
0,-6.0,0,6,0.274,NONE,6
0,-6.0,0,6,0.274,NONE,6
0,-6.0,0,6,0.274,NONE,0
0,-6.0,0,6,0.274,NONE,0
0,-6.0,0,6,0.274,NONE,0
0,-6.0,0,6,0.274,NONE,0
0,-6.0,0,6,0.274,NONE,0
0,-6.0,0,6,0.274,NONE,0
0,-6.0,0,6,0.273,NONE,0
0,-6.0,0,6,0.273,NONE,6
0,-6.0,0,6,0.273,NONE,6
0,-6.0,0,6,0.273,NONE,6
0,-6.0,0,6,0.273,NONE,0
0,-6.0,0,6,0.273,NONE,6
0,-6.0,0,6,0.273,NONE,0
0,-6.0,0,6,0.272,NONE,0
0,-6.0,0,6,0.272,NONE,0
0,-6.0,0,6,0.272,NONE,6
0,-6.0,0,6,0.272,NONE,0
0,-6.0,0,6,0.272,NONE,0
0,-6.0,0,6,0.272,NONE,6
0,-6.0,0,6,0.272,NONE,12
0,-6.0,0,6,0.271,NONE,6
0,-6.0,0,6,0.271,NONE,0
0,-6.0,0,6,0.271,NONE,0
0,-6.0,0,6,0.271,NONE,0
0,-6.0,0,6,0.271,NONE,6
0,-6.0,0,6,0.271,NONE,0
0,-6.0,0,6,0.271,NONE,0
0,-6.0,0,6,0.271,NONE,0
0,-6.0,0,6,0.27,NONE,0
0,-6.0,0,6,0.27,NONE,0
0,-6.0,0,6,0.27,NONE,0
0,-6.0,0,6,0.27,NONE,0
0,-6.0,0,6,0.27,NONE,0
0,-6.0,0,6,0.27,NONE,0
0,-6.0,0,6,0.27,NONE,0
0,-6.0,0,6,0.269,NONE,6
0,-6.0,0,6,0.269,NONE,0
0,-6.0,0,6,0.269,NONE,0
0,-6.0,0,6,0.269,NONE,0
0,-6.0,0,6,0.269,NONE,0
0,-6.0,0,6,0.269,NONE,0
0,-6.0,0,6,0.269,NONE,0
0,-6.0,0,6,0.269,NONE,0
0,-6.0,0,6,0.268,NONE,0
0,-6.0,0,6,0.268,NONE,0
0,-6.0,0,6,0.268,NONE,0
0,-6.0,0,6,0.268,NONE,0
0,-6.0,0,6,0.268,NONE,0
0,-6.0,0,6,0.268,NONE,0
0,-6.0,0,6,0.268,NONE,0
0,-6.0,0,6,0.267,NONE,0
0,-6.0,0,6,0.267,NONE,6
0,-6.0,0,6,0.267,NONE,0
0,-6.0,0,6,0.267,NONE,0
0,-6.0,0,6,0.267,NONE,6
0,-6.0,0,6,0.267,NONE,0
0,-6.0,0,6,0.267,NONE,0
0,-6.0,0,6,0.267,NONE,0
0,-6.0,0,6,0.266,NONE,0
0,-6.0,0,6,0.266,NONE,0
0,-6.0,0,6,0.266,NONE,0
0,-6.0,0,6,0.266,NONE,0
0,-6.0,0,6,0.266,NONE,0
0,-6.0,0,6,0.266,NONE,0
0,-6.0,0,6,0.266,NONE,0
0,-6.0,0,6,0.265,NONE,0
0,-6.0,0,6,0.265,NONE,0
0,-6.0,0,6,0.265,NONE,0
0,-6.0,0,6,0.265,NONE,0
0,-6.0,0,6,0.265,NONE,0
0,-6.0,0,6,0.265,NONE,0
0,-6.0,0,6,0.265,NONE,0
0,-6.0,0,6,0.265,NONE,0
0,-6.0,0,6,0.264,NONE,0
0,-6.0,0,6,0.264,NONE,0
0,-6.0,0,6,0.264,NONE,0
0,-6.0,0,6,0.264,NONE,0
0,-6.0,0,6,0.264,NONE,0
0,-6.0,0,6,0.264,NONE,6
0,-6.0,0,6,0.264,NONE,0
0,-6.0,0,6,0.263,NONE,0
0,-6.0,0,6,0.263,NONE,0
0,-6.0,0,6,0.263,NONE,0
0,-6.0,0,6,0.263,NONE,0
0,-6.0,0,6,0.263,NONE,0
0,-6.0,0,6,0.263,NONE,0
0,-6.0,0,6,0.263,NONE,0
0,-6.0,0,6,0.263,NONE,0
0,-6.0,0,6,0.262,NONE,0
0,-6.0,0,6,0.262,NONE,0
0,-6.0,0,6,0.262,NONE,0
0,-6.0,0,6,0.262,NONE,0
0,-6.0,0,6,0.262,NONE,0
0,-6.0,0,6,0.262,NONE,6
0,-6.0,0,6,0.262,NONE,12
0,-6.0,0,6,0.261,NONE,12
0,-6.0,0,6,0.261,NONE,18
0,-6.0,0,6,0.261,NONE,18
0,-6.0,0,6,0.261,NONE,18
0,-6.0,0,6,0.261,NONE,18
0,-6.0,0,6,0.261,NONE,18
0,-6.0,0,6,0.261,NONE,18
0,-6.0,0,6,0.261,NONE,18
0,-6.0,0,6,0.26,NONE,18
0,-6.0,0,6,0.26,NONE,18
0,-6.0,0,6,0.26,NONE,24
0,-6.0,0,6,0.26,NONE,30
0,-6.0,0,6,0.26,NONE,30
0,-6.0,0,6,0.26,NONE,30
0,-6.0,0,6,0.26,NONE,36
0,-6.0,0,6,0.26,NONE,42
0,-6.0,0,6,0.259,NONE,48
0,-6.0,0,6,0.259,NONE,42
0,-6.0,0,6,0.259,NONE,36
0,-6.0,0,6,0.259,NONE,36
0,-6.0,0,6,0.259,NONE,36
0,-6.0,0,6,0.259,NONE,36
0,-6.0,0,6,0.259,NONE,36
0,-6.0,0,6,0.259,NONE,36
0,-6.0,0,6,0.258,NONE,36
0,-6.0,0,6,0.258,NONE,36
0,-6.0,0,6,0.258,NONE,36
0,-6.0,0,6,0.258,NONE,36
0,-6.0,0,6,0.258,NONE,42
0,-6.0,0,6,0.258,NONE,42
0,-6.0,0,6,0.258,NONE,42
0,-6.0,0,6,0.257,NONE,42
0,-6.0,0,6,0.257,NONE,42
0,-6.0,0,6,0.257,NONE,36
0,-6.0,0,6,0.257,NONE,30
0,-6.0,0,6,0.257,NONE,36
0,-6.0,0,6,0.257,NONE,42
0,-6.0,0,6,0.257,NONE,36
0,-6.0,0,6,0.257,NONE,42
0,-6.0,0,6,0.256,NONE,36
0,-6.0,0,6,0.256,NONE,42
0,-6.0,0,6,0.256,NONE,36
0,-6.0,0,6,0.256,NONE,30
0,-6.0,0,6,0.256,NONE,24
0,-6.0,0,6,0.256,NONE,30
0,-6.0,0,6,0.256,NONE,36
0,-6.0,0,6,0.256,NONE,30
0,-6.0,0,6,0.255,NONE,24
0,-6.0,0,6,0.255,NONE,18
0,-6.0,0,6,0.255,NONE,12
0,-6.0,0,6,0.255,NONE,6
0,-6.0,0,6,0.255,NONE,0
0,-6.0,0,6,0.255,NONE,0
0,-6.0,0,6,0.255,NONE,0
0,-6.0,0,6,0.255,NONE,0
0,-6.0,0,6,0.254,NONE,0
0,-6.0,0,6,0.254,NONE,0
0,-6.0,0,6,0.254,NONE,0
0,-6.0,0,6,0.254,NONE,0
0,-6.0,0,6,0.254,NONE,0
0,-6.0,0,6,0.254,NONE,0
0,-6.0,0,6,0.254,NONE,0
0,-6.0,0,6,0.254,NONE,0
0,-6.0,0,6,0.253,NONE,0
0,-6.0,0,6,0.253,NONE,0
0,-6.0,0,6,0.253,NONE,0
0,-6.0,0,6,0.253,NONE,0
0,-6.0,0,6,0.253,NONE,0
0,-6.0,0,6,0.253,NONE,0
0,-6.0,0,6,0.253,NONE,0
0,-6.0,0,6,0.252,NONE,0
0,-6.0,0,6,0.252,NONE,0
0,-6.0,0,6,0.252,NONE,6
0,-6.0,0,6,0.252,NONE,0
0,-6.0,0,6,0.252,NONE,0
0,-6.0,0,6,0.252,NONE,0
0,-6.0,0,6,0.252,NONE,0
0,-6.0,0,6,0.252,NONE,0
0,-6.0,0,6,0.251,NONE,0
0,-6.0,0,6,0.251,NONE,0
0,-6.0,0,6,0.251,NONE,0
0,-6.0,0,6,0.251,NONE,6
0,-6.0,0,6,0.251,NONE,0
0,-6.0,0,6,0.251,NONE,0
0,-6.0,0,6,0.251,NONE,0
0,-6.0,0,6,0.251,NONE,0
0,-6.0,0,6,0.25,NONE,0
0,-6.0,0,6,0.25,NONE,0
0,-6.0,0,6,0.25,NONE,0
0,-6.0,0,6,0.25,NONE,0
0,-6.0,0,6,0.25,NONE,0
0,-6.0,0,6,0.25,NONE,0
0,-6.0,0,6,0.25,NONE,0
0,-6.0,0,6,0.25,NONE,0
0,-6.0,0,6,0.249,NONE,0
0,-6.0,0,6,0.249,NONE,0
0,-6.0,0,6,0.249,NONE,0
0,-6.0,0,6,0.249,NONE,0
0,-6.0,0,6,0.249,NONE,0
0,-6.0,0,6,0.249,NONE,0
0,-6.0,0,6,0.249,NONE,0
0,-6.0,0,6,0.249,NONE,0
0,-6.0,0,6,0.248,NONE,0
0,-6.0,0,6,0.248,NONE,0
0,-6.0,0,6,0.248,NONE,0
0,-6.0,0,6,0.248,NONE,0
0,-6.0,0,6,0.248,NONE,0
0,-6.0,0,6,0.248,NONE,0
0,-6.0,0,6,0.248,NONE,0
0,-6.0,0,6,0.248,NONE,0
0,-6.0,0,6,0.247,NONE,0
0,-6.0,0,6,0.247,NONE,0
0,-6.0,0,6,0.247,NONE,0
0,-6.0,0,6,0.247,NONE,0
0,-6.0,0,6,0.247,NONE,0
0,-6.0,0,6,0.247,NONE,6
0,-6.0,0,6,0.247,NONE,0
0,-6.0,0,6,0.247,NONE,0
0,-6.0,0,6,0.247,NONE,0
0,-6.0,0,6,0.246,NONE,0
0,-6.0,0,6,0.246,NONE,0
0,-6.0,0,6,0.246,NONE,0
0,-6.0,0,6,0.246,NONE,0
0,-6.0,0,6,0.246,NONE,0
0,-6.0,0,6,0.246,NONE,6
0,-6.0,0,6,0.246,NONE,6
0,-6.0,0,6,0.246,NONE,0
0,-6.0,0,6,0.245,NONE,0
0,-6.0,0,6,0.245,NONE,0
0,-6.0,0,6,0.245,NONE,6
0,-6.0,0,6,0.245,NONE,0
0,-6.0,0,6,0.245,NONE,0
0,-6.0,0,6,0.245,NONE,0
0,-6.0,0,6,0.245,NONE,0
0,-6.0,0,6,0.245,NONE,0
0,-6.0,0,6,0.244,NONE,0
0,-6.0,0,6,0.244,NONE,0
0,-6.0,0,6,0.244,NONE,0
0,-6.0,0,6,0.244,NONE,0
0,-6.0,0,6,0.244,NONE,6
0,-6.0,0,6,0.244,NONE,0
0,-6.0,0,6,0.244,NONE,0
0,-6.0,0,6,0.244,NONE,0
0,-6.0,0,6,0.243,NONE,0
0,-6.0,0,6,0.243,NONE,0
0,-6.0,0,6,0.243,NONE,0
0,-6.0,0,6,0.243,NONE,0
0,-6.0,0,6,0.243,NONE,0
0,-6.0,0,6,0.243,NONE,0
0,-6.0,0,6,0.243,NONE,0
0,-6.0,0,6,0.243,NONE,0
0,-6.0,0,6,0.242,NONE,0
0,-6.0,0,6,0.242,NONE,0
0,-6.0,0,6,0.242,NONE,0
0,-6.0,0,6,0.242,NONE,0
0,-6.0,0,6,0.242,NONE,0
0,-6.0,0,6,0.242,NONE,0
0,-6.0,0,6,0.242,NONE,0
0,-6.0,0,6,0.242,NONE,0
0,-6.0,0,6,0.242,NONE,0
0,-6.0,0,6,0.241,NONE,0
0,-6.0,0,6,0.241,NONE,0
0,-6.0,0,6,0.241,NONE,0
0,-6.0,0,6,0.241,NONE,0
0,-6.0,0,6,0.241,NONE,0
0,-6.0,0,6,0.241,NONE,0
0,-6.0,0,6,0.241,NONE,0
0,-6.0,0,6,0.241,NONE,0
0,-6.0,0,6,0.24,NONE,0
0,-6.0,0,6,0.24,NONE,0
0,-6.0,0,6,0.24,NONE,0
0,-6.0,0,6,0.24,NONE,0
0,-6.0,0,6,0.24,NONE,0
0,-6.0,0,6,0.24,NONE,0
0,-6.0,0,6,0.24,NONE,0
0,-6.0,0,6,0.24,NONE,0
0,-6.0,0,6,0.239,NONE,0
0,-6.0,0,6,0.239,NONE,0
0,-6.0,0,6,0.239,NONE,0
0,-6.0,0,6,0.239,NONE,0
0,-6.0,0,6,0.239,NONE,0
0,-6.0,0,6,0.239,NONE,0
0,-6.0,0,6,0.239,NONE,0
0,-6.0,0,6,0.239,NONE,0
0,-6.0,0,6,0.239,NONE,0
0,-6.0,0,6,0.238,NONE,0
0,-6.0,0,6,0.238,NONE,0
0,-6.0,0,6,0.238,NONE,0
0,-6.0,0,6,0.238,NONE,0
0,-6.0,0,6,0.238,NONE,0
0,-6.0,0,6,0.238,NONE,6
0,-6.0,0,6,0.238,NONE,0
0,-6.0,0,6,0.238,NONE,0
0,-6.0,0,6,0.237,NONE,0
0,-6.0,0,6,0.237,NONE,0
0,-6.0,0,6,0.237,NONE,0
0,-6.0,0,6,0.237,NONE,0
0,-6.0,0,6,0.237,NONE,0
0,-6.0,0,6,0.237,NONE,0
0,-6.0,0,6,0.237,NONE,0
0,-6.0,0,6,0.237,NONE,0
0,-6.0,0,6,0.236,NONE,0
0,-6.0,0,6,0.236,NONE,0
0,-6.0,0,6,0.236,NONE,0
0,-6.0,0,6,0.236,NONE,0
0,-6.0,0,6,0.236,NONE,0
0,-6.0,0,6,0.236,NONE,0
0,-6.0,0,6,0.236,NONE,0
0,-6.0,0,6,0.236,NONE,0
0,-6.0,0,6,0.236,NONE,0
0,-6.0,0,6,0.235,NONE,0
0,-6.0,0,6,0.235,NONE,0
0,-6.0,0,6,0.235,NONE,0
0,-6.0,0,6,0.235,NONE,0
0,-6.0,0,6,0.235,NONE,0
0,-6.0,0,6,0.235,NONE,0
0,-6.0,0,6,0.235,NONE,0
0,-6.0,0,6,0.235,NONE,0
0,-6.0,0,6,0.234,NONE,0
0,-6.0,0,6,0.234,NONE,6
0,-6.0,0,6,0.234,NONE,12
0,-6.0,0,6,0.234,NONE,12
0,-6.0,0,6,0.234,NONE,6
0,-6.0,0,6,0.234,NONE,12
0,-6.0,0,6,0.234,NONE,18
0,-6.0,0,6,0.234,NONE,24
0,-6.0,0,6,0.234,NONE,30
0,-6.0,0,6,0.233,NONE,36
0,-6.0,0,6,0.233,NONE,42
0,-6.0,0,6,0.233,NONE,48
0,-6.0,0,6,0.233,NONE,42
0,-6.0,0,6,0.233,NONE,42
0,-6.0,0,6,0.233,NONE,42
0,-6.0,0,6,0.233,NONE,36
0,-7.0,0,7,0.233,NONE,36
0,-7.0,0,7,0.233,NONE,30
0,-7.0,0,7,0.232,NONE,24
0,-7.0,0,7,0.232,NONE,18
0,-7.0,0,7,0.232,NONE,18
0,-7.0,0,7,0.232,NONE,12
0,-7.0,0,7,0.232,NONE,6
0,-7.0,0,7,0.232,NONE,0
0,-7.0,0,7,0.232,NONE,0
0,-7.0,0,7,0.232,NONE,0
0,-7.0,0,7,0.231,NONE,0
0,-7.0,0,7,0.231,NONE,0
0,-7.0,0,7,0.231,NONE,6
0,-7.0,0,7,0.231,NONE,0
0,-7.0,0,7,0.231,NONE,0
0,-7.0,0,7,0.231,NONE,0
0,-7.0,0,7,0.231,NONE,0
0,-7.0,0,7,0.231,NONE,0
0,-7.0,0,7,0.231,NONE,0
0,-7.0,0,7,0.23,NONE,0
0,-7.0,0,7,0.23,NONE,0
0,-7.0,0,7,0.23,NONE,0
0,-7.0,0,7,0.23,NONE,0
0,-7.0,0,7,0.23,NONE,0
0,-7.0,0,7,0.23,NONE,0
0,-7.0,0,7,0.23,NONE,0
0,-7.0,0,7,0.23,NONE,0
0,-7.0,0,7,0.229,NONE,0
0,-7.0,0,7,0.229,NONE,0
0,-7.0,0,7,0.229,NONE,0
0,-7.0,0,7,0.229,NONE,0
0,-7.0,0,7,0.229,NONE,0
0,-7.0,0,7,0.229,NONE,0
0,-7.0,0,7,0.229,NONE,6
0,-7.0,0,7,0.229,NONE,6
0,-7.0,0,7,0.229,NONE,0
0,-7.0,0,7,0.228,NONE,0
0,-7.0,0,7,0.228,NONE,0
0,-7.0,0,7,0.228,NONE,0
0,-7.0,0,7,0.228,NONE,0
0,-7.0,0,7,0.228,NONE,0
0,-7.0,0,7,0.228,NONE,0
0,-7.0,0,7,0.228,NONE,0
0,-7.0,0,7,0.228,NONE,0
0,-7.0,0,7,0.228,NONE,0
0,-7.0,0,7,0.227,NONE,0
0,-7.0,0,7,0.227,NONE,0
0,-7.0,0,7,0.227,NONE,6
0,-7.0,0,7,0.227,NONE,0
0,-7.0,0,7,0.227,NONE,0
0,-7.0,0,7,0.227,NONE,0
0,-7.0,0,7,0.227,NONE,0
0,-7.0,0,7,0.227,NONE,0
0,-7.0,0,7,0.227,NONE,0
0,-7.0,0,7,0.226,NONE,6
0,-7.0,0,7,0.226,NONE,6
0,-7.0,0,7,0.226,NONE,0
0,-7.0,0,7,0.226,NONE,0
0,-7.0,0,7,0.226,NONE,0
0,-7.0,0,7,0.226,NONE,0
0,-7.0,0,7,0.226,NONE,0
0,-7.0,0,7,0.226,NONE,0
0,-7.0,0,7,0.226,NONE,0
0,-7.0,0,7,0.225,NONE,0
0,-7.0,0,7,0.225,NONE,0
0,-7.0,0,7,0.225,NONE,0
0,-7.0,0,7,0.225,NONE,0
0,-7.0,0,7,0.225,NONE,0
0,-7.0,0,7,0.225,NONE,0
0,-7.0,0,7,0.225,NONE,6
0,-7.0,0,7,0.225,NONE,0
0,-7.0,0,7,0.225,NONE,0
0,-7.0,0,7,0.224,NONE,0
0,-7.0,0,7,0.224,NONE,0
0,-7.0,0,7,0.224,NONE,0
0,-7.0,0,7,0.224,NONE,0
0,-7.0,0,7,0.224,NONE,0
0,-7.0,0,7,0.224,NONE,0
0,-7.0,0,7,0.224,NONE,0
0,-7.0,0,7,0.224,NONE,0
0,-7.0,0,7,0.223,NONE,0
0,-7.0,0,7,0.223,NONE,0
0,-7.0,0,7,0.223,NONE,0
0,-7.0,0,7,0.223,NONE,0
0,-7.0,0,7,0.223,NONE,0
0,-7.0,0,7,0.223,NONE,0
0,-7.0,0,7,0.223,NONE,0
0,-7.0,0,7,0.223,NONE,0
0,-7.0,0,7,0.223,NONE,0
0,-7.0,0,7,0.222,NONE,0
0,-7.0,0,7,0.222,NONE,0
0,-7.0,0,7,0.222,NONE,0
0,-7.0,0,7,0.222,NONE,6
0,-7.0,0,7,0.222,NONE,0
0,-7.0,0,7,0.222,NONE,0
0,-7.0,0,7,0.222,NONE,0
0,-7.0,0,7,0.222,NONE,0
0,-7.0,0,7,0.222,NONE,0
0,-7.0,0,7,0.221,NONE,0
0,-7.0,0,7,0.221,NONE,0
0,-7.0,0,7,0.221,NONE,0
0,-7.0,0,7,0.221,NONE,0
0,-7.0,0,7,0.221,NONE,0
0,-7.0,0,7,0.221,NONE,0
0,-7.0,0,7,0.221,NONE,0
0,-7.0,0,7,0.221,NONE,0
0,-7.0,0,7,0.221,NONE,0
0,-7.0,0,7,0.22,NONE,0
0,-7.0,0,7,0.22,NONE,0
0,-7.0,0,7,0.22,NONE,0
0,-7.0,0,7,0.22,NONE,0
0,-7.0,0,7,0.22,NONE,0
0,-7.0,0,7,0.22,NONE,0
0,-7.0,0,7,0.22,NONE,0
0,-7.0,0,7,0.22,NONE,0
0,-7.0,0,7,0.22,NONE,0
0,-7.0,0,7,0.22,NONE,0
0,-7.0,0,7,0.219,NONE,0
0,-7.0,0,7,0.219,NONE,0
0,-7.0,0,7,0.219,NONE,0
0,-7.0,0,7,0.219,NONE,0
0,-7.0,0,7,0.219,NONE,0
0,-7.0,0,7,0.219,NONE,0
0,-7.0,0,7,0.219,NONE,0
0,-7.0,0,7,0.219,NONE,0
0,-7.0,0,7,0.219,NONE,0
0,-7.0,0,7,0.218,NONE,0
0,-7.0,0,7,0.218,NONE,0
0,-7.0,0,7,0.218,NONE,0
0,-7.0,0,7,0.218,NONE,0
0,-7.0,0,7,0.218,NONE,0
0,-7.0,0,7,0.218,NONE,6
0,-7.0,0,7,0.218,NONE,0
0,-7.0,0,7,0.218,NONE,0
0,-7.0,0,7,0.218,NONE,0
0,-7.0,0,7,0.217,NONE,0
0,-7.0,0,7,0.217,NONE,0
0,-7.0,0,7,0.217,NONE,0
0,-7.0,0,7,0.217,NONE,0
0,-7.0,0,7,0.217,NONE,0
0,-7.0,0,7,0.217,NONE,0
0,-7.0,0,7,0.217,NONE,0
0,-7.0,0,7,0.217,NONE,0
0,-7.0,0,7,0.217,NONE,6
0,-7.0,0,7,0.216,NONE,0
0,-7.0,0,7,0.216,NONE,0
0,-7.0,0,7,0.216,NONE,0
0,-7.0,0,7,0.216,NONE,0
0,-7.0,0,7,0.216,NONE,0
0,-7.0,0,7,0.216,NONE,0
0,-7.0,0,7,0.216,NONE,0
0,-7.0,0,7,0.216,NONE,0
0,-7.0,0,7,0.216,NONE,0
0,-7.0,0,7,0.215,NONE,0
0,-7.0,0,7,0.215,NONE,6
0,-7.0,0,7,0.215,NONE,0
0,-7.0,0,7,0.215,NONE,0
0,-7.0,0,7,0.215,NONE,0
0,-7.0,0,7,0.215,NONE,0
0,-7.0,0,7,0.215,NONE,0
0,-7.0,0,7,0.215,NONE,6
0,-7.0,0,7,0.215,NONE,0
0,-7.0,0,7,0.215,NONE,0
0,-7.0,0,7,0.214,NONE,0
0,-7.0,0,7,0.214,NONE,0
0,-7.0,0,7,0.214,NONE,0
0,-7.0,0,7,0.214,NONE,0
0,-7.0,0,7,0.214,NONE,6
0,-7.0,0,7,0.214,NONE,0
0,-7.0,0,7,0.214,NONE,0
0,-7.0,0,7,0.214,NONE,0
0,-7.0,0,7,0.214,NONE,0
0,-7.0,0,7,0.213,NONE,0
0,-7.0,0,7,0.213,NONE,0
0,-7.0,0,7,0.213,NONE,0
0,-7.0,0,7,0.213,NONE,0
0,-7.0,0,7,0.213,NONE,0
0,-7.0,0,7,0.213,NONE,0
0,-7.0,0,7,0.213,NONE,0
0,-7.0,0,7,0.213,NONE,0
0,-7.0,0,7,0.213,NONE,0
0,-7.0,0,7,0.212,NONE,0
0,-7.0,0,7,0.212,NONE,0
0,-7.0,0,7,0.212,NONE,0
0,-7.0,0,7,0.212,NONE,0
0,-7.0,0,7,0.212,NONE,6
0,-7.0,0,7,0.212,NONE,0
0,-7.0,0,7,0.212,NONE,0
0,-7.0,0,7,0.212,NONE,0
0,-7.0,0,7,0.212,NONE,0
0,-7.0,0,7,0.212,NONE,0
0,-7.0,0,7,0.211,NONE,0
0,-7.0,0,7,0.211,NONE,0
0,-7.0,0,7,0.211,NONE,6
0,-7.0,0,7,0.211,NONE,12
0,-7.0,0,7,0.211,NONE,6
0,-7.0,0,7,0.211,NONE,0
0,-7.0,0,7,0.211,NONE,0
0,-7.0,0,7,0.211,NONE,0
0,-7.0,0,7,0.211,NONE,0
0,-7.0,0,7,0.21,NONE,0
0,-7.0,0,7,0.21,NONE,0
0,-7.0,0,7,0.21,NONE,0
0,-7.0,0,7,0.21,NONE,0
0,-7.0,0,7,0.21,NONE,0
0,-7.0,0,7,0.21,NONE,0
0,-7.0,0,7,0.21,NONE,0
0,-7.0,0,7,0.21,NONE,0
0,-7.0,0,7,0.21,NONE,0
0,-7.0,0,7,0.21,NONE,0
0,-7.0,0,7,0.209,NONE,0
0,-7.0,0,7,0.209,NONE,0
0,-7.0,0,7,0.209,NONE,6
0,-7.0,0,7,0.209,NONE,0
0,-7.0,0,7,0.209,NONE,0
0,-7.0,0,7,0.209,NONE,0
0,-7.0,0,7,0.209,NONE,0
0,-7.0,0,7,0.209,NONE,0
0,-7.0,0,7,0.209,NONE,0
0,-7.0,0,7,0.208,NONE,0
0,-7.0,0,7,0.208,NONE,0
0,-7.0,0,7,0.208,NONE,0
0,-7.0,0,7,0.208,NONE,0
0,-7.0,0,7,0.208,NONE,0
0,-7.0,0,7,0.208,NONE,0
0,-7.0,0,7,0.208,NONE,0
0,-7.0,0,7,0.208,NONE,0
0,-7.0,0,7,0.208,NONE,0
0,-7.0,0,7,0.208,NONE,0
0,-7.0,0,7,0.207,NONE,0
0,-7.0,0,7,0.207,NONE,6
0,-7.0,0,7,0.207,NONE,12
0,-7.0,0,7,0.207,NONE,6
0,-7.0,0,7,0.207,NONE,12
0,-7.0,0,7,0.207,NONE,6
0,-7.0,0,7,0.207,NONE,12
0,-7.0,0,7,0.207,NONE,18
0,-7.0,0,7,0.207,NONE,24
0,-7.0,0,7,0.207,NONE,30
0,-7.0,0,7,0.206,NONE,36
0,-7.0,0,7,0.206,NONE,42
0,-7.0,0,7,0.206,NONE,48
0,-7.0,0,7,0.206,NONE,48
0,-7.0,0,7,0.206,NONE,42
0,-7.0,0,7,0.206,NONE,36
0,-7.0,0,7,0.206,NONE,30
0,-7.0,0,7,0.206,NONE,30
0,-7.0,0,7,0.206,NONE,30
0,-7.0,0,7,0.205,NONE,30
0,-7.0,0,7,0.205,NONE,30
0,-7.0,0,7,0.205,NONE,30
0,-7.0,0,7,0.205,NONE,30
0,-7.0,0,7,0.205,NONE,36
0,-7.0,0,7,0.205,NONE,36
0,-7.0,0,7,0.205,NONE,36
0,-7.0,0,7,0.205,NONE,36
0,-7.0,0,7,0.205,NONE,42
0,-7.0,0,7,0.205,NONE,42
0,-7.0,0,7,0.204,NONE,48
0,-7.0,0,7,0.204,NONE,48
0,-7.0,0,7,0.204,NONE,42
0,-7.0,0,7,0.204,NONE,36
0,-7.0,0,7,0.204,NONE,30
0,-7.0,0,7,0.204,NONE,24
0,-7.0,0,7,0.204,NONE,18
0,-7.0,0,7,0.204,NONE,12
0,-7.0,0,7,0.204,NONE,6
0,-7.0,0,7,0.204,NONE,0
0,-7.0,0,7,0.203,NONE,0
0,-7.0,0,7,0.203,NONE,0
0,-7.0,0,7,0.203,NONE,6
0,-7.0,0,7,0.203,NONE,0
0,-7.0,0,7,0.203,NONE,0
0,-7.0,0,7,0.203,NONE,0
0,-7.0,0,7,0.203,NONE,0
0,-7.0,0,7,0.203,NONE,0
0,-7.0,0,7,0.203,NONE,0
0,-7.0,0,7,0.203,NONE,0
0,-7.0,0,7,0.202,NONE,0
0,-7.0,0,7,0.202,NONE,0
0,-7.0,0,7,0.202,NONE,0
0,-7.0,0,7,0.202,NONE,0
0,-7.0,0,7,0.202,NONE,0
0,-7.0,0,7,0.202,NONE,0
0,-7.0,0,7,0.202,NONE,0
0,-7.0,0,7,0.202,NONE,0
0,-7.0,0,7,0.202,NONE,0
0,-7.0,0,7,0.202,NONE,0
0,-7.0,0,7,0.201,NONE,0
0,-7.0,0,7,0.201,NONE,0
0,-7.0,0,7,0.201,NONE,0
0,-7.0,0,7,0.201,NONE,0
0,-7.0,0,7,0.201,NONE,0
0,-7.0,0,7,0.201,NONE,0
0,-7.0,0,7,0.201,NONE,0
0,-7.0,0,7,0.201,NONE,0
0,-7.0,0,7,0.201,NONE,0
0,-7.0,0,7,0.201,NONE,0
0,-7.0,0,7,0.2,NONE,0
0,-7.0,0,7,0.2,NONE,0
0,-7.0,0,7,0.2,NONE,0
0,-7.0,0,7,0.2,NONE,0
0,-7.0,0,7,0.2,NONE,0
0,-7.0,0,7,0.2,NONE,0
0,-7.0,0,7,0.2,NONE,0
0,-7.0,0,7,0.2,NONE,0
0,-7.0,0,7,0.2,NONE,0
0,-7.0,0,7,0.2,NONE,0
0,-7.0,0,7,0.199,NONE,0
0,-7.0,0,7,0.199,NONE,0
0,-7.0,0,7,0.199,NONE,6
0,-7.0,0,7,0.199,NONE,0
0,-7.0,0,7,0.199,NONE,0
0,-7.0,0,7,0.199,NONE,0
0,-7.0,0,7,0.199,NONE,0
0,-7.0,0,7,0.199,NONE,0
0,-7.0,0,7,0.199,NONE,0
0,-7.0,0,7,0.199,NONE,0
0,-7.0,0,7,0.198,NONE,0
0,-7.0,0,7,0.198,NONE,0
0,-7.0,0,7,0.198,NONE,6
0,-7.0,0,7,0.198,NONE,0
0,-7.0,0,7,0.198,NONE,0
0,-7.0,0,7,0.198,NONE,0
0,-7.0,0,7,0.198,NONE,0
0,-7.0,0,7,0.198,NONE,0
0,-7.0,0,7,0.198,NONE,0
0,-7.0,0,7,0.198,NONE,0
0,-7.0,0,7,0.197,NONE,0
0,-7.0,0,7,0.197,NONE,0
0,-7.0,0,7,0.197,NONE,0
0,-7.0,0,7,0.197,NONE,0
0,-7.0,0,7,0.197,NONE,0
0,-7.0,0,7,0.197,NONE,0
0,-7.0,0,7,0.197,NONE,0
0,-7.0,0,7,0.197,NONE,0
0,-7.0,0,7,0.197,NONE,0
0,-7.0,0,7,0.197,NONE,0
0,-7.0,0,7,0.196,NONE,0
0,-7.0,0,7,0.196,NONE,0
0,-7.0,0,7,0.196,NONE,0
0,-7.0,0,7,0.196,NONE,0
0,-7.0,0,7,0.196,NONE,0
0,-7.0,0,7,0.196,NONE,6
0,-7.0,0,7,0.196,NONE,6
0,-7.0,0,7,0.196,NONE,0
0,-7.0,0,7,0.196,NONE,0
0,-7.0,0,7,0.196,NONE,6
0,-7.0,0,7,0.195,NONE,0
0,-7.0,0,7,0.195,NONE,6
0,-7.0,0,7,0.195,NONE,0
0,-7.0,0,7,0.195,NONE,0
0,-7.0,0,7,0.195,NONE,0
0,-7.0,0,7,0.195,NONE,0
0,-7.0,0,7,0.195,NONE,0
0,-7.0,0,7,0.195,NONE,0
0,-7.0,0,7,0.195,NONE,6
0,-7.0,0,7,0.195,NONE,0
0,-7.0,0,7,0.194,NONE,0
0,-7.0,0,7,0.194,NONE,0
0,-7.0,0,7,0.194,NONE,0
0,-7.0,0,7,0.194,NONE,0
0,-7.0,0,7,0.194,NONE,0
0,-7.0,0,7,0.194,NONE,0
0,-7.0,0,7,0.194,NONE,0
0,-7.0,0,7,0.194,NONE,0
0,-7.0,0,7,0.194,NONE,0
0,-7.0,0,7,0.194,NONE,0
0,-7.0,0,7,0.194,NONE,0
0,-7.0,0,7,0.193,NONE,0
0,-7.0,0,7,0.193,NONE,0
0,-7.0,0,7,0.193,NONE,0
0,-7.0,0,7,0.193,NONE,0
0,-7.0,0,7,0.193,NONE,0
0,-7.0,0,7,0.193,NONE,0
0,-7.0,0,7,0.193,NONE,0
0,-7.0,0,7,0.193,NONE,0
0,-7.0,0,7,0.193,NONE,0
0,-7.0,0,7,0.193,NONE,0
0,-7.0,0,7,0.192,NONE,0
0,-7.0,0,7,0.192,NONE,0
0,-7.0,0,7,0.192,NONE,0
0,-7.0,0,7,0.192,NONE,0
0,-7.0,0,7,0.192,NONE,0
0,-7.0,0,7,0.192,NONE,0
0,-7.0,0,7,0.192,NONE,0
0,-7.0,0,7,0.192,NONE,0
0,-7.0,0,7,0.192,NONE,0
0,-7.0,0,7,0.192,NONE,0
0,-7.0,0,7,0.191,NONE,0
0,-7.0,0,7,0.191,NONE,0
0,-7.0,0,7,0.191,NONE,0
0,-7.0,0,7,0.191,NONE,0
0,-7.0,0,7,0.191,NONE,6
0,-7.0,0,7,0.191,NONE,0
0,-7.0,0,7,0.191,NONE,0
0,-7.0,0,7,0.191,NONE,0
0,-7.0,0,7,0.191,NONE,0
0,-7.0,0,7,0.191,NONE,0
0,-7.0,0,7,0.191,NONE,0
0,-7.0,0,7,0.19,NONE,0
0,-7.0,0,7,0.19,NONE,0
0,-7.0,0,7,0.19,NONE,0
0,-7.0,0,7,0.19,NONE,0
0,-7.0,0,7,0.19,NONE,0
0,-7.0,0,7,0.19,NONE,0
0,-7.0,0,7,0.19,NONE,0
0,-7.0,0,7,0.19,NONE,0
0,-7.0,0,7,0.19,NONE,0
0,-7.0,0,7,0.19,NONE,6
0,-7.0,0,7,0.189,NONE,0
0,-7.0,0,7,0.189,NONE,0
0,-7.0,0,7,0.189,NONE,0
0,-7.0,0,7,0.189,NONE,0
0,-7.0,0,7,0.189,NONE,0
0,-7.0,0,7,0.189,NONE,0
0,-7.0,0,7,0.189,NONE,0
0,-7.0,0,7,0.189,NONE,0
0,-7.0,0,7,0.189,NONE,0
0,-7.0,0,7,0.189,NONE,6
0,-7.0,0,7,0.189,NONE,6
0,-7.0,0,7,0.188,NONE,6
0,-7.0,0,7,0.188,NONE,6
0,-7.0,0,7,0.188,NONE,6
0,-7.0,0,7,0.188,NONE,0
0,-7.0,0,7,0.188,NONE,0
0,-7.0,0,7,0.188,NONE,0
0,-7.0,0,7,0.188,NONE,0
0,-7.0,0,7,0.188,NONE,0
0,-7.0,0,7,0.188,NONE,0
0,-7.0,0,7,0.188,NONE,0
0,-7.0,0,7,0.188,NONE,0
0,-7.0,0,7,0.187,NONE,6
0,-7.0,0,7,0.187,NONE,12
0,-7.0,0,7,0.187,NONE,18
0,-7.0,0,7,0.187,NONE,24
0,-7.0,0,7,0.187,NONE,30
0,-7.0,0,7,0.187,NONE,36
0,-7.0,0,7,0.187,NONE,42
0,-7.0,0,7,0.187,NONE,48
0,-7.0,0,7,0.187,NONE,54
0,-7.0,0,7,0.187,NONE,48
0,-7.0,0,7,0.186,NONE,42
0,-7.0,0,7,0.186,NONE,42
0,-7.0,0,7,0.186,NONE,48
0,-7.0,0,7,0.186,NONE,48
0,-7.0,0,7,0.186,NONE,54
0,-7.0,0,7,0.186,NONE,60
0,-7.0,0,7,0.186,NONE,54
0,-7.0,0,7,0.186,NONE,60
0,-7.0,0,7,0.186,NONE,66
0,-7.0,0,7,0.186,NONE,66
0,-7.0,0,7,0.186,NONE,66
0,-7.0,0,7,0.185,NONE,66
0,-7.0,0,7,0.185,NONE,72
0,-7.0,0,7,0.185,NONE,72
0,-7.0,0,7,0.185,NONE,72
0,-7.0,0,7,0.185,NONE,72
0,-7.0,0,7,0.185,NONE,72
0,-8.0,0,8,0.185,NONE,78
0,-8.0,0,8,0.185,NONE,72
0,-8.0,0,8,0.185,NONE,78
0,-8.0,0,8,0.185,NONE,72
0,-8.0,0,8,0.185,NONE,72
0,-8.0,0,8,0.184,NONE,72
0,-8.0,0,8,0.184,NONE,66
0,-8.0,0,8,0.184,NONE,60
0,-8.0,0,8,0.184,NONE,54
0,-8.0,0,8,0.184,NONE,48
0,-8.0,0,8,0.184,NONE,42
0,-8.0,0,8,0.184,NONE,36
0,-8.0,0,8,0.184,NONE,30
0,-8.0,0,8,0.184,NONE,24
0,-8.0,0,8,0.184,NONE,18
0,-8.0,0,8,0.184,NONE,12
0,-8.0,0,8,0.183,NONE,6
0,-8.0,0,8,0.183,NONE,0
0,-8.0,0,8,0.183,NONE,0
0,-8.0,0,8,0.183,NONE,0
0,-8.0,0,8,0.183,NONE,0
0,-8.0,0,8,0.183,NONE,0
0,-8.0,0,8,0.183,NONE,0
0,-8.0,0,8,0.183,NONE,0
0,-8.0,0,8,0.183,NONE,0
0,-8.0,0,8,0.183,NONE,0
0,-8.0,0,8,0.183,NONE,6
0,-8.0,0,8,0.182,NONE,0
0,-8.0,0,8,0.182,NONE,0
0,-8.0,0,8,0.182,NONE,0
0,-8.0,0,8,0.182,NONE,0
0,-8.0,0,8,0.182,NONE,6
0,-8.0,0,8,0.182,NONE,0
0,-8.0,0,8,0.182,NONE,0
0,-8.0,0,8,0.182,NONE,0
0,-8.0,0,8,0.182,NONE,0
0,-8.0,0,8,0.182,NONE,0
0,-8.0,0,8,0.182,NONE,0
0,-8.0,0,8,0.181,NONE,0
0,-8.0,0,8,0.181,NONE,0
0,-8.0,0,8,0.181,NONE,0
0,-8.0,0,8,0.181,NONE,0
0,-8.0,0,8,0.181,NONE,0
0,-8.0,0,8,0.181,NONE,0
0,-8.0,0,8,0.181,NONE,0
0,-8.0,0,8,0.181,NONE,0
0,-8.0,0,8,0.181,NONE,0
0,-8.0,0,8,0.181,NONE,0
0,-8.0,0,8,0.181,NONE,0
0,-8.0,0,8,0.18,NONE,0
0,-8.0,0,8,0.18,NONE,0
0,-8.0,0,8,0.18,NONE,0
0,-8.0,0,8,0.18,NONE,6
0,-8.0,0,8,0.18,NONE,0
0,-8.0,0,8,0.18,NONE,0
0,-8.0,0,8,0.18,NONE,0
0,-8.0,0,8,0.18,NONE,0
0,-8.0,0,8,0.18,NONE,0
0,-8.0,0,8,0.18,NONE,0
0,-8.0,0,8,0.18,NONE,0
0,-8.0,0,8,0.179,NONE,0
0,-8.0,0,8,0.179,NONE,0
0,-8.0,0,8,0.179,NONE,0
0,-8.0,0,8,0.179,NONE,0
0,-8.0,0,8,0.179,NONE,0
0,-8.0,0,8,0.179,NONE,0
0,-8.0,0,8,0.179,NONE,0
0,-8.0,0,8,0.179,NONE,0
0,-8.0,0,8,0.179,NONE,0
0,-8.0,0,8,0.179,NONE,0
0,-8.0,0,8,0.179,NONE,0
0,-8.0,0,8,0.178,NONE,0
0,-8.0,0,8,0.178,NONE,0
0,-8.0,0,8,0.178,NONE,0
0,-8.0,0,8,0.178,NONE,0
0,-8.0,0,8,0.178,NONE,6
0,-8.0,0,8,0.178,NONE,0
0,-8.0,0,8,0.178,NONE,0
0,-8.0,0,8,0.178,NONE,0
0,-8.0,0,8,0.178,NONE,0
0,-8.0,0,8,0.178,NONE,0
0,-8.0,0,8,0.178,NONE,0
0,-8.0,0,8,0.177,NONE,0
0,-8.0,0,8,0.177,NONE,0
0,-8.0,0,8,0.177,NONE,0
0,-8.0,0,8,0.177,NONE,0
0,-8.0,0,8,0.177,NONE,0
0,-8.0,0,8,0.177,NONE,0
0,-8.0,0,8,0.177,NONE,0
0,-8.0,0,8,0.177,NONE,0
0,-8.0,0,8,0.177,NONE,0
0,-8.0,0,8,0.177,NONE,0
0,-8.0,0,8,0.177,NONE,0
0,-8.0,0,8,0.177,NONE,6
0,-8.0,0,8,0.176,NONE,0
0,-8.0,0,8,0.176,NONE,0
0,-8.0,0,8,0.176,NONE,0
0,-8.0,0,8,0.176,NONE,0
0,-8.0,0,8,0.176,NONE,6
1,-8.0,0,8,0.176,NONE,0
1,-8.0,0,8,0.176,NONE,0
1,-8.0,0,8,0.176,NONE,0
1,-8.0,0,8,0.176,NONE,0
1,-8.0,0,8,0.176,NONE,0
1,-8.0,0,8,0.176,NONE,0
1,-8.0,0,8,0.175,NONE,0
1,-8.0,0,8,0.175,NONE,0
1,-8.0,0,8,0.175,NONE,0
1,-8.0,0,8,0.175,NONE,0
1,-8.0,0,8,0.175,NONE,0
1,-8.0,0,8,0.175,NONE,0
1,-8.0,0,8,0.175,NONE,0
1,-8.0,0,8,0.175,NONE,0
1,-8.0,0,8,0.175,NONE,0
1,-8.0,0,8,0.175,NONE,0
1,-8.0,0,8,0.175,NONE,0
1,-8.0,0,8,0.174,NONE,0
1,-8.0,0,8,0.174,NONE,0
1,-8.0,0,8,0.174,NONE,0
1,-8.0,0,8,0.174,NONE,0
1,-8.0,0,8,0.174,NONE,0
1,-8.0,0,8,0.174,NONE,0
1,-8.0,0,8,0.174,NONE,0
1,-8.0,0,8,0.174,NONE,0
1,-8.0,0,8,0.174,NONE,0
1,-8.0,0,8,0.174,NONE,0
1,-8.0,0,8,0.174,NONE,0
1,-8.0,0,8,0.174,NONE,0
1,-8.0,0,8,0.173,NONE,0
1,-8.0,0,8,0.173,NONE,0
1,-8.0,0,8,0.173,NONE,0
1,-8.0,0,8,0.173,NONE,0
1,-8.0,0,8,0.173,NONE,0
1,-8.0,0,8,0.173,NONE,0
1,-8.0,0,8,0.173,NONE,0
1,-8.0,0,8,0.173,NONE,0
1,-8.0,0,8,0.173,NONE,0
1,-8.0,0,8,0.173,NONE,0
1,-8.0,0,8,0.173,NONE,0
1,-8.0,0,8,0.172,NONE,0
1,-8.0,0,8,0.172,NONE,0
1,-8.0,0,8,0.172,NONE,0
1,-8.0,0,8,0.172,NONE,0
1,-8.0,0,8,0.172,NONE,0
1,-8.0,0,8,0.172,NONE,0
1,-8.0,0,8,0.172,NONE,0
1,-8.0,0,8,0.172,NONE,0
1,-8.0,0,8,0.172,NONE,0
1,-8.0,0,8,0.172,NONE,6
1,-8.0,0,8,0.172,NONE,0
1,-8.0,0,8,0.172,NONE,0
1,-8.0,0,8,0.171,NONE,0
1,-8.0,0,8,0.171,NONE,0
1,-8.0,0,8,0.171,NONE,0
1,-8.0,0,8,0.171,NONE,0
1,-8.0,0,8,0.171,NONE,0
1,-8.0,0,8,0.171,NONE,0
1,-8.0,0,8,0.171,NONE,0
1,-8.0,0,8,0.171,NONE,0
1,-8.0,0,8,0.171,NONE,0
1,-8.0,0,8,0.171,NONE,0
1,-8.0,0,8,0.171,NONE,0
1,-8.0,0,8,0.171,NONE,0
1,-8.0,0,8,0.17,NONE,0
1,-8.0,0,8,0.17,NONE,0
1,-8.0,0,8,0.17,NONE,0
1,-8.0,0,8,0.17,NONE,0
1,-8.0,0,8,0.17,NONE,0
1,-8.0,0,8,0.17,NONE,0
1,-8.0,0,8,0.17,NONE,6
1,-8.0,0,8,0.17,NONE,0
1,-8.0,0,8,0.17,NONE,0
1,-8.0,0,8,0.17,NONE,0
1,-8.0,0,8,0.17,NONE,0
1,-8.0,0,8,0.169,NONE,6
1,-8.0,0,8,0.169,NONE,0
1,-8.0,0,8,0.169,NONE,0
1,-8.0,0,8,0.169,NONE,0
1,-8.0,0,8,0.169,NONE,0
1,-8.0,0,8,0.169,NONE,0
1,-8.0,0,8,0.169,NONE,0
1,-8.0,0,8,0.169,NONE,0
1,-8.0,0,8,0.169,NONE,0
1,-8.0,0,8,0.169,NONE,0
1,-8.0,0,8,0.169,NONE,0
1,-8.0,0,8,0.169,NONE,0
1,-8.0,0,8,0.168,NONE,0
1,-8.0,0,8,0.168,NONE,0
1,-8.0,0,8,0.168,NONE,0
1,-8.0,0,8,0.168,NONE,0
1,-8.0,0,8,0.168,NONE,0
1,-8.0,0,8,0.168,NONE,0
1,-8.0,0,8,0.168,NONE,0
1,-8.0,0,8,0.168,NONE,0
1,-8.0,0,8,0.168,NONE,0
1,-8.0,0,8,0.168,NONE,6
1,-8.0,0,8,0.168,NONE,0
1,-8.0,0,8,0.168,NONE,0
1,-8.0,0,8,0.167,NONE,0
1,-8.0,0,8,0.167,NONE,0
1,-8.0,0,8,0.167,NONE,0
1,-8.0,0,8,0.167,NONE,0
1,-8.0,0,8,0.167,NONE,0
1,-8.0,0,8,0.167,NONE,0
1,-8.0,0,8,0.167,NONE,0
1,-8.0,0,8,0.167,NONE,0
1,-8.0,0,8,0.167,NONE,0
1,-8.0,0,8,0.167,NONE,0
1,-8.0,0,8,0.167,NONE,0
1,-8.0,0,8,0.167,NONE,0
1,-8.0,0,8,0.166,NONE,0
1,-8.0,0,8,0.166,NONE,6
1,-8.0,0,8,0.166,NONE,12
1,-8.0,0,8,0.166,NONE,12
1,-8.0,0,8,0.166,NONE,6
1,-8.0,0,8,0.166,NONE,12
1,-8.0,0,8,0.166,NONE,6
1,-8.0,0,8,0.166,NONE,12
1,-8.0,0,8,0.166,NONE,18
1,-8.0,0,8,0.166,NONE,12
1,-8.0,0,8,0.166,NONE,6
1,-8.0,0,8,0.166,NONE,12
1,-8.0,0,8,0.165,NONE,12
1,-8.0,0,8,0.165,NONE,18
1,-8.0,0,8,0.165,NONE,24
1,-8.0,0,8,0.165,NONE,30
1,-8.0,0,8,0.165,NONE,36
1,-8.0,0,8,0.165,NONE,30
1,-8.0,0,8,0.165,NONE,24
1,-8.0,0,8,0.165,NONE,18
1,-8.0,0,8,0.165,NONE,24
1,-8.0,0,8,0.165,NONE,30
1,-8.0,0,8,0.165,NONE,36
1,-8.0,0,8,0.165,NONE,30
1,-8.0,0,8,0.164,NONE,24
1,-8.0,0,8,0.164,NONE,30
1,-8.0,0,8,0.164,NONE,36
1,-8.0,0,8,0.164,NONE,36
1,-8.0,0,8,0.164,NONE,42
1,-8.0,0,8,0.164,NONE,48
1,-8.0,0,8,0.164,NONE,54
1,-8.0,0,8,0.164,NONE,60
1,-8.0,0,8,0.164,NONE,66
1,-8.0,0,8,0.164,NONE,72
1,-8.0,0,8,0.164,NONE,72
1,-8.0,0,8,0.164,NONE,72
1,-8.0,0,8,0.163,NONE,78
1,-8.0,0,8,0.163,NONE,84
1,-8.0,0,8,0.163,NONE,78
1,-8.0,0,8,0.163,NONE,72
1,-8.0,0,8,0.163,NONE,66
1,-8.0,0,8,0.163,NONE,72
1,-8.0,0,8,0.163,NONE,78
1,-8.0,0,8,0.163,NONE,84
1,-8.0,0,8,0.163,NONE,84
1,-8.0,0,8,0.163,NONE,84
1,-8.0,0,8,0.163,NONE,90
1,-8.0,0,8,0.163,NONE,96
1,-8.0,0,8,0.163,NONE,96
1,-8.0,0,8,0.162,NONE,90
1,-8.0,0,8,0.162,NONE,84
1,-8.0,0,8,0.162,NONE,78
1,-8.0,0,8,0.162,NONE,72
1,-8.0,0,8,0.162,NONE,66
1,-8.0,0,8,0.162,NONE,60
1,-8.0,0,8,0.162,NONE,54
1,-8.0,0,8,0.162,NONE,48
1,-8.0,0,8,0.162,NONE,42
1,-8.0,0,8,0.162,NONE,36
1,-8.0,0,8,0.162,NONE,30
1,-8.0,0,8,0.162,NONE,24
1,-8.0,0,8,0.161,NONE,18
1,-8.0,0,8,0.161,NONE,12
1,-8.0,0,8,0.161,NONE,6
1,-8.0,0,8,0.161,NONE,0
1,-8.0,0,8,0.161,NONE,0
1,-8.0,0,8,0.161,NONE,0
1,-8.0,0,8,0.161,NONE,0
1,-8.0,0,8,0.161,NONE,0
1,-8.0,0,8,0.161,NONE,0
1,-8.0,0,8,0.161,NONE,0
1,-8.0,0,8,0.161,NONE,0
1,-8.0,0,8,0.161,NONE,0
1,-8.0,0,8,0.161,NONE,0
1,-8.0,0,8,0.16,NONE,0
1,-8.0,0,8,0.16,NONE,0
1,-8.0,0,8,0.16,NONE,0
1,-8.0,0,8,0.16,NONE,0
1,-8.0,0,8,0.16,NONE,0
1,-8.0,0,8,0.16,NONE,0
1,-8.0,0,8,0.16,NONE,0
1,-8.0,0,8,0.16,NONE,0
1,-8.0,0,8,0.16,NONE,0
1,-8.0,0,8,0.16,NONE,0
1,-8.0,0,8,0.16,NONE,0
1,-8.0,0,8,0.16,NONE,0
1,-8.0,0,8,0.159,NONE,0
1,-8.0,0,8,0.159,NONE,0
1,-8.0,0,8,0.159,NONE,0
1,-8.0,0,8,0.159,NONE,0
1,-8.0,0,8,0.159,NONE,0
1,-8.0,0,8,0.159,NONE,0
1,-8.0,0,8,0.159,NONE,0
1,-8.0,0,8,0.159,NONE,0
1,-8.0,0,8,0.159,NONE,0
1,-8.0,0,8,0.159,NONE,0
1,-8.0,0,8,0.159,NONE,0
1,-8.0,0,8,0.159,NONE,0
1,-8.0,0,8,0.159,NONE,0
1,-8.0,0,8,0.158,NONE,6
1,-8.0,0,8,0.158,NONE,0
1,-8.0,0,8,0.158,NONE,0
1,-8.0,0,8,0.158,NONE,0
1,-8.0,0,8,0.158,NONE,0
1,-8.0,0,8,0.158,NONE,0
1,-8.0,0,8,0.158,NONE,0
1,-8.0,0,8,0.158,NONE,0
1,-8.0,0,8,0.158,NONE,0
1,-8.0,0,8,0.158,NONE,6
1,-8.0,0,8,0.158,NONE,0
1,-8.0,0,8,0.158,NONE,0
1,-8.0,0,8,0.157,NONE,0
1,-8.0,0,8,0.157,NONE,6
1,-8.0,0,8,0.157,NONE,0
1,-8.0,0,8,0.157,NONE,0
1,-8.0,0,8,0.157,NONE,0
1,-8.0,0,8,0.157,NONE,0
1,-8.0,0,8,0.157,NONE,0
1,-8.0,0,8,0.157,NONE,0
1,-8.0,0,8,0.157,NONE,0
1,-8.0,0,8,0.157,NONE,0
1,-8.0,0,8,0.157,NONE,0
1,-8.0,0,8,0.157,NONE,0
1,-8.0,0,8,0.157,NONE,0
1,-8.0,0,8,0.156,NONE,0
1,-8.0,0,8,0.156,NONE,0
1,-8.0,0,8,0.156,NONE,0
1,-8.0,0,8,0.156,NONE,0
1,-8.0,0,8,0.156,NONE,0
1,-8.0,0,8,0.156,NONE,6
1,-8.0,0,8,0.156,NONE,0
1,-8.0,0,8,0.156,NONE,0
1,-8.0,0,8,0.156,NONE,0
1,-8.0,0,8,0.156,NONE,0
1,-8.0,0,8,0.156,NONE,0
1,-8.0,0,8,0.156,NONE,0
1,-8.0,0,8,0.156,NONE,0
1,-8.0,0,8,0.155,NONE,0
1,-8.0,0,8,0.155,NONE,0
1,-8.0,0,8,0.155,NONE,0
1,-8.0,0,8,0.155,NONE,0
1,-8.0,0,8,0.155,NONE,0
1,-8.0,0,8,0.155,NONE,0
1,-8.0,0,8,0.155,NONE,0
1,-8.0,0,8,0.155,NONE,0
1,-8.0,0,8,0.155,NONE,0
1,-8.0,0,8,0.155,NONE,0
1,-8.0,0,8,0.155,NONE,0
1,-8.0,0,8,0.155,NONE,0
1,-8.0,0,8,0.155,NONE,0
1,-8.0,0,8,0.154,NONE,6
1,-8.0,0,8,0.154,NONE,0
1,-8.0,0,8,0.154,NONE,0
1,-8.0,0,8,0.154,NONE,0
1,-8.0,0,8,0.154,NONE,0
1,-8.0,0,8,0.154,NONE,0
1,-8.0,0,8,0.154,NONE,0
1,-8.0,0,8,0.154,NONE,0
1,-8.0,0,8,0.154,NONE,0
1,-8.0,0,8,0.154,NONE,0
1,-8.0,0,8,0.154,NONE,0
1,-8.0,0,8,0.154,NONE,0
1,-8.0,0,8,0.154,NONE,0
1,-8.0,0,8,0.153,NONE,0
1,-8.0,0,8,0.153,NONE,0
1,-8.0,0,8,0.153,NONE,0
1,-8.0,0,8,0.153,NONE,0
1,-8.0,0,8,0.153,NONE,0
1,-8.0,0,8,0.153,NONE,0
1,-8.0,0,8,0.153,NONE,0
1,-8.0,0,8,0.153,NONE,0
1,-8.0,0,8,0.153,NONE,0
1,-8.0,0,8,0.153,NONE,0
1,-8.0,0,8,0.153,NONE,0
1,-8.0,0,8,0.153,NONE,0
1,-8.0,0,8,0.153,NONE,0
1,-8.0,0,8,0.152,NONE,6
1,-8.0,0,8,0.152,NONE,0
1,-8.0,0,8,0.152,NONE,0
1,-8.0,0,8,0.152,NONE,0
1,-8.0,0,8,0.152,NONE,6
1,-8.0,0,8,0.152,NONE,0
1,-8.0,0,8,0.152,NONE,6
1,-8.0,0,8,0.152,NONE,0
1,-8.0,0,8,0.152,NONE,0
1,-8.0,0,8,0.152,NONE,0
1,-8.0,0,8,0.152,NONE,0
1,-8.0,0,8,0.152,NONE,6
1,-8.0,0,8,0.152,NONE,0
1,-8.0,0,8,0.151,NONE,0
1,-8.0,0,8,0.151,NONE,0
1,-8.0,0,8,0.151,NONE,0
1,-8.0,0,8,0.151,NONE,0
1,-8.0,0,8,0.151,NONE,0
1,-8.0,0,8,0.151,NONE,0
1,-8.0,0,8,0.151,NONE,0
1,-8.0,0,8,0.151,NONE,0
1,-8.0,0,8,0.151,NONE,0
1,-8.0,0,8,0.151,NONE,0
1,-8.0,0,8,0.151,NONE,6
1,-8.0,0,8,0.151,NONE,0
1,-8.0,0,8,0.151,NONE,0
1,-8.0,0,8,0.15,NONE,0
1,-8.0,0,8,0.15,NONE,0
1,-8.0,0,8,0.15,NONE,0
1,-8.0,0,8,0.15,NONE,0
1,-8.0,0,8,0.15,NONE,6
1,-8.0,0,8,0.15,NONE,0
1,-8.0,0,8,0.15,NONE,0
1,-8.0,0,8,0.15,NONE,0
1,-8.0,0,8,0.15,NONE,0
1,-8.0,0,8,0.15,NONE,0
1,-8.0,0,8,0.15,NONE,6
1,-8.0,0,8,0.15,NONE,0
1,-8.0,0,8,0.15,NONE,6
1,-8.0,0,8,0.149,NONE,6
1,-8.0,0,8,0.149,NONE,12
1,-8.0,0,8,0.149,NONE,6
1,-8.0,0,8,0.149,NONE,12
1,-8.0,0,8,0.149,NONE,12
1,-8.0,0,8,0.149,NONE,12
1,-8.0,0,8,0.149,NONE,6
1,-8.0,0,8,0.149,NONE,12
1,-8.0,0,8,0.149,NONE,12
1,-8.0,0,8,0.149,NONE,12
1,-8.0,0,8,0.149,NONE,12
1,-8.0,0,8,0.149,NONE,18
1,-8.0,0,8,0.149,NONE,24
1,-8.0,0,8,0.149,NONE,24
1,-8.0,0,8,0.148,NONE,30
1,-8.0,0,8,0.148,NONE,36
1,-8.0,0,8,0.148,NONE,42
1,-8.0,0,8,0.148,NONE,42
1,-8.0,0,8,0.148,NONE,42
1,-8.0,0,8,0.148,NONE,42
1,-8.0,0,8,0.148,NONE,48
1,-8.0,0,8,0.148,NONE,48
1,-8.0,0,8,0.148,NONE,48
1,-8.0,0,8,0.148,NONE,54
1,-8.0,0,8,0.148,NONE,60
1,-8.0,0,8,0.148,NONE,66
1,-8.0,0,8,0.148,NONE,66
1,-8.0,0,8,0.147,NONE,66
1,-8.0,0,8,0.147,NONE,66
1,-8.0,0,8,0.147,NONE,72
1,-8.0,0,8,0.147,NONE,66
1,-8.0,0,8,0.147,NONE,60
1,-8.0,0,8,0.147,NONE,54
1,-8.0,0,8,0.147,NONE,48
1,-9.0,0,9,0.147,NONE,42
1,-9.0,0,9,0.147,NONE,36
1,-9.0,0,9,0.147,NONE,30
1,-9.0,0,9,0.147,NONE,24
1,-9.0,0,9,0.147,NONE,30
1,-9.0,0,9,0.147,NONE,24
1,-9.0,0,9,0.147,NONE,24
1,-9.0,0,9,0.146,NONE,18
1,-9.0,0,9,0.146,NONE,12
1,-9.0,0,9,0.146,NONE,6
1,-9.0,0,9,0.146,NONE,0
1,-9.0,0,9,0.146,NONE,0
1,-9.0,0,9,0.146,NONE,6
1,-9.0,0,9,0.146,NONE,6
1,-9.0,0,9,0.146,NONE,0
1,-9.0,0,9,0.146,NONE,0
1,-9.0,0,9,0.146,NONE,0
1,-9.0,0,9,0.146,NONE,0
1,-9.0,0,9,0.146,NONE,0
1,-9.0,0,9,0.146,NONE,0
1,-9.0,0,9,0.146,NONE,0
1,-9.0,0,9,0.145,NONE,0
1,-9.0,0,9,0.145,NONE,0
1,-9.0,0,9,0.145,NONE,0
1,-9.0,0,9,0.145,NONE,0
1,-9.0,0,9,0.145,NONE,0
1,-9.0,0,9,0.145,NONE,0
1,-9.0,0,9,0.145,NONE,0
1,-9.0,0,9,0.145,NONE,0
1,-9.0,0,9,0.145,NONE,0
1,-9.0,0,9,0.145,NONE,0
1,-9.0,0,9,0.145,NONE,0
1,-9.0,0,9,0.145,NONE,0
1,-9.0,0,9,0.145,NONE,0
1,-9.0,0,9,0.144,NONE,0
1,-9.0,0,9,0.144,NONE,0
1,-9.0,0,9,0.144,NONE,0
1,-9.0,0,9,0.144,NONE,0
1,-9.0,0,9,0.144,NONE,0
1,-9.0,0,9,0.144,NONE,0
1,-9.0,0,9,0.144,NONE,0
1,-9.0,0,9,0.144,NONE,0
1,-9.0,0,9,0.144,NONE,0
1,-9.0,0,9,0.144,NONE,0
1,-9.0,0,9,0.144,NONE,0
1,-9.0,0,9,0.144,NONE,0
1,-9.0,0,9,0.144,NONE,0
1,-9.0,0,9,0.144,NONE,0
1,-9.0,0,9,0.143,NONE,0
1,-9.0,0,9,0.143,NONE,0
1,-9.0,0,9,0.143,NONE,0
1,-9.0,0,9,0.143,NONE,0
1,-9.0,0,9,0.143,NONE,6
1,-9.0,0,9,0.143,NONE,0
1,-9.0,0,9,0.143,NONE,0
1,-9.0,0,9,0.143,NONE,0
1,-9.0,0,9,0.143,NONE,0
1,-9.0,0,9,0.143,NONE,0
1,-9.0,0,9,0.143,NONE,0
1,-9.0,0,9,0.143,NONE,0
1,-9.0,0,9,0.143,NONE,0
1,-9.0,0,9,0.143,NONE,0
1,-9.0,0,9,0.142,NONE,0
1,-9.0,0,9,0.142,NONE,0
1,-9.0,0,9,0.142,NONE,0
1,-9.0,0,9,0.142,NONE,0
1,-9.0,0,9,0.142,NONE,6
1,-9.0,0,9,0.142,NONE,0
1,-9.0,0,9,0.142,NONE,0
1,-9.0,0,9,0.142,NONE,0
1,-9.0,0,9,0.142,NONE,0
1,-9.0,0,9,0.142,NONE,0
1,-9.0,0,9,0.142,NONE,0
1,-9.0,0,9,0.142,NONE,0
1,-9.0,0,9,0.142,NONE,0
1,-9.0,0,9,0.142,NONE,0
1,-9.0,0,9,0.141,NONE,0
1,-9.0,0,9,0.141,NONE,0
1,-9.0,0,9,0.141,NONE,0
1,-9.0,0,9,0.141,NONE,0
1,-9.0,0,9,0.141,NONE,0
1,-9.0,0,9,0.141,NONE,0
1,-9.0,0,9,0.141,NONE,6
1,-9.0,0,9,0.141,NONE,0
1,-9.0,0,9,0.141,NONE,6
1,-9.0,0,9,0.141,NONE,0
1,-9.0,0,9,0.141,NONE,0
1,-9.0,0,9,0.141,NONE,0
1,-9.0,0,9,0.141,NONE,0
1,-9.0,0,9,0.141,NONE,0
1,-9.0,0,9,0.141,NONE,0
1,-9.0,0,9,0.14,NONE,0
1,-9.0,0,9,0.14,NONE,0
1,-9.0,0,9,0.14,NONE,0
1,-9.0,0,9,0.14,NONE,0
1,-9.0,0,9,0.14,NONE,0
1,-9.0,0,9,0.14,NONE,0
1,-9.0,0,9,0.14,NONE,0
1,-9.0,0,9,0.14,NONE,0
1,-9.0,0,9,0.14,NONE,0
1,-9.0,0,9,0.14,NONE,0
1,-9.0,0,9,0.14,NONE,0
1,-9.0,0,9,0.14,NONE,0
1,-9.0,0,9,0.14,NONE,0
1,-9.0,0,9,0.14,NONE,0
1,-9.0,0,9,0.139,NONE,0
1,-9.0,0,9,0.139,NONE,0
1,-9.0,0,9,0.139,NONE,0
1,-9.0,0,9,0.139,NONE,0
1,-9.0,0,9,0.139,NONE,0
1,-9.0,0,9,0.139,NONE,0
1,-9.0,0,9,0.139,NONE,0
1,-9.0,0,9,0.139,NONE,0
1,-9.0,0,9,0.139,NONE,6
1,-9.0,0,9,0.139,NONE,0
1,-9.0,0,9,0.139,NONE,0
1,-9.0,0,9,0.139,NONE,0
1,-9.0,0,9,0.139,NONE,0
1,-9.0,0,9,0.139,NONE,0
1,-9.0,0,9,0.138,NONE,0
1,-9.0,0,9,0.138,NONE,0
1,-9.0,0,9,0.138,NONE,0
1,-9.0,0,9,0.138,NONE,0
1,-9.0,0,9,0.138,NONE,0
1,-9.0,0,9,0.138,NONE,0
1,-9.0,0,9,0.138,NONE,0
1,-9.0,0,9,0.138,NONE,0
1,-9.0,0,9,0.138,NONE,0
1,-9.0,0,9,0.138,NONE,0
1,-9.0,0,9,0.138,NONE,0
1,-9.0,0,9,0.138,NONE,0
1,-9.0,0,9,0.138,NONE,0
1,-9.0,0,9,0.138,NONE,0
1,-9.0,0,9,0.138,NONE,0
1,-9.0,0,9,0.137,NONE,0
1,-9.0,0,9,0.137,NONE,0
1,-9.0,0,9,0.137,NONE,0
1,-9.0,0,9,0.137,NONE,6
1,-9.0,0,9,0.137,NONE,0
1,-9.0,0,9,0.137,NONE,0
1,-9.0,0,9,0.137,NONE,0
1,-9.0,0,9,0.137,NONE,0
1,-9.0,0,9,0.137,NONE,0
1,-9.0,0,9,0.137,NONE,6
1,-9.0,0,9,0.137,NONE,0
1,-9.0,0,9,0.137,NONE,0
1,-9.0,0,9,0.137,NONE,0
1,-9.0,0,9,0.137,NONE,0
1,-9.0,0,9,0.136,NONE,0
1,-9.0,0,9,0.136,NONE,0
1,-9.0,0,9,0.136,NONE,6
1,-9.0,0,9,0.136,NONE,0
1,-9.0,0,9,0.136,NONE,0
1,-9.0,0,9,0.136,NONE,0
1,-9.0,0,9,0.136,NONE,0
1,-9.0,0,9,0.136,NONE,0
1,-9.0,0,9,0.136,NONE,0
1,-9.0,0,9,0.136,NONE,6
1,-9.0,0,9,0.136,NONE,0
1,-9.0,0,9,0.136,NONE,0
1,-9.0,0,9,0.136,NONE,0
1,-9.0,0,9,0.136,NONE,0
1,-9.0,0,9,0.136,NONE,0
1,-9.0,0,9,0.135,NONE,0
1,-9.0,0,9,0.135,NONE,0
1,-9.0,0,9,0.135,NONE,0
1,-9.0,0,9,0.135,NONE,0
1,-9.0,0,9,0.135,NONE,0
1,-9.0,0,9,0.135,NONE,6
1,-9.0,0,9,0.135,NONE,0
1,-9.0,0,9,0.135,NONE,0
1,-9.0,0,9,0.135,NONE,0
1,-9.0,0,9,0.135,NONE,6
1,-9.0,0,9,0.135,NONE,0
1,-9.0,0,9,0.135,NONE,0
1,-9.0,0,9,0.135,NONE,0
1,-9.0,0,9,0.135,NONE,0
1,-9.0,0,9,0.135,NONE,0
1,-9.0,0,9,0.134,NONE,0
1,-9.0,0,9,0.134,NONE,0
1,-9.0,0,9,0.134,NONE,0
1,-9.0,0,9,0.134,NONE,0
1,-9.0,0,9,0.134,NONE,0
1,-9.0,0,9,0.134,NONE,0
1,-9.0,0,9,0.134,NONE,0
1,-9.0,0,9,0.134,NONE,0
1,-9.0,0,9,0.134,NONE,0
1,-9.0,0,9,0.134,NONE,6
1,-9.0,0,9,0.134,NONE,0
1,-9.0,0,9,0.134,NONE,0
1,-9.0,0,9,0.134,NONE,0
1,-9.0,0,9,0.134,NONE,0
1,-9.0,0,9,0.134,NONE,0
1,-9.0,0,9,0.133,NONE,0
1,-9.0,0,9,0.133,NONE,0
1,-9.0,0,9,0.133,NONE,0
1,-9.0,0,9,0.133,NONE,0
1,-9.0,0,9,0.133,NONE,0
1,-9.0,0,9,0.133,NONE,0
1,-9.0,0,9,0.133,NONE,0
1,-9.0,0,9,0.133,NONE,0
1,-9.0,0,9,0.133,NONE,0
1,-9.0,0,9,0.133,NONE,0
1,-9.0,0,9,0.133,NONE,0
1,-9.0,0,9,0.133,NONE,0
1,-9.0,0,9,0.133,NONE,0
1,-9.0,0,9,0.133,NONE,0
1,-9.0,0,9,0.133,NONE,0
1,-9.0,0,9,0.132,NONE,0
1,-9.0,0,9,0.132,NONE,0
1,-9.0,0,9,0.132,NONE,0
1,-9.0,0,9,0.132,NONE,6
1,-9.0,0,9,0.132,NONE,12
1,-9.0,0,9,0.132,NONE,18
1,-9.0,0,9,0.132,NONE,24
1,-9.0,0,9,0.132,NONE,30
1,-9.0,0,9,0.132,NONE,30
1,-9.0,0,9,0.132,NONE,30
1,-9.0,0,9,0.132,NONE,24
1,-9.0,0,9,0.132,NONE,30
1,-9.0,0,9,0.132,NONE,36
1,-9.0,0,9,0.132,NONE,36
1,-9.0,0,9,0.132,NONE,36
1,-9.0,0,9,0.131,NONE,42
1,-9.0,0,9,0.131,NONE,48
1,-9.0,0,9,0.131,NONE,48
1,-9.0,0,9,0.131,NONE,42
1,-9.0,0,9,0.131,NONE,42
1,-9.0,0,9,0.131,NONE,42
1,-9.0,0,9,0.131,NONE,42
1,-9.0,0,9,0.131,NONE,42
1,-9.0,0,9,0.131,NONE,42
1,-9.0,0,9,0.131,NONE,48
1,-9.0,0,9,0.131,NONE,48
1,-9.0,0,9,0.131,NONE,48
1,-9.0,0,9,0.131,NONE,54
1,-9.0,0,9,0.131,NONE,60
1,-9.0,0,9,0.131,NONE,66
1,-9.0,0,9,0.13,NONE,72
1,-9.0,0,9,0.13,NONE,78
1,-9.0,0,9,0.13,NONE,78
1,-9.0,0,9,0.13,NONE,78
1,-9.0,0,9,0.13,NONE,84
1,-9.0,0,9,0.13,NONE,84
1,-9.0,0,9,0.13,NONE,90
1,-9.0,0,9,0.13,NONE,84
1,-9.0,0,9,0.13,NONE,78
1,-9.0,0,9,0.13,NONE,78
1,-9.0,0,9,0.13,NONE,78
1,-9.0,0,9,0.13,NONE,78
1,-9.0,0,9,0.13,NONE,84
1,-9.0,0,9,0.13,NONE,78
1,-9.0,0,9,0.13,NONE,84
1,-9.0,0,9,0.13,NONE,78
1,-9.0,0,9,0.129,NONE,84
1,-9.0,0,9,0.129,NONE,78
1,-9.0,0,9,0.129,NONE,84
1,-9.0,0,9,0.129,NONE,78
1,-9.0,0,9,0.129,NONE,72
1,-9.0,0,9,0.129,NONE,72
1,-9.0,0,9,0.129,NONE,66
1,-9.0,0,9,0.129,NONE,60
1,-9.0,0,9,0.129,NONE,54
1,-9.0,0,9,0.129,NONE,54
1,-9.0,0,9,0.129,NONE,48
1,-9.0,0,9,0.129,NONE,42
1,-9.0,0,9,0.129,NONE,36
1,-9.0,0,9,0.129,NONE,30
1,-9.0,0,9,0.129,NONE,24
1,-9.0,0,9,0.128,NONE,18
1,-9.0,0,9,0.128,NONE,12
1,-9.0,0,9,0.128,NONE,6
1,-9.0,0,9,0.128,NONE,0
1,-9.0,0,9,0.128,NONE,0
1,-9.0,0,9,0.128,NONE,0
1,-9.0,0,9,0.128,NONE,0
1,-9.0,0,9,0.128,NONE,0
1,-9.0,0,9,0.128,NONE,0
1,-9.0,0,9,0.128,NONE,0
1,-9.0,0,9,0.128,NONE,0
1,-9.0,0,9,0.128,NONE,0
1,-9.0,0,9,0.128,NONE,0
1,-9.0,0,9,0.128,NONE,0
1,-9.0,0,9,0.128,NONE,0
1,-9.0,0,9,0.128,NONE,0
1,-9.0,0,9,0.127,NONE,0
1,-9.0,0,9,0.127,NONE,0
1,-9.0,0,9,0.127,NONE,0
1,-9.0,0,9,0.127,NONE,0
1,-9.0,0,9,0.127,NONE,0
1,-9.0,0,9,0.127,NONE,0
1,-9.0,0,9,0.127,NONE,0
1,-9.0,0,9,0.127,NONE,0
1,-9.0,0,9,0.127,NONE,6
1,-9.0,0,9,0.127,NONE,0
1,-9.0,0,9,0.127,NONE,0
1,-9.0,0,9,0.127,NONE,0
1,-9.0,0,9,0.127,NONE,0
1,-9.0,0,9,0.127,NONE,0
1,-9.0,0,9,0.127,NONE,0
1,-9.0,0,9,0.126,NONE,6
1,-9.0,0,9,0.126,NONE,0
1,-9.0,0,9,0.126,NONE,0
1,-9.0,0,9,0.126,NONE,0
1,-9.0,0,9,0.126,NONE,0
1,-9.0,0,9,0.126,NONE,0
1,-9.0,0,9,0.126,NONE,0
1,-9.0,0,9,0.126,NONE,0
1,-9.0,0,9,0.126,NONE,0
1,-9.0,0,9,0.126,NONE,0
1,-9.0,0,9,0.126,NONE,0
1,-9.0,0,9,0.126,NONE,0
1,-9.0,0,9,0.126,NONE,0
1,-9.0,0,9,0.126,NONE,0
1,-9.0,0,9,0.126,NONE,0
1,-9.0,0,9,0.126,NONE,0
1,-9.0,0,9,0.125,NONE,0
1,-9.0,0,9,0.125,NONE,0
1,-9.0,0,9,0.125,NONE,0
1,-9.0,0,9,0.125,NONE,0
1,-9.0,0,9,0.125,NONE,0
1,-9.0,0,9,0.125,NONE,0
1,-9.0,0,9,0.125,NONE,0
1,-9.0,0,9,0.125,NONE,0
1,-9.0,0,9,0.125,NONE,0
1,-9.0,0,9,0.125,NONE,0
1,-9.0,0,9,0.125,NONE,0
1,-9.0,0,9,0.125,NONE,0
1,-9.0,0,9,0.125,NONE,0
1,-9.0,0,9,0.125,NONE,0
1,-9.0,0,9,0.125,NONE,6
1,-9.0,0,9,0.125,NONE,0
1,-9.0,0,9,0.124,NONE,0
1,-9.0,0,9,0.124,NONE,0
1,-9.0,0,9,0.124,NONE,0
1,-9.0,0,9,0.124,NONE,0
1,-9.0,0,9,0.124,NONE,0
1,-9.0,0,9,0.124,NONE,0
1,-9.0,0,9,0.124,NONE,0
1,-9.0,0,9,0.124,NONE,6
1,-9.0,0,9,0.124,NONE,0
1,-9.0,0,9,0.124,NONE,0
1,-9.0,0,9,0.124,NONE,0
1,-9.0,0,9,0.124,NONE,0
1,-9.0,0,9,0.124,NONE,0
1,-9.0,0,9,0.124,NONE,0
1,-9.0,0,9,0.124,NONE,0
1,-9.0,0,9,0.124,NONE,0
1,-9.0,0,9,0.123,NONE,0
1,-9.0,0,9,0.123,NONE,0
1,-9.0,0,9,0.123,NONE,0
1,-9.0,0,9,0.123,NONE,0
1,-9.0,0,9,0.123,NONE,0
1,-9.0,0,9,0.123,NONE,0
1,-9.0,0,9,0.123,NONE,0
1,-9.0,0,9,0.123,NONE,0
1,-9.0,0,9,0.123,NONE,0
1,-9.0,0,9,0.123,NONE,0
1,-9.0,0,9,0.123,NONE,0
1,-9.0,0,9,0.123,NONE,0
1,-9.0,0,9,0.123,NONE,0
1,-9.0,0,9,0.123,NONE,0
1,-9.0,0,9,0.123,NONE,0
1,-9.0,0,9,0.123,NONE,0
1,-9.0,0,9,0.123,NONE,0
1,-9.0,0,9,0.122,NONE,0
1,-9.0,0,9,0.122,NONE,0
1,-9.0,0,9,0.122,NONE,0
1,-9.0,0,9,0.122,NONE,0
1,-9.0,0,9,0.122,NONE,0
1,-9.0,0,9,0.122,NONE,0
1,-9.0,0,9,0.122,NONE,0
1,-9.0,0,9,0.122,NONE,0
1,-9.0,0,9,0.122,NONE,0
1,-9.0,0,9,0.122,NONE,0
1,-9.0,0,9,0.122,NONE,0
1,-9.0,0,9,0.122,NONE,0
1,-9.0,0,9,0.122,NONE,0
1,-9.0,0,9,0.122,NONE,0
1,-9.0,0,9,0.122,NONE,0
1,-9.0,0,9,0.122,NONE,0
1,-9.0,0,9,0.121,NONE,0
1,-9.0,0,9,0.121,NONE,0
1,-9.0,0,9,0.121,NONE,0
1,-9.0,0,9,0.121,NONE,0
1,-9.0,0,9,0.121,NONE,0
1,-9.0,0,9,0.121,NONE,0
1,-9.0,0,9,0.121,NONE,0
1,-9.0,0,9,0.121,NONE,0
1,-9.0,0,9,0.121,NONE,0
1,-9.0,0,9,0.121,NONE,0
1,-9.0,0,9,0.121,NONE,0
1,-9.0,0,9,0.121,NONE,0
1,-9.0,0,9,0.121,NONE,0
1,-9.0,0,9,0.121,NONE,6
1,-9.0,0,9,0.121,NONE,0
1,-9.0,0,9,0.121,NONE,0
1,-9.0,0,9,0.121,NONE,0
1,-9.0,0,9,0.12,NONE,0
1,-9.0,0,9,0.12,NONE,0
1,-9.0,0,9,0.12,NONE,0
1,-9.0,0,9,0.12,NONE,0
1,-9.0,0,9,0.12,NONE,0
1,-9.0,0,9,0.12,NONE,0
1,-9.0,0,9,0.12,NONE,0
1,-9.0,0,9,0.12,NONE,0
1,-9.0,0,9,0.12,NONE,0
1,-9.0,0,9,0.12,NONE,0
1,-9.0,0,9,0.12,NONE,0
1,-9.0,0,9,0.12,NONE,0
1,-9.0,0,9,0.12,NONE,6
1,-9.0,0,9,0.12,NONE,12
1,-9.0,0,9,0.12,NONE,6
1,-9.0,0,9,0.12,NONE,12
1,-9.0,0,9,0.119,NONE,12
1,-9.0,0,9,0.119,NONE,12
1,-9.0,0,9,0.119,NONE,18
1,-9.0,0,9,0.119,NONE,24
1,-9.0,0,9,0.119,NONE,24
1,-9.0,0,9,0.119,NONE,30
1,-9.0,0,9,0.119,NONE,36
1,-9.0,0,9,0.119,NONE,42
1,-9.0,0,9,0.119,NONE,48
1,-9.0,0,9,0.119,NONE,42
1,-9.0,0,9,0.119,NONE,48
1,-9.0,0,9,0.119,NONE,48
1,-9.0,0,9,0.119,NONE,48
1,-9.0,0,9,0.119,NONE,48
1,-9.0,0,9,0.119,NONE,54
1,-9.0,0,9,0.119,NONE,60
1,-9.0,0,9,0.119,NONE,66
1,-9.0,0,9,0.118,NONE,72
1,-9.0,0,9,0.118,NONE,72
1,-9.0,0,9,0.118,NONE,72
1,-9.0,0,9,0.118,NONE,72
1,-9.0,0,9,0.118,NONE,78
1,-9.0,0,9,0.118,NONE,84
1,-9.0,0,9,0.118,NONE,84
1,-9.0,0,9,0.118,NONE,90
1,-9.0,0,9,0.118,NONE,84
1,-9.0,0,9,0.118,NONE,78
1,-9.0,0,9,0.118,NONE,84
1,-9.0,0,9,0.118,NONE,84
1,-9.0,0,9,0.118,NONE,84
1,-9.0,0,9,0.118,NONE,84
1,-9.0,0,9,0.118,NONE,78
1,-9.0,0,9,0.118,NONE,84
1,-9.0,0,9,0.118,NONE,84
1,-9.0,0,9,0.117,NONE,84
1,-9.0,0,9,0.117,NONE,84
1,-9.0,0,9,0.117,NONE,90
1,-9.0,0,9,0.117,NONE,96
1,-9.0,0,9,0.117,NONE,102
1,-9.0,0,9,0.117,NONE,108
1,-9.0,0,9,0.117,NONE,108
1,-9.0,0,9,0.117,NONE,114
1,-9.0,0,9,0.117,NONE,120
1,-9.0,0,9,0.117,NONE,120
1,-9.0,0,9,0.117,NONE,114
1,-10.0,0,10,0.117,NONE,120
1,-10.0,0,10,0.117,NONE,114
1,-10.0,0,10,0.117,NONE,120
1,-10.0,0,10,0.117,NONE,114
1,-10.0,0,10,0.117,NONE,108
1,-10.0,0,10,0.117,NONE,102
1,-10.0,0,10,0.116,NONE,102
1,-10.0,0,10,0.116,NONE,96
1,-10.0,0,10,0.116,NONE,90
1,-10.0,0,10,0.116,NONE,96
1,-10.0,0,10,0.116,NONE,90
1,-10.0,0,10,0.116,NONE,84
1,-10.0,0,10,0.116,NONE,78
1,-10.0,0,10,0.116,NONE,72
1,-10.0,0,10,0.116,NONE,66
1,-10.0,0,10,0.116,NONE,60
1,-10.0,0,10,0.116,NONE,54
1,-10.0,0,10,0.116,NONE,48
1,-10.0,0,10,0.116,NONE,42
1,-10.0,0,10,0.116,NONE,36
1,-10.0,0,10,0.116,NONE,30
1,-10.0,0,10,0.116,NONE,24
1,-10.0,0,10,0.116,NONE,18
1,-10.0,0,10,0.115,NONE,12
1,-10.0,0,10,0.115,NONE,6
1,-10.0,0,10,0.115,NONE,0
1,-10.0,0,10,0.115,NONE,6
1,-10.0,0,10,0.115,NONE,0
1,-10.0,0,10,0.115,NONE,0
1,-10.0,0,10,0.115,NONE,0
1,-10.0,0,10,0.115,NONE,0
1,-10.0,0,10,0.115,NONE,0
1,-10.0,0,10,0.115,NONE,0
1,-10.0,0,10,0.115,NONE,0
1,-10.0,0,10,0.115,NONE,0
1,-10.0,0,10,0.115,NONE,0
1,-10.0,0,10,0.115,NONE,0
1,-10.0,0,10,0.115,NONE,0
1,-10.0,0,10,0.115,NONE,0
1,-10.0,0,10,0.115,NONE,0
1,-10.0,0,10,0.115,NONE,0
1,-10.0,0,10,0.114,NONE,0
1,-10.0,0,10,0.114,NONE,6
1,-10.0,0,10,0.114,NONE,6
1,-10.0,0,10,0.114,NONE,0
1,-10.0,0,10,0.114,NONE,0
1,-10.0,0,10,0.114,NONE,0
1,-10.0,0,10,0.114,NONE,0
1,-10.0,0,10,0.114,NONE,0
1,-10.0,0,10,0.114,NONE,0
1,-10.0,0,10,0.114,NONE,0
1,-10.0,0,10,0.114,NONE,0
1,-10.0,0,10,0.114,NONE,0
1,-10.0,0,10,0.114,NONE,0
1,-10.0,0,10,0.114,NONE,0
1,-10.0,0,10,0.114,NONE,0
1,-10.0,0,10,0.114,NONE,0
1,-10.0,0,10,0.114,NONE,0
1,-10.0,0,10,0.113,NONE,0
1,-10.0,0,10,0.113,NONE,0
1,-10.0,0,10,0.113,NONE,0
1,-10.0,0,10,0.113,NONE,0
1,-10.0,0,10,0.113,NONE,0
1,-10.0,0,10,0.113,NONE,0
1,-10.0,0,10,0.113,NONE,0
1,-10.0,0,10,0.113,NONE,0
1,-10.0,0,10,0.113,NONE,0
1,-10.0,0,10,0.113,NONE,0
1,-10.0,0,10,0.113,NONE,0
1,-10.0,0,10,0.113,NONE,0
1,-10.0,0,10,0.113,NONE,0
1,-10.0,0,10,0.113,NONE,0
1,-10.0,0,10,0.113,NONE,6
1,-10.0,0,10,0.113,NONE,0
1,-10.0,0,10,0.113,NONE,0
1,-10.0,0,10,0.113,NONE,0
1,-10.0,0,10,0.112,NONE,0
1,-10.0,0,10,0.112,NONE,0
1,-10.0,0,10,0.112,NONE,0
1,-10.0,0,10,0.112,NONE,0
1,-10.0,0,10,0.112,NONE,0
1,-10.0,0,10,0.112,NONE,0
1,-10.0,0,10,0.112,NONE,0
1,-10.0,0,10,0.112,NONE,0
1,-10.0,0,10,0.112,NONE,0
1,-10.0,0,10,0.112,NONE,0
1,-10.0,0,10,0.112,NONE,0
1,-10.0,0,10,0.112,NONE,0
1,-10.0,0,10,0.112,NONE,0
1,-10.0,0,10,0.112,NONE,0
1,-10.0,0,10,0.112,NONE,0
1,-10.0,0,10,0.112,NONE,0
1,-10.0,0,10,0.112,NONE,6
1,-10.0,0,10,0.112,NONE,6
1,-10.0,0,10,0.111,NONE,0
1,-10.0,0,10,0.111,NONE,6
1,-10.0,0,10,0.111,NONE,0
1,-10.0,0,10,0.111,NONE,0
1,-10.0,0,10,0.111,NONE,0
1,-10.0,0,10,0.111,NONE,0
1,-10.0,0,10,0.111,NONE,0
1,-10.0,0,10,0.111,NONE,0
1,-10.0,0,10,0.111,NONE,0
1,-10.0,0,10,0.111,NONE,0
1,-10.0,0,10,0.111,NONE,0
1,-10.0,0,10,0.111,NONE,0
1,-10.0,0,10,0.111,NONE,0
1,-10.0,0,10,0.111,NONE,0
1,-10.0,0,10,0.111,NONE,0
1,-10.0,0,10,0.111,NONE,0
1,-10.0,0,10,0.111,NONE,0
1,-10.0,0,10,0.111,NONE,0
1,-10.0,0,10,0.11,NONE,6
1,-10.0,0,10,0.11,NONE,0
1,-10.0,0,10,0.11,NONE,0
1,-10.0,0,10,0.11,NONE,0
1,-10.0,0,10,0.11,NONE,0
1,-10.0,0,10,0.11,NONE,0
1,-10.0,0,10,0.11,NONE,0
1,-10.0,0,10,0.11,NONE,0
1,-10.0,0,10,0.11,NONE,0
1,-10.0,0,10,0.11,NONE,0
1,-10.0,0,10,0.11,NONE,0
1,-10.0,0,10,0.11,NONE,0
1,-10.0,0,10,0.11,NONE,0
1,-10.0,0,10,0.11,NONE,0
1,-10.0,0,10,0.11,NONE,0
1,-10.0,0,10,0.11,NONE,0
1,-10.0,0,10,0.11,NONE,0
1,-10.0,0,10,0.11,NONE,0
1,-10.0,0,10,0.109,NONE,0
1,-10.0,0,10,0.109,NONE,0
1,-10.0,0,10,0.109,NONE,0
1,-10.0,0,10,0.109,NONE,0
1,-10.0,0,10,0.109,NONE,0
1,-10.0,0,10,0.109,NONE,0
1,-10.0,0,10,0.109,NONE,0
1,-10.0,0,10,0.109,NONE,0
1,-10.0,0,10,0.109,NONE,0
1,-10.0,0,10,0.109,NONE,0
1,-10.0,0,10,0.109,NONE,0
1,-10.0,0,10,0.109,NONE,0
1,-10.0,0,10,0.109,NONE,0
1,-10.0,0,10,0.109,NONE,0
1,-10.0,0,10,0.109,NONE,0
1,-10.0,0,10,0.109,NONE,0
1,-10.0,0,10,0.109,NONE,0
1,-10.0,0,10,0.109,NONE,0
1,-10.0,0,10,0.108,NONE,0
1,-10.0,0,10,0.108,NONE,0
1,-10.0,0,10,0.108,NONE,0
1,-10.0,0,10,0.108,NONE,0
1,-10.0,0,10,0.108,NONE,0
1,-10.0,0,10,0.108,NONE,0
1,-10.0,0,10,0.108,NONE,0
1,-10.0,0,10,0.108,NONE,0
1,-10.0,0,10,0.108,NONE,0
1,-10.0,0,10,0.108,NONE,0
1,-10.0,0,10,0.108,NONE,0
1,-10.0,0,10,0.108,NONE,0
1,-10.0,0,10,0.108,NONE,0
1,-10.0,0,10,0.108,NONE,0
1,-10.0,0,10,0.108,NONE,0
1,-10.0,0,10,0.108,NONE,0
1,-10.0,0,10,0.108,NONE,0
1,-10.0,0,10,0.108,NONE,0
1,-10.0,0,10,0.108,NONE,0
1,-10.0,0,10,0.107,NONE,0
1,-10.0,0,10,0.107,NONE,0
1,-10.0,0,10,0.107,NONE,0
1,-10.0,0,10,0.107,NONE,0
1,-10.0,0,10,0.107,NONE,0
1,-10.0,0,10,0.107,NONE,0
1,-10.0,0,10,0.107,NONE,0
1,-10.0,0,10,0.107,NONE,0
1,-10.0,0,10,0.107,NONE,0
1,-10.0,0,10,0.107,NONE,0
1,-10.0,0,10,0.107,NONE,0
1,-10.0,0,10,0.107,NONE,0
1,-10.0,0,10,0.107,NONE,0
1,-10.0,0,10,0.107,NONE,0
1,-10.0,0,10,0.107,NONE,0
1,-10.0,0,10,0.107,NONE,0
1,-10.0,0,10,0.107,NONE,0
1,-10.0,0,10,0.107,NONE,0
1,-10.0,0,10,0.107,NONE,0
1,-10.0,0,10,0.106,NONE,0
1,-10.0,0,10,0.106,NONE,0
1,-10.0,0,10,0.106,NONE,0
1,-10.0,0,10,0.106,NONE,0
1,-10.0,0,10,0.106,NONE,0
1,-10.0,0,10,0.106,NONE,0
1,-10.0,0,10,0.106,NONE,0
1,-10.0,0,10,0.106,NONE,0
1,-10.0,0,10,0.106,NONE,0
1,-10.0,0,10,0.106,NONE,0
1,-10.0,0,10,0.106,NONE,0
1,-10.0,0,10,0.106,NONE,0
1,-10.0,0,10,0.106,NONE,0
1,-10.0,0,10,0.106,NONE,6
1,-10.0,0,10,0.106,NONE,12
1,-10.0,0,10,0.106,NONE,6
1,-10.0,0,10,0.106,NONE,12
1,-10.0,0,10,0.106,NONE,12
1,-10.0,0,10,0.105,NONE,12
1,-10.0,0,10,0.105,NONE,12
1,-10.0,0,10,0.105,NONE,18
1,-10.0,0,10,0.105,NONE,24
1,-10.0,0,10,0.105,NONE,30
1,-10.0,0,10,0.105,NONE,30
1,-10.0,0,10,0.105,NONE,30
1,-10.0,0,10,0.105,NONE,36
1,-10.0,0,10,0.105,NONE,42
1,-10.0,0,10,0.105,NONE,48
1,-10.0,0,10,0.105,NONE,42
1,-10.0,0,10,0.105,NONE,48
1,-10.0,0,10,0.105,NONE,48
1,-10.0,0,10,0.105,NONE,48
1,-10.0,0,10,0.105,NONE,48
1,-10.0,0,10,0.105,NONE,54
1,-10.0,0,10,0.105,NONE,60
1,-10.0,0,10,0.105,NONE,66
1,-10.0,0,10,0.105,NONE,66
1,-10.0,0,10,0.105,NONE,72
1,-10.0,0,10,0.104,NONE,78
1,-10.0,0,10,0.104,NONE,84
1,-10.0,0,10,0.104,NONE,84
1,-10.0,0,10,0.104,NONE,78
1,-10.0,0,10,0.104,NONE,78
1,-10.0,0,10,0.104,NONE,78
1,-10.0,0,10,0.104,NONE,84
1,-10.0,0,10,0.104,NONE,84
1,-10.0,0,10,0.104,NONE,84
1,-10.0,0,10,0.104,NONE,84
1,-10.0,0,10,0.104,NONE,78
1,-10.0,0,10,0.104,NONE,84
1,-10.0,0,10,0.104,NONE,78
1,-10.0,0,10,0.104,NONE,84
1,-10.0,0,10,0.104,NONE,84
1,-10.0,0,10,0.104,NONE,84
1,-10.0,0,10,0.104,NONE,90
1,-10.0,0,10,0.104,NONE,96
1,-10.0,0,10,0.104,NONE,102
1,-10.0,0,10,0.103,NONE,102
1,-10.0,0,10,0.103,NONE,102
1,-10.0,0,10,0.103,NONE,102
1,-10.0,0,10,0.103,NONE,96
1,-10.0,0,10,0.103,NONE,90
1,-10.0,0,10,0.103,NONE,84
1,-10.0,0,10,0.103,NONE,78
1,-10.0,0,10,0.103,NONE,72
1,-10.0,0,10,0.103,NONE,78
1,-10.0,0,10,0.103,NONE,84
1,-10.0,0,10,0.103,NONE,84
1,-10.0,0,10,0.103,NONE,84
1,-10.0,0,10,0.103,NONE,84
1,-10.0,0,10,0.103,NONE,90
1,-10.0,0,10,0.103,NONE,96
1,-10.0,0,10,0.103,NONE,96
1,-10.0,0,10,0.103,NONE,90
1,-10.0,0,10,0.103,NONE,84
1,-10.0,0,10,0.103,NONE,78
1,-10.0,0,10,0.102,NONE,72
1,-10.0,0,10,0.102,NONE,66
1,-10.0,0,10,0.102,NONE,60
1,-10.0,0,10,0.102,NONE,54
1,-10.0,0,10,0.102,NONE,48
1,-10.0,0,10,0.102,NONE,42
1,-10.0,0,10,0.102,NONE,36
1,-10.0,0,10,0.102,NONE,30
1,-10.0,0,10,0.102,NONE,24
1,-10.0,0,10,0.102,NONE,18
1,-10.0,0,10,0.102,NONE,12
1,-10.0,0,10,0.102,NONE,6
1,-10.0,0,10,0.102,NONE,0
1,-10.0,0,10,0.102,NONE,0
1,-10.0,0,10,0.102,NONE,0
1,-10.0,0,10,0.102,NONE,0
1,-10.0,0,10,0.102,NONE,0
1,-10.0,0,10,0.102,NONE,0
1,-10.0,0,10,0.102,NONE,0
1,-10.0,0,10,0.102,NONE,0
1,-10.0,0,10,0.101,NONE,0
1,-10.0,0,10,0.101,NONE,0
1,-10.0,0,10,0.101,NONE,0
1,-10.0,0,10,0.101,NONE,0
1,-10.0,0,10,0.101,NONE,0
1,-10.0,0,10,0.101,NONE,0
1,-10.0,0,10,0.101,NONE,0
1,-10.0,0,10,0.101,NONE,0
1,-10.0,0,10,0.101,NONE,0
1,-10.0,0,10,0.101,NONE,6
1,-10.0,0,10,0.101,NONE,0
1,-10.0,0,10,0.101,NONE,0
1,-10.0,0,10,0.101,NONE,0
1,-10.0,0,10,0.101,NONE,0
1,-10.0,0,10,0.101,NONE,0
1,-10.0,0,10,0.101,NONE,0
1,-10.0,0,10,0.101,NONE,0
1,-10.0,0,10,0.101,NONE,0
1,-10.0,0,10,0.101,NONE,0
1,-10.0,0,10,0.101,NONE,0
1,-10.0,0,10,0.1,NONE,0
1,-10.0,0,10,0.1,NONE,0
1,-10.0,0,10,0.1,NONE,0
1,-10.0,0,10,0.1,NONE,0
1,-10.0,0,10,0.1,NONE,0
1,-10.0,0,10,0.1,NONE,0
1,-10.0,0,10,0.1,NONE,0
1,-10.0,0,10,0.1,NONE,0
1,-10.0,0,10,0.1,NONE,0
1,-10.0,0,10,0.1,NONE,0
1,-10.0,0,10,0.1,NONE,0
1,-10.0,0,10,0.1,NONE,0
1,-10.0,0,10,0.1,NONE,0
1,-10.0,0,10,0.1,NONE,0
1,-10.0,0,10,0.1,NONE,0
1,-10.0,0,10,0.1,NONE,0
1,-10.0,0,10,0.1,NONE,0
1,-10.0,0,10,0.1,NONE,0
1,-10.0,0,10,0.1,NONE,0
1,-10.0,0,10,0.1,NONE,6
1,-10.0,0,10,0.099,NONE,0
1,-10.0,0,10,0.099,NONE,0
1,-10.0,0,10,0.099,NONE,0
1,-10.0,0,10,0.099,NONE,0
1,-10.0,0,10,0.099,NONE,0
1,-10.0,0,10,0.099,NONE,6
1,-10.0,0,10,0.099,NONE,0
1,-10.0,0,10,0.099,NONE,0
1,-10.0,0,10,0.099,NONE,0
1,-10.0,0,10,0.099,NONE,0
1,-10.0,0,10,0.099,NONE,0
1,-10.0,0,10,0.099,NONE,0
1,-10.0,0,10,0.099,NONE,0
1,-10.0,0,10,0.099,NONE,0
1,-10.0,0,10,0.099,NONE,0
1,-10.0,0,10,0.099,NONE,0
1,-10.0,0,10,0.099,NONE,0
1,-10.0,0,10,0.099,NONE,0
1,-10.0,0,10,0.099,NONE,0
1,-10.0,0,10,0.099,NONE,0
1,-10.0,0,10,0.098,NONE,0
1,-10.0,0,10,0.098,NONE,0
1,-10.0,0,10,0.098,NONE,0
1,-10.0,0,10,0.098,NONE,0
1,-10.0,0,10,0.098,NONE,0
1,-10.0,0,10,0.098,NONE,6
1,-10.0,0,10,0.098,NONE,0
1,-10.0,0,10,0.098,NONE,0
1,-10.0,0,10,0.098,NONE,6
1,-10.0,0,10,0.098,NONE,0
1,-10.0,0,10,0.098,NONE,0
1,-10.0,0,10,0.098,NONE,0
1,-10.0,0,10,0.098,NONE,0
1,-10.0,0,10,0.098,NONE,0
1,-10.0,0,10,0.098,NONE,0
1,-10.0,0,10,0.098,NONE,0
1,-10.0,0,10,0.098,NONE,0
1,-10.0,0,10,0.098,NONE,0
1,-10.0,0,10,0.098,NONE,0
1,-10.0,0,10,0.098,NONE,0
1,-10.0,0,10,0.097,NONE,0
1,-10.0,0,10,0.097,NONE,0
1,-10.0,0,10,0.097,NONE,0
1,-10.0,0,10,0.097,NONE,0
1,-10.0,0,10,0.097,NONE,0
1,-10.0,0,10,0.097,NONE,0
1,-10.0,0,10,0.097,NONE,0
1,-10.0,0,10,0.097,NONE,0
1,-10.0,0,10,0.097,NONE,0
1,-10.0,0,10,0.097,NONE,0
1,-10.0,0,10,0.097,NONE,0
1,-10.0,0,10,0.097,NONE,0
1,-10.0,0,10,0.097,NONE,0
1,-10.0,0,10,0.097,NONE,0
1,-10.0,0,10,0.097,NONE,0
1,-10.0,0,10,0.097,NONE,0
1,-10.0,0,10,0.097,NONE,0
1,-10.0,0,10,0.097,NONE,0
1,-10.0,0,10,0.097,NONE,0
1,-10.0,0,10,0.097,NONE,6
1,-10.0,0,10,0.097,NONE,0
1,-10.0,0,10,0.096,NONE,0
1,-10.0,0,10,0.096,NONE,0
1,-10.0,0,10,0.096,NONE,0
1,-10.0,0,10,0.096,NONE,0
1,-10.0,0,10,0.096,NONE,0
1,-10.0,0,10,0.096,NONE,0
1,-10.0,0,10,0.096,NONE,0
1,-10.0,0,10,0.096,NONE,0
1,-10.0,0,10,0.096,NONE,0
1,-10.0,0,10,0.096,NONE,0
1,-10.0,0,10,0.096,NONE,0
1,-10.0,0,10,0.096,NONE,0
1,-10.0,0,10,0.096,NONE,0
1,-10.0,0,10,0.096,NONE,6
1,-10.0,0,10,0.096,NONE,0
1,-10.0,0,10,0.096,NONE,0
1,-10.0,0,10,0.096,NONE,0
1,-10.0,0,10,0.096,NONE,0
1,-10.0,0,10,0.096,NONE,0
1,-10.0,0,10,0.096,NONE,0
1,-10.0,0,10,0.096,NONE,0
1,-10.0,0,10,0.095,NONE,0
1,-10.0,0,10,0.095,NONE,0
1,-10.0,0,10,0.095,NONE,0
1,-10.0,0,10,0.095,NONE,0
1,-10.0,0,10,0.095,NONE,0
1,-10.0,0,10,0.095,NONE,6
1,-10.0,0,10,0.095,NONE,12
1,-10.0,0,10,0.095,NONE,12
1,-10.0,0,10,0.095,NONE,12
1,-10.0,0,10,0.095,NONE,12
1,-10.0,0,10,0.095,NONE,12
1,-10.0,0,10,0.095,NONE,12
1,-10.0,0,10,0.095,NONE,12
1,-10.0,0,10,0.095,NONE,18
1,-10.0,0,10,0.095,NONE,18
1,-10.0,0,10,0.095,NONE,18
1,-10.0,0,10,0.095,NONE,24
1,-10.0,0,10,0.095,NONE,30
1,-10.0,0,10,0.095,NONE,36
1,-10.0,0,10,0.095,NONE,42
1,-10.0,0,10,0.095,NONE,36
1,-10.0,0,10,0.094,NONE,30
1,-10.0,0,10,0.094,NONE,24
1,-10.0,0,10,0.094,NONE,18
1,-10.0,0,10,0.094,NONE,12
1,-10.0,0,10,0.094,NONE,18
1,-10.0,0,10,0.094,NONE,24
1,-10.0,0,10,0.094,NONE,30
1,-10.0,0,10,0.094,NONE,36
1,-10.0,0,10,0.094,NONE,42
1,-10.0,0,10,0.094,NONE,48
1,-10.0,0,10,0.094,NONE,54
1,-10.0,0,10,0.094,NONE,60
1,-10.0,0,10,0.094,NONE,60
1,-10.0,0,10,0.094,NONE,60
1,-10.0,0,10,0.094,NONE,60
1,-10.0,0,10,0.094,NONE,66
1,-10.0,0,10,0.094,NONE,72
1,-10.0,0,10,0.094,NONE,78
1,-10.0,0,10,0.094,NONE,84
1,-10.0,0,10,0.094,NONE,90
1,-10.0,0,10,0.094,NONE,96
1,-10.0,0,10,0.093,NONE,102
1,-10.0,0,10,0.093,NONE,108
1,-10.0,0,10,0.093,NONE,114
1,-10.0,0,10,0.093,NONE,120
1,-10.0,0,10,0.093,NONE,120
1,-10.0,0,10,0.093,NONE,114
1,-10.0,0,10,0.093,NONE,120
1,-10.0,0,10,0.093,NONE,120
1,-10.0,0,10,0.093,NONE,120
1,-10.0,0,10,0.093,NONE,120
1,-10.0,0,10,0.093,NONE,120
1,-10.0,0,10,0.093,NONE,120
1,-10.0,0,10,0.093,NONE,120
1,-11.0,0,11,0.093,NONE,120
1,-11.0,0,11,0.093,NONE,114
1,-11.0,0,11,0.093,NONE,108
1,-11.0,0,11,0.093,NONE,108
1,-11.0,0,11,0.093,NONE,102
1,-11.0,0,11,0.093,NONE,96
1,-11.0,0,11,0.093,NONE,90
1,-11.0,0,11,0.093,NONE,84
1,-11.0,0,11,0.092,NONE,78
1,-11.0,0,11,0.092,NONE,84
1,-11.0,0,11,0.092,NONE,78
1,-11.0,0,11,0.092,NONE,72
1,-11.0,0,11,0.092,NONE,78
1,-11.0,0,11,0.092,NONE,72
1,-11.0,0,11,0.092,NONE,66
1,-11.0,0,11,0.092,NONE,60
1,-11.0,0,11,0.092,NONE,54
1,-11.0,0,11,0.092,NONE,48
1,-11.0,0,11,0.092,NONE,42
1,-11.0,0,11,0.092,NONE,36
1,-11.0,0,11,0.092,NONE,30
1,-11.0,0,11,0.092,NONE,24
1,-11.0,0,11,0.092,NONE,18
1,-11.0,0,11,0.092,NONE,12
1,-11.0,0,11,0.092,NONE,6
1,-11.0,0,11,0.092,NONE,0
1,-11.0,0,11,0.092,NONE,0
1,-11.0,0,11,0.092,NONE,0
1,-11.0,0,11,0.092,NONE,0
1,-11.0,0,11,0.092,NONE,0
1,-11.0,0,11,0.091,NONE,0
1,-11.0,0,11,0.091,NONE,0
1,-11.0,0,11,0.091,NONE,0
1,-11.0,0,11,0.091,NONE,0
1,-11.0,0,11,0.091,NONE,0
1,-11.0,0,11,0.091,NONE,0
1,-11.0,0,11,0.091,NONE,0
1,-11.0,0,11,0.091,NONE,6
1,-11.0,0,11,0.091,NONE,6
1,-11.0,0,11,0.091,NONE,0
1,-11.0,0,11,0.091,NONE,0
1,-11.0,0,11,0.091,NONE,0
1,-11.0,0,11,0.091,NONE,0
1,-11.0,0,11,0.091,NONE,0
1,-11.0,0,11,0.091,NONE,0
1,-11.0,0,11,0.091,NONE,0
1,-11.0,0,11,0.091,NONE,0
1,-11.0,0,11,0.091,NONE,0
1,-11.0,0,11,0.091,NONE,0
1,-11.0,0,11,0.091,NONE,0
1,-11.0,0,11,0.091,NONE,0
1,-11.0,0,11,0.091,NONE,0
1,-11.0,0,11,0.09,NONE,0
1,-11.0,0,11,0.09,NONE,0
1,-11.0,0,11,0.09,NONE,0
1,-11.0,0,11,0.09,NONE,0
1,-11.0,0,11,0.09,NONE,0
1,-11.0,0,11,0.09,NONE,0
1,-11.0,0,11,0.09,NONE,0
1,-11.0,0,11,0.09,NONE,0
1,-11.0,0,11,0.09,NONE,0
1,-11.0,0,11,0.09,NONE,0
1,-11.0,0,11,0.09,NONE,0
1,-11.0,0,11,0.09,NONE,0
1,-11.0,0,11,0.09,NONE,0
1,-11.0,0,11,0.09,NONE,0
1,-11.0,0,11,0.09,NONE,0
1,-11.0,0,11,0.09,NONE,0
1,-11.0,0,11,0.09,NONE,0
1,-11.0,0,11,0.09,NONE,0
1,-11.0,0,11,0.09,NONE,0
1,-11.0,0,11,0.09,NONE,0
1,-11.0,0,11,0.09,NONE,0
1,-11.0,0,11,0.09,NONE,0
1,-11.0,0,11,0.089,NONE,0
1,-11.0,0,11,0.089,NONE,0
1,-11.0,0,11,0.089,NONE,0
1,-11.0,0,11,0.089,NONE,0
1,-11.0,0,11,0.089,NONE,0
1,-11.0,0,11,0.089,NONE,0
1,-11.0,0,11,0.089,NONE,0
1,-11.0,0,11,0.089,NONE,0
1,-11.0,0,11,0.089,NONE,0
1,-11.0,0,11,0.089,NONE,0
1,-11.0,0,11,0.089,NONE,0
1,-11.0,0,11,0.089,NONE,0
1,-11.0,0,11,0.089,NONE,0
1,-11.0,0,11,0.089,NONE,0
1,-11.0,0,11,0.089,NONE,0
1,-11.0,0,11,0.089,NONE,0
1,-11.0,0,11,0.089,NONE,0
1,-11.0,0,11,0.089,NONE,0
1,-11.0,0,11,0.089,NONE,0
1,-11.0,0,11,0.089,NONE,0
1,-11.0,0,11,0.089,NONE,0
1,-11.0,0,11,0.089,NONE,0
1,-11.0,0,11,0.089,NONE,0
1,-11.0,0,11,0.088,NONE,0
1,-11.0,0,11,0.088,NONE,0
1,-11.0,0,11,0.088,NONE,0
1,-11.0,0,11,0.088,NONE,0
1,-11.0,0,11,0.088,NONE,0
1,-11.0,0,11,0.088,NONE,0
1,-11.0,0,11,0.088,NONE,0
1,-11.0,0,11,0.088,NONE,0
1,-11.0,0,11,0.088,NONE,0
1,-11.0,0,11,0.088,NONE,0
1,-11.0,0,11,0.088,NONE,0
1,-11.0,0,11,0.088,NONE,0
1,-11.0,0,11,0.088,NONE,0
1,-11.0,0,11,0.088,NONE,0
1,-11.0,0,11,0.088,NONE,0
1,-11.0,0,11,0.088,NONE,0
1,-11.0,0,11,0.088,NONE,0
1,-11.0,0,11,0.088,NONE,0
1,-11.0,0,11,0.088,NONE,0
1,-11.0,0,11,0.088,NONE,0
1,-11.0,0,11,0.088,NONE,0
1,-11.0,0,11,0.088,NONE,0
1,-11.0,0,11,0.088,NONE,0
1,-11.0,0,11,0.087,NONE,0
1,-11.0,0,11,0.087,NONE,0
1,-11.0,0,11,0.087,NONE,6
1,-11.0,0,11,0.087,NONE,0
1,-11.0,0,11,0.087,NONE,0
1,-11.0,0,11,0.087,NONE,0
1,-11.0,0,11,0.087,NONE,0
1,-11.0,0,11,0.087,NONE,0
1,-11.0,0,11,0.087,NONE,6
1,-11.0,0,11,0.087,NONE,0
1,-11.0,0,11,0.087,NONE,0
1,-11.0,0,11,0.087,NONE,0
1,-11.0,0,11,0.087,NONE,0
1,-11.0,0,11,0.087,NONE,0
1,-11.0,0,11,0.087,NONE,0
1,-11.0,0,11,0.087,NONE,0
1,-11.0,0,11,0.087,NONE,0
1,-11.0,0,11,0.087,NONE,0
1,-11.0,0,11,0.087,NONE,0
1,-11.0,0,11,0.087,NONE,0
1,-11.0,0,11,0.087,NONE,0
1,-11.0,0,11,0.087,NONE,0
1,-11.0,0,11,0.086,NONE,0
1,-11.0,0,11,0.086,NONE,0
1,-11.0,0,11,0.086,NONE,0
1,-11.0,0,11,0.086,NONE,0
1,-11.0,0,11,0.086,NONE,0
1,-11.0,0,11,0.086,NONE,0
1,-11.0,0,11,0.086,NONE,0
1,-11.0,0,11,0.086,NONE,0
1,-11.0,0,11,0.086,NONE,0
1,-11.0,0,11,0.086,NONE,0
1,-11.0,0,11,0.086,NONE,0
1,-11.0,0,11,0.086,NONE,0
1,-11.0,0,11,0.086,NONE,0
1,-11.0,0,11,0.086,NONE,0
1,-11.0,0,11,0.086,NONE,0
1,-11.0,0,11,0.086,NONE,0
1,-11.0,0,11,0.086,NONE,0
1,-11.0,0,11,0.086,NONE,0
1,-11.0,0,11,0.086,NONE,0
1,-11.0,0,11,0.086,NONE,0
1,-11.0,0,11,0.086,NONE,0
1,-11.0,0,11,0.086,NONE,0
1,-11.0,0,11,0.086,NONE,6
1,-11.0,0,11,0.086,NONE,0
1,-11.0,0,11,0.085,NONE,0
1,-11.0,0,11,0.085,NONE,0
1,-11.0,0,11,0.085,NONE,0
1,-11.0,0,11,0.085,NONE,0
1,-11.0,0,11,0.085,NONE,0
1,-11.0,0,11,0.085,NONE,0
1,-11.0,0,11,0.085,NONE,0
1,-11.0,0,11,0.085,NONE,0
1,-11.0,0,11,0.085,NONE,0
1,-11.0,0,11,0.085,NONE,0
1,-11.0,0,11,0.085,NONE,0
1,-11.0,0,11,0.085,NONE,0
1,-11.0,0,11,0.085,NONE,0
1,-11.0,0,11,0.085,NONE,0
1,-11.0,0,11,0.085,NONE,0
1,-11.0,0,11,0.085,NONE,0
1,-11.0,0,11,0.085,NONE,0
1,-11.0,0,11,0.085,NONE,0
1,-11.0,0,11,0.085,NONE,0
1,-11.0,0,11,0.085,NONE,0
1,-11.0,0,11,0.085,NONE,0
1,-11.0,0,11,0.085,NONE,0
1,-11.0,0,11,0.085,NONE,0
1,-11.0,0,11,0.084,NONE,6
1,-11.0,0,11,0.084,NONE,12
1,-11.0,0,11,0.084,NONE,6
1,-11.0,0,11,0.084,NONE,0
1,-11.0,0,11,0.084,NONE,6
1,-11.0,0,11,0.084,NONE,12
1,-11.0,0,11,0.084,NONE,12
1,-11.0,0,11,0.084,NONE,6
1,-11.0,0,11,0.084,NONE,12
1,-11.0,0,11,0.084,NONE,18
1,-11.0,0,11,0.084,NONE,18
1,-11.0,0,11,0.084,NONE,18
1,-11.0,0,11,0.084,NONE,24
1,-11.0,0,11,0.084,NONE,30
1,-11.0,0,11,0.084,NONE,36
1,-11.0,0,11,0.084,NONE,42
1,-11.0,0,11,0.084,NONE,42
1,-11.0,0,11,0.084,NONE,42
1,-11.0,0,11,0.084,NONE,42
1,-11.0,0,11,0.084,NONE,42
1,-11.0,0,11,0.084,NONE,48
1,-11.0,0,11,0.084,NONE,42
1,-11.0,0,11,0.084,NONE,48
1,-11.0,0,11,0.084,NONE,54
1,-11.0,0,11,0.083,NONE,60
1,-11.0,0,11,0.083,NONE,54
1,-11.0,0,11,0.083,NONE,48
1,-11.0,0,11,0.083,NONE,42
1,-11.0,0,11,0.083,NONE,48
1,-11.0,0,11,0.083,NONE,42
1,-11.0,0,11,0.083,NONE,48
1,-11.0,0,11,0.083,NONE,42
1,-11.0,0,11,0.083,NONE,48
1,-11.0,0,11,0.083,NONE,42
1,-11.0,0,11,0.083,NONE,48
1,-11.0,0,11,0.083,NONE,54
1,-11.0,0,11,0.083,NONE,60
1,-11.0,0,11,0.083,NONE,60
1,-11.0,0,11,0.083,NONE,60
1,-11.0,0,11,0.083,NONE,66
1,-11.0,0,11,0.083,NONE,72
1,-11.0,0,11,0.083,NONE,78
1,-11.0,0,11,0.083,NONE,84
1,-11.0,0,11,0.083,NONE,90
1,-11.0,0,11,0.083,NONE,96
1,-11.0,0,11,0.083,NONE,102
1,-11.0,0,11,0.083,NONE,102
1,-11.0,0,11,0.083,NONE,102
1,-11.0,0,11,0.082,NONE,108
1,-11.0,0,11,0.082,NONE,114
1,-11.0,0,11,0.082,NONE,120
1,-11.0,0,11,0.082,NONE,126
1,-11.0,0,11,0.082,NONE,120
1,-11.0,0,11,0.082,NONE,114
1,-11.0,0,11,0.082,NONE,114
1,-11.0,0,11,0.082,NONE,114
1,-11.0,0,11,0.082,NONE,120
1,-11.0,0,11,0.082,NONE,126
1,-11.0,0,11,0.082,NONE,120
1,-11.0,0,11,0.082,NONE,114
1,-11.0,0,11,0.082,NONE,120
1,-11.0,0,11,0.082,NONE,120
1,-11.0,0,11,0.082,NONE,120
1,-11.0,0,11,0.082,NONE,120
1,-11.0,0,11,0.082,NONE,120
1,-11.0,0,11,0.082,NONE,126
1,-11.0,0,11,0.082,NONE,132
1,-11.0,0,11,0.082,NONE,138
1,-11.0,0,11,0.082,NONE,144
1,-11.0,0,11,0.082,NONE,144
1,-11.0,0,11,0.082,NONE,138
1,-11.0,0,11,0.082,NONE,132
1,-11.0,0,11,0.082,NONE,126
1,-11.0,0,11,0.081,NONE,120
1,-11.0,0,11,0.081,NONE,114
1,-11.0,0,11,0.081,NONE,108
1,-11.0,0,11,0.081,NONE,102
1,-11.0,0,11,0.081,NONE,96
1,-11.0,0,11,0.081,NONE,90
1,-11.0,0,11,0.081,NONE,84
1,-11.0,0,11,0.081,NONE,78
1,-11.0,0,11,0.081,NONE,84
1,-11.0,0,11,0.081,NONE,78
1,-11.0,0,11,0.081,NONE,72
1,-11.0,0,11,0.081,NONE,66
1,-11.0,0,11,0.081,NONE,60
1,-11.0,0,11,0.081,NONE,54
1,-11.0,0,11,0.081,NONE,48
1,-11.0,0,11,0.081,NONE,42
1,-11.0,0,11,0.081,NONE,36
1,-11.0,0,11,0.081,NONE,30
1,-11.0,0,11,0.081,NONE,24
1,-11.0,0,11,0.081,NONE,18
1,-11.0,0,11,0.081,NONE,12
1,-11.0,0,11,0.081,NONE,6
1,-11.0,0,11,0.081,NONE,0
1,-11.0,0,11,0.081,NONE,0
1,-11.0,0,11,0.08,NONE,0
1,-11.0,0,11,0.08,NONE,0
1,-11.0,0,11,0.08,NONE,0
1,-11.0,0,11,0.08,NONE,0
1,-11.0,0,11,0.08,NONE,0
1,-11.0,0,11,0.08,NONE,0
1,-11.0,0,11,0.08,NONE,0
1,-11.0,0,11,0.08,NONE,0
1,-11.0,0,11,0.08,NONE,0
1,-11.0,0,11,0.08,NONE,0
1,-11.0,0,11,0.08,NONE,0
1,-11.0,0,11,0.08,NONE,0
1,-11.0,0,11,0.08,NONE,0
1,-11.0,0,11,0.08,NONE,0
1,-11.0,0,11,0.08,NONE,0
1,-11.0,0,11,0.08,NONE,0
1,-11.0,0,11,0.08,NONE,6
1,-11.0,0,11,0.08,NONE,0
1,-11.0,0,11,0.08,NONE,0
1,-11.0,0,11,0.08,NONE,0
1,-11.0,0,11,0.08,NONE,0
1,-11.0,0,11,0.08,NONE,0
1,-11.0,0,11,0.08,NONE,0
1,-11.0,0,11,0.08,NONE,0
1,-11.0,0,11,0.08,NONE,0
1,-11.0,0,11,0.079,NONE,0
1,-11.0,0,11,0.079,NONE,0
1,-11.0,0,11,0.079,NONE,0
1,-11.0,0,11,0.079,NONE,0
1,-11.0,0,11,0.079,NONE,0
1,-11.0,0,11,0.079,NONE,0
1,-11.0,0,11,0.079,NONE,0
1,-11.0,0,11,0.079,NONE,0
1,-11.0,0,11,0.079,NONE,0
1,-11.0,0,11,0.079,NONE,0
1,-11.0,0,11,0.079,NONE,0
1,-11.0,0,11,0.079,NONE,0
1,-11.0,0,11,0.079,NONE,0
1,-11.0,0,11,0.079,NONE,0
1,-11.0,0,11,0.079,NONE,0
1,-11.0,0,11,0.079,NONE,0
1,-11.0,0,11,0.079,NONE,0
1,-11.0,0,11,0.079,NONE,0
1,-11.0,0,11,0.079,NONE,0
1,-11.0,0,11,0.079,NONE,0
1,-11.0,0,11,0.079,NONE,0
1,-11.0,0,11,0.079,NONE,0
1,-11.0,0,11,0.079,NONE,0
1,-11.0,0,11,0.079,NONE,0
1,-11.0,0,11,0.079,NONE,0
1,-11.0,0,11,0.079,NONE,0
1,-11.0,0,11,0.078,NONE,0
1,-11.0,0,11,0.078,NONE,0
1,-11.0,0,11,0.078,NONE,0
1,-11.0,0,11,0.078,NONE,0
1,-11.0,0,11,0.078,NONE,0
1,-11.0,0,11,0.078,NONE,0
1,-11.0,0,11,0.078,NONE,0
1,-11.0,0,11,0.078,NONE,0
1,-11.0,0,11,0.078,NONE,0
1,-11.0,0,11,0.078,NONE,0
1,-11.0,0,11,0.078,NONE,0
1,-11.0,0,11,0.078,NONE,0
1,-11.0,0,11,0.078,NONE,0
1,-11.0,0,11,0.078,NONE,0
1,-11.0,0,11,0.078,NONE,0
1,-11.0,0,11,0.078,NONE,0
1,-11.0,0,11,0.078,NONE,0
1,-11.0,0,11,0.078,NONE,0
1,-11.0,0,11,0.078,NONE,0
1,-11.0,0,11,0.078,NONE,0
1,-11.0,0,11,0.078,NONE,0
1,-11.0,0,11,0.078,NONE,0
1,-11.0,0,11,0.078,NONE,0
1,-11.0,0,11,0.078,NONE,0
1,-11.0,0,11,0.078,NONE,0
1,-11.0,0,11,0.077,NONE,0
1,-11.0,0,11,0.077,NONE,0
1,-11.0,0,11,0.077,NONE,0
1,-11.0,0,11,0.077,NONE,0
1,-11.0,0,11,0.077,NONE,0
1,-11.0,0,11,0.077,NONE,0
1,-11.0,0,11,0.077,NONE,0
1,-11.0,0,11,0.077,NONE,0
1,-11.0,0,11,0.077,NONE,0
1,-11.0,0,11,0.077,NONE,0
1,-11.0,0,11,0.077,NONE,0
1,-11.0,0,11,0.077,NONE,0
1,-11.0,0,11,0.077,NONE,0
1,-11.0,0,11,0.077,NONE,0
1,-11.0,0,11,0.077,NONE,0
1,-11.0,0,11,0.077,NONE,0
1,-11.0,0,11,0.077,NONE,0
1,-11.0,0,11,0.077,NONE,0
1,-11.0,0,11,0.077,NONE,0
1,-11.0,0,11,0.077,NONE,0
1,-11.0,0,11,0.077,NONE,0
1,-11.0,0,11,0.077,NONE,0
1,-11.0,0,11,0.077,NONE,6
1,-11.0,0,11,0.077,NONE,0
1,-11.0,0,11,0.077,NONE,0
1,-11.0,0,11,0.077,NONE,0
1,-11.0,0,11,0.076,NONE,0
1,-11.0,0,11,0.076,NONE,6
1,-11.0,0,11,0.076,NONE,0
1,-11.0,0,11,0.076,NONE,0
1,-11.0,0,11,0.076,NONE,0
1,-11.0,0,11,0.076,NONE,0
1,-11.0,0,11,0.076,NONE,0
1,-11.0,0,11,0.076,NONE,0
1,-11.0,0,11,0.076,NONE,0
1,-11.0,0,11,0.076,NONE,0
1,-11.0,0,11,0.076,NONE,0
1,-11.0,0,11,0.076,NONE,0
1,-11.0,0,11,0.076,NONE,0
1,-11.0,0,11,0.076,NONE,0
1,-11.0,0,11,0.076,NONE,0
1,-11.0,0,11,0.076,NONE,0
1,-11.0,0,11,0.076,NONE,0
1,-11.0,0,11,0.076,NONE,0
1,-11.0,0,11,0.076,NONE,0
1,-11.0,0,11,0.076,NONE,0
1,-11.0,0,11,0.076,NONE,0
1,-11.0,0,11,0.076,NONE,6
1,-11.0,0,11,0.076,NONE,12
1,-11.0,0,11,0.076,NONE,6
1,-11.0,0,11,0.076,NONE,12
1,-11.0,0,11,0.076,NONE,6
1,-11.0,0,11,0.075,NONE,12
1,-11.0,0,11,0.075,NONE,6
1,-11.0,0,11,0.075,NONE,12
1,-11.0,0,11,0.075,NONE,6
1,-11.0,0,11,0.075,NONE,12
1,-11.0,0,11,0.075,NONE,6
1,-11.0,0,11,0.075,NONE,12
1,-11.0,0,11,0.075,NONE,6
1,-11.0,0,11,0.075,NONE,12
1,-11.0,0,11,0.075,NONE,6
1,-11.0,0,11,0.075,NONE,12
1,-11.0,0,11,0.075,NONE,6
1,-11.0,0,11,0.075,NONE,12
1,-11.0,0,11,0.075,NONE,6
1,-11.0,0,11,0.075,NONE,12
1,-11.0,0,11,0.075,NONE,6
1,-11.0,0,11,0.075,NONE,12
1,-11.0,0,11,0.075,NONE,6
1,-11.0,0,11,0.075,NONE,12
1,-11.0,0,11,0.075,NONE,18
1,-11.0,0,11,0.075,NONE,24
1,-11.0,0,11,0.075,NONE,30
1,-11.0,0,11,0.075,NONE,36
1,-11.0,0,11,0.075,NONE,42
1,-11.0,0,11,0.075,NONE,48
1,-11.0,0,11,0.075,NONE,48
1,-11.0,0,11,0.075,NONE,48
1,-11.0,0,11,0.074,NONE,54
1,-11.0,0,11,0.074,NONE,60
1,-11.0,0,11,0.074,NONE,60
1,-11.0,0,11,0.074,NONE,66
1,-11.0,0,11,0.074,NONE,72
1,-11.0,0,11,0.074,NONE,78
1,-11.0,0,11,0.074,NONE,84
1,-11.0,0,11,0.074,NONE,90
1,-11.0,0,11,0.074,NONE,96
1,-11.0,0,11,0.074,NONE,102
1,-11.0,0,11,0.074,NONE,108
1,-11.0,0,11,0.074,NONE,114
1,-11.0,0,11,0.074,NONE,120
1,-11.0,0,11,0.074,NONE,120
1,-11.0,0,11,0.074,NONE,126
1,-11.0,0,11,0.074,NONE,132
1,-11.0,0,11,0.074,NONE,138
1,-11.0,0,11,0.074,NONE,144
1,-12.0,0,12,0.074,NONE,150
1,-12.0,0,12,0.074,NONE,156
1,-12.0,0,12,0.074,NONE,162
1,-12.0,0,12,0.074,NONE,156
1,-12.0,0,12,0.074,NONE,150
1,-12.0,0,12,0.074,NONE,144
1,-12.0,0,12,0.074,NONE,138
1,-12.0,0,12,0.074,NONE,132
1,-12.0,0,12,0.074,NONE,126
1,-12.0,0,12,0.073,NONE,120
1,-12.0,0,12,0.073,NONE,114
1,-12.0,0,12,0.073,NONE,120
1,-12.0,0,12,0.073,NONE,114
1,-12.0,0,12,0.073,NONE,120
1,-12.0,0,12,0.073,NONE,120
1,-12.0,0,12,0.073,NONE,114
1,-12.0,0,12,0.073,NONE,108
1,-12.0,0,12,0.073,NONE,102
1,-12.0,0,12,0.073,NONE,96
1,-12.0,0,12,0.073,NONE,90
1,-12.0,0,12,0.073,NONE,84
1,-12.0,0,12,0.073,NONE,78
1,-12.0,0,12,0.073,NONE,84
1,-12.0,0,12,0.073,NONE,78
1,-12.0,0,12,0.073,NONE,72
1,-12.0,0,12,0.073,NONE,72
1,-12.0,0,12,0.073,NONE,66
1,-12.0,0,12,0.073,NONE,60
1,-12.0,0,12,0.073,NONE,54
1,-12.0,0,12,0.073,NONE,48
1,-12.0,0,12,0.073,NONE,42
1,-12.0,0,12,0.073,NONE,36
1,-12.0,0,12,0.073,NONE,30
1,-12.0,0,12,0.073,NONE,24
1,-12.0,0,12,0.073,NONE,18
1,-12.0,0,12,0.073,NONE,12
1,-12.0,0,12,0.073,NONE,6
1,-12.0,0,12,0.072,NONE,12
1,-12.0,0,12,0.072,NONE,6
1,-12.0,0,12,0.072,NONE,0
1,-12.0,0,12,0.072,NONE,0
1,-12.0,0,12,0.072,NONE,0
1,-12.0,0,12,0.072,NONE,0
1,-12.0,0,12,0.072,NONE,0
1,-12.0,0,12,0.072,NONE,0
1,-12.0,0,12,0.072,NONE,0
1,-12.0,0,12,0.072,NONE,0
1,-12.0,0,12,0.072,NONE,0
1,-12.0,0,12,0.072,NONE,0
1,-12.0,0,12,0.072,NONE,0
1,-12.0,0,12,0.072,NONE,0
1,-12.0,0,12,0.072,NONE,0
1,-12.0,0,12,0.072,NONE,0
1,-12.0,0,12,0.072,NONE,0
1,-12.0,0,12,0.072,NONE,0
1,-12.0,0,12,0.072,NONE,0
1,-12.0,0,12,0.072,NONE,0
1,-12.0,0,12,0.072,NONE,0
1,-12.0,0,12,0.072,NONE,0
1,-12.0,0,12,0.072,NONE,0
1,-12.0,0,12,0.072,NONE,0
1,-12.0,0,12,0.072,NONE,0
1,-12.0,0,12,0.072,NONE,0
1,-12.0,0,12,0.072,NONE,0
1,-12.0,0,12,0.071,NONE,0
1,-12.0,0,12,0.071,NONE,0
1,-12.0,0,12,0.071,NONE,6
1,-12.0,0,12,0.071,NONE,0
1,-12.0,0,12,0.071,NONE,0
1,-12.0,0,12,0.071,NONE,0
1,-12.0,0,12,0.071,NONE,0
1,-12.0,0,12,0.071,NONE,0
1,-12.0,0,12,0.071,NONE,0
1,-12.0,0,12,0.071,NONE,0
1,-12.0,0,12,0.071,NONE,0
1,-12.0,0,12,0.071,NONE,0
1,-12.0,0,12,0.071,NONE,0
1,-12.0,0,12,0.071,NONE,0
1,-12.0,0,12,0.071,NONE,0
1,-12.0,0,12,0.071,NONE,0
1,-12.0,0,12,0.071,NONE,0
1,-12.0,0,12,0.071,NONE,0
1,-12.0,0,12,0.071,NONE,0
1,-12.0,0,12,0.071,NONE,0
1,-12.0,0,12,0.071,NONE,0
1,-12.0,0,12,0.071,NONE,6
1,-12.0,0,12,0.071,NONE,0
1,-12.0,0,12,0.071,NONE,0
1,-12.0,0,12,0.071,NONE,0
1,-12.0,0,12,0.071,NONE,0
1,-12.0,0,12,0.071,NONE,0
1,-12.0,0,12,0.071,NONE,0
1,-12.0,0,12,0.07,NONE,0
1,-12.0,0,12,0.07,NONE,0
1,-12.0,0,12,0.07,NONE,0
1,-12.0,0,12,0.07,NONE,0
1,-12.0,0,12,0.07,NONE,0
1,-12.0,0,12,0.07,NONE,0
1,-12.0,0,12,0.07,NONE,0
1,-12.0,0,12,0.07,NONE,0
1,-12.0,0,12,0.07,NONE,0
1,-12.0,0,12,0.07,NONE,0
1,-12.0,0,12,0.07,NONE,0
1,-12.0,0,12,0.07,NONE,0
1,-12.0,0,12,0.07,NONE,0
1,-12.0,0,12,0.07,NONE,0
1,-12.0,0,12,0.07,NONE,0
1,-12.0,0,12,0.07,NONE,0
1,-12.0,0,12,0.07,NONE,0
1,-12.0,0,12,0.07,NONE,0
1,-12.0,0,12,0.07,NONE,0
1,-12.0,0,12,0.07,NONE,0
1,-12.0,0,12,0.07,NONE,0
1,-12.0,0,12,0.07,NONE,0
1,-12.0,0,12,0.07,NONE,0
1,-12.0,0,12,0.07,NONE,0
1,-12.0,0,12,0.07,NONE,0
1,-12.0,0,12,0.07,NONE,0
1,-12.0,0,12,0.07,NONE,0
1,-12.0,0,12,0.07,NONE,0
1,-12.0,0,12,0.07,NONE,0
1,-12.0,0,12,0.069,NONE,0
1,-12.0,0,12,0.069,NONE,0
1,-12.0,0,12,0.069,NONE,0
1,-12.0,0,12,0.069,NONE,0
1,-12.0,0,12,0.069,NONE,0
1,-12.0,0,12,0.069,NONE,0
1,-12.0,0,12,0.069,NONE,0
1,-12.0,0,12,0.069,NONE,0
1,-12.0,0,12,0.069,NONE,0
1,-12.0,0,12,0.069,NONE,0
1,-12.0,0,12,0.069,NONE,0
1,-12.0,0,12,0.069,NONE,0
1,-12.0,0,12,0.069,NONE,0
1,-12.0,0,12,0.069,NONE,0
1,-12.0,0,12,0.069,NONE,0
1,-12.0,0,12,0.069,NONE,0
1,-12.0,0,12,0.069,NONE,0
1,-12.0,0,12,0.069,NONE,0
1,-12.0,0,12,0.069,NONE,0
1,-12.0,0,12,0.069,NONE,0
1,-12.0,0,12,0.069,NONE,6
1,-12.0,0,12,0.069,NONE,0
1,-12.0,0,12,0.069,NONE,0
1,-12.0,0,12,0.069,NONE,0
1,-12.0,0,12,0.069,NONE,0
1,-12.0,0,12,0.069,NONE,0
1,-12.0,0,12,0.069,NONE,0
1,-12.0,0,12,0.069,NONE,0
1,-12.0,0,12,0.069,NONE,0
1,-12.0,0,12,0.068,NONE,0
1,-12.0,0,12,0.068,NONE,0
1,-12.0,0,12,0.068,NONE,0
1,-12.0,0,12,0.068,NONE,0
1,-12.0,0,12,0.068,NONE,0
1,-12.0,0,12,0.068,NONE,0
1,-12.0,0,12,0.068,NONE,0
1,-12.0,0,12,0.068,NONE,0
1,-12.0,0,12,0.068,NONE,0
1,-12.0,0,12,0.068,NONE,0
1,-12.0,0,12,0.068,NONE,0
1,-12.0,0,12,0.068,NONE,6
1,-12.0,0,12,0.068,NONE,0
1,-12.0,0,12,0.068,NONE,0
1,-12.0,0,12,0.068,NONE,0
1,-12.0,0,12,0.068,NONE,0
1,-12.0,0,12,0.068,NONE,0
1,-12.0,0,12,0.068,NONE,0
1,-12.0,0,12,0.068,NONE,0
1,-12.0,0,12,0.068,NONE,0
1,-12.0,0,12,0.068,NONE,0
1,-12.0,0,12,0.068,NONE,0
1,-12.0,0,12,0.068,NONE,0
1,-12.0,0,12,0.068,NONE,0
1,-12.0,0,12,0.068,NONE,0
1,-12.0,0,12,0.068,NONE,0
1,-12.0,0,12,0.068,NONE,0
1,-12.0,0,12,0.068,NONE,0
1,-12.0,0,12,0.068,NONE,0
1,-12.0,0,12,0.067,NONE,0
1,-12.0,0,12,0.067,NONE,0
1,-12.0,0,12,0.067,NONE,0
1,-12.0,0,12,0.067,NONE,0
1,-12.0,0,12,0.067,NONE,0
1,-12.0,0,12,0.067,NONE,0
1,-12.0,0,12,0.067,NONE,0
1,-12.0,0,12,0.067,NONE,0
1,-12.0,0,12,0.067,NONE,0
1,-12.0,0,12,0.067,NONE,0
1,-12.0,0,12,0.067,NONE,0
1,-12.0,0,12,0.067,NONE,0
1,-12.0,0,12,0.067,NONE,6
1,-12.0,0,12,0.067,NONE,6
1,-12.0,0,12,0.067,NONE,12
1,-12.0,0,12,0.067,NONE,6
1,-12.0,0,12,0.067,NONE,12
1,-12.0,0,12,0.067,NONE,12
1,-12.0,0,12,0.067,NONE,12
1,-12.0,0,12,0.067,NONE,12
1,-12.0,0,12,0.067,NONE,6
1,-12.0,0,12,0.067,NONE,0
1,-12.0,0,12,0.067,NONE,6
1,-12.0,0,12,0.067,NONE,12
1,-12.0,0,12,0.067,NONE,6
1,-12.0,0,12,0.067,NONE,6
1,-12.0,0,12,0.067,NONE,6
1,-12.0,0,12,0.067,NONE,6
1,-12.0,0,12,0.067,NONE,12
1,-12.0,0,12,0.067,NONE,6
1,-12.0,0,12,0.066,NONE,12
1,-12.0,0,12,0.066,NONE,6
1,-12.0,0,12,0.066,NONE,12
1,-12.0,0,12,0.066,NONE,18
1,-12.0,0,12,0.066,NONE,24
1,-12.0,0,12,0.066,NONE,18
1,-12.0,0,12,0.066,NONE,12
1,-12.0,0,12,0.066,NONE,6
1,-12.0,0,12,0.066,NONE,12
1,-12.0,0,12,0.066,NONE,18
1,-12.0,0,12,0.066,NONE,24
1,-12.0,0,12,0.066,NONE,18
1,-12.0,0,12,0.066,NONE,12
1,-12.0,0,12,0.066,NONE,18
1,-12.0,0,12,0.066,NONE,24
1,-12.0,0,12,0.066,NONE,30
1,-12.0,0,12,0.066,NONE,36
1,-12.0,0,12,0.066,NONE,42
1,-12.0,0,12,0.066,NONE,48
1,-12.0,0,12,0.066,NONE,54
1,-12.0,0,12,0.066,NONE,60
1,-12.0,0,12,0.066,NONE,66
1,-12.0,0,12,0.066,NONE,72
1,-12.0,0,12,0.066,NONE,78
1,-12.0,0,12,0.066,NONE,84
1,-12.0,0,12,0.066,NONE,90
1,-12.0,0,12,0.066,NONE,96
1,-12.0,0,12,0.066,NONE,102
1,-12.0,0,12,0.066,NONE,108
1,-12.0,0,12,0.066,NONE,114
1,-12.0,0,12,0.066,NONE,120
1,-12.0,0,12,0.065,NONE,126
1,-12.0,0,12,0.065,NONE,132
1,-12.0,0,12,0.065,NONE,138
1,-12.0,0,12,0.065,NONE,144
1,-12.0,0,12,0.065,NONE,150
1,-12.0,0,12,0.065,NONE,156
1,-12.0,0,12,0.065,NONE,162
1,-12.0,0,12,0.065,NONE,156
1,-12.0,0,12,0.065,NONE,150
1,-12.0,0,12,0.065,NONE,144
1,-12.0,0,12,0.065,NONE,138
1,-12.0,0,12,0.065,NONE,132
1,-12.0,0,12,0.065,NONE,138
1,-12.0,0,12,0.065,NONE,138
1,-12.0,0,12,0.065,NONE,138
1,-12.0,0,12,0.065,NONE,132
1,-12.0,0,12,0.065,NONE,126
1,-12.0,0,12,0.065,NONE,120
1,-12.0,0,12,0.065,NONE,120
1,-12.0,0,12,0.065,NONE,114
1,-12.0,0,12,0.065,NONE,108
1,-12.0,0,12,0.065,NONE,102
1,-12.0,0,12,0.065,NONE,96
1,-12.0,0,12,0.065,NONE,90
1,-12.0,0,12,0.065,NONE,84
1,-12.0,0,12,0.065,NONE,78
1,-12.0,0,12,0.065,NONE,72
1,-12.0,0,12,0.065,NONE,66
1,-12.0,0,12,0.065,NONE,60
1,-12.0,0,12,0.065,NONE,54
1,-12.0,0,12,0.064,NONE,54
1,-12.0,0,12,0.064,NONE,48
1,-12.0,0,12,0.064,NONE,42
1,-12.0,0,12,0.064,NONE,36
1,-12.0,0,12,0.064,NONE,30
1,-12.0,0,12,0.064,NONE,24
1,-12.0,0,12,0.064,NONE,18
1,-12.0,0,12,0.064,NONE,12
1,-12.0,0,12,0.064,NONE,6
1,-12.0,0,12,0.064,NONE,0
1,-12.0,0,12,0.064,NONE,0
1,-12.0,0,12,0.064,NONE,0
1,-12.0,0,12,0.064,NONE,0
1,-12.0,0,12,0.064,NONE,0
1,-12.0,0,12,0.064,NONE,0
1,-12.0,0,12,0.064,NONE,0
1,-12.0,0,12,0.064,NONE,0
1,-12.0,0,12,0.064,NONE,0
1,-12.0,0,12,0.064,NONE,0
1,-12.0,0,12,0.064,NONE,0
1,-12.0,0,12,0.064,NONE,0
1,-12.0,0,12,0.064,NONE,0
1,-12.0,0,12,0.064,NONE,0
1,-12.0,0,12,0.064,NONE,0
1,-12.0,0,12,0.064,NONE,0
1,-12.0,0,12,0.064,NONE,0
1,-12.0,0,12,0.064,NONE,0
1,-12.0,0,12,0.064,NONE,0
1,-12.0,0,12,0.064,NONE,0
1,-12.0,0,12,0.064,NONE,0
1,-12.0,0,12,0.064,NONE,0
1,-12.0,0,12,0.064,NONE,0
1,-12.0,0,12,0.063,NONE,0
1,-12.0,0,12,0.063,NONE,0
1,-12.0,0,12,0.063,NONE,0
1,-12.0,0,12,0.063,NONE,0
1,-12.0,0,12,0.063,NONE,0
1,-12.0,0,12,0.063,NONE,0
1,-12.0,0,12,0.063,NONE,0
1,-12.0,0,12,0.063,NONE,6
1,-12.0,0,12,0.063,NONE,0
1,-12.0,0,12,0.063,NONE,0
1,-12.0,0,12,0.063,NONE,0
1,-12.0,0,12,0.063,NONE,0
1,-12.0,0,12,0.063,NONE,0
1,-12.0,0,12,0.063,NONE,0
1,-12.0,0,12,0.063,NONE,0
1,-12.0,0,12,0.063,NONE,0
1,-12.0,0,12,0.063,NONE,0
1,-12.0,0,12,0.063,NONE,0
1,-12.0,0,12,0.063,NONE,0
1,-12.0,0,12,0.063,NONE,0
1,-12.0,0,12,0.063,NONE,0
1,-12.0,0,12,0.063,NONE,0
1,-12.0,0,12,0.063,NONE,0
1,-12.0,0,12,0.063,NONE,0
1,-12.0,0,12,0.063,NONE,0
1,-12.0,0,12,0.063,NONE,0
1,-12.0,0,12,0.063,NONE,0
1,-12.0,0,12,0.063,NONE,0
1,-12.0,0,12,0.063,NONE,0
1,-12.0,0,12,0.063,NONE,0
1,-12.0,0,12,0.063,NONE,0
1,-12.0,0,12,0.062,NONE,0
1,-12.0,0,12,0.062,NONE,0
1,-12.0,0,12,0.062,NONE,0
1,-12.0,0,12,0.062,NONE,0
1,-12.0,0,12,0.062,NONE,0
1,-12.0,0,12,0.062,NONE,0
1,-12.0,0,12,0.062,NONE,0
1,-12.0,0,12,0.062,NONE,0
1,-12.0,0,12,0.062,NONE,0
1,-12.0,0,12,0.062,NONE,0
1,-12.0,0,12,0.062,NONE,0
1,-12.0,0,12,0.062,NONE,0
1,-12.0,0,12,0.062,NONE,0
1,-12.0,0,12,0.062,NONE,0
1,-12.0,0,12,0.062,NONE,0
1,-12.0,0,12,0.062,NONE,0
1,-12.0,0,12,0.062,NONE,0
1,-12.0,0,12,0.062,NONE,0
1,-12.0,0,12,0.062,NONE,0
1,-12.0,0,12,0.062,NONE,0
1,-12.0,0,12,0.062,NONE,0
1,-12.0,0,12,0.062,NONE,0
1,-12.0,0,12,0.062,NONE,0
1,-12.0,0,12,0.062,NONE,0
1,-12.0,0,12,0.062,NONE,0
1,-12.0,0,12,0.062,NONE,0
1,-12.0,0,12,0.062,NONE,0
1,-12.0,0,12,0.062,NONE,0
1,-12.0,0,12,0.062,NONE,0
1,-12.0,0,12,0.062,NONE,0
1,-12.0,0,12,0.062,NONE,0
1,-12.0,0,12,0.062,NONE,0
1,-12.0,0,12,0.062,NONE,0
1,-12.0,0,12,0.061,NONE,0
1,-12.0,0,12,0.061,NONE,0
1,-12.0,0,12,0.061,NONE,0
1,-12.0,0,12,0.061,NONE,0
1,-12.0,0,12,0.061,NONE,0
1,-12.0,0,12,0.061,NONE,0
1,-12.0,0,12,0.061,NONE,0
1,-12.0,0,12,0.061,NONE,0
1,-12.0,0,12,0.061,NONE,0
1,-12.0,0,12,0.061,NONE,0
1,-12.0,0,12,0.061,NONE,0
1,-12.0,0,12,0.061,NONE,0
1,-12.0,0,12,0.061,NONE,0
1,-12.0,0,12,0.061,NONE,0
1,-12.0,0,12,0.061,NONE,0
1,-12.0,0,12,0.061,NONE,0
1,-12.0,0,12,0.061,NONE,0
1,-12.0,0,12,0.061,NONE,0
1,-12.0,0,12,0.061,NONE,0
1,-12.0,0,12,0.061,NONE,0
1,-12.0,0,12,0.061,NONE,0
1,-12.0,0,12,0.061,NONE,0
1,-12.0,0,12,0.061,NONE,0
1,-12.0,0,12,0.061,NONE,0
1,-12.0,0,12,0.061,NONE,0
1,-12.0,0,12,0.061,NONE,0
1,-12.0,0,12,0.061,NONE,6
1,-12.0,0,12,0.061,NONE,0
1,-12.0,0,12,0.061,NONE,0
1,-12.0,0,12,0.061,NONE,0
1,-12.0,0,12,0.061,NONE,0
1,-12.0,0,12,0.061,NONE,0
1,-12.0,0,12,0.06,NONE,6
1,-12.0,0,12,0.06,NONE,12
1,-12.0,0,12,0.06,NONE,12
1,-12.0,0,12,0.06,NONE,12
1,-12.0,0,12,0.06,NONE,12
1,-12.0,0,12,0.06,NONE,12
1,-12.0,0,12,0.06,NONE,12
1,-12.0,0,12,0.06,NONE,12
1,-12.0,0,12,0.06,NONE,12
1,-12.0,0,12,0.06,NONE,12
1,-12.0,0,12,0.06,NONE,18
1,-12.0,0,12,0.06,NONE,24
1,-12.0,0,12,0.06,NONE,30
1,-12.0,0,12,0.06,NONE,36
1,-12.0,0,12,0.06,NONE,36
1,-12.0,0,12,0.06,NONE,36
1,-12.0,0,12,0.06,NONE,36
1,-12.0,0,12,0.06,NONE,42
1,-12.0,0,12,0.06,NONE,48
1,-12.0,0,12,0.06,NONE,48
1,-12.0,0,12,0.06,NONE,48
1,-12.0,0,12,0.06,NONE,54
1,-12.0,0,12,0.06,NONE,60
1,-12.0,0,12,0.06,NONE,66
1,-12.0,0,12,0.06,NONE,72
1,-12.0,0,12,0.06,NONE,78
1,-12.0,0,12,0.06,NONE,84
1,-12.0,0,12,0.06,NONE,90
1,-12.0,0,12,0.06,NONE,84
1,-12.0,0,12,0.06,NONE,78
1,-12.0,0,12,0.06,NONE,84
1,-12.0,0,12,0.06,NONE,84
1,-12.0,0,12,0.06,NONE,84
1,-12.0,0,12,0.06,NONE,84
1,-12.0,0,12,0.059,NONE,84
1,-12.0,0,12,0.059,NONE,84
1,-12.0,0,12,0.059,NONE,84
1,-12.0,0,12,0.059,NONE,84
1,-12.0,0,12,0.059,NONE,84
1,-12.0,0,12,0.059,NONE,90
1,-12.0,0,12,0.059,NONE,96
1,-12.0,0,12,0.059,NONE,96
1,-12.0,0,12,0.059,NONE,96
1,-12.0,0,12,0.059,NONE,96
1,-12.0,0,12,0.059,NONE,102
1,-12.0,0,12,0.059,NONE,108
1,-12.0,0,12,0.059,NONE,114
1,-11.0,1,12,0.059,NONE,120
1,-10.0,2,12,0.059,NONE,120
1,-9.0,3,12,0.059,NONE,120
1,-8.0,4,12,0.059,NONE,120
1,-7.0,5,12,0.059,NONE,120
1,-6.0,6,12,0.059,NONE,120
1,-5.0,7,12,0.059,NONE,120
1,-4.0,8,12,0.059,NONE,120
1,-3.0,9,12,0.059,NONE,120
1,-2.0,10,12,0.059,NONE,120
1,-1.0,11,12,0.059,NONE,126
1,0.0,12,12,0.059,NONE,132
1,1.0,13,12,0.059,NONE,138
1,2.0,14,12,0.059,NONE,144
1,3.0,15,12,0.059,NONE,150
1,4.0,16,12,0.059,NONE,156
1,5.0,17,12,0.059,NONE,150
1,6.0,18,12,0.059,NONE,156
1,7.0,19,12,0.059,NONE,150
1,8.0,20,12,0.059,NONE,156
1,9.0,21,12,0.059,NONE,150
1,10.0,22,12,0.058,NONE,144
1,11.0,23,12,0.058,NONE,138
1,12.0,24,12,0.058,NONE,144
1,13.0,25,12,0.058,NONE,138
1,14.0,26,12,0.058,NONE,144
1,15.0,27,12,0.058,NONE,138
1,16.0,28,12,0.058,NONE,144
1,17.0,29,12,0.058,NONE,138
1,18.0,30,12,0.058,NONE,144
1,19.0,31,12,0.058,NONE,138
1,20.0,32,12,0.058,NONE,144
1,21.0,33,12,0.058,NONE,138
1,22.0,34,12,0.058,NONE,144
1,22.0,34,12,0.058,NONE,150
1,22.0,34,12,0.058,NONE,144
1,23.0,35,12,0.058,NONE,138
1,23.0,35,12,0.058,NONE,138
1,24.0,36,12,0.058,NONE,132
1,25.0,37,12,0.058,NONE,126
1,26.0,38,12,0.058,NONE,120
1,27.0,39,12,0.058,NONE,114
1,28.0,40,12,0.058,NONE,114
1,29.0,41,12,0.058,NONE,108
1,30.0,42,12,0.058,NONE,102
1,31.0,43,12,0.058,NONE,96
1,32.0,44,12,0.058,NONE,102
1,33.0,45,12,0.058,NONE,96
1,34.0,46,12,0.058,NONE,102
1,35.0,47,12,0.058,NONE,96
1,35.0,47,12,0.058,NONE,102
1,35.0,47,12,0.058,NONE,108
1,35.0,47,12,0.058,NONE,114
1,35.0,47,12,0.058,NONE,120
1,35.0,47,12,0.058,NONE,114
1,35.0,47,12,0.057,NONE,120
1,35.0,47,12,0.057,NONE,114
1,35.0,47,12,0.057,NONE,120
1,35.0,47,12,0.057,NONE,114
1,35.0,47,12,0.057,NONE,108
1,35.0,47,12,0.057,NONE,102
1,35.0,47,12,0.057,NONE,96
1,35.0,47,12,0.057,NONE,90
1,35.0,47,12,0.057,NONE,84
1,35.0,47,12,0.057,NONE,78
1,35.0,47,12,0.057,NONE,72
1,35.0,47,12,0.057,NONE,66
1,35.0,47,12,0.057,NONE,60
1,35.0,47,12,0.057,NONE,54
1,35.0,47,12,0.057,NONE,48
1,35.0,47,12,0.057,NONE,48
1,35.0,47,12,0.057,NONE,42
1,35.0,47,12,0.057,NONE,36
1,35.0,47,12,0.057,NONE,36
1,35.0,47,12,0.057,NONE,30
1,35.0,47,12,0.057,NONE,24
1,35.0,47,12,0.057,NONE,18
1,35.0,47,12,0.057,NONE,12
1,35.0,47,12,0.057,NONE,6
1,35.0,47,12,0.057,NONE,0
1,35.0,47,12,0.057,NONE,0
1,35.0,47,12,0.057,NONE,0
1,35.0,47,12,0.057,NONE,0
1,35.0,47,12,0.057,NONE,0
1,35.0,47,12,0.057,NONE,0
1,35.0,47,12,0.057,NONE,0
1,35.0,47,12,0.057,NONE,0
1,35.0,47,12,0.057,NONE,0
1,35.0,47,12,0.057,NONE,0
1,35.0,47,12,0.057,NONE,0
1,35.0,47,12,0.056,NONE,0
1,35.0,47,12,0.056,NONE,0
1,35.0,47,12,0.056,NONE,0
1,35.0,47,12,0.056,NONE,0
1,35.0,47,12,0.056,NONE,0
1,35.0,47,12,0.056,NONE,0
1,35.0,47,12,0.056,NONE,0
1,35.0,47,12,0.056,NONE,0
1,35.0,47,12,0.056,NONE,0
1,35.0,47,12,0.056,NONE,0
1,35.0,47,12,0.056,NONE,0
1,35.0,47,12,0.056,NONE,0
1,35.0,47,12,0.056,NONE,0
1,35.0,47,12,0.056,NONE,0
1,35.0,47,12,0.056,NONE,0
1,35.0,47,12,0.056,NONE,0
1,35.0,47,12,0.056,NONE,0
1,35.0,47,12,0.056,NONE,0
1,35.0,47,12,0.056,NONE,0
1,35.0,47,12,0.056,NONE,0
1,35.0,47,12,0.056,NONE,0
1,35.0,47,12,0.056,NONE,0
1,35.0,47,12,0.056,NONE,0
1,35.0,47,12,0.056,NONE,0
1,35.0,47,12,0.056,NONE,0
1,35.0,47,12,0.056,NONE,0
1,35.0,47,12,0.056,NONE,0
1,35.0,47,12,0.056,NONE,0
1,35.0,47,12,0.056,NONE,0
1,35.0,47,12,0.056,NONE,0
1,35.0,47,12,0.056,NONE,0
1,35.0,47,12,0.056,NONE,0
1,35.0,47,12,0.056,NONE,0
1,35.0,47,12,0.056,NONE,0
1,35.0,47,12,0.056,NONE,0
1,35.0,47,12,0.056,NONE,0
1,35.0,47,12,0.055,NONE,0
1,35.0,47,12,0.055,NONE,0
1,35.0,47,12,0.055,NONE,0
1,35.0,47,12,0.055,NONE,0
1,35.0,47,12,0.055,NONE,0
1,35.0,47,12,0.055,NONE,0
1,35.0,47,12,0.055,NONE,0
1,35.0,47,12,0.055,NONE,0
1,35.0,47,12,0.055,NONE,0
1,35.0,47,12,0.055,NONE,0
1,35.0,47,12,0.055,NONE,0
1,35.0,47,12,0.055,NONE,0
1,35.0,47,12,0.055,NONE,0
1,35.0,47,12,0.055,NONE,0
1,35.0,47,12,0.055,NONE,0
1,35.0,47,12,0.055,NONE,0
1,35.0,47,12,0.055,NONE,0
1,35.0,47,12,0.055,NONE,0
1,35.0,47,12,0.055,NONE,0
1,35.0,47,12,0.055,NONE,0
1,35.0,47,12,0.055,NONE,6
1,35.0,47,12,0.055,NONE,0
1,35.0,47,12,0.055,NONE,6
1,35.0,47,12,0.055,NONE,0
1,35.0,47,12,0.055,NONE,0
1,35.0,47,12,0.055,NONE,0
1,35.0,47,12,0.055,NONE,0
1,35.0,47,12,0.055,NONE,0
1,35.0,47,12,0.055,NONE,0
1,35.0,47,12,0.055,NONE,0
1,35.0,47,12,0.055,NONE,0
1,35.0,47,12,0.055,NONE,0
1,35.0,47,12,0.055,NONE,0
1,35.0,47,12,0.055,NONE,0
1,35.0,47,12,0.055,NONE,0
1,35.0,47,12,0.055,NONE,0
1,35.0,47,12,0.054,NONE,0
1,35.0,47,12,0.054,NONE,0
1,35.0,47,12,0.054,NONE,0
1,35.0,47,12,0.054,NONE,0
1,35.0,47,12,0.054,NONE,0
1,35.0,47,12,0.054,NONE,0
1,35.0,47,12,0.054,NONE,0
1,35.0,47,12,0.054,NONE,0
1,35.0,47,12,0.054,NONE,6
1,35.0,47,12,0.054,NONE,0
1,35.0,47,12,0.054,NONE,0
1,35.0,47,12,0.054,NONE,0
1,35.0,47,12,0.054,NONE,0
1,35.0,47,12,0.054,NONE,0
1,35.0,47,12,0.054,NONE,0
1,35.0,47,12,0.054,NONE,0
1,35.0,47,12,0.054,NONE,0
1,35.0,47,12,0.054,NONE,0
1,35.0,47,12,0.054,NONE,0
1,35.0,47,12,0.054,NONE,0
1,35.0,47,12,0.054,NONE,0
1,35.0,47,12,0.054,NONE,0
1,35.0,47,12,0.054,NONE,0
1,35.0,47,12,0.054,NONE,0
1,35.0,47,12,0.054,NONE,0
1,35.0,47,12,0.054,NONE,0
1,35.0,47,12,0.054,NONE,0
1,35.0,47,12,0.054,NONE,0
1,35.0,47,12,0.054,NONE,0
1,35.0,47,12,0.054,NONE,0
1,35.0,47,12,0.054,NONE,6
1,35.0,47,12,0.054,NONE,0
1,35.0,47,12,0.054,NONE,0
1,35.0,47,12,0.054,NONE,0
1,35.0,47,12,0.054,NONE,0
1,35.0,47,12,0.054,NONE,0
1,35.0,47,12,0.054,NONE,0
1,35.0,47,12,0.053,NONE,0
1,35.0,47,12,0.053,NONE,0
1,35.0,47,12,0.053,NONE,0
1,35.0,47,12,0.053,NONE,0
1,35.0,47,12,0.053,NONE,0
1,35.0,47,12,0.053,NONE,0
1,35.0,47,12,0.053,NONE,0
1,35.0,47,12,0.053,NONE,0
1,35.0,47,12,0.053,NONE,0
1,35.0,47,12,0.053,NONE,0
1,35.0,47,12,0.053,NONE,0
1,35.0,47,12,0.053,NONE,0
1,35.0,47,12,0.053,NONE,0
1,35.0,47,12,0.053,NONE,0
1,35.0,47,12,0.053,NONE,0
1,35.0,47,12,0.053,NONE,0
1,35.0,47,12,0.053,NONE,0
1,35.0,47,12,0.053,NONE,0
1,35.0,47,12,0.053,NONE,0
1,35.0,47,12,0.053,NONE,0
1,35.0,47,12,0.053,NONE,0
1,35.0,47,12,0.053,NONE,0
1,35.0,47,12,0.053,NONE,0
1,35.0,47,12,0.053,NONE,0
1,35.0,47,12,0.053,NONE,0
1,35.0,47,12,0.053,NONE,0
1,35.0,47,12,0.053,NONE,0
1,35.0,47,12,0.053,NONE,0
1,35.0,47,12,0.053,NONE,0
1,35.0,47,12,0.053,NONE,0
1,35.0,47,12,0.053,NONE,0
1,35.0,47,12,0.053,NONE,0
1,35.0,47,12,0.053,NONE,0
1,35.0,47,12,0.053,NONE,0
1,35.0,47,12,0.053,NONE,0
1,35.0,47,12,0.053,NONE,0
1,35.0,47,12,0.053,NONE,0
1,35.0,47,12,0.053,NONE,0
1,35.0,47,12,0.052,NONE,0
1,35.0,47,12,0.052,NONE,0
1,35.0,47,12,0.052,NONE,0
1,35.0,47,12,0.052,NONE,0
1,35.0,47,12,0.052,NONE,0
1,35.0,47,12,0.052,NONE,0
1,35.0,47,12,0.052,NONE,0
1,35.0,47,12,0.052,NONE,0
1,35.0,47,12,0.052,NONE,0
1,35.0,47,12,0.052,NONE,0
1,35.0,47,12,0.052,NONE,0
1,35.0,47,12,0.052,NONE,0
1,35.0,47,12,0.052,NONE,0
1,35.0,47,12,0.052,NONE,0
1,35.0,47,12,0.052,NONE,0
1,35.0,47,12,0.052,NONE,0
1,35.0,47,12,0.052,NONE,0
1,35.0,47,12,0.052,NONE,0
1,35.0,47,12,0.052,NONE,0
1,35.0,47,12,0.052,NONE,0
1,35.0,47,12,0.052,NONE,0
1,35.0,47,12,0.052,NONE,0
1,35.0,47,12,0.052,NONE,0
1,35.0,47,12,0.052,NONE,0
1,35.0,47,12,0.052,NONE,0
1,35.0,47,12,0.052,NONE,0
1,35.0,47,12,0.052,NONE,0
1,35.0,47,12,0.052,NONE,0
1,35.0,47,12,0.052,NONE,0
1,35.0,47,12,0.052,NONE,0
1,35.0,47,12,0.052,NONE,0
1,35.0,47,12,0.052,NONE,0
1,35.0,47,12,0.052,NONE,0
1,35.0,47,12,0.052,NONE,0
1,35.0,47,12,0.052,NONE,0
1,35.0,47,12,0.052,NONE,0
1,35.0,47,12,0.052,NONE,0
1,35.0,47,12,0.052,NONE,0
1,35.0,47,12,0.051,NONE,0
1,35.0,47,12,0.051,NONE,0
1,35.0,47,12,0.051,NONE,0
1,35.0,47,12,0.051,NONE,0
1,35.0,47,12,0.051,NONE,0
1,35.0,47,12,0.051,NONE,0
1,35.0,47,12,0.051,NONE,0
1,35.0,47,12,0.051,NONE,6
1,35.0,47,12,0.051,NONE,0
1,35.0,47,12,0.051,NONE,0
1,35.0,47,12,0.051,NONE,0
1,35.0,47,12,0.051,NONE,0
1,35.0,47,12,0.051,NONE,0
1,35.0,47,12,0.051,NONE,0
1,35.0,47,12,0.051,NONE,0
1,35.0,47,12,0.051,NONE,0
1,35.0,47,12,0.051,NONE,0
1,35.0,47,12,0.051,NONE,0
1,35.0,47,12,0.051,NONE,0
1,35.0,47,12,0.051,NONE,0
1,35.0,47,12,0.051,NONE,0
1,35.0,47,12,0.051,NONE,0
1,35.0,47,12,0.051,NONE,0
1,35.0,47,12,0.051,NONE,0
1,35.0,47,12,0.051,NONE,0
1,35.0,47,12,0.051,NONE,0
1,35.0,47,12,0.051,NONE,0
1,35.0,47,12,0.051,NONE,0
1,35.0,47,12,0.051,NONE,0
1,35.0,47,12,0.051,NONE,0
1,35.0,47,12,0.051,NONE,0
1,35.0,47,12,0.051,NONE,0
1,35.0,47,12,0.051,NONE,0
1,35.0,47,12,0.051,NONE,0
1,35.0,47,12,0.051,NONE,0
1,35.0,47,12,0.051,NONE,0
1,35.0,47,12,0.051,NONE,0
1,35.0,47,12,0.051,NONE,0
1,35.0,47,12,0.051,NONE,0
1,35.0,47,12,0.051,NONE,0
1,35.0,47,12,0.05,NONE,0
1,35.0,47,12,0.05,NONE,0
1,35.0,47,12,0.05,NONE,0
1,35.0,47,12,0.05,NONE,0
1,35.0,47,12,0.05,NONE,0
1,35.0,47,12,0.05,NONE,0
1,35.0,47,12,0.05,NONE,0
1,35.0,47,12,0.05,NONE,0
1,35.0,47,12,0.05,NONE,0
1,35.0,47,12,0.05,NONE,0
1,35.0,47,12,0.05,NONE,0
1,35.0,47,12,0.05,NONE,0
1,35.0,47,12,0.05,NONE,0
1,35.0,47,12,0.05,NONE,0
1,35.0,47,12,0.05,NONE,0
1,35.0,47,12,0.05,NONE,0
1,35.0,47,12,0.05,NONE,0
1,35.0,47,12,0.05,NONE,0
1,35.0,47,12,0.05,NONE,0
1,35.0,47,12,0.05,NONE,0
1,35.0,47,12,0.05,NONE,0
1,35.0,47,12,0.05,NONE,0
1,35.0,47,12,0.05,NONE,0
1,35.0,47,12,0.05,NONE,0
1,35.0,47,12,0.05,NONE,0
1,35.0,47,12,0.05,NONE,0
1,35.0,47,12,0.05,NONE,0
1,35.0,47,12,0.05,NONE,0
1,35.0,47,12,0.05,NONE,0
1,35.0,47,12,0.05,NONE,0
1,35.0,47,12,0.05,NONE,6
1,35.0,47,12,0.05,NONE,0
1,35.0,47,12,0.05,NONE,0
1,35.0,47,12,0.05,NONE,0
1,35.0,47,12,0.05,NONE,0
1,35.0,47,12,0.05,NONE,0
1,35.0,47,12,0.05,NONE,0
1,35.0,47,12,0.05,NONE,6
1,35.0,47,12,0.05,NONE,12
1,35.0,47,12,0.05,NONE,6
1,35.0,47,12,0.05,NONE,12
1,35.0,47,12,0.05,NONE,12
1,35.0,47,12,0.05,NONE,6
1,35.0,47,12,0.05,NONE,12
1,35.0,47,12,0.05,NONE,12
1,35.0,47,12,0.05,NONE,12
1,35.0,47,12,0.05,NONE,12
1,35.0,47,12,0.05,NONE,18
1,35.0,47,12,0.05,NONE,24
1,35.0,47,12,0.05,NONE,30
1,35.0,47,12,0.05,NONE,36
1,35.0,47,12,0.05,NONE,36
1,35.0,47,12,0.05,NONE,36
1,35.0,47,12,0.05,NONE,36
1,35.0,47,12,0.05,NONE,30
1,35.0,47,12,0.05,NONE,24
1,35.0,47,12,0.05,NONE,18
1,35.0,47,12,0.05,NONE,12
1,35.0,47,12,0.05,NONE,6
1,35.0,47,12,0.05,NONE,12
1,35.0,47,12,0.05,NONE,6
1,35.0,47,12,0.05,NONE,12
1,35.0,47,12,0.05,NONE,6
1,35.0,47,12,0.05,NONE,12
1,35.0,47,12,0.05,NONE,6
1,35.0,47,12,0.05,NONE,6
1,35.0,47,12,0.05,NONE,12
1,35.0,47,12,0.05,NONE,18
1,35.0,47,12,0.05,NONE,24
1,35.0,47,12,0.05,NONE,30
1,35.0,47,12,0.05,NONE,30
1,35.0,47,12,0.05,NONE,30
1,35.0,47,12,0.05,NONE,30
1,35.0,47,12,0.05,NONE,30
1,35.0,47,12,0.05,NONE,36
1,35.0,47,12,0.05,NONE,42
1,35.0,47,12,0.05,NONE,48
1,35.0,47,12,0.05,NONE,48
1,35.0,47,12,0.05,NONE,54
1,35.0,47,12,0.05,NONE,60
1,35.0,47,12,0.05,NONE,60
1,35.0,47,12,0.05,NONE,60
1,35.0,47,12,0.05,NONE,66
1,35.0,47,12,0.05,NONE,72
1,35.0,47,12,0.05,NONE,78
1,35.0,47,12,0.05,NONE,84
1,35.0,47,12,0.05,NONE,90
1,35.0,47,12,0.05,NONE,96
1,35.0,47,12,0.05,NONE,102
1,35.0,47,12,0.05,NONE,108
1,35.0,47,12,0.05,NONE,114
1,35.0,47,12,0.05,NONE,120
1,35.0,47,12,0.05,NONE,120
1,35.0,47,12,0.05,NONE,114
1,35.0,47,12,0.05,NONE,120
1,35.0,47,12,0.05,NONE,120
1,35.0,47,12,0.05,NONE,120
1,35.0,47,12,0.05,NONE,126
1,35.0,47,12,0.05,NONE,132
1,35.0,47,12,0.05,NONE,138
1,35.0,47,12,0.05,NONE,138
1,35.0,47,12,0.05,NONE,138
1,35.0,47,12,0.05,NONE,138
1,35.0,47,12,0.05,NONE,138
1,35.0,47,12,0.05,NONE,138
1,35.0,47,12,0.05,NONE,138
1,35.0,47,12,0.05,NONE,138
1,35.0,47,12,0.05,NONE,138
1,35.0,47,12,0.05,NONE,138
1,35.0,47,12,0.05,NONE,138
1,35.0,47,12,0.05,NONE,138
1,35.0,47,12,0.05,NONE,138
1,35.0,47,12,0.05,NONE,138
1,35.0,47,12,0.05,NONE,144
1,35.0,47,12,0.05,NONE,150
1,35.0,47,12,0.05,NONE,156
1,35.0,47,12,0.05,NONE,150
1,35.0,47,12,0.05,NONE,156
1,35.0,47,12,0.05,NONE,150
1,35.0,47,12,0.05,NONE,156
1,35.0,47,12,0.05,NONE,150
1,35.0,47,12,0.05,NONE,156
1,35.0,47,12,0.05,NONE,150
1,35.0,47,12,0.05,NONE,156
1,35.0,47,12,0.05,NONE,150
1,35.0,47,12,0.05,NONE,144
1,35.0,47,12,0.05,NONE,138
1,35.0,47,12,0.05,NONE,132
1,35.0,47,12,0.05,NONE,126
1,35.0,47,12,0.05,NONE,120
1,35.0,47,12,0.05,NONE,114
1,35.0,47,12,0.05,NONE,108
1,35.0,47,12,0.05,NONE,102
1,35.0,47,12,0.05,NONE,96
1,35.0,47,12,0.05,NONE,90
1,35.0,47,12,0.05,NONE,84
1,35.0,47,12,0.05,NONE,78
1,35.0,47,12,0.05,NONE,72
1,35.0,47,12,0.05,NONE,66
1,35.0,47,12,0.05,NONE,60
1,35.0,47,12,0.05,NONE,66
1,35.0,47,12,0.05,NONE,60
1,35.0,47,12,0.05,NONE,54
1,35.0,47,12,0.05,NONE,48
1,35.0,47,12,0.05,NONE,42
1,35.0,47,12,0.05,NONE,36
1,35.0,47,12,0.05,NONE,30
1,35.0,47,12,0.05,NONE,24
1,35.0,47,12,0.05,NONE,18
1,35.0,47,12,0.05,NONE,12
1,35.0,47,12,0.05,NONE,6
1,35.0,47,12,0.05,NONE,0
1,35.0,47,12,0.05,NONE,0
1,35.0,47,12,0.05,NONE,0
1,35.0,47,12,0.05,NONE,0
1,35.0,47,12,0.05,NONE,0
1,35.0,47,12,0.05,NONE,0
1,35.0,47,12,0.05,NONE,0
1,35.0,47,12,0.05,NONE,0
1,35.0,47,12,0.05,NONE,0
1,35.0,47,12,0.05,NONE,0
1,35.0,47,12,0.05,NONE,0
1,35.0,47,12,0.05,NONE,0
1,35.0,47,12,0.05,NONE,0
1,35.0,47,12,0.05,NONE,0
1,35.0,47,12,0.05,NONE,0
1,35.0,47,12,0.05,NONE,0
1,35.0,47,12,0.05,NONE,0
1,35.0,47,12,0.05,NONE,0
1,35.0,47,12,0.05,NONE,0
1,35.0,47,12,0.05,NONE,0
1,35.0,47,12,0.05,NONE,0
1,35.0,47,12,0.05,NONE,0
1,35.0,47,12,0.05,NONE,0
1,35.0,47,12,0.05,NONE,0
1,35.0,47,12,0.05,NONE,0
1,35.0,47,12,0.05,NONE,0
1,35.0,47,12,0.05,NONE,0
1,35.0,47,12,0.05,NONE,0
1,35.0,47,12,0.05,NONE,0
1,35.0,47,12,0.05,NONE,0
1,35.0,47,12,0.05,NONE,0
1,35.0,47,12,0.05,NONE,0
1,35.0,47,12,0.05,NONE,0
1,35.0,47,12,0.05,NONE,0
1,35.0,47,12,0.05,NONE,0
1,35.0,47,12,0.05,NONE,0
1,35.0,47,12,0.05,NONE,0
1,35.0,47,12,0.05,NONE,0
1,35.0,47,12,0.05,NONE,0
1,35.0,47,12,0.05,NONE,0
1,35.0,47,12,0.05,NONE,0
1,35.0,47,12,0.05,NONE,0
1,35.0,47,12,0.05,NONE,0
1,35.0,47,12,0.05,NONE,0
1,35.0,47,12,0.05,NONE,0
1,35.0,47,12,0.05,NONE,0
1,35.0,47,12,0.05,NONE,0
1,35.0,47,12,0.05,NONE,0
1,35.0,47,12,0.05,NONE,0
1,35.0,47,12,0.05,NONE,0
1,35.0,47,12,0.05,NONE,0
1,35.0,47,12,0.05,NONE,0
1,35.0,47,12,0.05,NONE,0
1,35.0,47,12,0.05,NONE,0
1,35.0,47,12,0.05,NONE,0
1,35.0,47,12,0.05,NONE,0
1,35.0,47,12,0.05,NONE,0
1,35.0,47,12,0.05,NONE,0
1,35.0,47,12,0.05,NONE,0
1,35.0,47,12,0.05,NONE,6
1,35.0,47,12,0.05,NONE,0
1,35.0,47,12,0.05,NONE,0
1,35.0,47,12,0.05,NONE,0
1,35.0,47,12,0.05,NONE,0
1,35.0,47,12,0.05,NONE,0
1,35.0,47,12,0.05,NONE,0
1,35.0,47,12,0.05,NONE,0
1,35.0,47,12,0.05,NONE,0
1,35.0,47,12,0.05,NONE,0
1,35.0,47,12,0.05,NONE,0
1,35.0,47,12,0.05,NONE,0
1,35.0,47,12,0.05,NONE,0
1,35.0,47,12,0.05,NONE,0
1,35.0,47,12,0.05,NONE,0
1,35.0,47,12,0.05,NONE,0
1,35.0,47,12,0.05,NONE,0
1,35.0,47,12,0.05,NONE,0
1,35.0,47,12,0.05,NONE,0
1,35.0,47,12,0.05,NONE,0
1,35.0,47,12,0.05,NONE,0
1,35.0,47,12,0.05,NONE,0
1,35.0,47,12,0.05,NONE,0
1,35.0,47,12,0.05,NONE,0
1,35.0,47,12,0.05,NONE,0
1,35.0,47,12,0.05,NONE,0
1,35.0,47,12,0.05,NONE,0
1,35.0,47,12,0.05,NONE,0
1,35.0,47,12,0.05,NONE,0
1,35.0,47,12,0.05,NONE,0
1,35.0,47,12,0.05,NONE,0
1,35.0,47,12,0.05,NONE,0
1,35.0,47,12,0.05,NONE,0
1,35.0,47,12,0.05,NONE,0
1,35.0,47,12,0.05,NONE,0
1,35.0,47,12,0.05,NONE,0
1,35.0,47,12,0.05,NONE,0
1,35.0,47,12,0.05,NONE,0
1,35.0,47,12,0.05,NONE,0
1,35.0,47,12,0.05,NONE,0
1,35.0,47,12,0.05,NONE,0
1,35.0,47,12,0.05,NONE,0
1,35.0,47,12,0.05,NONE,0
1,35.0,47,12,0.05,NONE,0
1,35.0,47,12,0.05,NONE,0
1,35.0,47,12,0.05,NONE,0
1,35.0,47,12,0.05,NONE,0
1,35.0,47,12,0.05,NONE,0
1,35.0,47,12,0.05,NONE,0
1,35.0,47,12,0.05,NONE,0
1,35.0,47,12,0.05,NONE,0
1,35.0,47,12,0.05,NONE,0
1,35.0,47,12,0.05,NONE,0
1,35.0,47,12,0.05,NONE,6
1,35.0,47,12,0.05,NONE,12
1,35.0,47,12,0.05,NONE,18
1,35.0,47,12,0.05,NONE,24
1,35.0,47,12,0.05,NONE,18
1,35.0,47,12,0.05,NONE,12
1,35.0,47,12,0.05,NONE,6
1,35.0,47,12,0.05,NONE,12
1,35.0,47,12,0.05,NONE,18
1,35.0,47,12,0.05,NONE,12
1,35.0,47,12,0.05,NONE,6
1,35.0,47,12,0.05,NONE,6
1,35.0,47,12,0.05,NONE,12
1,35.0,47,12,0.05,NONE,18
1,35.0,47,12,0.05,NONE,24
1,35.0,47,12,0.05,NONE,30
1,35.0,47,12,0.05,NONE,36
1,35.0,47,12,0.05,NONE,42
1,35.0,47,12,0.05,NONE,48
1,35.0,47,12,0.05,NONE,54
1,35.0,47,12,0.05,NONE,48
1,35.0,47,12,0.05,NONE,42
1,35.0,47,12,0.05,NONE,48
1,35.0,47,12,0.05,NONE,48
1,35.0,47,12,0.05,NONE,48
1,35.0,47,12,0.05,NONE,48
1,35.0,47,12,0.05,NONE,48
1,35.0,47,12,0.05,NONE,48
1,35.0,47,12,0.05,NONE,48
1,35.0,47,12,0.05,NONE,48
1,35.0,47,12,0.05,NONE,48
1,35.0,47,12,0.05,NONE,48
1,35.0,47,12,0.05,NONE,48
1,35.0,47,12,0.05,NONE,42
1,35.0,47,12,0.05,NONE,36
1,35.0,47,12,0.05,NONE,30
1,35.0,47,12,0.05,NONE,36
1,35.0,47,12,0.05,NONE,42
1,35.0,47,12,0.05,NONE,48
1,35.0,47,12,0.05,NONE,54
1,35.0,47,12,0.05,NONE,60
1,35.0,47,12,0.05,NONE,66
1,35.0,47,12,0.05,NONE,72
1,35.0,47,12,0.05,NONE,78
1,35.0,47,12,0.05,NONE,84
1,35.0,47,12,0.05,NONE,84
1,35.0,47,12,0.05,NONE,84
1,35.0,47,12,0.05,NONE,84
1,35.0,47,12,0.05,NONE,90
1,35.0,47,12,0.05,NONE,90
1,35.0,47,12,0.05,NONE,96
1,35.0,47,12,0.05,NONE,102
1,35.0,47,12,0.05,NONE,108
1,35.0,47,12,0.05,NONE,114
1,35.0,47,12,0.05,NONE,120
1,35.0,47,12,0.05,NONE,126
1,35.0,47,12,0.05,NONE,126
1,35.0,47,12,0.05,NONE,132
1,35.0,47,12,0.05,NONE,138
1,35.0,47,12,0.05,NONE,132
1,35.0,47,12,0.05,NONE,126
1,35.0,47,12,0.05,NONE,120
1,35.0,47,12,0.05,NONE,114
1,35.0,47,12,0.05,NONE,120
1,35.0,47,12,0.05,NONE,114
1,35.0,47,12,0.05,NONE,114
1,35.0,47,12,0.05,NONE,114
1,35.0,47,12,0.05,NONE,114
1,35.0,47,12,0.05,NONE,114
1,35.0,47,12,0.05,NONE,114
1,35.0,47,12,0.05,NONE,114
1,35.0,47,12,0.05,NONE,108
1,35.0,47,12,0.05,NONE,102
1,35.0,47,12,0.05,NONE,96
1,35.0,47,12,0.05,NONE,90
1,35.0,47,12,0.05,NONE,84
1,35.0,47,12,0.05,NONE,78
1,35.0,47,12,0.05,NONE,72
1,35.0,47,12,0.05,NONE,66
1,35.0,47,12,0.05,NONE,60
1,35.0,47,12,0.05,NONE,54
1,35.0,47,12,0.05,NONE,48
1,34.0,47,13,0.05,NONE,42
1,34.0,47,13,0.05,NONE,36
1,34.0,47,13,0.05,NONE,30
1,34.0,47,13,0.05,NONE,24
1,34.0,47,13,0.05,NONE,18
1,34.0,47,13,0.05,NONE,12
1,34.0,47,13,0.05,NONE,6
1,34.0,47,13,0.05,NONE,0
1,34.0,47,13,0.05,NONE,0
1,34.0,47,13,0.05,NONE,0
1,34.0,47,13,0.05,NONE,0
1,34.0,47,13,0.05,NONE,0
1,34.0,47,13,0.05,NONE,0
1,34.0,47,13,0.05,NONE,0
1,34.0,47,13,0.05,NONE,0
1,34.0,47,13,0.05,NONE,0
1,34.0,47,13,0.05,NONE,0
1,34.0,47,13,0.05,NONE,0
1,34.0,47,13,0.05,NONE,0
1,34.0,47,13,0.05,NONE,0
1,34.0,47,13,0.05,NONE,0
1,34.0,47,13,0.05,NONE,0
1,34.0,47,13,0.05,NONE,0
1,34.0,47,13,0.05,NONE,0
1,34.0,47,13,0.05,NONE,0
1,34.0,47,13,0.05,NONE,0
1,34.0,47,13,0.05,NONE,0
1,34.0,47,13,0.05,NONE,0
1,34.0,47,13,0.05,NONE,0
1,34.0,47,13,0.05,NONE,0
1,34.0,47,13,0.05,NONE,0
1,34.0,47,13,0.05,NONE,0
1,34.0,47,13,0.05,NONE,0
1,34.0,47,13,0.05,NONE,0
1,34.0,47,13,0.05,NONE,0
1,34.0,47,13,0.05,NONE,0
1,34.0,47,13,0.05,NONE,0
1,34.0,47,13,0.05,NONE,0
1,34.0,47,13,0.05,NONE,0
1,34.0,47,13,0.05,NONE,0
1,34.0,47,13,0.05,NONE,0
1,34.0,47,13,0.05,NONE,0
1,34.0,47,13,0.05,NONE,0
1,34.0,47,13,0.05,NONE,0
1,34.0,47,13,0.05,NONE,0
1,34.0,47,13,0.05,NONE,0
1,34.0,47,13,0.05,NONE,0
1,34.0,47,13,0.05,NONE,0
1,34.0,47,13,0.05,NONE,0
1,34.0,47,13,0.05,NONE,0
1,34.0,47,13,0.05,NONE,0
1,34.0,47,13,0.05,NONE,0
1,34.0,47,13,0.05,NONE,0
1,34.0,47,13,0.05,NONE,0
1,34.0,47,13,0.05,NONE,0
1,34.0,47,13,0.05,NONE,0
1,34.0,47,13,0.05,NONE,0
1,34.0,47,13,0.05,NONE,0
1,34.0,47,13,0.05,NONE,0
1,34.0,47,13,0.05,NONE,0
1,34.0,47,13,0.05,NONE,0
1,34.0,47,13,0.05,NONE,0
1,34.0,47,13,0.05,NONE,0
1,34.0,47,13,0.05,NONE,0
1,34.0,47,13,0.05,NONE,0
1,34.0,47,13,0.05,NONE,0
1,34.0,47,13,0.05,NONE,0
1,34.0,47,13,0.05,NONE,0
1,34.0,47,13,0.05,NONE,0
1,34.0,47,13,0.05,NONE,0
1,34.0,47,13,0.05,NONE,0
1,34.0,47,13,0.05,NONE,0
1,34.0,47,13,0.05,NONE,0
1,34.0,47,13,0.05,NONE,0
1,34.0,47,13,0.05,NONE,0
1,34.0,47,13,0.05,NONE,0
1,34.0,47,13,0.05,NONE,0
1,34.0,47,13,0.05,NONE,0
1,34.0,47,13,0.05,NONE,0
1,34.0,47,13,0.05,NONE,0
1,34.0,47,13,0.05,NONE,0
1,34.0,47,13,0.05,NONE,0
1,34.0,47,13,0.05,NONE,0
1,34.0,47,13,0.05,NONE,0
1,34.0,47,13,0.05,NONE,0
1,34.0,47,13,0.05,NONE,0
1,34.0,47,13,0.05,NONE,0
1,34.0,47,13,0.05,NONE,0
1,34.0,47,13,0.05,NONE,0
1,34.0,47,13,0.05,NONE,0
1,34.0,47,13,0.05,NONE,0
1,34.0,47,13,0.05,NONE,0
1,34.0,47,13,0.05,NONE,0
1,34.0,47,13,0.05,NONE,0
1,34.0,47,13,0.05,NONE,0
1,34.0,47,13,0.05,NONE,0
1,34.0,47,13,0.05,NONE,0
1,34.0,47,13,0.05,NONE,0
1,34.0,47,13,0.05,NONE,0
1,34.0,47,13,0.05,NONE,0
1,34.0,47,13,0.05,NONE,0
1,34.0,47,13,0.05,NONE,0
1,34.0,47,13,0.05,NONE,0
1,34.0,47,13,0.05,NONE,0
1,34.0,47,13,0.05,NONE,0
1,34.0,47,13,0.05,NONE,0
1,34.0,47,13,0.05,NONE,0
1,34.0,47,13,0.05,NONE,0
1,34.0,47,13,0.05,NONE,0
1,34.0,47,13,0.05,NONE,0
1,34.0,47,13,0.05,NONE,0
1,34.0,47,13,0.05,NONE,0
1,34.0,47,13,0.05,NONE,0
1,34.0,47,13,0.05,NONE,0
1,34.0,47,13,0.05,NONE,0
1,34.0,47,13,0.05,NONE,0
1,34.0,47,13,0.05,NONE,0
1,34.0,47,13,0.05,NONE,0
1,34.0,47,13,0.05,NONE,0
1,34.0,47,13,0.05,NONE,0
1,34.0,47,13,0.05,NONE,0
1,34.0,47,13,0.05,NONE,0
1,34.0,47,13,0.05,NONE,0
1,34.0,47,13,0.05,NONE,0
1,34.0,47,13,0.05,NONE,0
1,34.0,47,13,0.05,NONE,0
1,34.0,47,13,0.05,NONE,0
1,34.0,47,13,0.05,NONE,0
1,34.0,47,13,0.05,NONE,0
1,34.0,47,13,0.05,NONE,0
1,34.0,47,13,0.05,NONE,0
1,34.0,47,13,0.05,NONE,0
1,34.0,47,13,0.05,NONE,0
1,34.0,47,13,0.05,NONE,0
1,34.0,47,13,0.05,NONE,0
1,34.0,47,13,0.05,NONE,0
1,34.0,47,13,0.05,NONE,0
1,34.0,47,13,0.05,NONE,0
1,34.0,47,13,0.05,NONE,0
1,34.0,47,13,0.05,NONE,0
1,34.0,47,13,0.05,NONE,0
1,34.0,47,13,0.05,NONE,0
1,34.0,47,13,0.05,NONE,0
1,34.0,47,13,0.05,NONE,0
1,34.0,47,13,0.05,NONE,0
1,34.0,47,13,0.05,NONE,0
1,34.0,47,13,0.05,NONE,0
1,34.0,47,13,0.05,NONE,0
1,34.0,47,13,0.05,NONE,0
1,34.0,47,13,0.05,NONE,0
1,34.0,47,13,0.05,NONE,0
1,34.0,47,13,0.05,NONE,0
1,34.0,47,13,0.05,NONE,0
1,34.0,47,13,0.05,NONE,0
1,34.0,47,13,0.05,NONE,0
1,34.0,47,13,0.05,NONE,0
1,34.0,47,13,0.05,NONE,0
1,34.0,47,13,0.05,NONE,0
1,34.0,47,13,0.05,NONE,0
1,34.0,47,13,0.05,NONE,0
1,34.0,47,13,0.05,NONE,0
1,34.0,47,13,0.05,NONE,0
1,34.0,47,13,0.05,NONE,0
1,34.0,47,13,0.05,NONE,6
1,34.0,47,13,0.05,NONE,12
1,34.0,47,13,0.05,NONE,12
1,34.0,47,13,0.05,NONE,12
1,34.0,47,13,0.05,NONE,18
1,34.0,47,13,0.05,NONE,24
1,34.0,47,13,0.05,NONE,30
1,34.0,47,13,0.05,NONE,30
1,34.0,47,13,0.05,NONE,30
1,34.0,47,13,0.05,NONE,30
1,34.0,47,13,0.05,NONE,36
1,34.0,47,13,0.05,NONE,42
1,34.0,47,13,0.05,NONE,48
1,34.0,47,13,0.05,NONE,54
1,34.0,47,13,0.05,NONE,48
1,34.0,47,13,0.05,NONE,42
1,34.0,47,13,0.05,NONE,48
1,34.0,47,13,0.05,NONE,48
1,34.0,47,13,0.05,NONE,48
1,34.0,47,13,0.05,NONE,48
1,34.0,47,13,0.05,NONE,54
1,34.0,47,13,0.05,NONE,60
1,34.0,47,13,0.05,NONE,66
1,34.0,47,13,0.05,NONE,66
1,34.0,47,13,0.05,NONE,66
1,34.0,47,13,0.05,NONE,72
1,34.0,47,13,0.05,NONE,66
1,34.0,47,13,0.05,NONE,60
1,34.0,47,13,0.05,NONE,54
1,34.0,47,13,0.05,NONE,48
1,34.0,47,13,0.05,NONE,48
1,34.0,47,13,0.05,NONE,42
1,34.0,47,13,0.05,NONE,36
1,34.0,47,13,0.05,NONE,30
1,34.0,47,13,0.05,NONE,24
1,34.0,47,13,0.05,NONE,18
1,34.0,47,13,0.05,NONE,24
1,34.0,47,13,0.05,NONE,30
1,34.0,47,13,0.05,NONE,30
1,34.0,47,13,0.05,NONE,24
1,34.0,47,13,0.05,NONE,24
1,34.0,47,13,0.05,NONE,24
1,34.0,47,13,0.05,NONE,30
1,34.0,47,13,0.05,NONE,36
1,34.0,47,13,0.05,NONE,42
1,34.0,47,13,0.05,NONE,42
1,34.0,47,13,0.05,NONE,42
1,34.0,47,13,0.05,NONE,42
1,34.0,47,13,0.05,NONE,48
1,34.0,47,13,0.05,NONE,48
1,34.0,47,13,0.05,NONE,48
1,34.0,47,13,0.05,NONE,54
1,34.0,47,13,0.05,NONE,60
1,34.0,47,13,0.05,NONE,66
1,34.0,47,13,0.05,NONE,72
1,34.0,47,13,0.05,NONE,72
1,34.0,47,13,0.05,NONE,72
1,34.0,47,13,0.05,NONE,72
1,34.0,47,13,0.05,NONE,72
1,34.0,47,13,0.05,NONE,78
1,34.0,47,13,0.05,NONE,78
1,34.0,47,13,0.05,NONE,78
1,34.0,47,13,0.05,NONE,84
1,34.0,47,13,0.05,NONE,90
1,34.0,47,13,0.05,NONE,96
1,34.0,47,13,0.05,NONE,96
1,34.0,47,13,0.05,NONE,96
1,34.0,47,13,0.05,NONE,96
1,34.0,47,13,0.05,NONE,90
1,34.0,47,13,0.05,NONE,96
1,34.0,47,13,0.05,NONE,102
1,34.0,47,13,0.05,NONE,108
1,34.0,47,13,0.05,NONE,114
1,34.0,47,13,0.05,NONE,120
1,34.0,47,13,0.05,NONE,120
1,34.0,47,13,0.05,NONE,120
1,34.0,47,13,0.05,NONE,120
1,34.0,47,13,0.05,NONE,120
1,34.0,47,13,0.05,NONE,120
1,34.0,47,13,0.05,NONE,120
1,34.0,47,13,0.05,NONE,120
1,34.0,47,13,0.05,NONE,120
1,34.0,47,13,0.05,NONE,120
1,34.0,47,13,0.05,NONE,126
1,34.0,47,13,0.05,NONE,132
1,34.0,47,13,0.05,NONE,138
1,34.0,47,13,0.05,NONE,144
1,34.0,47,13,0.05,NONE,150
1,34.0,47,13,0.05,NONE,156
1,34.0,47,13,0.05,NONE,150
1,34.0,47,13,0.05,NONE,156
1,34.0,47,13,0.05,NONE,150
1,34.0,47,13,0.05,NONE,156
1,34.0,47,13,0.05,NONE,150
1,34.0,47,13,0.05,NONE,156
1,34.0,47,13,0.05,NONE,162
1,34.0,47,13,0.05,NONE,156
1,34.0,47,13,0.05,NONE,150
1,34.0,47,13,0.05,NONE,144
1,34.0,47,13,0.05,NONE,138
1,34.0,47,13,0.05,NONE,132
1,34.0,47,13,0.05,NONE,126
1,34.0,47,13,0.05,NONE,120
1,34.0,47,13,0.05,NONE,114
1,34.0,47,13,0.05,NONE,108
1,34.0,47,13,0.05,NONE,102
1,34.0,47,13,0.05,NONE,96
1,34.0,47,13,0.05,NONE,90
1,34.0,47,13,0.05,NONE,84
1,34.0,47,13,0.05,NONE,78
1,34.0,47,13,0.05,NONE,72
1,34.0,47,13,0.05,NONE,66
1,34.0,47,13,0.05,NONE,60
1,34.0,47,13,0.05,NONE,54
1,34.0,47,13,0.05,NONE,48
1,34.0,47,13,0.05,NONE,42
1,34.0,47,13,0.05,NONE,36
1,34.0,47,13,0.05,NONE,30
1,34.0,47,13,0.05,NONE,24
1,34.0,47,13,0.05,NONE,18
1,34.0,47,13,0.05,NONE,12
1,34.0,47,13,0.05,NONE,6
1,34.0,47,13,0.05,NONE,0
1,34.0,47,13,0.05,NONE,0
1,34.0,47,13,0.05,NONE,0
1,34.0,47,13,0.05,NONE,0
1,34.0,47,13,0.05,NONE,0
1,34.0,47,13,0.05,NONE,0
1,34.0,47,13,0.05,NONE,0
1,34.0,47,13,0.05,NONE,0
1,34.0,47,13,0.05,NONE,0
1,34.0,47,13,0.05,NONE,0
1,34.0,47,13,0.05,NONE,0
1,34.0,47,13,0.05,NONE,0
1,34.0,47,13,0.05,NONE,0
1,34.0,47,13,0.05,NONE,0
1,34.0,47,13,0.05,NONE,0
1,34.0,47,13,0.05,NONE,0
1,34.0,47,13,0.05,NONE,0
1,34.0,47,13,0.05,NONE,0
1,34.0,47,13,0.05,NONE,0
1,34.0,47,13,0.05,NONE,0
1,34.0,47,13,0.05,NONE,0
1,34.0,47,13,0.05,NONE,0
1,34.0,47,13,0.05,NONE,0
1,34.0,47,13,0.05,NONE,0
1,34.0,47,13,0.05,NONE,0
1,34.0,47,13,0.05,NONE,0
1,34.0,47,13,0.05,NONE,0
1,34.0,47,13,0.05,NONE,0
1,34.0,47,13,0.05,NONE,0
1,34.0,47,13,0.05,NONE,0
1,34.0,47,13,0.05,NONE,0
1,34.0,47,13,0.05,NONE,0
1,34.0,47,13,0.05,NONE,0
1,34.0,47,13,0.05,NONE,0
1,34.0,47,13,0.05,NONE,0
1,34.0,47,13,0.05,NONE,0
1,34.0,47,13,0.05,NONE,0
1,34.0,47,13,0.05,NONE,0
1,34.0,47,13,0.05,NONE,0
1,34.0,47,13,0.05,NONE,0
1,34.0,47,13,0.05,NONE,0
1,34.0,47,13,0.05,NONE,0
1,34.0,47,13,0.05,NONE,0
1,34.0,47,13,0.05,NONE,0
1,34.0,47,13,0.05,NONE,0
1,34.0,47,13,0.05,NONE,0
1,34.0,47,13,0.05,NONE,0
1,34.0,47,13,0.05,NONE,0
1,34.0,47,13,0.05,NONE,0
1,34.0,47,13,0.05,NONE,0
1,34.0,47,13,0.05,NONE,0
1,34.0,47,13,0.05,NONE,0
1,34.0,47,13,0.05,NONE,0
1,34.0,47,13,0.05,NONE,0
1,34.0,47,13,0.05,NONE,0
1,34.0,47,13,0.05,NONE,0
1,34.0,47,13,0.05,NONE,0
1,34.0,47,13,0.05,NONE,0
1,34.0,47,13,0.05,NONE,0
1,34.0,47,13,0.05,NONE,0
1,34.0,47,13,0.05,NONE,0
1,34.0,47,13,0.05,NONE,0
1,34.0,47,13,0.05,NONE,0
1,34.0,47,13,0.05,NONE,0
1,34.0,47,13,0.05,NONE,0
1,34.0,47,13,0.05,NONE,0
1,34.0,47,13,0.05,NONE,0
1,34.0,47,13,0.05,NONE,0
1,34.0,47,13,0.05,NONE,0
1,34.0,47,13,0.05,NONE,0
1,34.0,47,13,0.05,NONE,0
1,34.0,47,13,0.05,NONE,0
1,34.0,47,13,0.05,NONE,0
1,34.0,47,13,0.05,NONE,0
1,34.0,47,13,0.05,NONE,0
1,34.0,47,13,0.05,NONE,0
1,34.0,47,13,0.05,NONE,0
1,34.0,47,13,0.05,NONE,0
1,34.0,47,13,0.05,NONE,0
1,34.0,47,13,0.05,NONE,0
1,34.0,47,13,0.05,NONE,0
1,34.0,47,13,0.05,NONE,0
1,34.0,47,13,0.05,NONE,0
1,34.0,47,13,0.05,NONE,0
1,34.0,47,13,0.05,NONE,0
1,34.0,47,13,0.05,NONE,0
1,34.0,47,13,0.05,NONE,0
1,34.0,47,13,0.05,NONE,0
1,34.0,47,13,0.05,NONE,0
1,34.0,47,13,0.05,NONE,0
1,34.0,47,13,0.05,NONE,0
1,34.0,47,13,0.05,NONE,0
1,34.0,47,13,0.05,NONE,0
1,34.0,47,13,0.05,NONE,0
1,34.0,47,13,0.05,NONE,0
1,34.0,47,13,0.05,NONE,0
1,34.0,47,13,0.05,NONE,0
1,34.0,47,13,0.05,NONE,0
1,34.0,47,13,0.05,NONE,6
1,34.0,47,13,0.05,NONE,6
1,34.0,47,13,0.05,NONE,6
1,34.0,47,13,0.05,NONE,12
1,34.0,47,13,0.05,NONE,6
1,34.0,47,13,0.05,NONE,12
1,34.0,47,13,0.05,NONE,12
1,34.0,47,13,0.05,NONE,12
1,34.0,47,13,0.05,NONE,12
1,34.0,47,13,0.05,NONE,18
1,34.0,47,13,0.05,NONE,24
1,34.0,47,13,0.05,NONE,30
1,34.0,47,13,0.05,NONE,36
1,34.0,47,13,0.05,NONE,30
1,34.0,47,13,0.05,NONE,24
1,34.0,47,13,0.05,NONE,30
1,34.0,47,13,0.05,NONE,36
1,34.0,47,13,0.05,NONE,42
1,34.0,47,13,0.05,NONE,48
1,34.0,47,13,0.05,NONE,54
1,34.0,47,13,0.05,NONE,48
1,34.0,47,13,0.05,NONE,42
1,34.0,47,13,0.05,NONE,36
1,34.0,47,13,0.05,NONE,30
1,34.0,47,13,0.05,NONE,24
1,34.0,47,13,0.05,NONE,30
1,34.0,47,13,0.05,NONE,36
1,34.0,47,13,0.05,NONE,42
1,34.0,47,13,0.05,NONE,48
1,34.0,47,13,0.05,NONE,54
1,34.0,47,13,0.05,NONE,60
1,34.0,47,13,0.05,NONE,66
1,34.0,47,13,0.05,NONE,66
1,34.0,47,13,0.05,NONE,66
1,34.0,47,13,0.05,NONE,72
1,34.0,47,13,0.05,NONE,78
1,34.0,47,13,0.05,NONE,78
1,34.0,47,13,0.05,NONE,78
1,34.0,47,13,0.05,NONE,78
1,34.0,47,13,0.05,NONE,78
1,34.0,47,13,0.05,NONE,78
1,34.0,47,13,0.05,NONE,78
1,34.0,47,13,0.05,NONE,78
1,34.0,47,13,0.05,NONE,78
1,34.0,47,13,0.05,NONE,78
1,34.0,47,13,0.05,NONE,78
1,34.0,47,13,0.05,NONE,78
1,34.0,47,13,0.05,NONE,78
1,34.0,47,13,0.05,NONE,78
1,34.0,47,13,0.05,NONE,84
1,34.0,47,13,0.05,NONE,78
1,34.0,47,13,0.05,NONE,84
1,34.0,47,13,0.05,NONE,78
1,34.0,47,13,0.05,NONE,84
1,34.0,47,13,0.05,NONE,90
1,34.0,47,13,0.05,NONE,96
1,34.0,47,13,0.05,NONE,102
1,34.0,47,13,0.05,NONE,108
1,34.0,47,13,0.05,NONE,108
1,34.0,47,13,0.05,NONE,108
1,34.0,47,13,0.05,NONE,102
1,34.0,47,13,0.05,NONE,108
1,34.0,47,13,0.05,NONE,114
1,34.0,47,13,0.05,NONE,120
1,34.0,47,13,0.05,NONE,114
1,34.0,47,13,0.05,NONE,108
1,34.0,47,13,0.05,NONE,102
1,34.0,47,13,0.05,NONE,96
1,34.0,47,13,0.05,NONE,96
1,34.0,47,13,0.05,NONE,90
1,34.0,47,13,0.05,NONE,84
1,34.0,47,13,0.05,NONE,78
1,34.0,47,13,0.05,NONE,72
1,34.0,47,13,0.05,NONE,66
1,34.0,47,13,0.05,NONE,72
1,34.0,47,13,0.05,NONE,78
1,33.0,47,14,0.05,NONE,84
1,33.0,47,14,0.05,NONE,78
1,33.0,47,14,0.05,NONE,72
1,33.0,47,14,0.05,NONE,66
1,33.0,47,14,0.05,NONE,60
1,33.0,47,14,0.05,NONE,60
1,33.0,47,14,0.05,NONE,54
1,33.0,47,14,0.05,NONE,48
1,33.0,47,14,0.05,NONE,42
1,33.0,47,14,0.05,NONE,36
1,33.0,47,14,0.05,NONE,36
1,33.0,47,14,0.05,NONE,30
1,33.0,47,14,0.05,NONE,24
1,33.0,47,14,0.05,NONE,18
1,33.0,47,14,0.05,NONE,12
1,33.0,47,14,0.05,NONE,6
1,33.0,47,14,0.05,NONE,12
1,33.0,47,14,0.05,NONE,6
1,33.0,47,14,0.05,NONE,0
1,33.0,47,14,0.05,NONE,0
1,33.0,47,14,0.05,NONE,0
1,33.0,47,14,0.05,NONE,0
1,33.0,47,14,0.05,NONE,0
1,33.0,47,14,0.05,NONE,0
1,33.0,47,14,0.05,NONE,0
1,33.0,47,14,0.05,NONE,0
1,33.0,47,14,0.05,NONE,0
1,33.0,47,14,0.05,NONE,0
1,33.0,47,14,0.05,NONE,0
1,33.0,47,14,0.05,NONE,0
1,33.0,47,14,0.05,NONE,0
1,33.0,47,14,0.05,NONE,0
1,33.0,47,14,0.05,NONE,0
1,33.0,47,14,0.05,NONE,0
1,33.0,47,14,0.05,NONE,0
1,33.0,47,14,0.05,NONE,0
1,33.0,47,14,0.05,NONE,6
1,33.0,47,14,0.05,NONE,0
1,33.0,47,14,0.05,NONE,0
1,33.0,47,14,0.05,NONE,0
1,33.0,47,14,0.05,NONE,0
1,33.0,47,14,0.05,NONE,0
1,33.0,47,14,0.05,NONE,0
1,33.0,47,14,0.05,NONE,0
1,33.0,47,14,0.05,NONE,0
1,33.0,47,14,0.05,NONE,0
1,33.0,47,14,0.05,NONE,0
1,33.0,47,14,0.05,NONE,0
1,33.0,47,14,0.05,NONE,0
1,33.0,47,14,0.05,NONE,0
1,33.0,47,14,0.05,NONE,0
1,33.0,47,14,0.05,NONE,0
1,33.0,47,14,0.05,NONE,0
1,33.0,47,14,0.05,NONE,0
1,33.0,47,14,0.05,NONE,0
1,33.0,47,14,0.05,NONE,0
1,33.0,47,14,0.05,NONE,0
1,33.0,47,14,0.05,NONE,0
1,33.0,47,14,0.05,NONE,0
1,33.0,47,14,0.05,NONE,6
1,33.0,47,14,0.05,NONE,0
1,33.0,47,14,0.05,NONE,0
1,33.0,47,14,0.05,NONE,0
1,33.0,47,14,0.05,NONE,0
1,33.0,47,14,0.05,NONE,0
1,33.0,47,14,0.05,NONE,0
1,33.0,47,14,0.05,NONE,0
1,33.0,47,14,0.05,NONE,0
1,33.0,47,14,0.05,NONE,0
1,33.0,47,14,0.05,NONE,0
1,33.0,47,14,0.05,NONE,0
1,33.0,47,14,0.05,NONE,0
1,33.0,47,14,0.05,NONE,0
1,33.0,47,14,0.05,NONE,0
1,33.0,47,14,0.05,NONE,0
1,33.0,47,14,0.05,NONE,0
1,33.0,47,14,0.05,NONE,0
1,33.0,47,14,0.05,NONE,0
1,33.0,47,14,0.05,NONE,0
1,33.0,47,14,0.05,NONE,0
1,33.0,47,14,0.05,NONE,0
1,33.0,47,14,0.05,NONE,0
1,33.0,47,14,0.05,NONE,0
1,33.0,47,14,0.05,NONE,0
1,33.0,47,14,0.05,NONE,0
1,33.0,47,14,0.05,NONE,0
1,33.0,47,14,0.05,NONE,0
1,33.0,47,14,0.05,NONE,0
1,33.0,47,14,0.05,NONE,0
1,33.0,47,14,0.05,NONE,0
1,33.0,47,14,0.05,NONE,0
1,33.0,47,14,0.05,NONE,0
1,33.0,47,14,0.05,NONE,6
1,33.0,47,14,0.05,NONE,0
1,33.0,47,14,0.05,NONE,0
1,33.0,47,14,0.05,NONE,0
1,33.0,47,14,0.05,NONE,0
1,33.0,47,14,0.05,NONE,0
1,33.0,47,14,0.05,NONE,0
1,33.0,47,14,0.05,NONE,0
1,33.0,47,14,0.05,NONE,0
1,33.0,47,14,0.05,NONE,0
1,33.0,47,14,0.05,NONE,0
1,33.0,47,14,0.05,NONE,0
1,33.0,47,14,0.05,NONE,0
1,33.0,47,14,0.05,NONE,0
1,33.0,47,14,0.05,NONE,0
1,33.0,47,14,0.05,NONE,0
1,33.0,47,14,0.05,NONE,6
1,33.0,47,14,0.05,NONE,0
1,33.0,47,14,0.05,NONE,0
1,33.0,47,14,0.05,NONE,0
1,33.0,47,14,0.05,NONE,0
1,33.0,47,14,0.05,NONE,0
1,33.0,47,14,0.05,NONE,0
1,33.0,47,14,0.05,NONE,0
1,33.0,47,14,0.05,NONE,0
1,33.0,47,14,0.05,NONE,0
1,33.0,47,14,0.05,NONE,0
1,33.0,47,14,0.05,NONE,0
1,33.0,47,14,0.05,NONE,0
1,33.0,47,14,0.05,NONE,0
1,33.0,47,14,0.05,NONE,0
1,33.0,47,14,0.05,NONE,0
1,33.0,47,14,0.05,NONE,0
1,33.0,47,14,0.05,NONE,0
1,33.0,47,14,0.05,NONE,0
1,33.0,47,14,0.05,NONE,0
1,33.0,47,14,0.05,NONE,0
1,33.0,47,14,0.05,NONE,0
1,33.0,47,14,0.05,NONE,0
1,33.0,47,14,0.05,NONE,0
1,33.0,47,14,0.05,NONE,0
1,33.0,47,14,0.05,NONE,0
1,33.0,47,14,0.05,NONE,0
1,33.0,47,14,0.05,NONE,0
1,33.0,47,14,0.05,NONE,0
1,33.0,47,14,0.05,NONE,0
1,33.0,47,14,0.05,NONE,0
1,33.0,47,14,0.05,NONE,0
1,33.0,47,14,0.05,NONE,0
1,33.0,47,14,0.05,NONE,0
1,33.0,47,14,0.05,NONE,0
1,33.0,47,14,0.05,NONE,0
1,33.0,47,14,0.05,NONE,0
1,33.0,47,14,0.05,NONE,0
1,33.0,47,14,0.05,NONE,0
1,33.0,47,14,0.05,NONE,0
1,33.0,47,14,0.05,NONE,0
1,33.0,47,14,0.05,NONE,0
1,33.0,47,14,0.05,NONE,0
1,33.0,47,14,0.05,NONE,0
1,33.0,47,14,0.05,NONE,0
1,33.0,47,14,0.05,NONE,0
1,33.0,47,14,0.05,NONE,0
1,33.0,47,14,0.05,NONE,6
1,33.0,47,14,0.05,NONE,12
1,33.0,47,14,0.05,NONE,6
1,33.0,47,14,0.05,NONE,12
1,33.0,47,14,0.05,NONE,12
1,33.0,47,14,0.05,NONE,12
1,33.0,47,14,0.05,NONE,12
1,33.0,47,14,0.05,NONE,12
1,33.0,47,14,0.05,NONE,18
1,33.0,47,14,0.05,NONE,24
1,33.0,47,14,0.05,NONE,30
1,33.0,47,14,0.05,NONE,30
1,33.0,47,14,0.05,NONE,30
1,33.0,47,14,0.05,NONE,30
1,33.0,47,14,0.05,NONE,36
1,33.0,47,14,0.05,NONE,42
1,33.0,47,14,0.05,NONE,48
1,33.0,47,14,0.05,NONE,48
1,33.0,47,14,0.05,NONE,42
1,33.0,47,14,0.05,NONE,48
1,33.0,47,14,0.05,NONE,48
1,33.0,47,14,0.05,NONE,48
1,33.0,47,14,0.05,NONE,48
1,33.0,47,14,0.05,NONE,54
1,33.0,47,14,0.05,NONE,60
1,33.0,47,14,0.05,NONE,66
1,33.0,47,14,0.05,NONE,66
1,33.0,47,14,0.05,NONE,66
1,33.0,47,14,0.05,NONE,66
1,33.0,47,14,0.05,NONE,72
1,33.0,47,14,0.05,NONE,72
1,33.0,47,14,0.05,NONE,78
1,33.0,47,14,0.05,NONE,78
1,33.0,47,14,0.05,NONE,78
1,33.0,47,14,0.05,NONE,84
1,33.0,47,14,0.05,NONE,84
1,33.0,47,14,0.05,NONE,78
1,33.0,47,14,0.05,NONE,84
1,33.0,47,14,0.05,NONE,84
1,33.0,47,14,0.05,NONE,84
1,33.0,47,14,0.05,NONE,84
1,33.0,47,14,0.05,NONE,90
1,33.0,47,14,0.05,NONE,96
1,33.0,47,14,0.05,NONE,102
1,33.0,47,14,0.05,NONE,108
1,33.0,47,14,0.05,NONE,102
1,33.0,47,14,0.05,NONE,96
1,33.0,47,14,0.05,NONE,90
1,33.0,47,14,0.05,NONE,84
1,33.0,47,14,0.05,NONE,78
1,33.0,47,14,0.05,NONE,72
1,33.0,47,14,0.05,NONE,66
1,33.0,47,14,0.05,NONE,60
1,33.0,47,14,0.05,NONE,54
1,33.0,47,14,0.05,NONE,48
1,33.0,47,14,0.05,NONE,42
1,33.0,47,14,0.05,NONE,36
1,33.0,47,14,0.05,NONE,30
1,33.0,47,14,0.05,NONE,24
1,33.0,47,14,0.05,NONE,18
1,33.0,47,14,0.05,NONE,12
1,33.0,47,14,0.05,NONE,6
1,33.0,47,14,0.05,NONE,12
1,33.0,47,14,0.05,NONE,6
1,33.0,47,14,0.05,NONE,12
1,33.0,47,14,0.05,NONE,18
1,33.0,47,14,0.05,NONE,24
1,33.0,47,14,0.05,NONE,30
1,33.0,47,14,0.05,NONE,36
1,33.0,47,14,0.05,NONE,42
1,33.0,47,14,0.05,NONE,48
1,33.0,47,14,0.05,NONE,54
1,33.0,47,14,0.05,NONE,60
1,33.0,47,14,0.05,NONE,66
1,33.0,47,14,0.05,NONE,66
1,33.0,47,14,0.05,NONE,66
1,33.0,47,14,0.05,NONE,66
1,33.0,47,14,0.05,NONE,72
1,33.0,47,14,0.05,NONE,78
1,33.0,47,14,0.05,NONE,78
1,33.0,47,14,0.05,NONE,84
1,33.0,47,14,0.05,NONE,90
1,33.0,47,14,0.05,NONE,96
1,33.0,47,14,0.05,NONE,102
1,33.0,47,14,0.05,NONE,108
1,33.0,47,14,0.05,NONE,114
1,33.0,47,14,0.05,NONE,120
1,33.0,47,14,0.05,NONE,120
1,33.0,47,14,0.05,NONE,120
1,33.0,47,14,0.05,NONE,120
1,33.0,47,14,0.05,NONE,120
1,33.0,47,14,0.05,NONE,120
1,33.0,47,14,0.05,NONE,126
1,33.0,47,14,0.05,NONE,132
1,33.0,47,14,0.05,NONE,138
1,33.0,47,14,0.05,NONE,144
1,33.0,47,14,0.05,NONE,150
1,33.0,47,14,0.05,NONE,156
1,33.0,47,14,0.05,NONE,156
1,33.0,47,14,0.05,NONE,150
1,33.0,47,14,0.05,NONE,156
1,33.0,47,14,0.05,NONE,150
1,33.0,47,14,0.05,NONE,156
1,33.0,47,14,0.05,NONE,150
1,33.0,47,14,0.05,NONE,150
1,33.0,47,14,0.05,NONE,144
1,33.0,47,14,0.05,NONE,138
1,33.0,47,14,0.05,NONE,132
1,33.0,47,14,0.05,NONE,126
1,33.0,47,14,0.05,NONE,120
1,33.0,47,14,0.05,NONE,114
1,33.0,47,14,0.05,NONE,108
1,33.0,47,14,0.05,NONE,102
1,33.0,47,14,0.05,NONE,96
1,33.0,47,14,0.05,NONE,90
1,33.0,47,14,0.05,NONE,84
1,33.0,47,14,0.05,NONE,78
1,33.0,47,14,0.05,NONE,72
1,33.0,47,14,0.05,NONE,66
1,33.0,47,14,0.05,NONE,60
1,33.0,47,14,0.05,NONE,54
1,33.0,47,14,0.05,NONE,48
1,33.0,47,14,0.05,NONE,42
1,33.0,47,14,0.05,NONE,36
1,33.0,47,14,0.05,NONE,30
1,33.0,47,14,0.05,NONE,24
1,33.0,47,14,0.05,NONE,18
1,33.0,47,14,0.05,NONE,12
1,33.0,47,14,0.05,NONE,12
1,33.0,47,14,0.05,NONE,6
1,33.0,47,14,0.05,NONE,0
1,33.0,47,14,0.05,NONE,0
1,33.0,47,14,0.05,NONE,0
1,33.0,47,14,0.05,NONE,0
1,33.0,47,14,0.05,NONE,0
1,33.0,47,14,0.05,NONE,0
1,33.0,47,14,0.05,NONE,0
1,33.0,47,14,0.05,NONE,0
1,33.0,47,14,0.05,NONE,0
1,33.0,47,14,0.05,NONE,0
1,33.0,47,14,0.05,NONE,0
1,33.0,47,14,0.05,NONE,0
1,33.0,47,14,0.05,NONE,0
1,33.0,47,14,0.05,NONE,0
1,33.0,47,14,0.05,NONE,0
1,33.0,47,14,0.05,NONE,0
1,33.0,47,14,0.05,NONE,0
1,33.0,47,14,0.05,NONE,0
1,33.0,47,14,0.05,NONE,0
1,33.0,47,14,0.05,NONE,0
2,33.0,47,14,0.05,NONE,0
2,33.0,47,14,0.05,NONE,0
2,33.0,47,14,0.05,NONE,0
2,33.0,47,14,0.05,NONE,0
2,33.0,47,14,0.05,NONE,0
2,33.0,47,14,0.05,NONE,0
2,33.0,47,14,0.05,NONE,0
2,33.0,47,14,0.05,NONE,0
2,33.0,47,14,0.05,NONE,0
2,33.0,47,14,0.05,NONE,0
2,33.0,47,14,0.05,NONE,0
2,33.0,47,14,0.05,NONE,0
2,33.0,47,14,0.05,NONE,0
2,33.0,47,14,0.05,NONE,0
2,33.0,47,14,0.05,NONE,0
2,33.0,47,14,0.05,NONE,0
2,33.0,47,14,0.05,NONE,0
2,33.0,47,14,0.05,NONE,0
2,33.0,47,14,0.05,NONE,0
2,33.0,47,14,0.05,NONE,0
2,33.0,47,14,0.05,NONE,0
2,33.0,47,14,0.05,NONE,0
2,33.0,47,14,0.05,NONE,0
2,33.0,47,14,0.05,NONE,0
2,33.0,47,14,0.05,NONE,0
2,33.0,47,14,0.05,NONE,0
2,33.0,47,14,0.05,NONE,0
2,33.0,47,14,0.05,NONE,0
2,33.0,47,14,0.05,NONE,0
2,33.0,47,14,0.05,NONE,0
2,33.0,47,14,0.05,NONE,0
2,33.0,47,14,0.05,NONE,0
2,33.0,47,14,0.05,NONE,0
2,33.0,47,14,0.05,NONE,0
2,33.0,47,14,0.05,NONE,0
2,33.0,47,14,0.05,NONE,0
2,33.0,47,14,0.05,NONE,0
2,33.0,47,14,0.05,NONE,0
2,33.0,47,14,0.05,NONE,0
2,33.0,47,14,0.05,NONE,6
2,33.0,47,14,0.05,NONE,0
2,33.0,47,14,0.05,NONE,0
2,33.0,47,14,0.05,NONE,0
2,33.0,47,14,0.05,NONE,0
2,33.0,47,14,0.05,NONE,0
2,33.0,47,14,0.05,NONE,0
2,33.0,47,14,0.05,NONE,0
2,33.0,47,14,0.05,NONE,0
2,33.0,47,14,0.05,NONE,0
2,33.0,47,14,0.05,NONE,0
2,33.0,47,14,0.05,NONE,0
2,33.0,47,14,0.05,NONE,0
2,33.0,47,14,0.05,NONE,0
2,33.0,47,14,0.05,NONE,0
2,33.0,47,14,0.05,NONE,0
2,33.0,47,14,0.05,NONE,0
2,33.0,47,14,0.05,NONE,0
2,33.0,47,14,0.05,NONE,0
2,33.0,47,14,0.05,NONE,0
2,33.0,47,14,0.05,NONE,0
2,33.0,47,14,0.05,NONE,0
2,33.0,47,14,0.05,NONE,0
2,33.0,47,14,0.05,NONE,0
2,33.0,47,14,0.05,NONE,0
2,33.0,47,14,0.05,NONE,0
2,33.0,47,14,0.05,NONE,0
2,33.0,47,14,0.05,NONE,0
2,33.0,47,14,0.05,NONE,0
2,33.0,47,14,0.05,NONE,0
2,33.0,47,14,0.05,NONE,0
2,33.0,47,14,0.05,NONE,0
2,33.0,47,14,0.05,NONE,0
2,33.0,47,14,0.05,NONE,0
2,33.0,47,14,0.05,NONE,0
2,33.0,47,14,0.05,NONE,0
2,33.0,47,14,0.05,NONE,0
2,33.0,47,14,0.05,NONE,0
2,33.0,47,14,0.05,NONE,0
2,33.0,47,14,0.05,NONE,0
2,33.0,47,14,0.05,NONE,6
2,33.0,47,14,0.05,NONE,12
2,33.0,47,14,0.05,NONE,12
2,33.0,47,14,0.05,NONE,12
2,33.0,47,14,0.05,NONE,12
2,33.0,47,14,0.05,NONE,12
2,33.0,47,14,0.05,NONE,6
2,33.0,47,14,0.05,NONE,12
2,33.0,47,14,0.05,NONE,6
2,33.0,47,14,0.05,NONE,6
2,33.0,47,14,0.05,NONE,0
2,33.0,47,14,0.05,NONE,6
2,33.0,47,14,0.05,NONE,12
2,33.0,47,14,0.05,NONE,18
2,33.0,47,14,0.05,NONE,24
2,33.0,47,14,0.05,NONE,30
2,33.0,47,14,0.05,NONE,36
2,33.0,47,14,0.05,NONE,42
2,33.0,47,14,0.05,NONE,48
2,33.0,47,14,0.05,NONE,48
2,33.0,47,14,0.05,NONE,48
2,33.0,47,14,0.05,NONE,54
2,33.0,47,14,0.05,NONE,60
2,33.0,47,14,0.05,NONE,66
2,33.0,47,14,0.05,NONE,72
2,33.0,47,14,0.05,NONE,78
2,33.0,47,14,0.05,NONE,84
2,33.0,47,14,0.05,NONE,78
2,33.0,47,14,0.05,NONE,84
2,33.0,47,14,0.05,NONE,84
2,33.0,47,14,0.05,NONE,84
2,33.0,47,14,0.05,NONE,90
2,33.0,47,14,0.05,NONE,96
2,33.0,47,14,0.05,NONE,102
2,33.0,47,14,0.05,NONE,102
2,33.0,47,14,0.05,NONE,102
2,33.0,47,14,0.05,NONE,102
2,33.0,47,14,0.05,NONE,96
2,33.0,47,14,0.05,NONE,90
2,33.0,47,14,0.05,NONE,84
2,33.0,47,14,0.05,NONE,78
2,33.0,47,14,0.05,NONE,84
2,33.0,47,14,0.05,NONE,84
2,33.0,47,14,0.05,NONE,84
2,33.0,47,14,0.05,NONE,84
2,33.0,47,14,0.05,NONE,90
2,33.0,47,14,0.05,NONE,96
2,33.0,47,14,0.05,NONE,102
2,33.0,47,14,0.05,NONE,102
2,33.0,47,14,0.05,NONE,102
2,33.0,47,14,0.05,NONE,108
2,33.0,47,14,0.05,NONE,114
2,33.0,47,14,0.05,NONE,120
2,33.0,47,14,0.05,NONE,114
2,33.0,47,14,0.05,NONE,114
2,33.0,47,14,0.05,NONE,114
2,33.0,47,14,0.05,NONE,120
2,33.0,47,14,0.05,NONE,120
2,33.0,47,14,0.05,NONE,120
2,33.0,47,14,0.05,NONE,126
2,33.0,47,14,0.05,NONE,120
2,33.0,47,14,0.05,NONE,114
2,33.0,47,14,0.05,NONE,114
2,33.0,47,14,0.05,NONE,114
2,33.0,47,14,0.05,NONE,114
2,33.0,47,14,0.05,NONE,114
2,33.0,47,14,0.05,NONE,114
2,33.0,47,14,0.05,NONE,114
2,33.0,47,14,0.05,NONE,120
2,33.0,47,14,0.05,NONE,114
2,33.0,47,14,0.05,NONE,108
2,33.0,47,14,0.05,NONE,108
2,33.0,47,14,0.05,NONE,108
2,33.0,47,14,0.05,NONE,114
2,33.0,47,14,0.05,NONE,120
2,32.0,47,15,0.05,NONE,114
2,32.0,47,15,0.05,NONE,114
2,32.0,47,15,0.05,NONE,108
2,32.0,47,15,0.05,NONE,102
2,32.0,47,15,0.05,NONE,96
2,32.0,47,15,0.05,NONE,90
2,32.0,47,15,0.05,NONE,84
2,32.0,47,15,0.05,NONE,78
2,32.0,47,15,0.05,NONE,72
2,32.0,47,15,0.05,NONE,66
2,32.0,47,15,0.05,NONE,60
2,32.0,47,15,0.05,NONE,54
2,32.0,47,15,0.05,NONE,48
2,32.0,47,15,0.05,NONE,42
2,32.0,47,15,0.05,NONE,42
2,32.0,47,15,0.05,NONE,36
2,32.0,47,15,0.05,NONE,30
2,32.0,47,15,0.05,NONE,24
2,32.0,47,15,0.05,NONE,18
2,32.0,47,15,0.05,NONE,12
2,32.0,47,15,0.05,NONE,6
2,32.0,47,15,0.05,NONE,0
2,32.0,47,15,0.05,NONE,0
2,32.0,47,15,0.05,NONE,0
2,32.0,47,15,0.05,NONE,0
2,32.0,47,15,0.05,NONE,0
2,32.0,47,15,0.05,NONE,0
2,32.0,47,15,0.05,NONE,0
2,32.0,47,15,0.05,NONE,0
2,32.0,47,15,0.05,NONE,0
2,32.0,47,15,0.05,NONE,0
2,32.0,47,15,0.05,NONE,0
2,32.0,47,15,0.05,NONE,0
2,32.0,47,15,0.05,NONE,0
2,32.0,47,15,0.05,NONE,0
2,32.0,47,15,0.05,NONE,0
2,32.0,47,15,0.05,NONE,0
2,32.0,47,15,0.05,NONE,0
2,32.0,47,15,0.05,NONE,0
2,32.0,47,15,0.05,NONE,0
2,32.0,47,15,0.05,NONE,0
2,32.0,47,15,0.05,NONE,0
2,32.0,47,15,0.05,NONE,0
2,32.0,47,15,0.05,NONE,0
2,32.0,47,15,0.05,NONE,0
2,32.0,47,15,0.05,NONE,0
2,32.0,47,15,0.05,NONE,0
2,32.0,47,15,0.05,NONE,0
2,32.0,47,15,0.05,NONE,0
2,32.0,47,15,0.05,NONE,0
2,32.0,47,15,0.05,NONE,0
2,32.0,47,15,0.05,NONE,0
2,32.0,47,15,0.05,NONE,0
2,32.0,47,15,0.05,NONE,0
2,32.0,47,15,0.05,NONE,0
2,32.0,47,15,0.05,NONE,0
2,32.0,47,15,0.05,NONE,0
2,32.0,47,15,0.05,NONE,0
2,32.0,47,15,0.05,NONE,0
2,32.0,47,15,0.05,NONE,0
2,32.0,47,15,0.05,NONE,0
2,32.0,47,15,0.05,NONE,0
2,32.0,47,15,0.05,NONE,0
2,32.0,47,15,0.05,NONE,0
2,32.0,47,15,0.05,NONE,0
2,32.0,47,15,0.05,NONE,0
2,32.0,47,15,0.05,NONE,0
2,32.0,47,15,0.05,NONE,0
2,32.0,47,15,0.05,NONE,0
2,32.0,47,15,0.05,NONE,0
2,32.0,47,15,0.05,NONE,0
2,32.0,47,15,0.05,NONE,0
2,32.0,47,15,0.05,NONE,0
2,32.0,47,15,0.05,NONE,6
2,32.0,47,15,0.05,NONE,0
2,32.0,47,15,0.05,NONE,0
2,32.0,47,15,0.05,NONE,0
2,32.0,47,15,0.05,NONE,0
2,32.0,47,15,0.05,NONE,0
2,32.0,47,15,0.05,NONE,0
2,32.0,47,15,0.05,NONE,0
2,32.0,47,15,0.05,NONE,0
2,32.0,47,15,0.05,NONE,0
2,32.0,47,15,0.05,NONE,0
2,32.0,47,15,0.05,NONE,0
2,32.0,47,15,0.05,NONE,0
2,32.0,47,15,0.05,NONE,0
2,32.0,47,15,0.05,NONE,0
2,32.0,47,15,0.05,NONE,0
2,32.0,47,15,0.05,NONE,0
2,32.0,47,15,0.05,NONE,0
2,32.0,47,15,0.05,NONE,0
2,32.0,47,15,0.05,NONE,0
2,32.0,47,15,0.05,NONE,0
2,32.0,47,15,0.05,NONE,0
2,32.0,47,15,0.05,NONE,0
2,32.0,47,15,0.05,NONE,0
2,32.0,47,15,0.05,NONE,0
2,32.0,47,15,0.05,NONE,0
2,32.0,47,15,0.05,NONE,0
2,32.0,47,15,0.05,NONE,0
2,32.0,47,15,0.05,NONE,0
2,32.0,47,15,0.05,NONE,0
2,32.0,47,15,0.05,NONE,0
2,32.0,47,15,0.05,NONE,0
2,32.0,47,15,0.05,NONE,0
2,32.0,47,15,0.05,NONE,0
2,32.0,47,15,0.05,NONE,0
2,32.0,47,15,0.05,NONE,0
2,32.0,47,15,0.05,NONE,0
2,32.0,47,15,0.05,NONE,0
2,32.0,47,15,0.05,NONE,0
2,32.0,47,15,0.05,NONE,0
2,32.0,47,15,0.05,NONE,0
2,32.0,47,15,0.05,NONE,6
2,32.0,47,15,0.05,NONE,12
2,32.0,47,15,0.05,NONE,6
2,32.0,47,15,0.05,NONE,0
2,32.0,47,15,0.05,NONE,0
2,32.0,47,15,0.05,NONE,0
2,32.0,47,15,0.05,NONE,0
2,32.0,47,15,0.05,NONE,0
2,32.0,47,15,0.05,NONE,0
2,32.0,47,15,0.05,NONE,0
2,32.0,47,15,0.05,NONE,0
2,32.0,47,15,0.05,NONE,0
2,32.0,47,15,0.05,NONE,0
2,32.0,47,15,0.05,NONE,0
2,32.0,47,15,0.05,NONE,0
2,32.0,47,15,0.05,NONE,0
2,32.0,47,15,0.05,NONE,0
2,32.0,47,15,0.05,NONE,0
2,32.0,47,15,0.05,NONE,0
2,32.0,47,15,0.05,NONE,0
2,32.0,47,15,0.05,NONE,0
2,32.0,47,15,0.05,NONE,0
2,32.0,47,15,0.05,NONE,0
2,32.0,47,15,0.05,NONE,0
2,32.0,47,15,0.05,NONE,0
2,32.0,47,15,0.05,NONE,0
2,32.0,47,15,0.05,NONE,0
2,32.0,47,15,0.05,NONE,0
2,32.0,47,15,0.05,NONE,0
2,32.0,47,15,0.05,NONE,0
2,32.0,47,15,0.05,NONE,0
2,32.0,47,15,0.05,NONE,0
2,32.0,47,15,0.05,NONE,0
2,32.0,47,15,0.05,NONE,0
2,32.0,47,15,0.05,NONE,0
2,32.0,47,15,0.05,NONE,0
2,32.0,47,15,0.05,NONE,0
2,32.0,47,15,0.05,NONE,0
2,32.0,47,15,0.05,NONE,0
2,32.0,47,15,0.05,NONE,0
2,32.0,47,15,0.05,NONE,0
2,32.0,47,15,0.05,NONE,0
2,32.0,47,15,0.05,NONE,0
2,32.0,47,15,0.05,NONE,0
2,32.0,47,15,0.05,NONE,0
2,32.0,47,15,0.05,NONE,6
2,32.0,47,15,0.05,NONE,0
2,32.0,47,15,0.05,NONE,0
2,32.0,47,15,0.05,NONE,0
2,32.0,47,15,0.05,NONE,0
2,32.0,47,15,0.05,NONE,0
2,32.0,47,15,0.05,NONE,0
2,32.0,47,15,0.05,NONE,0
2,32.0,47,15,0.05,NONE,0
2,32.0,47,15,0.05,NONE,0
2,32.0,47,15,0.05,NONE,0
2,32.0,47,15,0.05,NONE,0
2,32.0,47,15,0.05,NONE,0
2,32.0,47,15,0.05,NONE,0
2,32.0,47,15,0.05,NONE,0
2,32.0,47,15,0.05,NONE,0
2,32.0,47,15,0.05,NONE,0
2,32.0,47,15,0.05,NONE,0
2,32.0,47,15,0.05,NONE,0
2,32.0,47,15,0.05,NONE,0
2,32.0,47,15,0.05,NONE,0
2,32.0,47,15,0.05,NONE,0
2,32.0,47,15,0.05,NONE,0
2,32.0,47,15,0.05,NONE,0
2,32.0,47,15,0.05,NONE,0
2,32.0,47,15,0.05,NONE,0
2,32.0,47,15,0.05,NONE,0
2,32.0,47,15,0.05,NONE,0
2,32.0,47,15,0.05,NONE,6
2,32.0,47,15,0.05,NONE,12
2,32.0,47,15,0.05,NONE,18
2,32.0,47,15,0.05,NONE,24
2,32.0,47,15,0.05,NONE,24
2,32.0,47,15,0.05,NONE,30
2,32.0,47,15,0.05,NONE,36
2,32.0,47,15,0.05,NONE,42
2,32.0,47,15,0.05,NONE,48
2,32.0,47,15,0.05,NONE,48
2,32.0,47,15,0.05,NONE,48
2,32.0,47,15,0.05,NONE,48
2,32.0,47,15,0.05,NONE,54
2,32.0,47,15,0.05,NONE,60
2,32.0,47,15,0.05,NONE,66
2,32.0,47,15,0.05,NONE,72
2,32.0,47,15,0.05,NONE,78
2,32.0,47,15,0.05,NONE,84
2,32.0,47,15,0.05,NONE,84
2,32.0,47,15,0.05,NONE,84
2,32.0,47,15,0.05,NONE,84
2,32.0,47,15,0.05,NONE,90
2,32.0,47,15,0.05,NONE,96
2,32.0,47,15,0.05,NONE,102
2,32.0,47,15,0.05,NONE,102
2,32.0,47,15,0.05,NONE,102
2,32.0,47,15,0.05,NONE,96
2,32.0,47,15,0.05,NONE,90
2,32.0,47,15,0.05,NONE,84
2,32.0,47,15,0.05,NONE,90
2,32.0,47,15,0.05,NONE,90
2,32.0,47,15,0.05,NONE,90
2,32.0,47,15,0.05,NONE,90
2,32.0,47,15,0.05,NONE,84
2,32.0,47,15,0.05,NONE,78
2,32.0,47,15,0.05,NONE,84
2,32.0,47,15,0.05,NONE,90
2,32.0,47,15,0.05,NONE,96
2,32.0,47,15,0.05,NONE,102
2,32.0,47,15,0.05,NONE,108
2,32.0,47,15,0.05,NONE,114
2,32.0,47,15,0.05,NONE,120
2,32.0,47,15,0.05,NONE,126
2,32.0,47,15,0.05,NONE,126
2,32.0,47,15,0.05,NONE,126
2,32.0,47,15,0.05,NONE,126
2,32.0,47,15,0.05,NONE,126
2,32.0,47,15,0.05,NONE,126
2,32.0,47,15,0.05,NONE,120
2,32.0,47,15,0.05,NONE,114
2,32.0,47,15,0.05,NONE,114
2,32.0,47,15,0.05,NONE,114
2,32.0,47,15,0.05,NONE,114
2,32.0,47,15,0.05,NONE,114
2,32.0,47,15,0.05,NONE,114
2,32.0,47,15,0.05,NONE,114
2,32.0,47,15,0.05,NONE,114
2,32.0,47,15,0.05,NONE,114
2,32.0,47,15,0.05,NONE,114
2,32.0,47,15,0.05,NONE,120
2,32.0,47,15,0.05,NONE,114
2,32.0,47,15,0.05,NONE,114
2,32.0,47,15,0.05,NONE,114
2,32.0,47,15,0.05,NONE,114
2,32.0,47,15,0.05,NONE,114
2,32.0,47,15,0.05,NONE,114
2,32.0,47,15,0.05,NONE,114
2,32.0,47,15,0.05,NONE,114
2,32.0,47,15,0.05,NONE,114
2,32.0,47,15,0.05,NONE,114
2,32.0,47,15,0.05,NONE,114
2,32.0,47,15,0.05,NONE,108
2,32.0,47,15,0.05,NONE,102
2,32.0,47,15,0.05,NONE,96
2,32.0,47,15,0.05,NONE,90
2,32.0,47,15,0.05,NONE,84
2,32.0,47,15,0.05,NONE,78
2,32.0,47,15,0.05,NONE,78
2,32.0,47,15,0.05,NONE,78
2,32.0,47,15,0.05,NONE,78
2,32.0,47,15,0.05,NONE,78
2,32.0,47,15,0.05,NONE,84
2,32.0,47,15,0.05,NONE,78
2,32.0,47,15,0.05,NONE,72
2,32.0,47,15,0.05,NONE,66
2,32.0,47,15,0.05,NONE,60
2,32.0,47,15,0.05,NONE,54
2,32.0,47,15,0.05,NONE,48
2,32.0,47,15,0.05,NONE,42
2,32.0,47,15,0.05,NONE,36
2,32.0,47,15,0.05,NONE,36
2,32.0,47,15,0.05,NONE,30
2,32.0,47,15,0.05,NONE,24
2,32.0,47,15,0.05,NONE,18
2,32.0,47,15,0.05,NONE,12
2,32.0,47,15,0.05,NONE,18
2,32.0,47,15,0.05,NONE,12
2,32.0,47,15,0.05,NONE,6
2,32.0,47,15,0.05,NONE,0
2,32.0,47,15,0.05,NONE,0
2,32.0,47,15,0.05,NONE,0
2,32.0,47,15,0.05,NONE,0
2,32.0,47,15,0.05,NONE,0
2,32.0,47,15,0.05,NONE,0
2,32.0,47,15,0.05,NONE,0
2,32.0,47,15,0.05,NONE,0
2,32.0,47,15,0.05,NONE,0
2,32.0,47,15,0.05,NONE,0
2,32.0,47,15,0.05,NONE,0
2,32.0,47,15,0.05,NONE,0
2,32.0,47,15,0.05,NONE,0
2,32.0,47,15,0.05,NONE,0
2,32.0,47,15,0.05,NONE,0
2,32.0,47,15,0.05,NONE,0
2,32.0,47,15,0.05,NONE,0
2,32.0,47,15,0.05,NONE,0
2,32.0,47,15,0.05,NONE,0
2,32.0,47,15,0.05,NONE,0
2,32.0,47,15,0.05,NONE,0
2,32.0,47,15,0.05,NONE,0
2,32.0,47,15,0.05,NONE,0
2,32.0,47,15,0.05,NONE,0
2,32.0,47,15,0.05,NONE,0
2,32.0,47,15,0.05,NONE,0
2,32.0,47,15,0.05,NONE,0
2,32.0,47,15,0.05,NONE,0
2,32.0,47,15,0.05,NONE,0
2,32.0,47,15,0.05,NONE,0
2,32.0,47,15,0.05,NONE,0
2,32.0,47,15,0.05,NONE,0
2,32.0,47,15,0.05,NONE,0
2,32.0,47,15,0.05,NONE,0
2,32.0,47,15,0.05,NONE,0
2,32.0,47,15,0.05,NONE,0
2,32.0,47,15,0.05,NONE,0
2,32.0,47,15,0.05,NONE,0
2,32.0,47,15,0.05,NONE,0
2,32.0,47,15,0.05,NONE,0
2,32.0,47,15,0.05,NONE,0
2,32.0,47,15,0.05,NONE,0
2,32.0,47,15,0.05,NONE,0
2,32.0,47,15,0.05,NONE,0
2,32.0,47,15,0.05,NONE,0
2,32.0,47,15,0.05,NONE,0
2,32.0,47,15,0.05,NONE,0
2,32.0,47,15,0.05,NONE,0
2,32.0,47,15,0.05,NONE,0
2,32.0,47,15,0.05,NONE,0
2,32.0,47,15,0.05,NONE,0
2,32.0,47,15,0.05,NONE,0
2,32.0,47,15,0.05,NONE,0
2,32.0,47,15,0.05,NONE,0
2,32.0,47,15,0.05,NONE,0
2,32.0,47,15,0.05,NONE,0
2,32.0,47,15,0.05,NONE,0
2,32.0,47,15,0.05,NONE,0
2,32.0,47,15,0.05,NONE,0
2,32.0,47,15,0.05,NONE,0
2,32.0,47,15,0.05,NONE,0
2,32.0,47,15,0.05,NONE,0
2,32.0,47,15,0.05,NONE,0
2,32.0,47,15,0.05,NONE,0
2,32.0,47,15,0.05,NONE,0
2,32.0,47,15,0.05,NONE,0
2,32.0,47,15,0.05,NONE,0
2,32.0,47,15,0.05,NONE,0
2,32.0,47,15,0.05,NONE,0
2,32.0,47,15,0.05,NONE,0
2,32.0,47,15,0.05,NONE,0
2,32.0,47,15,0.05,NONE,0
2,32.0,47,15,0.05,NONE,0
2,32.0,47,15,0.05,NONE,0
2,32.0,47,15,0.05,NONE,0
2,32.0,47,15,0.05,NONE,0
2,32.0,47,15,0.05,NONE,6
2,32.0,47,15,0.05,NONE,12
2,32.0,47,15,0.05,NONE,18
2,32.0,47,15,0.05,NONE,24
2,32.0,47,15,0.05,NONE,18
2,32.0,47,15,0.05,NONE,12
2,32.0,47,15,0.05,NONE,6
2,32.0,47,15,0.05,NONE,12
2,32.0,47,15,0.05,NONE,18
2,32.0,47,15,0.05,NONE,24
2,32.0,47,15,0.05,NONE,30
2,32.0,47,15,0.05,NONE,36
2,32.0,47,15,0.05,NONE,42
2,32.0,47,15,0.05,NONE,48
2,32.0,47,15,0.05,NONE,48
2,32.0,47,15,0.05,NONE,48
2,32.0,47,15,0.05,NONE,48
2,32.0,47,15,0.05,NONE,54
2,32.0,47,15,0.05,NONE,60
2,32.0,47,15,0.05,NONE,66
2,32.0,47,15,0.05,NONE,66
2,32.0,47,15,0.05,NONE,66
2,32.0,47,15,0.05,NONE,66
2,32.0,47,15,0.05,NONE,66
2,32.0,47,15,0.05,NONE,66
2,32.0,47,15,0.05,NONE,66
2,32.0,47,15,0.05,NONE,66
2,32.0,47,15,0.05,NONE,66
2,32.0,47,15,0.05,NONE,60
2,32.0,47,15,0.05,NONE,54
2,32.0,47,15,0.05,NONE,48
2,32.0,47,15,0.05,NONE,48
2,32.0,47,15,0.05,NONE,48
2,32.0,47,15,0.05,NONE,48
2,32.0,47,15,0.05,NONE,42
2,32.0,47,15,0.05,NONE,48
2,32.0,47,15,0.05,NONE,54
2,32.0,47,15,0.05,NONE,60
2,32.0,47,15,0.05,NONE,60
2,32.0,47,15,0.05,NONE,60
2,32.0,47,15,0.05,NONE,60
2,32.0,47,15,0.05,NONE,66
2,32.0,47,15,0.05,NONE,72
2,32.0,47,15,0.05,NONE,78
2,32.0,47,15,0.05,NONE,84
2,32.0,47,15,0.05,NONE,90
2,32.0,47,15,0.05,NONE,96
2,32.0,47,15,0.05,NONE,90
2,32.0,47,15,0.05,NONE,84
2,32.0,47,15,0.05,NONE,78
2,32.0,47,15,0.05,NONE,84
2,32.0,47,15,0.05,NONE,84
2,32.0,47,15,0.05,NONE,84
2,32.0,47,15,0.05,NONE,90
2,32.0,47,15,0.05,NONE,96
2,32.0,47,15,0.05,NONE,102
2,32.0,47,15,0.05,NONE,102
2,32.0,47,15,0.05,NONE,102
2,32.0,47,15,0.05,NONE,108
2,32.0,47,15,0.05,NONE,108
2,32.0,47,15,0.05,NONE,108
2,32.0,47,15,0.05,NONE,108
2,32.0,47,15,0.05,NONE,114
2,32.0,47,15,0.05,NONE,120
2,32.0,47,15,0.05,NONE,126
2,32.0,47,15,0.05,NONE,120
2,32.0,47,15,0.05,NONE,114
2,32.0,47,15,0.05,NONE,120
2,32.0,47,15,0.05,NONE,120
2,32.0,47,15,0.05,NONE,120
2,32.0,47,15,0.05,NONE,120
2,32.0,47,15,0.05,NONE,120
2,32.0,47,15,0.05,NONE,120
2,32.0,47,15,0.05,NONE,120
2,32.0,47,15,0.05,NONE,120
2,32.0,47,15,0.05,NONE,120
2,32.0,47,15,0.05,NONE,120
2,32.0,47,15,0.05,NONE,120
2,32.0,47,15,0.05,NONE,120
2,32.0,47,15,0.05,NONE,120
2,32.0,47,15,0.05,NONE,120
2,32.0,47,15,0.05,NONE,120
2,33.0,48,15,0.05,NONE,120
2,34.0,49,15,0.05,NONE,120
2,35.0,50,15,0.05,NONE,120
2,36.0,51,15,0.05,NONE,120
2,37.0,52,15,0.05,NONE,120
2,38.0,53,15,0.05,NONE,120
2,39.0,54,15,0.05,NONE,120
2,40.0,55,15,0.05,NONE,120
2,41.0,56,15,0.05,NONE,120
2,42.0,57,15,0.05,NONE,120
2,43.0,58,15,0.05,NONE,120
2,44.0,59,15,0.05,NONE,120
2,45.0,60,15,0.05,NONE,126
2,46.0,61,15,0.05,NONE,132
2,47.0,62,15,0.05,NONE,138
2,48.0,63,15,0.05,NONE,144
2,49.0,64,15,0.05,NONE,150
2,50.0,65,15,0.05,NONE,156
2,51.0,66,15,0.05,NONE,150
2,52.0,67,15,0.05,NONE,156
2,53.0,68,15,0.05,NONE,150
2,54.0,69,15,0.05,NONE,156
2,55.0,70,15,0.05,NONE,150
2,56.0,71,15,0.05,NONE,156
2,57.0,72,15,0.05,NONE,150
2,58.0,73,15,0.05,NONE,156
2,59.0,74,15,0.05,NONE,150
2,60.0,75,15,0.05,NONE,156
2,61.0,76,15,0.05,NONE,150
2,62.0,77,15,0.05,NONE,156
2,63.0,78,15,0.05,NONE,150
2,64.0,79,15,0.05,NONE,156
2,65.0,80,15,0.05,NONE,150
2,65.0,80,15,0.05,NONE,156
2,66.0,81,15,0.05,NONE,150
2,66.0,81,15,0.05,NONE,156
2,66.0,81,15,0.05,NONE,156
2,66.0,81,15,0.05,NONE,150
2,66.0,81,15,0.05,NONE,144
2,66.0,81,15,0.05,NONE,138
2,67.0,82,15,0.05,NONE,132
2,68.0,83,15,0.05,NONE,126
2,68.0,83,15,0.05,NONE,132
2,68.0,83,15,0.05,NONE,126
2,69.0,84,15,0.05,NONE,120
2,70.0,85,15,0.05,NONE,114
2,70.0,85,15,0.05,NONE,120
2,70.0,85,15,0.05,NONE,114
2,70.0,85,15,0.05,NONE,108
2,70.0,85,15,0.05,NONE,102
2,70.0,85,15,0.05,NONE,96
2,70.0,85,15,0.05,NONE,90
2,70.0,85,15,0.05,NONE,84
2,70.0,85,15,0.05,NONE,78
2,70.0,85,15,0.05,NONE,72
2,70.0,85,15,0.05,NONE,66
2,69.0,85,16,0.05,NONE,60
2,69.0,85,16,0.05,NONE,66
2,69.0,85,16,0.05,NONE,60
2,69.0,85,16,0.05,NONE,54
2,69.0,85,16,0.05,NONE,48
2,69.0,85,16,0.05,NONE,42
2,69.0,85,16,0.05,NONE,36
2,69.0,85,16,0.05,NONE,30
2,69.0,85,16,0.05,NONE,24
2,69.0,85,16,0.05,NONE,18
2,69.0,85,16,0.05,NONE,12
2,69.0,85,16,0.05,NONE,6
2,69.0,85,16,0.05,NONE,0
2,69.0,85,16,0.05,NONE,0
2,69.0,85,16,0.05,NONE,0
2,69.0,85,16,0.05,NONE,0
2,69.0,85,16,0.05,NONE,0
2,69.0,85,16,0.05,NONE,0
2,69.0,85,16,0.05,NONE,0
2,69.0,85,16,0.05,NONE,0
2,69.0,85,16,0.05,NONE,0
2,69.0,85,16,0.05,NONE,0
2,69.0,85,16,0.05,NONE,0
2,69.0,85,16,0.05,NONE,0
2,69.0,85,16,0.05,NONE,0
2,69.0,85,16,0.05,NONE,0
2,69.0,85,16,0.05,NONE,0
2,69.0,85,16,0.05,NONE,0
2,69.0,85,16,0.05,NONE,0
2,69.0,85,16,0.05,NONE,0
2,69.0,85,16,0.05,NONE,0
2,69.0,85,16,0.05,NONE,0
2,69.0,85,16,0.05,NONE,0
2,69.0,85,16,0.05,NONE,0
2,69.0,85,16,0.05,NONE,0
2,69.0,85,16,0.05,NONE,0
2,69.0,85,16,0.05,NONE,0
2,69.0,85,16,0.05,NONE,6
2,69.0,85,16,0.05,NONE,0
2,69.0,85,16,0.05,NONE,0
2,69.0,85,16,0.05,NONE,0
2,69.0,85,16,0.05,NONE,0
2,69.0,85,16,0.05,NONE,0
2,69.0,85,16,0.05,NONE,0
2,69.0,85,16,0.05,NONE,0
2,69.0,85,16,0.05,NONE,0
2,69.0,85,16,0.05,NONE,0
2,69.0,85,16,0.05,NONE,0
2,69.0,85,16,0.05,NONE,0
2,69.0,85,16,0.05,NONE,0
2,69.0,85,16,0.05,NONE,0
2,69.0,85,16,0.05,NONE,0
2,69.0,85,16,0.05,NONE,0
2,69.0,85,16,0.05,NONE,0
2,69.0,85,16,0.05,NONE,0
2,69.0,85,16,0.05,NONE,0
2,69.0,85,16,0.05,NONE,0
2,69.0,85,16,0.05,NONE,0
2,69.0,85,16,0.05,NONE,0
2,69.0,85,16,0.05,NONE,0
2,69.0,85,16,0.05,NONE,0
2,69.0,85,16,0.05,NONE,0
2,69.0,85,16,0.05,NONE,0
2,69.0,85,16,0.05,NONE,0
2,69.0,85,16,0.05,NONE,0
2,69.0,85,16,0.05,NONE,0
2,69.0,85,16,0.05,NONE,0
2,69.0,85,16,0.05,NONE,0
2,69.0,85,16,0.05,NONE,0
2,69.0,85,16,0.05,NONE,0
2,69.0,85,16,0.05,NONE,0
2,69.0,85,16,0.05,NONE,0
2,69.0,85,16,0.05,NONE,0
2,69.0,85,16,0.05,NONE,0
2,69.0,85,16,0.05,NONE,0
2,69.0,85,16,0.05,NONE,0
2,69.0,85,16,0.05,NONE,0
2,69.0,85,16,0.05,NONE,0
2,69.0,85,16,0.05,NONE,0
2,69.0,85,16,0.05,NONE,0
2,69.0,85,16,0.05,NONE,0
2,69.0,85,16,0.05,NONE,0
2,69.0,85,16,0.05,NONE,0
2,69.0,85,16,0.05,NONE,0
2,69.0,85,16,0.05,NONE,0
2,69.0,85,16,0.05,NONE,0
2,69.0,85,16,0.05,NONE,0
2,69.0,85,16,0.05,NONE,0
2,69.0,85,16,0.05,NONE,0
2,69.0,85,16,0.05,NONE,0
2,69.0,85,16,0.05,NONE,0
2,69.0,85,16,0.05,NONE,0
2,69.0,85,16,0.05,NONE,0
2,69.0,85,16,0.05,NONE,0
2,69.0,85,16,0.05,NONE,0
2,69.0,85,16,0.05,NONE,0
2,69.0,85,16,0.05,NONE,0
2,69.0,85,16,0.05,NONE,0
2,69.0,85,16,0.05,NONE,0
2,69.0,85,16,0.05,NONE,0
2,69.0,85,16,0.05,NONE,0
2,69.0,85,16,0.05,NONE,0
2,69.0,85,16,0.05,NONE,0
2,69.0,85,16,0.05,NONE,0
2,69.0,85,16,0.05,NONE,0
2,69.0,85,16,0.05,NONE,0
2,69.0,85,16,0.05,NONE,0
2,69.0,85,16,0.05,NONE,0
2,69.0,85,16,0.05,NONE,0
2,69.0,85,16,0.05,NONE,0
2,69.0,85,16,0.05,NONE,0
2,69.0,85,16,0.05,NONE,0
2,69.0,85,16,0.05,NONE,0
2,69.0,85,16,0.05,NONE,0
2,69.0,85,16,0.05,NONE,0
2,69.0,85,16,0.05,NONE,0
2,69.0,85,16,0.05,NONE,0
2,69.0,85,16,0.05,NONE,0
2,69.0,85,16,0.05,NONE,0
2,69.0,85,16,0.05,NONE,0
2,69.0,85,16,0.05,NONE,0
2,69.0,85,16,0.05,NONE,0
2,69.0,85,16,0.05,NONE,0
2,69.0,85,16,0.05,NONE,0
2,69.0,85,16,0.05,NONE,0
2,69.0,85,16,0.05,NONE,0
2,69.0,85,16,0.05,NONE,0
2,69.0,85,16,0.05,NONE,0
2,69.0,85,16,0.05,NONE,0
2,69.0,85,16,0.05,NONE,0
2,69.0,85,16,0.05,NONE,0
2,69.0,85,16,0.05,NONE,0
2,69.0,85,16,0.05,NONE,0
2,69.0,85,16,0.05,NONE,0
2,69.0,85,16,0.05,NONE,0
2,69.0,85,16,0.05,NONE,0
2,69.0,85,16,0.05,NONE,0
2,69.0,85,16,0.05,NONE,0
2,69.0,85,16,0.05,NONE,0
2,69.0,85,16,0.05,NONE,0
2,69.0,85,16,0.05,NONE,0
2,69.0,85,16,0.05,NONE,0
2,69.0,85,16,0.05,NONE,0
2,69.0,85,16,0.05,NONE,0
2,69.0,85,16,0.05,NONE,0
2,69.0,85,16,0.05,NONE,0
2,69.0,85,16,0.05,NONE,0
2,69.0,85,16,0.05,NONE,0
2,69.0,85,16,0.05,NONE,0
2,69.0,85,16,0.05,NONE,0
2,69.0,85,16,0.05,NONE,6
2,69.0,85,16,0.05,NONE,12
2,69.0,85,16,0.05,NONE,18
2,69.0,85,16,0.05,NONE,24
2,69.0,85,16,0.05,NONE,30
2,69.0,85,16,0.05,NONE,36
2,69.0,85,16,0.05,NONE,42
2,69.0,85,16,0.05,NONE,48
2,69.0,85,16,0.05,NONE,42
2,69.0,85,16,0.05,NONE,48
2,69.0,85,16,0.05,NONE,48
2,69.0,85,16,0.05,NONE,48
2,69.0,85,16,0.05,NONE,48
2,69.0,85,16,0.05,NONE,54
2,69.0,85,16,0.05,NONE,60
2,69.0,85,16,0.05,NONE,60
2,69.0,85,16,0.05,NONE,66
2,69.0,85,16,0.05,NONE,72
2,69.0,85,16,0.05,NONE,66
2,69.0,85,16,0.05,NONE,72
2,69.0,85,16,0.05,NONE,78
2,69.0,85,16,0.05,NONE,72
2,69.0,85,16,0.05,NONE,66
2,69.0,85,16,0.05,NONE,60
2,69.0,85,16,0.05,NONE,66
2,69.0,85,16,0.05,NONE,66
2,69.0,85,16,0.05,NONE,66
2,69.0,85,16,0.05,NONE,66
2,69.0,85,16,0.05,NONE,66
2,69.0,85,16,0.05,NONE,66
2,69.0,85,16,0.05,NONE,66
2,69.0,85,16,0.05,NONE,66
2,69.0,85,16,0.05,NONE,66
2,69.0,85,16,0.05,NONE,66
2,69.0,85,16,0.05,NONE,66
2,69.0,85,16,0.05,NONE,66
2,69.0,85,16,0.05,NONE,66
2,69.0,85,16,0.05,NONE,66
2,69.0,85,16,0.05,NONE,66
2,69.0,85,16,0.05,NONE,66
2,69.0,85,16,0.05,NONE,72
2,69.0,85,16,0.05,NONE,78
2,69.0,85,16,0.05,NONE,84
2,69.0,85,16,0.05,NONE,90
2,69.0,85,16,0.05,NONE,96
2,69.0,85,16,0.05,NONE,96
2,69.0,85,16,0.05,NONE,96
2,69.0,85,16,0.05,NONE,96
2,69.0,85,16,0.05,NONE,102
2,69.0,85,16,0.05,NONE,102
2,69.0,85,16,0.05,NONE,102
2,69.0,85,16,0.05,NONE,102
2,69.0,85,16,0.05,NONE,102
2,69.0,85,16,0.05,NONE,108
2,69.0,85,16,0.05,NONE,108
2,69.0,85,16,0.05,NONE,108
2,69.0,85,16,0.05,NONE,108
2,69.0,85,16,0.05,NONE,108
2,69.0,85,16,0.05,NONE,108
2,69.0,85,16,0.05,NONE,108
2,69.0,85,16,0.05,NONE,108
2,69.0,85,16,0.05,NONE,114
2,69.0,85,16,0.05,NONE,120
2,69.0,85,16,0.05,NONE,126
2,69.0,85,16,0.05,NONE,132
2,69.0,85,16,0.05,NONE,138
2,69.0,85,16,0.05,NONE,138
2,69.0,85,16,0.05,NONE,138
2,69.0,85,16,0.05,NONE,132
2,69.0,85,16,0.05,NONE,138
2,69.0,85,16,0.05,NONE,144
2,69.0,85,16,0.05,NONE,144
2,69.0,85,16,0.05,NONE,144
2,69.0,85,16,0.05,NONE,144
2,69.0,85,16,0.05,NONE,144
2,69.0,85,16,0.05,NONE,144
2,69.0,85,16,0.05,NONE,144
2,69.0,85,16,0.05,NONE,144
2,69.0,85,16,0.05,NONE,144
2,69.0,85,16,0.05,NONE,144
2,69.0,85,16,0.05,NONE,144
2,69.0,85,16,0.05,NONE,144
2,69.0,85,16,0.05,NONE,144
2,69.0,85,16,0.05,NONE,144
2,69.0,85,16,0.05,NONE,144
2,69.0,85,16,0.05,NONE,144
2,69.0,85,16,0.05,NONE,144
2,69.0,85,16,0.05,NONE,144
2,69.0,85,16,0.05,NONE,144
2,69.0,85,16,0.05,NONE,144
2,69.0,85,16,0.05,NONE,144
2,69.0,85,16,0.05,NONE,144
2,69.0,85,16,0.05,NONE,144
2,69.0,85,16,0.05,NONE,144
2,69.0,85,16,0.05,NONE,144
2,69.0,85,16,0.05,NONE,144
2,69.0,85,16,0.05,NONE,150
2,69.0,85,16,0.05,NONE,156
2,69.0,85,16,0.05,NONE,150
2,69.0,85,16,0.05,NONE,156
2,69.0,85,16,0.05,NONE,150
2,69.0,85,16,0.05,NONE,156
2,69.0,85,16,0.05,NONE,150
2,69.0,85,16,0.05,NONE,156
2,69.0,85,16,0.05,NONE,150
2,69.0,85,16,0.05,NONE,156
2,69.0,85,16,0.05,NONE,150
2,69.0,85,16,0.05,NONE,156
2,69.0,85,16,0.05,NONE,150
2,69.0,85,16,0.05,NONE,144
2,69.0,85,16,0.05,NONE,138
2,69.0,85,16,0.05,NONE,132
2,69.0,85,16,0.05,NONE,126
2,69.0,85,16,0.05,NONE,120
2,69.0,85,16,0.05,NONE,114
2,69.0,85,16,0.05,NONE,108
2,69.0,85,16,0.05,NONE,102
2,69.0,85,16,0.05,NONE,96
2,69.0,85,16,0.05,NONE,90
2,69.0,85,16,0.05,NONE,84
2,69.0,85,16,0.05,NONE,78
2,69.0,85,16,0.05,NONE,72
2,69.0,85,16,0.05,NONE,72
2,69.0,85,16,0.05,NONE,66
2,69.0,85,16,0.05,NONE,66
2,69.0,85,16,0.05,NONE,60
2,69.0,85,16,0.05,NONE,54
2,69.0,85,16,0.05,NONE,48
2,69.0,85,16,0.05,NONE,42
2,69.0,85,16,0.05,NONE,36
2,69.0,85,16,0.05,NONE,30
2,69.0,85,16,0.05,NONE,24
2,69.0,85,16,0.05,NONE,18
2,69.0,85,16,0.05,NONE,12
2,69.0,85,16,0.05,NONE,6
2,69.0,85,16,0.05,NONE,0
2,69.0,85,16,0.05,NONE,0
2,69.0,85,16,0.05,NONE,0
2,69.0,85,16,0.05,NONE,0
2,69.0,85,16,0.05,NONE,0
2,69.0,85,16,0.05,NONE,0
2,69.0,85,16,0.05,NONE,0
2,69.0,85,16,0.05,NONE,0
2,69.0,85,16,0.05,NONE,0
2,69.0,85,16,0.05,NONE,0
2,69.0,85,16,0.05,NONE,0
2,69.0,85,16,0.05,NONE,0
2,69.0,85,16,0.05,NONE,0
2,69.0,85,16,0.05,NONE,0
2,69.0,85,16,0.05,NONE,0
2,69.0,85,16,0.05,NONE,0
2,69.0,85,16,0.05,NONE,0
2,69.0,85,16,0.05,NONE,0
2,69.0,85,16,0.05,NONE,0
2,69.0,85,16,0.05,NONE,0
2,69.0,85,16,0.05,NONE,0
2,69.0,85,16,0.05,NONE,0
2,69.0,85,16,0.05,NONE,0
2,69.0,85,16,0.05,NONE,0
2,69.0,85,16,0.05,NONE,0
2,69.0,85,16,0.05,NONE,0
2,69.0,85,16,0.05,NONE,0
2,69.0,85,16,0.05,NONE,0
2,69.0,85,16,0.05,NONE,0
2,69.0,85,16,0.05,NONE,0
2,69.0,85,16,0.05,NONE,0
2,69.0,85,16,0.05,NONE,0
2,69.0,85,16,0.05,NONE,0
2,69.0,85,16,0.05,NONE,0
2,69.0,85,16,0.05,NONE,0
2,69.0,85,16,0.05,NONE,0
2,69.0,85,16,0.05,NONE,0
2,69.0,85,16,0.05,NONE,0
2,69.0,85,16,0.05,NONE,0
2,69.0,85,16,0.05,NONE,0
2,69.0,85,16,0.05,NONE,6
2,69.0,85,16,0.05,NONE,0
2,69.0,85,16,0.05,NONE,0
2,69.0,85,16,0.05,NONE,0
2,69.0,85,16,0.05,NONE,0
2,69.0,85,16,0.05,NONE,0
2,69.0,85,16,0.05,NONE,0
2,69.0,85,16,0.05,NONE,6
2,69.0,85,16,0.05,NONE,0
2,69.0,85,16,0.05,NONE,0
2,69.0,85,16,0.05,NONE,0
2,69.0,85,16,0.05,NONE,0
2,69.0,85,16,0.05,NONE,0
2,69.0,85,16,0.05,NONE,0
2,69.0,85,16,0.05,NONE,0
2,69.0,85,16,0.05,NONE,0
2,69.0,85,16,0.05,NONE,0
2,69.0,85,16,0.05,NONE,0
2,69.0,85,16,0.05,NONE,0
2,69.0,85,16,0.05,NONE,0
2,69.0,85,16,0.05,NONE,0
2,69.0,85,16,0.05,NONE,0
2,69.0,85,16,0.05,NONE,0
2,69.0,85,16,0.05,NONE,0
2,69.0,85,16,0.05,NONE,0
2,69.0,85,16,0.05,NONE,0
2,69.0,85,16,0.05,NONE,0
2,69.0,85,16,0.05,NONE,0
2,69.0,85,16,0.05,NONE,0
2,69.0,85,16,0.05,NONE,0
2,69.0,85,16,0.05,NONE,0
2,69.0,85,16,0.05,NONE,0
2,69.0,85,16,0.05,NONE,0
2,69.0,85,16,0.05,NONE,0
2,69.0,85,16,0.05,NONE,0
2,69.0,85,16,0.05,NONE,0
2,69.0,85,16,0.05,NONE,0
2,69.0,85,16,0.05,NONE,0
2,69.0,85,16,0.05,NONE,6
2,69.0,85,16,0.05,NONE,12
2,69.0,85,16,0.05,NONE,6
2,69.0,85,16,0.05,NONE,12
2,69.0,85,16,0.05,NONE,12
2,69.0,85,16,0.05,NONE,12
2,69.0,85,16,0.05,NONE,18
2,69.0,85,16,0.05,NONE,24
2,69.0,85,16,0.05,NONE,30
2,69.0,85,16,0.05,NONE,24
2,69.0,85,16,0.05,NONE,18
2,69.0,85,16,0.05,NONE,12
2,69.0,85,16,0.05,NONE,6
2,69.0,85,16,0.05,NONE,6
2,69.0,85,16,0.05,NONE,6
2,69.0,85,16,0.05,NONE,6
2,69.0,85,16,0.05,NONE,6
2,69.0,85,16,0.05,NONE,6
2,69.0,85,16,0.05,NONE,6
2,69.0,85,16,0.05,NONE,6
2,69.0,85,16,0.05,NONE,6
2,69.0,85,16,0.05,NONE,12
2,69.0,85,16,0.05,NONE,6
2,69.0,85,16,0.05,NONE,0
2,69.0,85,16,0.05,NONE,0
2,69.0,85,16,0.05,NONE,6
2,69.0,85,16,0.05,NONE,12
2,69.0,85,16,0.05,NONE,6
2,69.0,85,16,0.05,NONE,12
2,69.0,85,16,0.05,NONE,6
2,69.0,85,16,0.05,NONE,12
2,69.0,85,16,0.05,NONE,12
2,69.0,85,16,0.05,NONE,12
2,69.0,85,16,0.05,NONE,18
2,69.0,85,16,0.05,NONE,24
2,69.0,85,16,0.05,NONE,24
2,69.0,85,16,0.05,NONE,30
2,69.0,85,16,0.05,NONE,36
2,69.0,85,16,0.05,NONE,42
2,69.0,85,16,0.05,NONE,48
2,69.0,85,16,0.05,NONE,42
2,69.0,85,16,0.05,NONE,48
2,69.0,85,16,0.05,NONE,42
2,69.0,85,16,0.05,NONE,48
2,69.0,85,16,0.05,NONE,42
2,69.0,85,16,0.05,NONE,48
2,69.0,85,16,0.05,NONE,54
2,69.0,85,16,0.05,NONE,60
2,69.0,85,16,0.05,NONE,66
2,69.0,85,16,0.05,NONE,72
2,69.0,85,16,0.05,NONE,78
2,69.0,85,16,0.05,NONE,78
2,69.0,85,16,0.05,NONE,78
2,69.0,85,16,0.05,NONE,78
2,69.0,85,16,0.05,NONE,78
2,69.0,85,16,0.05,NONE,84
2,69.0,85,16,0.05,NONE,84
2,69.0,85,16,0.05,NONE,84
2,69.0,85,16,0.05,NONE,84
2,69.0,85,16,0.05,NONE,84
2,69.0,85,16,0.05,NONE,84
2,69.0,85,16,0.05,NONE,84
2,69.0,85,16,0.05,NONE,84
2,69.0,85,16,0.05,NONE,84
2,69.0,85,16,0.05,NONE,84
2,69.0,85,16,0.05,NONE,84
2,69.0,85,16,0.05,NONE,84
2,69.0,85,16,0.05,NONE,84
2,69.0,85,16,0.05,NONE,84
2,69.0,85,16,0.05,NONE,90
2,69.0,85,16,0.05,NONE,96
2,69.0,85,16,0.05,NONE,102
2,69.0,85,16,0.05,NONE,108
2,69.0,85,16,0.05,NONE,108
2,69.0,85,16,0.05,NONE,114
2,69.0,85,16,0.05,NONE,120
2,69.0,85,16,0.05,NONE,114
2,69.0,85,16,0.05,NONE,120
2,69.0,85,16,0.05,NONE,114
2,69.0,85,16,0.05,NONE,114
2,69.0,85,16,0.05,NONE,114
2,69.0,85,16,0.05,NONE,108
2,69.0,85,16,0.05,NONE,102
2,69.0,85,16,0.05,NONE,96
2,69.0,85,16,0.05,NONE,102
2,69.0,85,16,0.05,NONE,96
2,69.0,85,16,0.05,NONE,90
2,69.0,85,16,0.05,NONE,84
2,69.0,85,16,0.05,NONE,78
2,69.0,85,16,0.05,NONE,84
2,69.0,85,16,0.05,NONE,78
2,69.0,85,16,0.05,NONE,72
2,69.0,85,16,0.05,NONE,66
2,69.0,85,16,0.05,NONE,60
2,69.0,85,16,0.05,NONE,54
2,69.0,85,16,0.05,NONE,48
2,68.0,85,17,0.05,NONE,42
2,68.0,85,17,0.05,NONE,36
2,68.0,85,17,0.05,NONE,42
2,68.0,85,17,0.05,NONE,36
2,68.0,85,17,0.05,NONE,30
2,68.0,85,17,0.05,NONE,24
2,68.0,85,17,0.05,NONE,18
2,68.0,85,17,0.05,NONE,12
2,68.0,85,17,0.05,NONE,6
2,68.0,85,17,0.05,NONE,6
2,68.0,85,17,0.05,NONE,0
2,68.0,85,17,0.05,NONE,0
2,68.0,85,17,0.05,NONE,0
2,68.0,85,17,0.05,NONE,0
2,68.0,85,17,0.05,NONE,0
2,68.0,85,17,0.05,NONE,0
2,68.0,85,17,0.05,NONE,0
2,68.0,85,17,0.05,NONE,0
2,68.0,85,17,0.05,NONE,0
2,68.0,85,17,0.05,NONE,0
2,68.0,85,17,0.05,NONE,0
2,68.0,85,17,0.05,NONE,0
2,68.0,85,17,0.05,NONE,0
2,68.0,85,17,0.05,NONE,0
2,68.0,85,17,0.05,NONE,0
2,68.0,85,17,0.05,NONE,0
2,68.0,85,17,0.05,NONE,0
2,68.0,85,17,0.05,NONE,0
2,68.0,85,17,0.05,NONE,0
2,68.0,85,17,0.05,NONE,0
2,68.0,85,17,0.05,NONE,0
2,68.0,85,17,0.05,NONE,0
2,68.0,85,17,0.05,NONE,0
2,68.0,85,17,0.05,NONE,0
2,68.0,85,17,0.05,NONE,0
2,68.0,85,17,0.05,NONE,0
2,68.0,85,17,0.05,NONE,0
2,68.0,85,17,0.05,NONE,0
2,68.0,85,17,0.05,NONE,0
2,68.0,85,17,0.05,NONE,0
2,68.0,85,17,0.05,NONE,0
2,68.0,85,17,0.05,NONE,0
2,68.0,85,17,0.05,NONE,0
2,68.0,85,17,0.05,NONE,0
2,68.0,85,17,0.05,NONE,0
2,68.0,85,17,0.05,NONE,0
2,68.0,85,17,0.05,NONE,0
2,68.0,85,17,0.05,NONE,0
2,68.0,85,17,0.05,NONE,0
2,68.0,85,17,0.05,NONE,0
2,68.0,85,17,0.05,NONE,0
2,68.0,85,17,0.05,NONE,0
2,68.0,85,17,0.05,NONE,0
2,68.0,85,17,0.05,NONE,0
2,68.0,85,17,0.05,NONE,0
2,68.0,85,17,0.05,NONE,0
2,68.0,85,17,0.05,NONE,0
2,68.0,85,17,0.05,NONE,0
2,68.0,85,17,0.05,NONE,0
2,68.0,85,17,0.05,NONE,0
2,68.0,85,17,0.05,NONE,0
2,68.0,85,17,0.05,NONE,0
2,68.0,85,17,0.05,NONE,0
2,68.0,85,17,0.05,NONE,0
2,68.0,85,17,0.05,NONE,0
2,68.0,85,17,0.05,NONE,0
2,68.0,85,17,0.05,NONE,0
2,68.0,85,17,0.05,NONE,0
2,68.0,85,17,0.05,NONE,0
2,68.0,85,17,0.05,NONE,0
2,68.0,85,17,0.05,NONE,0
2,68.0,85,17,0.05,NONE,0
2,68.0,85,17,0.05,NONE,0
2,68.0,85,17,0.05,NONE,0
2,68.0,85,17,0.05,NONE,0
2,68.0,85,17,0.05,NONE,0
2,68.0,85,17,0.05,NONE,0
2,68.0,85,17,0.05,NONE,0
2,68.0,85,17,0.05,NONE,0
2,68.0,85,17,0.05,NONE,0
2,68.0,85,17,0.05,NONE,0
2,68.0,85,17,0.05,NONE,0
2,68.0,85,17,0.05,NONE,0
2,68.0,85,17,0.05,NONE,0
2,68.0,85,17,0.05,NONE,0
2,68.0,85,17,0.05,NONE,0
2,68.0,85,17,0.05,NONE,0
2,68.0,85,17,0.05,NONE,0
2,68.0,85,17,0.05,NONE,0
2,68.0,85,17,0.05,NONE,0
2,68.0,85,17,0.05,NONE,0
2,68.0,85,17,0.05,NONE,0
2,68.0,85,17,0.05,NONE,0
2,68.0,85,17,0.05,NONE,0
2,68.0,85,17,0.05,NONE,0
2,68.0,85,17,0.05,NONE,6
2,68.0,85,17,0.05,NONE,0
2,68.0,85,17,0.05,NONE,0
2,68.0,85,17,0.05,NONE,0
2,68.0,85,17,0.05,NONE,0
2,68.0,85,17,0.05,NONE,0
2,68.0,85,17,0.05,NONE,0
2,68.0,85,17,0.05,NONE,0
2,68.0,85,17,0.05,NONE,0
2,68.0,85,17,0.05,NONE,0
2,68.0,85,17,0.05,NONE,0
2,68.0,85,17,0.05,NONE,0
2,68.0,85,17,0.05,NONE,0
2,68.0,85,17,0.05,NONE,0
2,68.0,85,17,0.05,NONE,0
2,68.0,85,17,0.05,NONE,0
2,68.0,85,17,0.05,NONE,0
2,68.0,85,17,0.05,NONE,0
2,68.0,85,17,0.05,NONE,0
2,68.0,85,17,0.05,NONE,0
2,68.0,85,17,0.05,NONE,0
2,68.0,85,17,0.05,NONE,0
2,68.0,85,17,0.05,NONE,0
2,68.0,85,17,0.05,NONE,0
2,68.0,85,17,0.05,NONE,0
2,68.0,85,17,0.05,NONE,0
2,68.0,85,17,0.05,NONE,0
2,68.0,85,17,0.05,NONE,0
2,68.0,85,17,0.05,NONE,0
2,68.0,85,17,0.05,NONE,0
2,68.0,85,17,0.05,NONE,0
2,68.0,85,17,0.05,NONE,0
2,68.0,85,17,0.05,NONE,0
2,68.0,85,17,0.05,NONE,0
2,68.0,85,17,0.05,NONE,0
2,68.0,85,17,0.05,NONE,0
2,68.0,85,17,0.05,NONE,0
2,68.0,85,17,0.05,NONE,0
2,68.0,85,17,0.05,NONE,0
2,68.0,85,17,0.05,NONE,0
2,68.0,85,17,0.05,NONE,0
2,68.0,85,17,0.05,NONE,0
2,68.0,85,17,0.05,NONE,0
2,68.0,85,17,0.05,NONE,0
2,68.0,85,17,0.05,NONE,0
2,68.0,85,17,0.05,NONE,0
2,68.0,85,17,0.05,NONE,0
2,68.0,85,17,0.05,NONE,0
2,68.0,85,17,0.05,NONE,0
2,68.0,85,17,0.05,NONE,0
2,68.0,85,17,0.05,NONE,0
2,68.0,85,17,0.05,NONE,0
2,68.0,85,17,0.05,NONE,0
2,68.0,85,17,0.05,NONE,0
2,68.0,85,17,0.05,NONE,0
2,68.0,85,17,0.05,NONE,0
2,68.0,85,17,0.05,NONE,0
2,68.0,85,17,0.05,NONE,6
2,68.0,85,17,0.05,NONE,0
2,68.0,85,17,0.05,NONE,0
2,68.0,85,17,0.05,NONE,0
2,68.0,85,17,0.05,NONE,0
2,68.0,85,17,0.05,NONE,6
2,68.0,85,17,0.05,NONE,12
2,68.0,85,17,0.05,NONE,18
2,68.0,85,17,0.05,NONE,24
2,68.0,85,17,0.05,NONE,24
2,68.0,85,17,0.05,NONE,30
2,68.0,85,17,0.05,NONE,30
2,68.0,85,17,0.05,NONE,30
2,68.0,85,17,0.05,NONE,36
2,68.0,85,17,0.05,NONE,42
2,68.0,85,17,0.05,NONE,48
2,68.0,85,17,0.05,NONE,42
2,68.0,85,17,0.05,NONE,48
2,68.0,85,17,0.05,NONE,48
2,68.0,85,17,0.05,NONE,48
2,68.0,85,17,0.05,NONE,48
2,68.0,85,17,0.05,NONE,48
2,68.0,85,17,0.05,NONE,48
2,68.0,85,17,0.05,NONE,42
2,68.0,85,17,0.05,NONE,36
2,68.0,85,17,0.05,NONE,30
2,68.0,85,17,0.05,NONE,24
2,68.0,85,17,0.05,NONE,18
2,68.0,85,17,0.05,NONE,12
2,68.0,85,17,0.05,NONE,18
2,68.0,85,17,0.05,NONE,24
2,68.0,85,17,0.05,NONE,30
2,68.0,85,17,0.05,NONE,36
2,68.0,85,17,0.05,NONE,30
2,68.0,85,17,0.05,NONE,24
2,68.0,85,17,0.05,NONE,30
2,68.0,85,17,0.05,NONE,36
2,68.0,85,17,0.05,NONE,42
2,68.0,85,17,0.05,NONE,48
2,68.0,85,17,0.05,NONE,54
2,68.0,85,17,0.05,NONE,60
2,68.0,85,17,0.05,NONE,66
2,68.0,85,17,0.05,NONE,72
2,68.0,85,17,0.05,NONE,78
2,68.0,85,17,0.05,NONE,84
2,68.0,85,17,0.05,NONE,78
2,68.0,85,17,0.05,NONE,84
2,68.0,85,17,0.05,NONE,84
2,68.0,85,17,0.05,NONE,84
2,68.0,85,17,0.05,NONE,84
2,68.0,85,17,0.05,NONE,84
2,68.0,85,17,0.05,NONE,84
2,68.0,85,17,0.05,NONE,84
2,68.0,85,17,0.05,NONE,84
2,68.0,85,17,0.05,NONE,84
2,68.0,85,17,0.05,NONE,84
2,68.0,85,17,0.05,NONE,84
2,68.0,85,17,0.05,NONE,84
2,68.0,85,17,0.05,NONE,90
2,68.0,85,17,0.05,NONE,84
2,68.0,85,17,0.05,NONE,78
2,68.0,85,17,0.05,NONE,84
2,68.0,85,17,0.05,NONE,84
2,68.0,85,17,0.05,NONE,78
2,68.0,85,17,0.05,NONE,84
2,68.0,85,17,0.05,NONE,84
2,68.0,85,17,0.05,NONE,84
2,68.0,85,17,0.05,NONE,84
2,68.0,85,17,0.05,NONE,84
2,68.0,85,17,0.05,NONE,90
2,68.0,85,17,0.05,NONE,96
2,68.0,85,17,0.05,NONE,90
2,68.0,85,17,0.05,NONE,84
2,68.0,85,17,0.05,NONE,78
2,68.0,85,17,0.05,NONE,84
2,68.0,85,17,0.05,NONE,78
2,68.0,85,17,0.05,NONE,84
2,68.0,85,17,0.05,NONE,78
2,68.0,85,17,0.05,NONE,84
2,68.0,85,17,0.05,NONE,78
2,68.0,85,17,0.05,NONE,84
2,68.0,85,17,0.05,NONE,78
2,68.0,85,17,0.05,NONE,84
2,68.0,85,17,0.05,NONE,78
2,68.0,85,17,0.05,NONE,84
2,68.0,85,17,0.05,NONE,78
2,68.0,85,17,0.05,NONE,84
2,68.0,85,17,0.05,NONE,90
2,68.0,85,17,0.05,NONE,96
2,68.0,85,17,0.05,NONE,102
2,68.0,85,17,0.05,NONE,108
2,68.0,85,17,0.05,NONE,114
2,68.0,85,17,0.05,NONE,114
2,68.0,85,17,0.05,NONE,120
2,68.0,85,17,0.05,NONE,114
2,68.0,85,17,0.05,NONE,114
2,68.0,85,17,0.05,NONE,114
2,68.0,85,17,0.05,NONE,114
2,68.0,85,17,0.05,NONE,108
2,68.0,85,17,0.05,NONE,108
2,68.0,85,17,0.05,NONE,108
2,68.0,85,17,0.05,NONE,108
2,68.0,85,17,0.05,NONE,108
2,68.0,85,17,0.05,NONE,108
2,68.0,85,17,0.05,NONE,108
2,68.0,85,17,0.05,NONE,108
2,68.0,85,17,0.05,NONE,102
2,68.0,85,17,0.05,NONE,96
2,68.0,85,17,0.05,NONE,90
2,68.0,85,17,0.05,NONE,84
2,68.0,85,17,0.05,NONE,78
2,68.0,85,17,0.05,NONE,84
2,68.0,85,17,0.05,NONE,84
2,68.0,85,17,0.05,NONE,84
2,68.0,85,17,0.05,NONE,90
2,68.0,85,17,0.05,NONE,96
2,68.0,85,17,0.05,NONE,102
2,68.0,85,17,0.05,NONE,102
2,68.0,85,17,0.05,NONE,108
2,68.0,85,17,0.05,NONE,102
2,68.0,85,17,0.05,NONE,96
2,68.0,85,17,0.05,NONE,90
2,68.0,85,17,0.05,NONE,84
2,68.0,85,17,0.05,NONE,78
2,68.0,85,17,0.05,NONE,72
2,68.0,85,17,0.05,NONE,66
2,68.0,85,17,0.05,NONE,60
2,68.0,85,17,0.05,NONE,54
2,68.0,85,17,0.05,NONE,48
2,68.0,85,17,0.05,NONE,42
2,68.0,85,17,0.05,NONE,42
2,68.0,85,17,0.05,NONE,36
2,68.0,85,17,0.05,NONE,30
2,68.0,85,17,0.05,NONE,24
2,68.0,85,17,0.05,NONE,18
2,68.0,85,17,0.05,NONE,12
2,68.0,85,17,0.05,NONE,6
2,68.0,85,17,0.05,NONE,0
2,68.0,85,17,0.05,NONE,0
2,68.0,85,17,0.05,NONE,0
2,68.0,85,17,0.05,NONE,0
2,68.0,85,17,0.05,NONE,0
2,68.0,85,17,0.05,NONE,6
2,68.0,85,17,0.05,NONE,6
2,68.0,85,17,0.05,NONE,0
2,68.0,85,17,0.05,NONE,0
2,68.0,85,17,0.05,NONE,0
2,68.0,85,17,0.05,NONE,0
2,68.0,85,17,0.05,NONE,0
2,68.0,85,17,0.05,NONE,0
2,68.0,85,17,0.05,NONE,0
2,68.0,85,17,0.05,NONE,0
2,68.0,85,17,0.05,NONE,0
2,68.0,85,17,0.05,NONE,0
2,68.0,85,17,0.05,NONE,0
2,68.0,85,17,0.05,NONE,0
2,68.0,85,17,0.05,NONE,0
2,68.0,85,17,0.05,NONE,0
2,68.0,85,17,0.05,NONE,0
2,68.0,85,17,0.05,NONE,0
2,68.0,85,17,0.05,NONE,0
2,68.0,85,17,0.05,NONE,0
2,68.0,85,17,0.05,NONE,0
2,68.0,85,17,0.05,NONE,0
2,68.0,85,17,0.05,NONE,0
2,68.0,85,17,0.05,NONE,0
2,68.0,85,17,0.05,NONE,0
2,68.0,85,17,0.05,NONE,0
2,68.0,85,17,0.05,NONE,0
2,68.0,85,17,0.05,NONE,0
2,68.0,85,17,0.05,NONE,0
2,68.0,85,17,0.05,NONE,0
2,68.0,85,17,0.05,NONE,0
2,68.0,85,17,0.05,NONE,0
2,68.0,85,17,0.05,NONE,0
2,68.0,85,17,0.05,NONE,0
2,68.0,85,17,0.05,NONE,0
2,68.0,85,17,0.05,NONE,0
2,68.0,85,17,0.05,NONE,0
2,68.0,85,17,0.05,NONE,6
2,68.0,85,17,0.05,NONE,0
2,68.0,85,17,0.05,NONE,0
2,68.0,85,17,0.05,NONE,0
2,68.0,85,17,0.05,NONE,0
2,68.0,85,17,0.05,NONE,0
2,68.0,85,17,0.05,NONE,0
2,68.0,85,17,0.05,NONE,0
2,68.0,85,17,0.05,NONE,0
2,68.0,85,17,0.05,NONE,0
2,68.0,85,17,0.05,NONE,0
2,68.0,85,17,0.05,NONE,0
2,68.0,85,17,0.05,NONE,0
2,68.0,85,17,0.05,NONE,0
2,68.0,85,17,0.05,NONE,0
2,68.0,85,17,0.05,NONE,0
2,68.0,85,17,0.05,NONE,0
2,68.0,85,17,0.05,NONE,0
2,68.0,85,17,0.05,NONE,0
2,68.0,85,17,0.05,NONE,0
2,68.0,85,17,0.05,NONE,0
2,68.0,85,17,0.05,NONE,0
2,68.0,85,17,0.05,NONE,0
2,68.0,85,17,0.05,NONE,0
2,68.0,85,17,0.05,NONE,0
2,68.0,85,17,0.05,NONE,0
2,68.0,85,17,0.05,NONE,0
2,68.0,85,17,0.05,NONE,0
2,68.0,85,17,0.05,NONE,0
2,68.0,85,17,0.05,NONE,6
2,68.0,85,17,0.05,NONE,12
2,68.0,85,17,0.05,NONE,18
2,68.0,85,17,0.05,NONE,24
2,68.0,85,17,0.05,NONE,30
2,68.0,85,17,0.05,NONE,36
2,68.0,85,17,0.05,NONE,42
2,68.0,85,17,0.05,NONE,48
2,68.0,85,17,0.05,NONE,54
2,68.0,85,17,0.05,NONE,60
2,68.0,85,17,0.05,NONE,66
2,68.0,85,17,0.05,NONE,72
2,68.0,85,17,0.05,NONE,66
2,68.0,85,17,0.05,NONE,60
2,68.0,85,17,0.05,NONE,54
2,68.0,85,17,0.05,NONE,48
2,68.0,85,17,0.05,NONE,42
2,68.0,85,17,0.05,NONE,42
2,68.0,85,17,0.05,NONE,36
2,68.0,85,17,0.05,NONE,42
2,68.0,85,17,0.05,NONE,48
2,68.0,85,17,0.05,NONE,54
2,68.0,85,17,0.05,NONE,60
2,68.0,85,17,0.05,NONE,66
2,68.0,85,17,0.05,NONE,66
2,68.0,85,17,0.05,NONE,66
2,68.0,85,17,0.05,NONE,66
2,68.0,85,17,0.05,NONE,72
2,68.0,85,17,0.05,NONE,78
2,68.0,85,17,0.05,NONE,84
2,68.0,85,17,0.05,NONE,90
2,68.0,85,17,0.05,NONE,84
2,68.0,85,17,0.05,NONE,78
2,68.0,85,17,0.05,NONE,78
2,68.0,85,17,0.05,NONE,78
2,68.0,85,17,0.05,NONE,78
2,68.0,85,17,0.05,NONE,78
2,68.0,85,17,0.05,NONE,78
2,68.0,85,17,0.05,NONE,84
2,68.0,85,17,0.05,NONE,90
2,68.0,85,17,0.05,NONE,96
2,68.0,85,17,0.05,NONE,102
2,68.0,85,17,0.05,NONE,108
2,68.0,85,17,0.05,NONE,108
2,68.0,85,17,0.05,NONE,108
2,68.0,85,17,0.05,NONE,108
2,68.0,85,17,0.05,NONE,114
2,68.0,85,17,0.05,NONE,120
2,68.0,85,17,0.05,NONE,114
2,68.0,85,17,0.05,NONE,108
2,68.0,85,17,0.05,NONE,102
2,68.0,85,17,0.05,NONE,96
2,68.0,85,17,0.05,NONE,90
2,68.0,85,17,0.05,NONE,84
2,68.0,85,17,0.05,NONE,78
2,68.0,85,17,0.05,NONE,84
2,68.0,85,17,0.05,NONE,78
2,68.0,85,17,0.05,NONE,84
2,68.0,85,17,0.05,NONE,78
2,68.0,85,17,0.05,NONE,84
2,68.0,85,17,0.05,NONE,90
2,68.0,85,17,0.05,NONE,96
2,68.0,85,17,0.05,NONE,102
2,68.0,85,17,0.05,NONE,108
2,68.0,85,17,0.05,NONE,108
2,68.0,85,17,0.05,NONE,108
2,68.0,85,17,0.05,NONE,108
2,68.0,85,17,0.05,NONE,114
2,68.0,85,17,0.05,NONE,120
2,68.0,85,17,0.05,NONE,126
2,68.0,85,17,0.05,NONE,132
2,68.0,85,17,0.05,NONE,138
2,68.0,85,17,0.05,NONE,138
2,68.0,85,17,0.05,NONE,138
2,68.0,85,17,0.05,NONE,138
2,68.0,85,17,0.05,NONE,138
2,68.0,85,17,0.05,NONE,138
2,68.0,85,17,0.05,NONE,138
2,68.0,85,17,0.05,NONE,138
2,68.0,85,17,0.05,NONE,138
2,68.0,85,17,0.05,NONE,138
2,69.0,86,17,0.05,NONE,138
2,69.0,86,17,0.05,NONE,132
2,69.0,86,17,0.05,NONE,126
2,69.0,86,17,0.05,NONE,126
2,69.0,86,17,0.05,NONE,126
2,69.0,86,17,0.05,NONE,126
2,69.0,86,17,0.05,NONE,126
2,69.0,86,17,0.05,NONE,126
2,69.0,86,17,0.05,NONE,126
2,69.0,86,17,0.05,NONE,126
2,69.0,86,17,0.05,NONE,126
2,69.0,86,17,0.05,NONE,126
2,69.0,86,17,0.05,NONE,126
2,69.0,86,17,0.05,NONE,126
2,69.0,86,17,0.05,NONE,132
2,69.0,86,17,0.05,NONE,138
2,69.0,86,17,0.05,NONE,144
2,69.0,86,17,0.05,NONE,150
2,69.0,86,17,0.05,NONE,156
2,69.0,86,17,0.05,NONE,162
2,69.0,86,17,0.05,NONE,156
2,69.0,86,17,0.05,NONE,150
2,69.0,86,17,0.05,NONE,144
2,69.0,86,17,0.05,NONE,150
2,69.0,86,17,0.05,NONE,156
2,69.0,86,17,0.05,NONE,150
2,69.0,86,17,0.05,NONE,156
2,69.0,86,17,0.05,NONE,150
2,69.0,86,17,0.05,NONE,156
2,69.0,86,17,0.05,NONE,150
2,69.0,86,17,0.05,NONE,150
2,69.0,86,17,0.05,NONE,156
2,69.0,86,17,0.05,NONE,150
2,69.0,86,17,0.05,NONE,156
2,69.0,86,17,0.05,NONE,150
2,69.0,86,17,0.05,NONE,156
2,69.0,86,17,0.05,NONE,150
2,69.0,86,17,0.05,NONE,156
2,69.0,86,17,0.05,NONE,150
2,69.0,86,17,0.05,NONE,144
2,69.0,86,17,0.05,NONE,138
2,69.0,86,17,0.05,NONE,132
2,69.0,86,17,0.05,NONE,126
2,69.0,86,17,0.05,NONE,120
2,69.0,86,17,0.05,NONE,114
2,69.0,86,17,0.05,NONE,108
2,69.0,86,17,0.05,NONE,102
2,69.0,86,17,0.05,NONE,96
2,69.0,86,17,0.05,NONE,90
2,69.0,86,17,0.05,NONE,84
2,69.0,86,17,0.05,NONE,90
2,69.0,86,17,0.05,NONE,90
2,69.0,86,17,0.05,NONE,96
2,69.0,86,17,0.05,NONE,102
2,69.0,86,17,0.05,NONE,108
2,69.0,86,17,0.05,NONE,114
2,69.0,86,17,0.05,NONE,120
2,69.0,86,17,0.05,NONE,114
2,69.0,86,17,0.05,NONE,120
2,69.0,86,17,0.05,NONE,114
2,69.0,86,17,0.05,NONE,120
2,69.0,86,17,0.05,NONE,114
2,69.0,86,17,0.05,NONE,108
2,69.0,86,17,0.05,NONE,102
2,69.0,86,17,0.05,NONE,96
2,69.0,86,17,0.05,NONE,90
2,69.0,86,17,0.05,NONE,84
2,69.0,86,17,0.05,NONE,78
2,69.0,86,17,0.05,NONE,72
2,69.0,86,17,0.05,NONE,66
2,69.0,86,17,0.05,NONE,60
2,69.0,86,17,0.05,NONE,54
2,69.0,86,17,0.05,NONE,54
2,69.0,86,17,0.05,NONE,48
2,69.0,86,17,0.05,NONE,42
2,69.0,86,17,0.05,NONE,36
2,69.0,86,17,0.05,NONE,30
2,69.0,86,17,0.05,NONE,24
2,69.0,86,17,0.05,NONE,18
2,69.0,86,17,0.05,NONE,12
2,69.0,86,17,0.05,NONE,6
2,69.0,86,17,0.05,NONE,0
2,69.0,86,17,0.05,NONE,0
2,69.0,86,17,0.05,NONE,0
2,69.0,86,17,0.05,NONE,0
2,69.0,86,17,0.05,NONE,0
2,69.0,86,17,0.05,NONE,0
2,69.0,86,17,0.05,NONE,0
2,69.0,86,17,0.05,NONE,0
2,69.0,86,17,0.05,NONE,0
2,69.0,86,17,0.05,NONE,0
2,69.0,86,17,0.05,NONE,0
2,69.0,86,17,0.05,NONE,0
2,69.0,86,17,0.05,NONE,0
2,69.0,86,17,0.05,NONE,0
2,69.0,86,17,0.05,NONE,0
2,69.0,86,17,0.05,NONE,0
2,69.0,86,17,0.05,NONE,0
2,69.0,86,17,0.05,NONE,0
2,69.0,86,17,0.05,NONE,0
2,69.0,86,17,0.05,NONE,0
2,69.0,86,17,0.05,NONE,0
2,69.0,86,17,0.05,NONE,0
2,69.0,86,17,0.05,NONE,0
2,69.0,86,17,0.05,NONE,0
2,69.0,86,17,0.05,NONE,0
2,69.0,86,17,0.05,NONE,0
2,69.0,86,17,0.05,NONE,0
2,69.0,86,17,0.05,NONE,0
2,69.0,86,17,0.05,NONE,0
2,69.0,86,17,0.05,NONE,0
2,69.0,86,17,0.05,NONE,0
2,69.0,86,17,0.05,NONE,0
2,69.0,86,17,0.05,NONE,0
2,69.0,86,17,0.05,NONE,0
2,69.0,86,17,0.05,NONE,0
2,69.0,86,17,0.05,NONE,0
2,69.0,86,17,0.05,NONE,0
2,69.0,86,17,0.05,NONE,0
2,69.0,86,17,0.05,NONE,0
2,69.0,86,17,0.05,NONE,0
2,69.0,86,17,0.05,NONE,0
2,69.0,86,17,0.05,NONE,0
2,69.0,86,17,0.05,NONE,0
2,69.0,86,17,0.05,NONE,0
2,69.0,86,17,0.05,NONE,0
2,69.0,86,17,0.05,NONE,0
2,69.0,86,17,0.05,NONE,0
2,69.0,86,17,0.05,NONE,0
2,69.0,86,17,0.05,NONE,0
2,69.0,86,17,0.05,NONE,0
2,69.0,86,17,0.05,NONE,0
2,69.0,86,17,0.05,NONE,0
2,69.0,86,17,0.05,NONE,0
2,69.0,86,17,0.05,NONE,0
2,69.0,86,17,0.05,NONE,0
2,69.0,86,17,0.05,NONE,0
2,69.0,86,17,0.05,NONE,0
2,69.0,86,17,0.05,NONE,0
2,69.0,86,17,0.05,NONE,0
2,69.0,86,17,0.05,NONE,0
2,69.0,86,17,0.05,NONE,0
2,69.0,86,17,0.05,NONE,0
2,69.0,86,17,0.05,NONE,0
2,69.0,86,17,0.05,NONE,0
2,69.0,86,17,0.05,NONE,0
2,69.0,86,17,0.05,NONE,0
2,69.0,86,17,0.05,NONE,0
2,69.0,86,17,0.05,NONE,0
2,69.0,86,17,0.05,NONE,0
2,69.0,86,17,0.05,NONE,0
2,69.0,86,17,0.05,NONE,0
2,69.0,86,17,0.05,NONE,0
2,69.0,86,17,0.05,NONE,0
2,69.0,86,17,0.05,NONE,0
2,69.0,86,17,0.05,NONE,0
2,69.0,86,17,0.05,NONE,0
2,69.0,86,17,0.05,NONE,0
2,69.0,86,17,0.05,NONE,0
2,69.0,86,17,0.05,NONE,0
2,69.0,86,17,0.05,NONE,0
2,69.0,86,17,0.05,NONE,0
2,69.0,86,17,0.05,NONE,0
2,69.0,86,17,0.05,NONE,0
2,69.0,86,17,0.05,NONE,0
2,69.0,86,17,0.05,NONE,0
2,69.0,86,17,0.05,NONE,0
2,69.0,86,17,0.05,NONE,0
2,69.0,86,17,0.05,NONE,0
2,69.0,86,17,0.05,NONE,0
2,69.0,86,17,0.05,NONE,0
2,69.0,86,17,0.05,NONE,0
2,69.0,86,17,0.05,NONE,0
2,69.0,86,17,0.05,NONE,0
2,69.0,86,17,0.05,NONE,0
2,69.0,86,17,0.05,NONE,0
2,69.0,86,17,0.05,NONE,0
2,69.0,86,17,0.05,NONE,0
2,69.0,86,17,0.05,NONE,0
2,69.0,86,17,0.05,NONE,0
2,69.0,86,17,0.05,NONE,0
2,69.0,86,17,0.05,NONE,0
2,69.0,86,17,0.05,NONE,0
2,69.0,86,17,0.05,NONE,0
2,69.0,86,17,0.05,NONE,0
2,69.0,86,17,0.05,NONE,0
2,69.0,86,17,0.05,NONE,0
2,69.0,86,17,0.05,NONE,0
2,69.0,86,17,0.05,NONE,0
2,69.0,86,17,0.05,NONE,0
2,69.0,86,17,0.05,NONE,0
2,69.0,86,17,0.05,NONE,0
2,69.0,86,17,0.05,NONE,0
2,69.0,86,17,0.05,NONE,0
2,69.0,86,17,0.05,NONE,0
2,69.0,86,17,0.05,NONE,0
2,69.0,86,17,0.05,NONE,0
2,69.0,86,17,0.05,NONE,0
2,69.0,86,17,0.05,NONE,0
2,69.0,86,17,0.05,NONE,0
2,69.0,86,17,0.05,NONE,0
2,69.0,86,17,0.05,NONE,0
2,69.0,86,17,0.05,NONE,0
2,69.0,86,17,0.05,NONE,0
2,69.0,86,17,0.05,NONE,0
2,69.0,86,17,0.05,NONE,0
2,69.0,86,17,0.05,NONE,0
2,69.0,86,17,0.05,NONE,0
2,69.0,86,17,0.05,NONE,0
2,69.0,86,17,0.05,NONE,0
2,69.0,86,17,0.05,NONE,0
2,69.0,86,17,0.05,NONE,0
2,69.0,86,17,0.05,NONE,0
2,69.0,86,17,0.05,NONE,0
2,69.0,86,17,0.05,NONE,0
2,69.0,86,17,0.05,NONE,0
2,69.0,86,17,0.05,NONE,0
2,69.0,86,17,0.05,NONE,0
2,69.0,86,17,0.05,NONE,0
2,69.0,86,17,0.05,NONE,0
2,69.0,86,17,0.05,NONE,0
2,69.0,86,17,0.05,NONE,0
2,69.0,86,17,0.05,NONE,0
2,69.0,86,17,0.05,NONE,0
2,69.0,86,17,0.05,NONE,0
2,69.0,86,17,0.05,NONE,0
2,69.0,86,17,0.05,NONE,0
2,69.0,86,17,0.05,NONE,0
2,69.0,86,17,0.05,NONE,0
2,69.0,86,17,0.05,NONE,0
2,69.0,86,17,0.05,NONE,0
2,69.0,86,17,0.05,NONE,0
2,69.0,86,17,0.05,NONE,0
2,69.0,86,17,0.05,NONE,0
2,69.0,86,17,0.05,NONE,0
2,69.0,86,17,0.05,NONE,0
2,69.0,86,17,0.05,NONE,0
2,69.0,86,17,0.05,NONE,0
2,69.0,86,17,0.05,NONE,0
2,69.0,86,17,0.05,NONE,0
2,69.0,86,17,0.05,NONE,0
2,69.0,86,17,0.05,NONE,0
2,69.0,86,17,0.05,NONE,0
2,69.0,86,17,0.05,NONE,0
2,69.0,86,17,0.05,NONE,0
2,69.0,86,17,0.05,NONE,0
2,69.0,86,17,0.05,NONE,0
2,69.0,86,17,0.05,NONE,0
2,69.0,86,17,0.05,NONE,0
2,69.0,86,17,0.05,NONE,0
2,69.0,86,17,0.05,NONE,0
2,69.0,86,17,0.05,NONE,0
2,69.0,86,17,0.05,NONE,0
2,69.0,86,17,0.05,NONE,0
2,69.0,86,17,0.05,NONE,0
2,69.0,86,17,0.05,NONE,0
2,69.0,86,17,0.05,NONE,0
2,69.0,86,17,0.05,NONE,0
2,69.0,86,17,0.05,NONE,0
2,69.0,86,17,0.05,NONE,0
2,69.0,86,17,0.05,NONE,0
2,69.0,86,17,0.05,NONE,0
2,69.0,86,17,0.05,NONE,0
2,69.0,86,17,0.05,NONE,0
2,69.0,86,17,0.05,NONE,0
2,69.0,86,17,0.05,NONE,0
2,69.0,86,17,0.05,NONE,0
2,69.0,86,17,0.05,NONE,0
2,69.0,86,17,0.05,NONE,0
2,69.0,86,17,0.05,NONE,0
2,69.0,86,17,0.05,NONE,0
2,69.0,86,17,0.05,NONE,0
2,69.0,86,17,0.05,NONE,0
2,69.0,86,17,0.05,NONE,0
2,69.0,86,17,0.05,NONE,0
2,69.0,86,17,0.05,NONE,0
2,69.0,86,17,0.05,NONE,0
2,69.0,86,17,0.05,NONE,0
2,69.0,86,17,0.05,NONE,0
2,69.0,86,17,0.05,NONE,0
2,69.0,86,17,0.05,NONE,0
2,69.0,86,17,0.05,NONE,0
2,69.0,86,17,0.05,NONE,0
2,69.0,86,17,0.05,NONE,0
2,69.0,86,17,0.05,NONE,0
2,69.0,86,17,0.05,NONE,0
2,69.0,86,17,0.05,NONE,0
2,69.0,86,17,0.05,NONE,0
2,69.0,86,17,0.05,NONE,0
2,69.0,86,17,0.05,NONE,0
2,69.0,86,17,0.05,NONE,0
2,69.0,86,17,0.05,NONE,0
2,69.0,86,17,0.05,NONE,0
2,69.0,86,17,0.05,NONE,0
2,69.0,86,17,0.05,NONE,0
2,69.0,86,17,0.05,NONE,0
2,69.0,86,17,0.05,NONE,0
2,69.0,86,17,0.05,NONE,0
2,69.0,86,17,0.05,NONE,0
2,69.0,86,17,0.05,NONE,0
2,69.0,86,17,0.05,NONE,0
2,69.0,86,17,0.05,NONE,0
2,69.0,86,17,0.05,NONE,0
2,69.0,86,17,0.05,NONE,0
2,69.0,86,17,0.05,NONE,0
2,69.0,86,17,0.05,NONE,6
2,69.0,86,17,0.05,NONE,0
2,69.0,86,17,0.05,NONE,0
2,69.0,86,17,0.05,NONE,0
2,69.0,86,17,0.05,NONE,0
2,69.0,86,17,0.05,NONE,0
2,69.0,86,17,0.05,NONE,0
2,69.0,86,17,0.05,NONE,0
2,69.0,86,17,0.05,NONE,6
2,69.0,86,17,0.05,NONE,6
2,69.0,86,17,0.05,NONE,6
2,69.0,86,17,0.05,NONE,6
2,69.0,86,17,0.05,NONE,6
2,69.0,86,17,0.05,NONE,6
2,69.0,86,17,0.05,NONE,12
2,69.0,86,17,0.05,NONE,6
2,69.0,86,17,0.05,NONE,12
2,69.0,86,17,0.05,NONE,6
2,69.0,86,17,0.05,NONE,12
2,69.0,86,17,0.05,NONE,12
2,69.0,86,17,0.05,NONE,12
2,69.0,86,17,0.05,NONE,6
2,69.0,86,17,0.05,NONE,6
2,69.0,86,17,0.05,NONE,6
2,69.0,86,17,0.05,NONE,6
2,69.0,86,17,0.05,NONE,6
2,69.0,86,17,0.05,NONE,6
2,69.0,86,17,0.05,NONE,6
2,69.0,86,17,0.05,NONE,6
2,69.0,86,17,0.05,NONE,6
2,69.0,86,17,0.05,NONE,6
2,69.0,86,17,0.05,NONE,6
2,69.0,86,17,0.05,NONE,6
2,69.0,86,17,0.05,NONE,12
2,69.0,86,17,0.05,NONE,18
2,69.0,86,17,0.05,NONE,24
2,69.0,86,17,0.05,NONE,30
2,69.0,86,17,0.05,NONE,36
2,69.0,86,17,0.05,NONE,42
2,69.0,86,17,0.05,NONE,48
2,69.0,86,17,0.05,NONE,48
2,69.0,86,17,0.05,NONE,48
2,69.0,86,17,0.05,NONE,48
2,69.0,86,17,0.05,NONE,48
2,69.0,86,17,0.05,NONE,42
2,69.0,86,17,0.05,NONE,48
2,69.0,86,17,0.05,NONE,42
2,69.0,86,17,0.05,NONE,48
2,69.0,86,17,0.05,NONE,48
2,69.0,86,17,0.05,NONE,48
2,69.0,86,17,0.05,NONE,48
2,69.0,86,17,0.05,NONE,48
2,69.0,86,17,0.05,NONE,42
2,69.0,86,17,0.05,NONE,48
2,69.0,86,17,0.05,NONE,48
2,69.0,86,17,0.05,NONE,48
2,69.0,86,17,0.05,NONE,54
2,69.0,86,17,0.05,NONE,60
2,69.0,86,17,0.05,NONE,54
2,69.0,86,17,0.05,NONE,60
2,69.0,86,17,0.05,NONE,66
2,69.0,86,17,0.05,NONE,72
2,69.0,86,17,0.05,NONE,78
2,69.0,86,17,0.05,NONE,78
2,69.0,86,17,0.05,NONE,78
2,69.0,86,17,0.05,NONE,78
2,69.0,86,17,0.05,NONE,84
2,69.0,86,17,0.05,NONE,84
2,69.0,86,17,0.05,NONE,90
2,69.0,86,17,0.05,NONE,96
2,69.0,86,17,0.05,NONE,96
2,69.0,86,17,0.05,NONE,96
2,69.0,86,17,0.05,NONE,96
2,69.0,86,17,0.05,NONE,102
2,69.0,86,17,0.05,NONE,108
2,69.0,86,17,0.05,NONE,108
2,69.0,86,17,0.05,NONE,108
2,69.0,86,17,0.05,NONE,108
2,69.0,86,17,0.05,NONE,114
2,69.0,86,17,0.05,NONE,120
2,69.0,86,17,0.05,NONE,120
2,69.0,86,17,0.05,NONE,120
2,69.0,86,17,0.05,NONE,120
2,69.0,86,17,0.05,NONE,120
2,69.0,86,17,0.05,NONE,120
2,69.0,86,17,0.05,NONE,126
2,69.0,86,17,0.05,NONE,132
2,69.0,86,17,0.05,NONE,126
2,69.0,86,17,0.05,NONE,126
2,69.0,86,17,0.05,NONE,126
2,69.0,86,17,0.05,NONE,132
2,69.0,86,17,0.05,NONE,138
2,69.0,86,17,0.05,NONE,144
2,69.0,86,17,0.05,NONE,150
2,69.0,86,17,0.05,NONE,150
2,69.0,86,17,0.05,NONE,156
2,69.0,86,17,0.05,NONE,150
2,69.0,86,17,0.05,NONE,156
2,69.0,86,17,0.05,NONE,156
2,69.0,86,17,0.05,NONE,156
2,69.0,86,17,0.05,NONE,156
2,69.0,86,17,0.05,NONE,162
2,69.0,86,17,0.05,NONE,168
2,69.0,86,17,0.05,NONE,174
2,69.0,86,17,0.05,NONE,168
2,69.0,86,17,0.05,NONE,162
2,69.0,86,17,0.05,NONE,156
2,69.0,86,17,0.05,NONE,150
2,69.0,86,17,0.05,NONE,150
2,69.0,86,17,0.05,NONE,150
2,69.0,86,17,0.05,NONE,150
2,69.0,86,17,0.05,NONE,150
2,69.0,86,17,0.05,NONE,150
2,69.0,86,17,0.05,NONE,150
2,69.0,86,17,0.05,NONE,150
2,69.0,86,17,0.05,NONE,150
2,69.0,86,17,0.05,NONE,150
2,69.0,86,17,0.05,NONE,150
2,69.0,86,17,0.05,NONE,150
2,69.0,86,17,0.05,NONE,150
2,69.0,86,17,0.05,NONE,150
2,69.0,86,17,0.05,NONE,150
2,69.0,86,17,0.05,NONE,150
2,69.0,86,17,0.05,NONE,150
2,69.0,86,17,0.05,NONE,150
2,69.0,86,17,0.05,NONE,150
2,69.0,86,17,0.05,NONE,150
2,69.0,86,17,0.05,NONE,156
2,69.0,86,17,0.05,NONE,150
2,69.0,86,17,0.05,NONE,156
2,69.0,86,17,0.05,NONE,150
2,69.0,86,17,0.05,NONE,156
2,69.0,86,17,0.05,NONE,150
2,69.0,86,17,0.05,NONE,156
2,69.0,86,17,0.05,NONE,150
2,69.0,86,17,0.05,NONE,156
2,69.0,86,17,0.05,NONE,150
2,69.0,86,17,0.05,NONE,156
2,69.0,86,17,0.05,NONE,150
2,69.0,86,17,0.05,NONE,144
2,69.0,86,17,0.05,NONE,138
2,69.0,86,17,0.05,NONE,132
2,69.0,86,17,0.05,NONE,126
2,69.0,86,17,0.05,NONE,120
2,69.0,86,17,0.05,NONE,114
2,69.0,86,17,0.05,NONE,108
2,69.0,86,17,0.05,NONE,102
2,69.0,86,17,0.05,NONE,96
2,69.0,86,17,0.05,NONE,90
2,69.0,86,17,0.05,NONE,84
2,69.0,86,17,0.05,NONE,78
2,69.0,86,17,0.05,NONE,72
2,69.0,86,17,0.05,NONE,66
2,69.0,86,17,0.05,NONE,60
2,69.0,86,17,0.05,NONE,54
2,69.0,86,17,0.05,NONE,48
2,69.0,86,17,0.05,NONE,42
2,69.0,86,17,0.05,NONE,36
2,69.0,86,17,0.05,NONE,30
2,69.0,86,17,0.05,NONE,24
2,69.0,86,17,0.05,NONE,18
2,69.0,86,17,0.05,NONE,12
2,69.0,86,17,0.05,NONE,6
2,69.0,86,17,0.05,NONE,0
2,69.0,86,17,0.05,NONE,0
2,69.0,86,17,0.05,NONE,0
2,69.0,86,17,0.05,NONE,0
2,69.0,86,17,0.05,NONE,0
2,69.0,86,17,0.05,NONE,0
2,69.0,86,17,0.05,NONE,0
2,69.0,86,17,0.05,NONE,0
2,69.0,86,17,0.05,NONE,0
2,69.0,86,17,0.05,NONE,0
2,69.0,86,17,0.05,NONE,0
2,69.0,86,17,0.05,NONE,0
2,69.0,86,17,0.05,NONE,0
2,69.0,86,17,0.05,NONE,0
2,69.0,86,17,0.05,NONE,0
2,69.0,86,17,0.05,NONE,0
2,69.0,86,17,0.05,NONE,0
2,69.0,86,17,0.05,NONE,0
2,69.0,86,17,0.05,NONE,0
2,69.0,86,17,0.05,NONE,0
2,69.0,86,17,0.05,NONE,0
2,69.0,86,17,0.05,NONE,0
2,69.0,86,17,0.05,NONE,0
2,69.0,86,17,0.05,NONE,0
2,69.0,86,17,0.05,NONE,0
2,69.0,86,17,0.05,NONE,0
2,69.0,86,17,0.05,NONE,0
2,69.0,86,17,0.05,NONE,0
2,69.0,86,17,0.05,NONE,0
2,69.0,86,17,0.05,NONE,0
2,69.0,86,17,0.05,NONE,0
2,69.0,86,17,0.05,NONE,0
2,69.0,86,17,0.05,NONE,0
2,69.0,86,17,0.05,NONE,0
2,69.0,86,17,0.05,NONE,0
2,69.0,86,17,0.05,NONE,0
2,69.0,86,17,0.05,NONE,0
2,69.0,86,17,0.05,NONE,0
2,69.0,86,17,0.05,NONE,0
2,69.0,86,17,0.05,NONE,0
2,69.0,86,17,0.05,NONE,0
2,69.0,86,17,0.05,NONE,0
2,69.0,86,17,0.05,NONE,0
2,69.0,86,17,0.05,NONE,0
2,69.0,86,17,0.05,NONE,0
2,69.0,86,17,0.05,NONE,0
2,69.0,86,17,0.05,NONE,0
2,69.0,86,17,0.05,NONE,0
2,69.0,86,17,0.05,NONE,0
2,69.0,86,17,0.05,NONE,0
2,69.0,86,17,0.05,NONE,0
2,69.0,86,17,0.05,NONE,0
2,69.0,86,17,0.05,NONE,0
2,69.0,86,17,0.05,NONE,0
2,69.0,86,17,0.05,NONE,0
2,69.0,86,17,0.05,NONE,0
2,69.0,86,17,0.05,NONE,0
2,69.0,86,17,0.05,NONE,0
2,69.0,86,17,0.05,NONE,0
2,69.0,86,17,0.05,NONE,0
2,69.0,86,17,0.05,NONE,0
2,69.0,86,17,0.05,NONE,0
2,69.0,86,17,0.05,NONE,0
2,69.0,86,17,0.05,NONE,0
2,69.0,86,17,0.05,NONE,0
2,69.0,86,17,0.05,NONE,0
2,69.0,86,17,0.05,NONE,0
2,69.0,86,17,0.05,NONE,0
2,69.0,86,17,0.05,NONE,0
2,69.0,86,17,0.05,NONE,0
2,69.0,86,17,0.05,NONE,6
2,69.0,86,17,0.05,NONE,12
2,69.0,86,17,0.05,NONE,6
2,69.0,86,17,0.05,NONE,12
2,69.0,86,17,0.05,NONE,12
2,69.0,86,17,0.05,NONE,12
2,69.0,86,17,0.05,NONE,12
2,69.0,86,17,0.05,NONE,18
2,69.0,86,17,0.05,NONE,24
2,69.0,86,17,0.05,NONE,24
2,69.0,86,17,0.05,NONE,24
2,69.0,86,17,0.05,NONE,24
2,69.0,86,17,0.05,NONE,24
2,69.0,86,17,0.05,NONE,24
2,69.0,86,17,0.05,NONE,24
2,69.0,86,17,0.05,NONE,24
2,69.0,86,17,0.05,NONE,24
2,69.0,86,17,0.05,NONE,24
2,69.0,86,17,0.05,NONE,24
2,69.0,86,17,0.05,NONE,24
2,69.0,86,17,0.05,NONE,30
2,69.0,86,17,0.05,NONE,36
2,69.0,86,17,0.05,NONE,42
2,69.0,86,17,0.05,NONE,42
2,69.0,86,17,0.05,NONE,42
2,69.0,86,17,0.05,NONE,42
2,69.0,86,17,0.05,NONE,48
2,69.0,86,17,0.05,NONE,48
2,69.0,86,17,0.05,NONE,48
2,69.0,86,17,0.05,NONE,48
2,69.0,86,17,0.05,NONE,48
2,69.0,86,17,0.05,NONE,48
2,69.0,86,17,0.05,NONE,48
2,69.0,86,17,0.05,NONE,48
2,69.0,86,17,0.05,NONE,54
2,69.0,86,17,0.05,NONE,60
2,69.0,86,17,0.05,NONE,66
2,69.0,86,17,0.05,NONE,66
2,69.0,86,17,0.05,NONE,66
2,69.0,86,17,0.05,NONE,66
2,69.0,86,17,0.05,NONE,66
2,69.0,86,17,0.05,NONE,72
2,69.0,86,17,0.05,NONE,78
2,69.0,86,17,0.05,NONE,84
2,69.0,86,17,0.05,NONE,84
2,69.0,86,17,0.05,NONE,84
2,69.0,86,17,0.05,NONE,84
2,69.0,86,17,0.05,NONE,84
2,69.0,86,17,0.05,NONE,84
2,69.0,86,17,0.05,NONE,84
2,69.0,86,17,0.05,NONE,90
2,69.0,86,17,0.05,NONE,96
2,69.0,86,17,0.05,NONE,102
2,69.0,86,17,0.05,NONE,102
2,69.0,86,17,0.05,NONE,102
2,69.0,86,17,0.05,NONE,102
2,69.0,86,17,0.05,NONE,102
2,69.0,86,17,0.05,NONE,102
2,69.0,86,17,0.05,NONE,102
2,69.0,86,17,0.05,NONE,102
2,69.0,86,17,0.05,NONE,102
2,69.0,86,17,0.05,NONE,102
2,69.0,86,17,0.05,NONE,102
2,69.0,86,17,0.05,NONE,102
2,69.0,86,17,0.05,NONE,102
2,69.0,86,17,0.05,NONE,96
2,69.0,86,17,0.05,NONE,90
2,69.0,86,17,0.05,NONE,90
2,68.0,86,18,0.05,NONE,84
2,68.0,86,18,0.05,NONE,78
2,68.0,86,18,0.05,NONE,72
2,68.0,86,18,0.05,NONE,66
2,68.0,86,18,0.05,NONE,60
2,68.0,86,18,0.05,NONE,54
2,68.0,86,18,0.05,NONE,48
2,68.0,86,18,0.05,NONE,42
2,68.0,86,18,0.05,NONE,36
2,68.0,86,18,0.05,NONE,30
2,68.0,86,18,0.05,NONE,24
2,68.0,86,18,0.05,NONE,18
2,68.0,86,18,0.05,NONE,12
2,68.0,86,18,0.05,NONE,6
2,68.0,86,18,0.05,NONE,0
2,68.0,86,18,0.05,NONE,0
2,68.0,86,18,0.05,NONE,0
2,68.0,86,18,0.05,NONE,0
2,68.0,86,18,0.05,NONE,0
2,68.0,86,18,0.05,NONE,0
2,68.0,86,18,0.05,NONE,0
2,68.0,86,18,0.05,NONE,0
2,68.0,86,18,0.05,NONE,0
2,68.0,86,18,0.05,NONE,0
2,68.0,86,18,0.05,NONE,0
2,68.0,86,18,0.05,NONE,0
2,68.0,86,18,0.05,NONE,0
2,68.0,86,18,0.05,NONE,0
2,68.0,86,18,0.05,NONE,0
2,68.0,86,18,0.05,NONE,0
2,68.0,86,18,0.05,NONE,0
2,68.0,86,18,0.05,NONE,0
2,68.0,86,18,0.05,NONE,0
2,68.0,86,18,0.05,NONE,0
2,68.0,86,18,0.05,NONE,0
2,68.0,86,18,0.05,NONE,0
2,68.0,86,18,0.05,NONE,0
2,68.0,86,18,0.05,NONE,0
2,68.0,86,18,0.05,NONE,0
2,68.0,86,18,0.05,NONE,0
2,68.0,86,18,0.05,NONE,0
2,68.0,86,18,0.05,NONE,0
2,68.0,86,18,0.05,NONE,0
2,68.0,86,18,0.05,NONE,0
2,68.0,86,18,0.05,NONE,6
2,68.0,86,18,0.05,NONE,0
2,68.0,86,18,0.05,NONE,0
2,68.0,86,18,0.05,NONE,0
2,68.0,86,18,0.05,NONE,0
2,68.0,86,18,0.05,NONE,0
2,68.0,86,18,0.05,NONE,0
2,68.0,86,18,0.05,NONE,0
2,68.0,86,18,0.05,NONE,0
2,68.0,86,18,0.05,NONE,0
2,68.0,86,18,0.05,NONE,0
2,68.0,86,18,0.05,NONE,0
2,68.0,86,18,0.05,NONE,0
2,68.0,86,18,0.05,NONE,0
2,68.0,86,18,0.05,NONE,0
2,68.0,86,18,0.05,NONE,0
2,68.0,86,18,0.05,NONE,0
2,68.0,86,18,0.05,NONE,0
2,68.0,86,18,0.05,NONE,0
2,68.0,86,18,0.05,NONE,0
2,68.0,86,18,0.05,NONE,0
2,68.0,86,18,0.05,NONE,0
2,68.0,86,18,0.05,NONE,0
2,68.0,86,18,0.05,NONE,0
2,68.0,86,18,0.05,NONE,0
2,68.0,86,18,0.05,NONE,0
2,68.0,86,18,0.05,NONE,0
2,68.0,86,18,0.05,NONE,0
2,68.0,86,18,0.05,NONE,0
2,68.0,86,18,0.05,NONE,0
2,68.0,86,18,0.05,NONE,0
2,68.0,86,18,0.05,NONE,0
2,68.0,86,18,0.05,NONE,0
2,68.0,86,18,0.05,NONE,0
2,68.0,86,18,0.05,NONE,0
2,68.0,86,18,0.05,NONE,0
2,68.0,86,18,0.05,NONE,0
2,68.0,86,18,0.05,NONE,0
2,68.0,86,18,0.05,NONE,0
2,68.0,86,18,0.05,NONE,0
2,68.0,86,18,0.05,NONE,0
2,68.0,86,18,0.05,NONE,0
2,68.0,86,18,0.05,NONE,0
2,68.0,86,18,0.05,NONE,0
2,68.0,86,18,0.05,NONE,0
2,68.0,86,18,0.05,NONE,0
2,68.0,86,18,0.05,NONE,0
2,68.0,86,18,0.05,NONE,0
2,68.0,86,18,0.05,NONE,0
2,68.0,86,18,0.05,NONE,0
2,68.0,86,18,0.05,NONE,0
2,68.0,86,18,0.05,NONE,0
2,68.0,86,18,0.05,NONE,0
2,68.0,86,18,0.05,NONE,0
2,68.0,86,18,0.05,NONE,0
2,68.0,86,18,0.05,NONE,0
2,68.0,86,18,0.05,NONE,6
2,68.0,86,18,0.05,NONE,0
2,68.0,86,18,0.05,NONE,0
2,68.0,86,18,0.05,NONE,0
2,68.0,86,18,0.05,NONE,0
2,68.0,86,18,0.05,NONE,0
2,68.0,86,18,0.05,NONE,0
2,68.0,86,18,0.05,NONE,0
2,68.0,86,18,0.05,NONE,0
2,68.0,86,18,0.05,NONE,0
2,68.0,86,18,0.05,NONE,0
2,68.0,86,18,0.05,NONE,0
2,68.0,86,18,0.05,NONE,0
2,68.0,86,18,0.05,NONE,0
2,68.0,86,18,0.05,NONE,0
2,68.0,86,18,0.05,NONE,0
2,68.0,86,18,0.05,NONE,0
2,68.0,86,18,0.05,NONE,0
2,68.0,86,18,0.05,NONE,0
2,68.0,86,18,0.05,NONE,0
2,68.0,86,18,0.05,NONE,0
2,68.0,86,18,0.05,NONE,0
2,68.0,86,18,0.05,NONE,0
2,68.0,86,18,0.05,NONE,0
2,68.0,86,18,0.05,NONE,0
2,68.0,86,18,0.05,NONE,0
2,68.0,86,18,0.05,NONE,0
2,68.0,86,18,0.05,NONE,0
2,68.0,86,18,0.05,NONE,0
2,68.0,86,18,0.05,NONE,0
2,68.0,86,18,0.05,NONE,0
2,68.0,86,18,0.05,NONE,0
2,68.0,86,18,0.05,NONE,0
2,68.0,86,18,0.05,NONE,0
2,68.0,86,18,0.05,NONE,0
2,68.0,86,18,0.05,NONE,0
2,68.0,86,18,0.05,NONE,0
2,68.0,86,18,0.05,NONE,0
2,68.0,86,18,0.05,NONE,0
2,68.0,86,18,0.05,NONE,0
2,68.0,86,18,0.05,NONE,0
2,68.0,86,18,0.05,NONE,6
2,68.0,86,18,0.05,NONE,6
2,68.0,86,18,0.05,NONE,0
2,68.0,86,18,0.05,NONE,0
2,68.0,86,18,0.05,NONE,0
2,68.0,86,18,0.05,NONE,0
2,68.0,86,18,0.05,NONE,0
2,68.0,86,18,0.05,NONE,6
2,68.0,86,18,0.05,NONE,12
2,68.0,86,18,0.05,NONE,12
2,68.0,86,18,0.05,NONE,12
2,68.0,86,18,0.05,NONE,18
2,68.0,86,18,0.05,NONE,24
2,68.0,86,18,0.05,NONE,30
2,68.0,86,18,0.05,NONE,30
2,68.0,86,18,0.05,NONE,30
2,68.0,86,18,0.05,NONE,30
2,68.0,86,18,0.05,NONE,30
2,68.0,86,18,0.05,NONE,36
2,68.0,86,18,0.05,NONE,42
2,68.0,86,18,0.05,NONE,48
2,68.0,86,18,0.05,NONE,48
2,68.0,86,18,0.05,NONE,54
2,68.0,86,18,0.05,NONE,60
2,68.0,86,18,0.05,NONE,66
2,68.0,86,18,0.05,NONE,72
2,68.0,86,18,0.05,NONE,72
2,68.0,86,18,0.05,NONE,72
2,68.0,86,18,0.05,NONE,72
2,68.0,86,18,0.05,NONE,72
2,68.0,86,18,0.05,NONE,78
2,68.0,86,18,0.05,NONE,84
2,68.0,86,18,0.05,NONE,78
2,68.0,86,18,0.05,NONE,78
2,68.0,86,18,0.05,NONE,78
2,68.0,86,18,0.05,NONE,78
2,68.0,86,18,0.05,NONE,78
2,68.0,86,18,0.05,NONE,78
2,68.0,86,18,0.05,NONE,78
2,68.0,86,18,0.05,NONE,78
2,68.0,86,18,0.05,NONE,78
2,68.0,86,18,0.05,NONE,78
2,68.0,86,18,0.05,NONE,84
2,68.0,86,18,0.05,NONE,78
2,68.0,86,18,0.05,NONE,78
2,68.0,86,18,0.05,NONE,78
2,68.0,86,18,0.05,NONE,84
2,68.0,86,18,0.05,NONE,90
2,68.0,86,18,0.05,NONE,96
2,68.0,86,18,0.05,NONE,102
2,68.0,86,18,0.05,NONE,108
2,68.0,86,18,0.05,NONE,114
2,68.0,86,18,0.05,NONE,120
2,68.0,86,18,0.05,NONE,120
2,68.0,86,18,0.05,NONE,114
2,68.0,86,18,0.05,NONE,120
2,68.0,86,18,0.05,NONE,120
2,68.0,86,18,0.05,NONE,120
2,68.0,86,18,0.05,NONE,120
2,68.0,86,18,0.05,NONE,114
2,68.0,86,18,0.05,NONE,108
2,68.0,86,18,0.05,NONE,102
2,68.0,86,18,0.05,NONE,96
2,68.0,86,18,0.05,NONE,90
2,68.0,86,18,0.05,NONE,84
2,68.0,86,18,0.05,NONE,78
2,68.0,86,18,0.05,NONE,84
2,68.0,86,18,0.05,NONE,90
2,68.0,86,18,0.05,NONE,96
2,68.0,86,18,0.05,NONE,102
2,68.0,86,18,0.05,NONE,96
2,68.0,86,18,0.05,NONE,90
2,68.0,86,18,0.05,NONE,84
2,68.0,86,18,0.05,NONE,78
2,68.0,86,18,0.05,NONE,84
2,68.0,86,18,0.05,NONE,84
2,68.0,86,18,0.05,NONE,84
2,68.0,86,18,0.05,NONE,84
2,68.0,86,18,0.05,NONE,84
2,68.0,86,18,0.05,NONE,84
2,68.0,86,18,0.05,NONE,84
2,68.0,86,18,0.05,NONE,84
2,68.0,86,18,0.05,NONE,78
2,68.0,86,18,0.05,NONE,72
2,68.0,86,18,0.05,NONE,66
2,68.0,86,18,0.05,NONE,60
2,68.0,86,18,0.05,NONE,54
2,68.0,86,18,0.05,NONE,48
2,68.0,86,18,0.05,NONE,42
2,68.0,86,18,0.05,NONE,48
2,68.0,86,18,0.05,NONE,48
2,68.0,86,18,0.05,NONE,48
2,68.0,86,18,0.05,NONE,48
2,68.0,86,18,0.05,NONE,48
2,68.0,86,18,0.05,NONE,54
2,68.0,86,18,0.05,NONE,60
2,68.0,86,18,0.05,NONE,66
2,68.0,86,18,0.05,NONE,72
2,68.0,86,18,0.05,NONE,78
2,68.0,86,18,0.05,NONE,72
2,68.0,86,18,0.05,NONE,66
2,68.0,86,18,0.05,NONE,60
2,68.0,86,18,0.05,NONE,66
2,68.0,86,18,0.05,NONE,72
2,68.0,86,18,0.05,NONE,78
2,68.0,86,18,0.05,NONE,78
2,68.0,86,18,0.05,NONE,78
2,68.0,86,18,0.05,NONE,78
2,68.0,86,18,0.05,NONE,78
2,68.0,86,18,0.05,NONE,78
2,68.0,86,18,0.05,NONE,78
2,68.0,86,18,0.05,NONE,78
2,68.0,86,18,0.05,NONE,78
2,68.0,86,18,0.05,NONE,78
2,68.0,86,18,0.05,NONE,78
2,68.0,86,18,0.05,NONE,78
2,68.0,86,18,0.05,NONE,78
2,68.0,86,18,0.05,NONE,84
2,68.0,86,18,0.05,NONE,84
2,68.0,86,18,0.05,NONE,84
2,68.0,86,18,0.05,NONE,84
2,68.0,86,18,0.05,NONE,90
2,68.0,86,18,0.05,NONE,96
2,68.0,86,18,0.05,NONE,102
2,68.0,86,18,0.05,NONE,102
2,68.0,86,18,0.05,NONE,102
2,68.0,86,18,0.05,NONE,102
2,68.0,86,18,0.05,NONE,102
2,68.0,86,18,0.05,NONE,102
2,68.0,86,18,0.05,NONE,96
2,68.0,86,18,0.05,NONE,90
2,68.0,86,18,0.05,NONE,84
2,68.0,86,18,0.05,NONE,78
2,68.0,86,18,0.05,NONE,72
2,68.0,86,18,0.05,NONE,72
2,68.0,86,18,0.05,NONE,66
2,68.0,86,18,0.05,NONE,60
2,68.0,86,18,0.05,NONE,54
2,68.0,86,18,0.05,NONE,48
2,68.0,86,18,0.05,NONE,42
2,68.0,86,18,0.05,NONE,36
2,68.0,86,18,0.05,NONE,30
2,68.0,86,18,0.05,NONE,24
2,68.0,86,18,0.05,NONE,18
2,68.0,86,18,0.05,NONE,12
2,68.0,86,18,0.05,NONE,18
2,68.0,86,18,0.05,NONE,12
2,68.0,86,18,0.05,NONE,6
2,68.0,86,18,0.05,NONE,0
2,68.0,86,18,0.05,NONE,0
2,68.0,86,18,0.05,NONE,0
2,68.0,86,18,0.05,NONE,0
2,68.0,86,18,0.05,NONE,0
2,68.0,86,18,0.05,NONE,0
2,68.0,86,18,0.05,NONE,0
2,68.0,86,18,0.05,NONE,0
2,68.0,86,18,0.05,NONE,0
2,68.0,86,18,0.05,NONE,0
2,68.0,86,18,0.05,NONE,0
2,68.0,86,18,0.05,NONE,0
2,68.0,86,18,0.05,NONE,0
2,68.0,86,18,0.05,NONE,0
2,68.0,86,18,0.05,NONE,0
2,68.0,86,18,0.05,NONE,0
2,68.0,86,18,0.05,NONE,0
2,68.0,86,18,0.05,NONE,0
2,68.0,86,18,0.05,NONE,0
2,68.0,86,18,0.05,NONE,6
2,68.0,86,18,0.05,NONE,0
2,68.0,86,18,0.05,NONE,0
2,68.0,86,18,0.05,NONE,0
2,68.0,86,18,0.05,NONE,0
2,68.0,86,18,0.05,NONE,0
2,68.0,86,18,0.05,NONE,0
2,68.0,86,18,0.05,NONE,0
2,68.0,86,18,0.05,NONE,0
2,68.0,86,18,0.05,NONE,0
2,68.0,86,18,0.05,NONE,0
2,68.0,86,18,0.05,NONE,0
2,68.0,86,18,0.05,NONE,0
2,68.0,86,18,0.05,NONE,0
2,68.0,86,18,0.05,NONE,0
2,68.0,86,18,0.05,NONE,0
2,68.0,86,18,0.05,NONE,0
2,68.0,86,18,0.05,NONE,0
2,68.0,86,18,0.05,NONE,0
2,68.0,86,18,0.05,NONE,0
2,68.0,86,18,0.05,NONE,6
2,68.0,86,18,0.05,NONE,0
2,68.0,86,18,0.05,NONE,0
2,68.0,86,18,0.05,NONE,0
2,68.0,86,18,0.05,NONE,0
2,68.0,86,18,0.05,NONE,0
2,68.0,86,18,0.05,NONE,0
2,68.0,86,18,0.05,NONE,0
2,68.0,86,18,0.05,NONE,0
2,68.0,86,18,0.05,NONE,6
2,68.0,86,18,0.05,NONE,12
2,68.0,86,18,0.05,NONE,12
2,68.0,86,18,0.05,NONE,12
2,68.0,86,18,0.05,NONE,18
2,68.0,86,18,0.05,NONE,24
2,68.0,86,18,0.05,NONE,30
2,68.0,86,18,0.05,NONE,30
2,68.0,86,18,0.05,NONE,30
2,68.0,86,18,0.05,NONE,30
2,68.0,86,18,0.05,NONE,30
2,68.0,86,18,0.05,NONE,30
2,68.0,86,18,0.05,NONE,30
2,68.0,86,18,0.05,NONE,30
2,68.0,86,18,0.05,NONE,36
2,68.0,86,18,0.05,NONE,42
2,68.0,86,18,0.05,NONE,48
2,68.0,86,18,0.05,NONE,42
2,68.0,86,18,0.05,NONE,42
2,68.0,86,18,0.05,NONE,42
2,68.0,86,18,0.05,NONE,48
2,68.0,86,18,0.05,NONE,48
2,68.0,86,18,0.05,NONE,48
2,68.0,86,18,0.05,NONE,54
2,68.0,86,18,0.05,NONE,48
2,68.0,86,18,0.05,NONE,42
2,68.0,86,18,0.05,NONE,48
2,68.0,86,18,0.05,NONE,54
2,68.0,86,18,0.05,NONE,60
2,68.0,86,18,0.05,NONE,66
2,68.0,86,18,0.05,NONE,72
2,68.0,86,18,0.05,NONE,78
2,68.0,86,18,0.05,NONE,84
2,68.0,86,18,0.05,NONE,84
2,68.0,86,18,0.05,NONE,78
2,68.0,86,18,0.05,NONE,72
2,68.0,86,18,0.05,NONE,66
2,68.0,86,18,0.05,NONE,60
2,68.0,86,18,0.05,NONE,54
2,68.0,86,18,0.05,NONE,60
2,68.0,86,18,0.05,NONE,66
2,68.0,86,18,0.05,NONE,72
2,68.0,86,18,0.05,NONE,66
2,68.0,86,18,0.05,NONE,60
2,68.0,86,18,0.05,NONE,54
2,68.0,86,18,0.05,NONE,48
2,68.0,86,18,0.05,NONE,42
2,68.0,86,18,0.05,NONE,48
2,68.0,86,18,0.05,NONE,54
2,68.0,86,18,0.05,NONE,60
2,68.0,86,18,0.05,NONE,66
2,68.0,86,18,0.05,NONE,72
2,68.0,86,18,0.05,NONE,72
2,68.0,86,18,0.05,NONE,72
2,68.0,86,18,0.05,NONE,72
2,68.0,86,18,0.05,NONE,72
2,68.0,86,18,0.05,NONE,72
2,68.0,86,18,0.05,NONE,72
2,68.0,86,18,0.05,NONE,72
2,68.0,86,18,0.05,NONE,66
2,68.0,86,18,0.05,NONE,72
2,68.0,86,18,0.05,NONE,78
2,68.0,86,18,0.05,NONE,78
2,68.0,86,18,0.05,NONE,78
2,68.0,86,18,0.05,NONE,84
2,68.0,86,18,0.05,NONE,90
2,68.0,86,18,0.05,NONE,96
2,68.0,86,18,0.05,NONE,102
2,68.0,86,18,0.05,NONE,102
2,68.0,86,18,0.05,NONE,102
2,68.0,86,18,0.05,NONE,102
2,68.0,86,18,0.05,NONE,102
2,68.0,86,18,0.05,NONE,102
2,68.0,86,18,0.05,NONE,96
2,68.0,86,18,0.05,NONE,96
2,68.0,86,18,0.05,NONE,96
2,68.0,86,18,0.05,NONE,96
2,68.0,86,18,0.05,NONE,96
2,68.0,86,18,0.05,NONE,96
2,68.0,86,18,0.05,NONE,96
2,68.0,86,18,0.05,NONE,96
2,68.0,86,18,0.05,NONE,96
2,68.0,86,18,0.05,NONE,96
2,68.0,86,18,0.05,NONE,96
2,68.0,86,18,0.05,NONE,102
2,68.0,86,18,0.05,NONE,108
2,68.0,86,18,0.05,NONE,114
2,68.0,86,18,0.05,NONE,120
2,68.0,86,18,0.05,NONE,114
2,68.0,86,18,0.05,NONE,120
2,68.0,86,18,0.05,NONE,126
2,68.0,86,18,0.05,NONE,132
2,68.0,86,18,0.05,NONE,138
2,68.0,86,18,0.05,NONE,144
2,68.0,86,18,0.05,NONE,150
2,68.0,86,18,0.05,NONE,150
2,68.0,86,18,0.05,NONE,150
2,68.0,86,18,0.05,NONE,150
2,68.0,86,18,0.05,NONE,150
2,68.0,86,18,0.05,NONE,150
2,68.0,86,18,0.05,NONE,150
2,68.0,86,18,0.05,NONE,150
2,68.0,86,18,0.05,NONE,150
2,68.0,86,18,0.05,NONE,150
2,69.0,87,18,0.05,NONE,150
2,69.0,87,18,0.05,NONE,144
2,69.0,87,18,0.05,NONE,138
2,69.0,87,18,0.05,NONE,138
2,69.0,87,18,0.05,NONE,138
2,69.0,87,18,0.05,NONE,138
2,69.0,87,18,0.05,NONE,138
2,69.0,87,18,0.05,NONE,138
2,69.0,87,18,0.05,NONE,138
2,69.0,87,18,0.05,NONE,138
2,69.0,87,18,0.05,NONE,138
2,69.0,87,18,0.05,NONE,138
2,69.0,87,18,0.05,NONE,138
2,69.0,87,18,0.05,NONE,138
2,69.0,87,18,0.05,NONE,144
2,69.0,87,18,0.05,NONE,150
2,69.0,87,18,0.05,NONE,156
2,69.0,87,18,0.05,NONE,150
2,69.0,87,18,0.05,NONE,156
2,69.0,87,18,0.05,NONE,150
2,69.0,87,18,0.05,NONE,156
2,69.0,87,18,0.05,NONE,150
2,69.0,87,18,0.05,NONE,156
2,69.0,87,18,0.05,NONE,156
2,69.0,87,18,0.05,NONE,150
2,69.0,87,18,0.05,NONE,156
2,69.0,87,18,0.05,NONE,150
2,69.0,87,18,0.05,NONE,156
2,69.0,87,18,0.05,NONE,150
2,69.0,87,18,0.05,NONE,156
2,69.0,87,18,0.05,NONE,150
2,69.0,87,18,0.05,NONE,156
2,69.0,87,18,0.05,NONE,150
2,69.0,87,18,0.05,NONE,156
2,69.0,87,18,0.05,NONE,150
2,69.0,87,18,0.05,NONE,156
2,69.0,87,18,0.05,NONE,150
2,69.0,87,18,0.05,NONE,156
2,69.0,87,18,0.05,NONE,150
2,69.0,87,18,0.05,NONE,144
2,69.0,87,18,0.05,NONE,138
2,69.0,87,18,0.05,NONE,132
2,69.0,87,18,0.05,NONE,126
2,69.0,87,18,0.05,NONE,120
2,69.0,87,18,0.05,NONE,114
2,69.0,87,18,0.05,NONE,114
2,69.0,87,18,0.05,NONE,114
2,69.0,87,18,0.05,NONE,114
2,69.0,87,18,0.05,NONE,120
2,69.0,87,18,0.05,NONE,114
2,69.0,87,18,0.05,NONE,120
2,69.0,87,18,0.05,NONE,114
2,69.0,87,18,0.05,NONE,120
2,69.0,87,18,0.05,NONE,114
2,69.0,87,18,0.05,NONE,120
2,69.0,87,18,0.05,NONE,114
2,69.0,87,18,0.05,NONE,120
2,69.0,87,18,0.05,NONE,114
2,69.0,87,18,0.05,NONE,120
2,69.0,87,18,0.05,NONE,114
2,69.0,87,18,0.05,NONE,108
2,69.0,87,18,0.05,NONE,114
2,69.0,87,18,0.05,NONE,108
2,69.0,87,18,0.05,NONE,102
2,69.0,87,18,0.05,NONE,108
2,69.0,87,18,0.05,NONE,102
2,69.0,87,18,0.05,NONE,96
2,69.0,87,18,0.05,NONE,90
2,69.0,87,18,0.05,NONE,84
2,69.0,87,18,0.05,NONE,78
2,69.0,87,18,0.05,NONE,72
2,69.0,87,18,0.05,NONE,66
2,69.0,87,18,0.05,NONE,60
2,69.0,87,18,0.05,NONE,54
2,69.0,87,18,0.05,NONE,48
2,69.0,87,18,0.05,NONE,42
2,69.0,87,18,0.05,NONE,36
2,69.0,87,18,0.05,NONE,30
2,69.0,87,18,0.05,NONE,24
2,69.0,87,18,0.05,NONE,18
2,69.0,87,18,0.05,NONE,12
2,69.0,87,18,0.05,NONE,6
2,69.0,87,18,0.05,NONE,0
2,69.0,87,18,0.05,NONE,6
2,69.0,87,18,0.05,NONE,0
2,69.0,87,18,0.05,NONE,0
2,69.0,87,18,0.05,NONE,0
2,69.0,87,18,0.05,NONE,0
2,69.0,87,18,0.05,NONE,6
2,69.0,87,18,0.05,NONE,0
2,69.0,87,18,0.05,NONE,0
2,69.0,87,18,0.05,NONE,0
2,69.0,87,18,0.05,NONE,0
2,69.0,87,18,0.05,NONE,0
2,69.0,87,18,0.05,NONE,0
2,69.0,87,18,0.05,NONE,0
2,69.0,87,18,0.05,NONE,0
2,69.0,87,18,0.05,NONE,0
2,69.0,87,18,0.05,NONE,0
2,69.0,87,18,0.05,NONE,0
2,69.0,87,18,0.05,NONE,0
2,69.0,87,18,0.05,NONE,0
2,69.0,87,18,0.05,NONE,0
2,69.0,87,18,0.05,NONE,0
2,69.0,87,18,0.05,NONE,0
2,69.0,87,18,0.05,NONE,0
2,69.0,87,18,0.05,NONE,0
2,69.0,87,18,0.05,NONE,0
2,69.0,87,18,0.05,NONE,0
2,69.0,87,18,0.05,NONE,0
2,69.0,87,18,0.05,NONE,0
2,69.0,87,18,0.05,NONE,0
2,69.0,87,18,0.05,NONE,0
2,69.0,87,18,0.05,NONE,0
2,69.0,87,18,0.05,NONE,0
2,69.0,87,18,0.05,NONE,0
2,69.0,87,18,0.05,NONE,0
2,69.0,87,18,0.05,NONE,0
2,69.0,87,18,0.05,NONE,0
2,69.0,87,18,0.05,NONE,6
2,69.0,87,18,0.05,NONE,12
2,69.0,87,18,0.05,NONE,6
2,69.0,87,18,0.05,NONE,12
2,69.0,87,18,0.05,NONE,12
2,69.0,87,18,0.05,NONE,12
2,69.0,87,18,0.05,NONE,18
2,69.0,87,18,0.05,NONE,18
2,69.0,87,18,0.05,NONE,18
2,69.0,87,18,0.05,NONE,24
2,69.0,87,18,0.05,NONE,30
2,69.0,87,18,0.05,NONE,24
2,69.0,87,18,0.05,NONE,18
2,69.0,87,18,0.05,NONE,12
2,69.0,87,18,0.05,NONE,6
2,69.0,87,18,0.05,NONE,0
2,69.0,87,18,0.05,NONE,0
2,69.0,87,18,0.05,NONE,0
2,69.0,87,18,0.05,NONE,0
2,69.0,87,18,0.05,NONE,0
2,69.0,87,18,0.05,NONE,0
2,69.0,87,18,0.05,NONE,0
2,69.0,87,18,0.05,NONE,0
2,69.0,87,18,0.05,NONE,0
2,69.0,87,18,0.05,NONE,0
2,69.0,87,18,0.05,NONE,0
2,69.0,87,18,0.05,NONE,0
2,69.0,87,18,0.05,NONE,0
2,69.0,87,18,0.05,NONE,0
2,69.0,87,18,0.05,NONE,0
2,69.0,87,18,0.05,NONE,0
2,69.0,87,18,0.05,NONE,0
2,69.0,87,18,0.05,NONE,0
2,69.0,87,18,0.05,NONE,0
2,69.0,87,18,0.05,NONE,0
2,69.0,87,18,0.05,NONE,0
2,69.0,87,18,0.05,NONE,0
2,69.0,87,18,0.05,NONE,0
2,69.0,87,18,0.05,NONE,0
2,69.0,87,18,0.05,NONE,0
2,69.0,87,18,0.05,NONE,0
2,69.0,87,18,0.05,NONE,0
2,69.0,87,18,0.05,NONE,0
2,69.0,87,18,0.05,NONE,0
2,69.0,87,18,0.05,NONE,0
2,69.0,87,18,0.05,NONE,0
2,69.0,87,18,0.05,NONE,0
2,69.0,87,18,0.05,NONE,0
2,69.0,87,18,0.05,NONE,0
2,69.0,87,18,0.05,NONE,0
2,69.0,87,18,0.05,NONE,0
2,69.0,87,18,0.05,NONE,0
2,69.0,87,18,0.05,NONE,0
2,69.0,87,18,0.05,NONE,0
2,69.0,87,18,0.05,NONE,0
2,69.0,87,18,0.05,NONE,0
2,69.0,87,18,0.05,NONE,0
2,69.0,87,18,0.05,NONE,0
2,69.0,87,18,0.05,NONE,0
2,69.0,87,18,0.05,NONE,0
2,69.0,87,18,0.05,NONE,0
2,69.0,87,18,0.05,NONE,0
2,69.0,87,18,0.05,NONE,0
2,69.0,87,18,0.05,NONE,0
2,69.0,87,18,0.05,NONE,0
2,69.0,87,18,0.05,NONE,0
2,69.0,87,18,0.05,NONE,0
2,69.0,87,18,0.05,NONE,0
2,69.0,87,18,0.05,NONE,0
2,69.0,87,18,0.05,NONE,0
2,69.0,87,18,0.05,NONE,0
2,69.0,87,18,0.05,NONE,0
2,69.0,87,18,0.05,NONE,0
2,69.0,87,18,0.05,NONE,0
2,69.0,87,18,0.05,NONE,0
2,69.0,87,18,0.05,NONE,0
2,69.0,87,18,0.05,NONE,0
2,69.0,87,18,0.05,NONE,0
2,69.0,87,18,0.05,NONE,0
2,69.0,87,18,0.05,NONE,0
2,69.0,87,18,0.05,NONE,0
2,69.0,87,18,0.05,NONE,0
2,69.0,87,18,0.05,NONE,0
2,69.0,87,18,0.05,NONE,0
2,69.0,87,18,0.05,NONE,0
2,69.0,87,18,0.05,NONE,0
2,69.0,87,18,0.05,NONE,0
2,69.0,87,18,0.05,NONE,0
2,69.0,87,18,0.05,NONE,0
2,69.0,87,18,0.05,NONE,0
2,69.0,87,18,0.05,NONE,0
2,69.0,87,18,0.05,NONE,0
2,69.0,87,18,0.05,NONE,0
2,69.0,87,18,0.05,NONE,0
2,69.0,87,18,0.05,NONE,0
2,69.0,87,18,0.05,NONE,0
2,69.0,87,18,0.05,NONE,0
2,69.0,87,18,0.05,NONE,0
2,69.0,87,18,0.05,NONE,0
2,69.0,87,18,0.05,NONE,0
2,69.0,87,18,0.05,NONE,0
2,69.0,87,18,0.05,NONE,0
2,69.0,87,18,0.05,NONE,0
2,69.0,87,18,0.05,NONE,0
2,69.0,87,18,0.05,NONE,0
2,69.0,87,18,0.05,NONE,0
2,69.0,87,18,0.05,NONE,0
2,69.0,87,18,0.05,NONE,0
2,69.0,87,18,0.05,NONE,0
2,69.0,87,18,0.05,NONE,0
2,69.0,87,18,0.05,NONE,0
2,69.0,87,18,0.05,NONE,0
2,69.0,87,18,0.05,NONE,0
2,69.0,87,18,0.05,NONE,0
2,69.0,87,18,0.05,NONE,0
2,69.0,87,18,0.05,NONE,0
2,69.0,87,18,0.05,NONE,0
2,69.0,87,18,0.05,NONE,0
2,69.0,87,18,0.05,NONE,0
2,69.0,87,18,0.05,NONE,0
2,69.0,87,18,0.05,NONE,0
2,69.0,87,18,0.05,NONE,0
2,69.0,87,18,0.05,NONE,0
2,69.0,87,18,0.05,NONE,0
2,69.0,87,18,0.05,NONE,0
2,69.0,87,18,0.05,NONE,0
2,69.0,87,18,0.05,NONE,0
2,69.0,87,18,0.05,NONE,0
2,69.0,87,18,0.05,NONE,0
2,69.0,87,18,0.05,NONE,0
2,69.0,87,18,0.05,NONE,0
2,69.0,87,18,0.05,NONE,0
2,69.0,87,18,0.05,NONE,0
2,69.0,87,18,0.05,NONE,0
2,69.0,87,18,0.05,NONE,0
2,69.0,87,18,0.05,NONE,0
2,69.0,87,18,0.05,NONE,0
2,69.0,87,18,0.05,NONE,0
2,69.0,87,18,0.05,NONE,0
2,69.0,87,18,0.05,NONE,0
2,69.0,87,18,0.05,NONE,0
2,69.0,87,18,0.05,NONE,0
2,69.0,87,18,0.05,NONE,0
2,69.0,87,18,0.05,NONE,0
2,69.0,87,18,0.05,NONE,0
2,69.0,87,18,0.05,NONE,0
2,69.0,87,18,0.05,NONE,0
2,69.0,87,18,0.05,NONE,0
2,69.0,87,18,0.05,NONE,0
2,69.0,87,18,0.05,NONE,0
2,69.0,87,18,0.05,NONE,0
2,69.0,87,18,0.05,NONE,0
2,69.0,87,18,0.05,NONE,0
2,69.0,87,18,0.05,NONE,0
2,69.0,87,18,0.05,NONE,0
2,69.0,87,18,0.05,NONE,0
2,69.0,87,18,0.05,NONE,0
2,69.0,87,18,0.05,NONE,0
2,69.0,87,18,0.05,NONE,0
2,69.0,87,18,0.05,NONE,0
2,69.0,87,18,0.05,NONE,0
2,69.0,87,18,0.05,NONE,0
2,69.0,87,18,0.05,NONE,0
2,69.0,87,18,0.05,NONE,0
2,69.0,87,18,0.05,NONE,0
2,69.0,87,18,0.05,NONE,0
2,69.0,87,18,0.05,NONE,0
2,69.0,87,18,0.05,NONE,0
2,69.0,87,18,0.05,NONE,0
2,69.0,87,18,0.05,NONE,0
2,69.0,87,18,0.05,NONE,0
2,69.0,87,18,0.05,NONE,0
2,69.0,87,18,0.05,NONE,0
2,69.0,87,18,0.05,NONE,0
2,69.0,87,18,0.05,NONE,0
2,69.0,87,18,0.05,NONE,0
2,69.0,87,18,0.05,NONE,0
2,69.0,87,18,0.05,NONE,0
2,69.0,87,18,0.05,NONE,0
2,69.0,87,18,0.05,NONE,0
2,69.0,87,18,0.05,NONE,0
2,69.0,87,18,0.05,NONE,0
2,69.0,87,18,0.05,NONE,0
2,69.0,87,18,0.05,NONE,0
2,69.0,87,18,0.05,NONE,0
2,69.0,87,18,0.05,NONE,6
2,69.0,87,18,0.05,NONE,12
2,69.0,87,18,0.05,NONE,6
2,69.0,87,18,0.05,NONE,12
2,69.0,87,18,0.05,NONE,12
2,69.0,87,18,0.05,NONE,12
2,69.0,87,18,0.05,NONE,18
2,69.0,87,18,0.05,NONE,24
2,69.0,87,18,0.05,NONE,30
2,69.0,87,18,0.05,NONE,36
2,69.0,87,18,0.05,NONE,36
2,69.0,87,18,0.05,NONE,36
2,69.0,87,18,0.05,NONE,36
2,69.0,87,18,0.05,NONE,42
2,69.0,87,18,0.05,NONE,48
2,69.0,87,18,0.05,NONE,54
2,69.0,87,18,0.05,NONE,48
2,69.0,87,18,0.05,NONE,42
2,69.0,87,18,0.05,NONE,42
2,69.0,87,18,0.05,NONE,42
2,69.0,87,18,0.05,NONE,48
2,69.0,87,18,0.05,NONE,48
2,69.0,87,18,0.05,NONE,48
2,69.0,87,18,0.05,NONE,48
2,69.0,87,18,0.05,NONE,48
2,69.0,87,18,0.05,NONE,48
2,69.0,87,18,0.05,NONE,48
2,69.0,87,18,0.05,NONE,48
2,69.0,87,18,0.05,NONE,48
2,69.0,87,18,0.05,NONE,48
2,69.0,87,18,0.05,NONE,48
2,69.0,87,18,0.05,NONE,48
2,69.0,87,18,0.05,NONE,48
2,69.0,87,18,0.05,NONE,48
2,69.0,87,18,0.05,NONE,54
2,69.0,87,18,0.05,NONE,60
2,69.0,87,18,0.05,NONE,66
2,69.0,87,18,0.05,NONE,72
2,69.0,87,18,0.05,NONE,78
2,69.0,87,18,0.05,NONE,72
2,69.0,87,18,0.05,NONE,66
2,69.0,87,18,0.05,NONE,60
2,69.0,87,18,0.05,NONE,66
2,69.0,87,18,0.05,NONE,72
2,69.0,87,18,0.05,NONE,78
2,69.0,87,18,0.05,NONE,84
2,69.0,87,18,0.05,NONE,78
2,69.0,87,18,0.05,NONE,84
2,69.0,87,18,0.05,NONE,84
2,69.0,87,18,0.05,NONE,84
2,69.0,87,18,0.05,NONE,84
2,69.0,87,18,0.05,NONE,90
2,69.0,87,18,0.05,NONE,96
2,69.0,87,18,0.05,NONE,102
2,69.0,87,18,0.05,NONE,108
2,69.0,87,18,0.05,NONE,114
2,69.0,87,18,0.05,NONE,108
2,69.0,87,18,0.05,NONE,114
2,69.0,87,18,0.05,NONE,120
2,69.0,87,18,0.05,NONE,126
2,69.0,87,18,0.05,NONE,132
2,69.0,87,18,0.05,NONE,126
2,69.0,87,18,0.05,NONE,120
2,69.0,87,18,0.05,NONE,114
2,69.0,87,18,0.05,NONE,120
2,69.0,87,18,0.05,NONE,120
2,69.0,87,18,0.05,NONE,120
2,69.0,87,18,0.05,NONE,126
2,69.0,87,18,0.05,NONE,132
2,69.0,87,18,0.05,NONE,132
2,69.0,87,18,0.05,NONE,126
2,69.0,87,18,0.05,NONE,120
2,69.0,87,18,0.05,NONE,114
2,69.0,87,18,0.05,NONE,120
2,69.0,87,18,0.05,NONE,120
2,69.0,87,18,0.05,NONE,120
2,69.0,87,18,0.05,NONE,126
2,69.0,87,18,0.05,NONE,132
2,69.0,87,18,0.05,NONE,138
2,69.0,87,18,0.05,NONE,144
2,69.0,87,18,0.05,NONE,144
2,69.0,87,18,0.05,NONE,144
2,69.0,87,18,0.05,NONE,144
2,69.0,87,18,0.05,NONE,144
2,69.0,87,18,0.05,NONE,144
2,69.0,87,18,0.05,NONE,138
2,69.0,87,18,0.05,NONE,132
2,69.0,87,18,0.05,NONE,132
2,69.0,87,18,0.05,NONE,132
2,69.0,87,18,0.05,NONE,132
2,69.0,87,18,0.05,NONE,126
2,69.0,87,18,0.05,NONE,120
2,69.0,87,18,0.05,NONE,120
2,69.0,87,18,0.05,NONE,114
2,69.0,87,18,0.05,NONE,120
2,69.0,87,18,0.05,NONE,126
2,69.0,87,18,0.05,NONE,132
2,69.0,87,18,0.05,NONE,138
2,69.0,87,18,0.05,NONE,132
2,69.0,87,18,0.05,NONE,138
2,69.0,87,18,0.05,NONE,144
2,69.0,87,18,0.05,NONE,150
2,69.0,87,18,0.05,NONE,156
2,69.0,87,18,0.05,NONE,156
2,69.0,87,18,0.05,NONE,156
2,69.0,87,18,0.05,NONE,150
2,69.0,87,18,0.05,NONE,150
2,69.0,87,18,0.05,NONE,156
2,69.0,87,18,0.05,NONE,150
2,69.0,87,18,0.05,NONE,150
2,69.0,87,18,0.05,NONE,150
2,69.0,87,18,0.05,NONE,150
2,69.0,87,18,0.05,NONE,150
2,69.0,87,18,0.05,NONE,150
2,69.0,87,18,0.05,NONE,150
2,69.0,87,18,0.05,NONE,150
2,69.0,87,18,0.05,NONE,150
2,69.0,87,18,0.05,NONE,150
2,69.0,87,18,0.05,NONE,150
2,69.0,87,18,0.05,NONE,150
2,69.0,87,18,0.05,NONE,150
2,69.0,87,18,0.05,NONE,150
2,69.0,87,18,0.05,NONE,150
2,69.0,87,18,0.05,NONE,150
2,69.0,87,18,0.05,NONE,150
2,69.0,87,18,0.05,NONE,150
2,69.0,87,18,0.05,NONE,150
2,69.0,87,18,0.05,NONE,150
2,69.0,87,18,0.05,NONE,156
2,69.0,87,18,0.05,NONE,150
2,69.0,87,18,0.05,NONE,156
2,69.0,87,18,0.05,NONE,150
2,69.0,87,18,0.05,NONE,156
2,69.0,87,18,0.05,NONE,150
2,69.0,87,18,0.05,NONE,156
2,69.0,87,18,0.05,NONE,150
2,69.0,87,18,0.05,NONE,156
2,69.0,87,18,0.05,NONE,150
2,69.0,87,18,0.05,NONE,156
2,69.0,87,18,0.05,NONE,150
2,69.0,87,18,0.05,NONE,144
2,69.0,87,18,0.05,NONE,138
2,69.0,87,18,0.05,NONE,132
2,69.0,87,18,0.05,NONE,126
2,69.0,87,18,0.05,NONE,120
2,69.0,87,18,0.05,NONE,114
2,69.0,87,18,0.05,NONE,108
2,69.0,87,18,0.05,NONE,102
2,69.0,87,18,0.05,NONE,96
2,69.0,87,18,0.05,NONE,90
2,69.0,87,18,0.05,NONE,84
2,69.0,87,18,0.05,NONE,78
2,69.0,87,18,0.05,NONE,72
2,69.0,87,18,0.05,NONE,66
2,69.0,87,18,0.05,NONE,60
2,69.0,87,18,0.05,NONE,54
2,69.0,87,18,0.05,NONE,48
2,69.0,87,18,0.05,NONE,42
2,69.0,87,18,0.05,NONE,36
2,69.0,87,18,0.05,NONE,30
2,69.0,87,18,0.05,NONE,24
2,69.0,87,18,0.05,NONE,18
2,69.0,87,18,0.05,NONE,12
2,69.0,87,18,0.05,NONE,6
2,69.0,87,18,0.05,NONE,0
2,69.0,87,18,0.05,NONE,0
2,69.0,87,18,0.05,NONE,0
2,69.0,87,18,0.05,NONE,0
2,69.0,87,18,0.05,NONE,0
2,69.0,87,18,0.05,NONE,0
2,69.0,87,18,0.05,NONE,0
2,69.0,87,18,0.05,NONE,0
2,69.0,87,18,0.05,NONE,0
2,69.0,87,18,0.05,NONE,0
2,69.0,87,18,0.05,NONE,0
2,69.0,87,18,0.05,NONE,0
2,69.0,87,18,0.05,NONE,0
2,69.0,87,18,0.05,NONE,0
2,69.0,87,18,0.05,NONE,0
2,69.0,87,18,0.05,NONE,0
2,69.0,87,18,0.05,NONE,0
2,69.0,87,18,0.05,NONE,0
2,69.0,87,18,0.05,NONE,0
2,69.0,87,18,0.05,NONE,0
2,69.0,87,18,0.05,NONE,0
2,69.0,87,18,0.05,NONE,0
2,69.0,87,18,0.05,NONE,0
2,69.0,87,18,0.05,NONE,0
2,69.0,87,18,0.05,NONE,0
2,69.0,87,18,0.05,NONE,0
2,69.0,87,18,0.05,NONE,0
2,69.0,87,18,0.05,NONE,0
2,69.0,87,18,0.05,NONE,0
2,69.0,87,18,0.05,NONE,0
2,69.0,87,18,0.05,NONE,0
2,69.0,87,18,0.05,NONE,0
2,69.0,87,18,0.05,NONE,0
2,69.0,87,18,0.05,NONE,0
2,69.0,87,18,0.05,NONE,0
2,69.0,87,18,0.05,NONE,0
2,69.0,87,18,0.05,NONE,0
2,69.0,87,18,0.05,NONE,0
2,69.0,87,18,0.05,NONE,0
2,69.0,87,18,0.05,NONE,0
2,69.0,87,18,0.05,NONE,0
2,69.0,87,18,0.05,NONE,0
2,69.0,87,18,0.05,NONE,0
2,69.0,87,18,0.05,NONE,0
2,69.0,87,18,0.05,NONE,0
2,69.0,87,18,0.05,NONE,0
2,69.0,87,18,0.05,NONE,0
2,69.0,87,18,0.05,NONE,0
2,69.0,87,18,0.05,NONE,6
2,69.0,87,18,0.05,NONE,0
2,69.0,87,18,0.05,NONE,0
2,69.0,87,18,0.05,NONE,0
2,69.0,87,18,0.05,NONE,0
2,69.0,87,18,0.05,NONE,0
2,69.0,87,18,0.05,NONE,0
2,69.0,87,18,0.05,NONE,0
2,69.0,87,18,0.05,NONE,6
2,69.0,87,18,0.05,NONE,6
2,69.0,87,18,0.05,NONE,0
2,69.0,87,18,0.05,NONE,0
2,69.0,87,18,0.05,NONE,0
2,69.0,87,18,0.05,NONE,0
2,69.0,87,18,0.05,NONE,0
2,69.0,87,18,0.05,NONE,0
2,69.0,87,18,0.05,NONE,0
2,69.0,87,18,0.05,NONE,0
2,69.0,87,18,0.05,NONE,0
2,69.0,87,18,0.05,NONE,6
2,69.0,87,18,0.05,NONE,12
2,69.0,87,18,0.05,NONE,6
2,69.0,87,18,0.05,NONE,12
2,69.0,87,18,0.05,NONE,6
2,69.0,87,18,0.05,NONE,12
2,69.0,87,18,0.05,NONE,6
2,69.0,87,18,0.05,NONE,6
2,69.0,87,18,0.05,NONE,6
2,69.0,87,18,0.05,NONE,6
2,69.0,87,18,0.05,NONE,6
2,69.0,87,18,0.05,NONE,12
2,69.0,87,18,0.05,NONE,18
2,69.0,87,18,0.05,NONE,24
2,69.0,87,18,0.05,NONE,30
2,69.0,87,18,0.05,NONE,36
2,69.0,87,18,0.05,NONE,36
2,69.0,87,18,0.05,NONE,36
2,69.0,87,18,0.05,NONE,36
2,69.0,87,18,0.05,NONE,42
2,69.0,87,18,0.05,NONE,48
2,69.0,87,18,0.05,NONE,42
2,69.0,87,18,0.05,NONE,48
2,69.0,87,18,0.05,NONE,54
2,69.0,87,18,0.05,NONE,60
2,69.0,87,18,0.05,NONE,66
2,69.0,87,18,0.05,NONE,72
2,69.0,87,18,0.05,NONE,78
2,69.0,87,18,0.05,NONE,84
2,69.0,87,18,0.05,NONE,84
2,69.0,87,18,0.05,NONE,78
2,69.0,87,18,0.05,NONE,84
2,69.0,87,18,0.05,NONE,90
2,69.0,87,18,0.05,NONE,96
2,69.0,87,18,0.05,NONE,96
2,69.0,87,18,0.05,NONE,96
2,69.0,87,18,0.05,NONE,96
2,69.0,87,18,0.05,NONE,96
2,69.0,87,18,0.05,NONE,102
2,69.0,87,18,0.05,NONE,108
2,69.0,87,18,0.05,NONE,102
2,69.0,87,18,0.05,NONE,108
2,69.0,87,18,0.05,NONE,114
2,69.0,87,18,0.05,NONE,120
2,69.0,87,18,0.05,NONE,114
2,69.0,87,18,0.05,NONE,120
2,69.0,87,18,0.05,NONE,120
2,69.0,87,18,0.05,NONE,126
2,69.0,87,18,0.05,NONE,126
2,69.0,87,18,0.05,NONE,132
2,69.0,87,18,0.05,NONE,132
2,69.0,87,18,0.05,NONE,132
2,69.0,87,18,0.05,NONE,132
2,69.0,87,18,0.05,NONE,138
2,69.0,87,18,0.05,NONE,144
2,69.0,87,18,0.05,NONE,144
2,69.0,87,18,0.05,NONE,144
2,69.0,87,18,0.05,NONE,144
2,69.0,87,18,0.05,NONE,144
2,69.0,87,18,0.05,NONE,144
2,69.0,87,18,0.05,NONE,144
2,69.0,87,18,0.05,NONE,150
2,69.0,87,18,0.05,NONE,156
2,69.0,87,18,0.05,NONE,156
2,69.0,87,18,0.05,NONE,150
2,69.0,87,18,0.05,NONE,156
2,69.0,87,18,0.05,NONE,156
2,69.0,87,18,0.05,NONE,156
2,69.0,87,18,0.05,NONE,162
2,69.0,87,18,0.05,NONE,168
2,69.0,87,18,0.05,NONE,174
2,68.0,87,19,0.05,NONE,168
2,68.0,87,19,0.05,NONE,168
2,68.0,87,19,0.05,NONE,162
2,68.0,87,19,0.05,NONE,156
2,68.0,87,19,0.05,NONE,150
2,68.0,87,19,0.05,NONE,150
2,68.0,87,19,0.05,NONE,144
2,68.0,87,19,0.05,NONE,138
2,68.0,87,19,0.05,NONE,144
2,68.0,87,19,0.05,NONE,138
2,68.0,87,19,0.05,NONE,132
2,68.0,87,19,0.05,NONE,126
2,68.0,87,19,0.05,NONE,120
2,68.0,87,19,0.05,NONE,114
2,68.0,87,19,0.05,NONE,108
2,68.0,87,19,0.05,NONE,102
2,68.0,87,19,0.05,NONE,96
2,68.0,87,19,0.05,NONE,90
2,68.0,87,19,0.05,NONE,84
2,68.0,87,19,0.05,NONE,78
2,68.0,87,19,0.05,NONE,72
2,68.0,87,19,0.05,NONE,66
2,68.0,87,19,0.05,NONE,60
2,68.0,87,19,0.05,NONE,54
2,68.0,87,19,0.05,NONE,48
2,68.0,87,19,0.05,NONE,42
2,68.0,87,19,0.05,NONE,36
2,68.0,87,19,0.05,NONE,30
2,68.0,87,19,0.05,NONE,24
2,68.0,87,19,0.05,NONE,18
2,68.0,87,19,0.05,NONE,12
2,68.0,87,19,0.05,NONE,6
2,68.0,87,19,0.05,NONE,0
2,68.0,87,19,0.05,NONE,0
2,68.0,87,19,0.05,NONE,0
2,68.0,87,19,0.05,NONE,0
2,68.0,87,19,0.05,NONE,0
2,68.0,87,19,0.05,NONE,0
2,68.0,87,19,0.05,NONE,0
2,68.0,87,19,0.05,NONE,0
2,68.0,87,19,0.05,NONE,0
2,68.0,87,19,0.05,NONE,0
2,68.0,87,19,0.05,NONE,0
2,68.0,87,19,0.05,NONE,0
2,68.0,87,19,0.05,NONE,0
2,68.0,87,19,0.05,NONE,0
2,68.0,87,19,0.05,NONE,0
2,68.0,87,19,0.05,NONE,0
2,68.0,87,19,0.05,NONE,0
2,68.0,87,19,0.05,NONE,0
2,68.0,87,19,0.05,NONE,0
2,68.0,87,19,0.05,NONE,0
2,68.0,87,19,0.05,NONE,0
2,68.0,87,19,0.05,NONE,0
2,68.0,87,19,0.05,NONE,0
2,68.0,87,19,0.05,NONE,0
2,68.0,87,19,0.05,NONE,0
2,68.0,87,19,0.05,NONE,0
2,68.0,87,19,0.05,NONE,0
2,68.0,87,19,0.05,NONE,0
2,68.0,87,19,0.05,NONE,0
2,68.0,87,19,0.05,NONE,0
2,68.0,87,19,0.05,NONE,0
2,68.0,87,19,0.05,NONE,0
2,68.0,87,19,0.05,NONE,0
2,68.0,87,19,0.05,NONE,6
2,68.0,87,19,0.05,NONE,0
2,68.0,87,19,0.05,NONE,0
2,68.0,87,19,0.05,NONE,0
2,68.0,87,19,0.05,NONE,0
2,68.0,87,19,0.05,NONE,0
2,68.0,87,19,0.05,NONE,0
2,68.0,87,19,0.05,NONE,0
2,68.0,87,19,0.05,NONE,0
2,68.0,87,19,0.05,NONE,0
2,68.0,87,19,0.05,NONE,0
2,68.0,87,19,0.05,NONE,0
2,68.0,87,19,0.05,NONE,0
2,68.0,87,19,0.05,NONE,0
2,68.0,87,19,0.05,NONE,0
2,68.0,87,19,0.05,NONE,0
2,68.0,87,19,0.05,NONE,0
2,68.0,87,19,0.05,NONE,0
2,68.0,87,19,0.05,NONE,0
2,68.0,87,19,0.05,NONE,0
2,68.0,87,19,0.05,NONE,0
2,68.0,87,19,0.05,NONE,0
2,68.0,87,19,0.05,NONE,0
2,68.0,87,19,0.05,NONE,0
2,68.0,87,19,0.05,NONE,0
2,68.0,87,19,0.05,NONE,0
2,68.0,87,19,0.05,NONE,0
2,68.0,87,19,0.05,NONE,0
2,68.0,87,19,0.05,NONE,0
2,68.0,87,19,0.05,NONE,0
2,68.0,87,19,0.05,NONE,0
2,68.0,87,19,0.05,NONE,0
2,68.0,87,19,0.05,NONE,0
2,68.0,87,19,0.05,NONE,0
2,68.0,87,19,0.05,NONE,0
2,68.0,87,19,0.05,NONE,0
2,68.0,87,19,0.05,NONE,0
2,68.0,87,19,0.05,NONE,0
2,68.0,87,19,0.05,NONE,6
2,68.0,87,19,0.05,NONE,6
2,68.0,87,19,0.05,NONE,0
2,68.0,87,19,0.05,NONE,0
2,68.0,87,19,0.05,NONE,0
2,68.0,87,19,0.05,NONE,0
2,68.0,87,19,0.05,NONE,0
2,68.0,87,19,0.05,NONE,0
2,68.0,87,19,0.05,NONE,0
2,68.0,87,19,0.05,NONE,0
2,68.0,87,19,0.05,NONE,0
2,68.0,87,19,0.05,NONE,0
2,68.0,87,19,0.05,NONE,0
2,68.0,87,19,0.05,NONE,0
2,68.0,87,19,0.05,NONE,0
2,68.0,87,19,0.05,NONE,0
2,68.0,87,19,0.05,NONE,0
2,68.0,87,19,0.05,NONE,0
2,68.0,87,19,0.05,NONE,0
2,68.0,87,19,0.05,NONE,0
2,68.0,87,19,0.05,NONE,0
2,68.0,87,19,0.05,NONE,0
2,68.0,87,19,0.05,NONE,0
2,68.0,87,19,0.05,NONE,0
2,68.0,87,19,0.05,NONE,0
2,68.0,87,19,0.05,NONE,0
2,68.0,87,19,0.05,NONE,0
2,68.0,87,19,0.05,NONE,0
2,68.0,87,19,0.05,NONE,0
2,68.0,87,19,0.05,NONE,0
2,68.0,87,19,0.05,NONE,0
2,68.0,87,19,0.05,NONE,0
2,68.0,87,19,0.05,NONE,0
2,68.0,87,19,0.05,NONE,0
2,68.0,87,19,0.05,NONE,0
2,68.0,87,19,0.05,NONE,0
2,68.0,87,19,0.05,NONE,0
2,68.0,87,19,0.05,NONE,6
2,68.0,87,19,0.05,NONE,12
2,68.0,87,19,0.05,NONE,18
2,68.0,87,19,0.05,NONE,24
2,68.0,87,19,0.05,NONE,30
2,68.0,87,19,0.05,NONE,36
2,68.0,87,19,0.05,NONE,42
2,68.0,87,19,0.05,NONE,48
2,68.0,87,19,0.05,NONE,42
2,68.0,87,19,0.05,NONE,36
2,68.0,87,19,0.05,NONE,30
2,68.0,87,19,0.05,NONE,24
2,68.0,87,19,0.05,NONE,30
2,68.0,87,19,0.05,NONE,36
2,68.0,87,19,0.05,NONE,36
2,68.0,87,19,0.05,NONE,42
2,68.0,87,19,0.05,NONE,42
2,68.0,87,19,0.05,NONE,42
2,68.0,87,19,0.05,NONE,36
2,68.0,87,19,0.05,NONE,30
2,68.0,87,19,0.05,NONE,24
2,68.0,87,19,0.05,NONE,18
2,68.0,87,19,0.05,NONE,12
2,68.0,87,19,0.05,NONE,18
2,68.0,87,19,0.05,NONE,24
2,68.0,87,19,0.05,NONE,24
2,68.0,87,19,0.05,NONE,24
2,68.0,87,19,0.05,NONE,24
2,68.0,87,19,0.05,NONE,30
2,68.0,87,19,0.05,NONE,36
2,68.0,87,19,0.05,NONE,42
2,68.0,87,19,0.05,NONE,42
2,68.0,87,19,0.05,NONE,42
2,68.0,87,19,0.05,NONE,42
2,68.0,87,19,0.05,NONE,48
2,68.0,87,19,0.05,NONE,54
2,68.0,87,19,0.05,NONE,60
2,68.0,87,19,0.05,NONE,54
2,68.0,87,19,0.05,NONE,48
2,68.0,87,19,0.05,NONE,42
2,68.0,87,19,0.05,NONE,48
2,68.0,87,19,0.05,NONE,54
2,68.0,87,19,0.05,NONE,60
2,68.0,87,19,0.05,NONE,54
2,68.0,87,19,0.05,NONE,48
2,68.0,87,19,0.05,NONE,42
2,68.0,87,19,0.05,NONE,36
2,68.0,87,19,0.05,NONE,42
2,68.0,87,19,0.05,NONE,48
2,68.0,87,19,0.05,NONE,54
2,68.0,87,19,0.05,NONE,60
2,68.0,87,19,0.05,NONE,66
2,68.0,87,19,0.05,NONE,72
2,68.0,87,19,0.05,NONE,78
2,68.0,87,19,0.05,NONE,84
2,68.0,87,19,0.05,NONE,90
2,68.0,87,19,0.05,NONE,96
2,68.0,87,19,0.05,NONE,102
2,68.0,87,19,0.05,NONE,108
2,68.0,87,19,0.05,NONE,102
2,68.0,87,19,0.05,NONE,96
2,68.0,87,19,0.05,NONE,90
2,68.0,87,19,0.05,NONE,84
2,68.0,87,19,0.05,NONE,78
2,68.0,87,19,0.05,NONE,84
2,68.0,87,19,0.05,NONE,90
2,68.0,87,19,0.05,NONE,96
2,68.0,87,19,0.05,NONE,102
2,68.0,87,19,0.05,NONE,108
2,68.0,87,19,0.05,NONE,114
2,68.0,87,19,0.05,NONE,120
2,68.0,87,19,0.05,NONE,126
2,68.0,87,19,0.05,NONE,120
2,68.0,87,19,0.05,NONE,114
2,68.0,87,19,0.05,NONE,108
2,68.0,87,19,0.05,NONE,102
2,68.0,87,19,0.05,NONE,96
2,68.0,87,19,0.05,NONE,90
2,68.0,87,19,0.05,NONE,84
2,68.0,87,19,0.05,NONE,78
2,68.0,87,19,0.05,NONE,84
2,68.0,87,19,0.05,NONE,84
2,68.0,87,19,0.05,NONE,84
2,68.0,87,19,0.05,NONE,78
2,68.0,87,19,0.05,NONE,84
2,68.0,87,19,0.05,NONE,78
2,68.0,87,19,0.05,NONE,84
2,68.0,87,19,0.05,NONE,78
2,68.0,87,19,0.05,NONE,72
2,68.0,87,19,0.05,NONE,78
2,68.0,87,19,0.05,NONE,72
2,68.0,87,19,0.05,NONE,66
2,68.0,87,19,0.05,NONE,72
2,68.0,87,19,0.05,NONE,78
2,68.0,87,19,0.05,NONE,84
2,68.0,87,19,0.05,NONE,78
2,68.0,87,19,0.05,NONE,72
2,68.0,87,19,0.05,NONE,66
2,68.0,87,19,0.05,NONE,60
2,68.0,87,19,0.05,NONE,54
2,68.0,87,19,0.05,NONE,48
2,68.0,87,19,0.05,NONE,42
2,68.0,87,19,0.05,NONE,42
2,68.0,87,19,0.05,NONE,42
2,68.0,87,19,0.05,NONE,48
2,68.0,87,19,0.05,NONE,42
2,68.0,87,19,0.05,NONE,42
2,68.0,87,19,0.05,NONE,42
2,68.0,87,19,0.05,NONE,36
2,68.0,87,19,0.05,NONE,36
2,68.0,87,19,0.05,NONE,36
2,68.0,87,19,0.05,NONE,36
2,68.0,87,19,0.05,NONE,36
2,68.0,87,19,0.05,NONE,36
2,68.0,87,19,0.05,NONE,36
2,68.0,87,19,0.05,NONE,36
2,68.0,87,19,0.05,NONE,30
2,68.0,87,19,0.05,NONE,30
2,68.0,87,19,0.05,NONE,24
2,68.0,87,19,0.05,NONE,18
2,68.0,87,19,0.05,NONE,12
2,68.0,87,19,0.05,NONE,6
2,68.0,87,19,0.05,NONE,0
2,68.0,87,19,0.05,NONE,0
2,68.0,87,19,0.05,NONE,0
2,68.0,87,19,0.05,NONE,0
2,68.0,87,19,0.05,NONE,0
2,68.0,87,19,0.05,NONE,0
2,68.0,87,19,0.05,NONE,0
2,68.0,87,19,0.05,NONE,0
2,68.0,87,19,0.05,NONE,0
2,68.0,87,19,0.05,NONE,0
2,68.0,87,19,0.05,NONE,0
2,68.0,87,19,0.05,NONE,0
2,68.0,87,19,0.05,NONE,0
2,68.0,87,19,0.05,NONE,0
2,68.0,87,19,0.05,NONE,0
2,68.0,87,19,0.05,NONE,0
2,68.0,87,19,0.05,NONE,0
2,68.0,87,19,0.05,NONE,0
2,68.0,87,19,0.05,NONE,0
2,68.0,87,19,0.05,NONE,0
2,68.0,87,19,0.05,NONE,0
2,68.0,87,19,0.05,NONE,0
2,68.0,87,19,0.05,NONE,0
2,68.0,87,19,0.05,NONE,0
2,68.0,87,19,0.05,NONE,0
2,68.0,87,19,0.05,NONE,0
2,68.0,87,19,0.05,NONE,0
2,68.0,87,19,0.05,NONE,0
2,68.0,87,19,0.05,NONE,0
2,68.0,87,19,0.05,NONE,0
2,68.0,87,19,0.05,NONE,0
2,68.0,87,19,0.05,NONE,0
2,68.0,87,19,0.05,NONE,0
2,68.0,87,19,0.05,NONE,0
2,68.0,87,19,0.05,NONE,0
2,68.0,87,19,0.05,NONE,0
2,68.0,87,19,0.05,NONE,0
2,68.0,87,19,0.05,NONE,0
2,68.0,87,19,0.05,NONE,0
2,68.0,87,19,0.05,NONE,0
2,68.0,87,19,0.05,NONE,0
2,68.0,87,19,0.05,NONE,0
2,68.0,87,19,0.05,NONE,0
2,68.0,87,19,0.05,NONE,0
2,68.0,87,19,0.05,NONE,0
2,68.0,87,19,0.05,NONE,0
2,68.0,87,19,0.05,NONE,0
2,68.0,87,19,0.05,NONE,0
2,68.0,87,19,0.05,NONE,0
2,68.0,87,19,0.05,NONE,0
2,68.0,87,19,0.05,NONE,0
2,68.0,87,19,0.05,NONE,0
2,68.0,87,19,0.05,NONE,0
2,68.0,87,19,0.05,NONE,0
2,68.0,87,19,0.05,NONE,0
2,68.0,87,19,0.05,NONE,6
2,68.0,87,19,0.05,NONE,0
2,68.0,87,19,0.05,NONE,0
2,68.0,87,19,0.05,NONE,0
2,68.0,87,19,0.05,NONE,0
2,68.0,87,19,0.05,NONE,0
2,68.0,87,19,0.05,NONE,0
2,68.0,87,19,0.05,NONE,0
2,68.0,87,19,0.05,NONE,6
2,68.0,87,19,0.05,NONE,12
2,68.0,87,19,0.05,NONE,12
2,68.0,87,19,0.05,NONE,12
2,68.0,87,19,0.05,NONE,12
2,68.0,87,19,0.05,NONE,12
2,68.0,87,19,0.05,NONE,12
2,68.0,87,19,0.05,NONE,18
2,68.0,87,19,0.05,NONE,24
2,68.0,87,19,0.05,NONE,30
2,68.0,87,19,0.05,NONE,30
2,68.0,87,19,0.05,NONE,30
2,68.0,87,19,0.05,NONE,36
2,68.0,87,19,0.05,NONE,42
2,68.0,87,19,0.05,NONE,48
2,68.0,87,19,0.05,NONE,54
2,68.0,87,19,0.05,NONE,60
2,68.0,87,19,0.05,NONE,66
2,68.0,87,19,0.05,NONE,72
2,68.0,87,19,0.05,NONE,78
2,68.0,87,19,0.05,NONE,84
2,68.0,87,19,0.05,NONE,78
2,68.0,87,19,0.05,NONE,84
2,68.0,87,19,0.05,NONE,84
2,68.0,87,19,0.05,NONE,84
2,68.0,87,19,0.05,NONE,78
2,68.0,87,19,0.05,NONE,72
2,68.0,87,19,0.05,NONE,66
2,68.0,87,19,0.05,NONE,60
2,68.0,87,19,0.05,NONE,54
2,68.0,87,19,0.05,NONE,48
2,68.0,87,19,0.05,NONE,54
2,68.0,87,19,0.05,NONE,60
2,68.0,87,19,0.05,NONE,66
2,68.0,87,19,0.05,NONE,72
2,68.0,87,19,0.05,NONE,66
2,68.0,87,19,0.05,NONE,60
2,68.0,87,19,0.05,NONE,54
2,68.0,87,19,0.05,NONE,48
2,68.0,87,19,0.05,NONE,42
2,68.0,87,19,0.05,NONE,48
2,68.0,87,19,0.05,NONE,42
2,68.0,87,19,0.05,NONE,48
2,68.0,87,19,0.05,NONE,48
2,68.0,87,19,0.05,NONE,48
2,68.0,87,19,0.05,NONE,48
2,68.0,87,19,0.05,NONE,48
2,68.0,87,19,0.05,NONE,54
2,68.0,87,19,0.05,NONE,60
2,68.0,87,19,0.05,NONE,66
2,68.0,87,19,0.05,NONE,72
2,68.0,87,19,0.05,NONE,78
2,68.0,87,19,0.05,NONE,84
2,68.0,87,19,0.05,NONE,84
2,68.0,87,19,0.05,NONE,84
2,68.0,87,19,0.05,NONE,84
2,68.0,87,19,0.05,NONE,90
2,68.0,87,19,0.05,NONE,96
2,68.0,87,19,0.05,NONE,102
2,68.0,87,19,0.05,NONE,108
2,68.0,87,19,0.05,NONE,114
3,68.0,87,19,0.05,NONE,120
3,68.0,87,19,0.05,NONE,126
3,68.0,87,19,0.05,NONE,132
3,68.0,87,19,0.05,NONE,138
3,68.0,87,19,0.05,NONE,138
3,68.0,87,19,0.05,NONE,138
3,68.0,87,19,0.05,NONE,138
3,68.0,87,19,0.05,NONE,144
3,68.0,87,19,0.05,NONE,150
3,68.0,87,19,0.05,NONE,156
3,68.0,87,19,0.05,NONE,162
3,68.0,87,19,0.05,NONE,156
3,68.0,87,19,0.05,NONE,150
3,68.0,87,19,0.05,NONE,156
3,68.0,87,19,0.05,NONE,156
3,68.0,87,19,0.05,NONE,156
3,68.0,87,19,0.05,NONE,162
3,68.0,87,19,0.05,NONE,168
3,68.0,87,19,0.05,NONE,174
3,68.0,87,19,0.05,NONE,180
3,68.0,87,19,0.05,NONE,180
3,68.0,87,19,0.05,NONE,180
3,68.0,87,19,0.05,NONE,174
3,68.0,87,19,0.05,NONE,168
3,68.0,87,19,0.05,NONE,162
3,68.0,87,19,0.05,NONE,156
3,68.0,87,19,0.05,NONE,150
3,68.0,87,19,0.05,NONE,144
3,68.0,87,19,0.05,NONE,138
3,68.0,87,19,0.05,NONE,132
3,68.0,87,19,0.05,NONE,126
3,68.0,87,19,0.05,NONE,120
3,68.0,87,19,0.05,NONE,114
3,68.0,87,19,0.05,NONE,120
3,68.0,87,19,0.05,NONE,126
3,68.0,87,19,0.05,NONE,132
3,68.0,87,19,0.05,NONE,138
3,68.0,87,19,0.05,NONE,144
3,68.0,87,19,0.05,NONE,150
3,68.0,87,19,0.05,NONE,156
3,68.0,87,19,0.05,NONE,156
3,68.0,87,19,0.05,NONE,156
3,68.0,87,19,0.05,NONE,156
3,68.0,87,19,0.05,NONE,156
3,68.0,87,19,0.05,NONE,156
3,68.0,87,19,0.05,NONE,156
3,68.0,87,19,0.05,NONE,150
3,68.0,87,19,0.05,NONE,150
3,68.0,87,19,0.05,NONE,150
3,68.0,87,19,0.05,NONE,150
3,68.0,87,19,0.05,NONE,150
3,68.0,87,19,0.05,NONE,150
3,68.0,87,19,0.05,NONE,150
3,68.0,87,19,0.05,NONE,150
3,68.0,87,19,0.05,NONE,150
3,69.0,88,19,0.05,NONE,150
3,69.0,88,19,0.05,NONE,144
3,69.0,88,19,0.05,NONE,144
3,69.0,88,19,0.05,NONE,144
3,69.0,88,19,0.05,NONE,144
3,69.0,88,19,0.05,NONE,144
3,69.0,88,19,0.05,NONE,144
3,69.0,88,19,0.05,NONE,144
3,69.0,88,19,0.05,NONE,144
3,69.0,88,19,0.05,NONE,144
3,69.0,88,19,0.05,NONE,144
3,69.0,88,19,0.05,NONE,150
3,69.0,88,19,0.05,NONE,150
3,69.0,88,19,0.05,NONE,150
3,69.0,88,19,0.05,NONE,156
3,69.0,88,19,0.05,NONE,150
3,69.0,88,19,0.05,NONE,156
3,69.0,88,19,0.05,NONE,150
3,69.0,88,19,0.05,NONE,156
3,69.0,88,19,0.05,NONE,150
3,69.0,88,19,0.05,NONE,156
3,69.0,88,19,0.05,NONE,150
3,69.0,88,19,0.05,NONE,156
3,69.0,88,19,0.05,NONE,150
3,69.0,88,19,0.05,NONE,156
3,69.0,88,19,0.05,NONE,150
3,69.0,88,19,0.05,NONE,156
3,69.0,88,19,0.05,NONE,150
3,69.0,88,19,0.05,NONE,156
3,69.0,88,19,0.05,NONE,150
3,69.0,88,19,0.05,NONE,156
3,69.0,88,19,0.05,NONE,162
3,69.0,88,19,0.05,NONE,156
3,69.0,88,19,0.05,NONE,162
3,69.0,88,19,0.05,NONE,156
3,69.0,88,19,0.05,NONE,150
3,69.0,88,19,0.05,NONE,156
3,69.0,88,19,0.05,NONE,150
3,69.0,88,19,0.05,NONE,144
3,69.0,88,19,0.05,NONE,138
3,69.0,88,19,0.05,NONE,138
3,69.0,88,19,0.05,NONE,132
3,69.0,88,19,0.05,NONE,126
3,69.0,88,19,0.05,NONE,120
3,69.0,88,19,0.05,NONE,114
3,69.0,88,19,0.05,NONE,108
3,69.0,88,19,0.05,NONE,102
3,69.0,88,19,0.05,NONE,96
3,69.0,88,19,0.05,NONE,90
3,69.0,88,19,0.05,NONE,84
3,69.0,88,19,0.05,NONE,90
3,69.0,88,19,0.05,NONE,96
3,69.0,88,19,0.05,NONE,102
3,69.0,88,19,0.05,NONE,108
3,69.0,88,19,0.05,NONE,114
3,69.0,88,19,0.05,NONE,120
3,69.0,88,19,0.05,NONE,114
3,69.0,88,19,0.05,NONE,120
3,69.0,88,19,0.05,NONE,114
3,69.0,88,19,0.05,NONE,120
3,69.0,88,19,0.05,NONE,114
3,69.0,88,19,0.05,NONE,120
3,69.0,88,19,0.05,NONE,114
3,69.0,88,19,0.05,NONE,108
3,69.0,88,19,0.05,NONE,102
3,69.0,88,19,0.05,NONE,96
3,69.0,88,19,0.05,NONE,90
3,69.0,88,19,0.05,NONE,84
3,69.0,88,19,0.05,NONE,78
3,69.0,88,19,0.05,NONE,72
3,69.0,88,19,0.05,NONE,66
3,69.0,88,19,0.05,NONE,60
3,69.0,88,19,0.05,NONE,54
3,69.0,88,19,0.05,NONE,48
3,69.0,88,19,0.05,NONE,54
3,69.0,88,19,0.05,NONE,48
3,69.0,88,19,0.05,NONE,42
3,69.0,88,19,0.05,NONE,36
3,69.0,88,19,0.05,NONE,30
3,69.0,88,19,0.05,NONE,24
3,69.0,88,19,0.05,NONE,18
3,69.0,88,19,0.05,NONE,12
3,69.0,88,19,0.05,NONE,6
3,69.0,88,19,0.05,NONE,0
3,69.0,88,19,0.05,NONE,0
3,69.0,88,19,0.05,NONE,0
3,69.0,88,19,0.05,NONE,0
3,69.0,88,19,0.05,NONE,0
3,69.0,88,19,0.05,NONE,0
3,69.0,88,19,0.05,NONE,0
3,69.0,88,19,0.05,NONE,0
3,69.0,88,19,0.05,NONE,0
3,69.0,88,19,0.05,NONE,0
3,69.0,88,19,0.05,NONE,0
3,69.0,88,19,0.05,NONE,0
3,69.0,88,19,0.05,NONE,0
3,69.0,88,19,0.05,NONE,0
3,69.0,88,19,0.05,NONE,0
3,69.0,88,19,0.05,NONE,0
3,69.0,88,19,0.05,NONE,0
3,69.0,88,19,0.05,NONE,0
3,69.0,88,19,0.05,NONE,0
3,69.0,88,19,0.05,NONE,0
3,69.0,88,19,0.05,NONE,0
3,69.0,88,19,0.05,NONE,0
3,69.0,88,19,0.05,NONE,0
3,69.0,88,19,0.05,NONE,0
3,69.0,88,19,0.05,NONE,6
3,69.0,88,19,0.05,NONE,6
3,69.0,88,19,0.05,NONE,12
3,69.0,88,19,0.05,NONE,6
3,69.0,88,19,0.05,NONE,12
3,69.0,88,19,0.05,NONE,12
3,69.0,88,19,0.05,NONE,12
3,69.0,88,19,0.05,NONE,18
3,69.0,88,19,0.05,NONE,24
3,69.0,88,19,0.05,NONE,30
3,69.0,88,19,0.05,NONE,30
3,69.0,88,19,0.05,NONE,30
3,69.0,88,19,0.05,NONE,36
3,69.0,88,19,0.05,NONE,42
3,69.0,88,19,0.05,NONE,48
3,69.0,88,19,0.05,NONE,48
3,69.0,88,19,0.05,NONE,42
3,69.0,88,19,0.05,NONE,48
3,69.0,88,19,0.05,NONE,48
3,69.0,88,19,0.05,NONE,48
3,69.0,88,19,0.05,NONE,48
3,69.0,88,19,0.05,NONE,54
3,69.0,88,19,0.05,NONE,48
3,69.0,88,19,0.05,NONE,42
3,69.0,88,19,0.05,NONE,36
3,69.0,88,19,0.05,NONE,30
3,69.0,88,19,0.05,NONE,24
3,69.0,88,19,0.05,NONE,18
3,69.0,88,19,0.05,NONE,12
3,69.0,88,19,0.05,NONE,6
3,69.0,88,19,0.05,NONE,0
3,69.0,88,19,0.05,NONE,0
3,69.0,88,19,0.05,NONE,0
3,69.0,88,19,0.05,NONE,0
3,69.0,88,19,0.05,NONE,0
3,69.0,88,19,0.05,NONE,0
3,69.0,88,19,0.05,NONE,0
3,69.0,88,19,0.05,NONE,0
3,69.0,88,19,0.05,NONE,0
3,69.0,88,19,0.05,NONE,0
3,69.0,88,19,0.05,NONE,0
3,69.0,88,19,0.05,NONE,0
3,69.0,88,19,0.05,NONE,0
3,69.0,88,19,0.05,NONE,0
3,69.0,88,19,0.05,NONE,0
3,69.0,88,19,0.05,NONE,0
3,69.0,88,19,0.05,NONE,0
3,69.0,88,19,0.05,NONE,0
3,69.0,88,19,0.05,NONE,0
3,69.0,88,19,0.05,NONE,0
3,69.0,88,19,0.05,NONE,0
3,69.0,88,19,0.05,NONE,0
3,69.0,88,19,0.05,NONE,0
3,69.0,88,19,0.05,NONE,0
3,69.0,88,19,0.05,NONE,0
3,69.0,88,19,0.05,NONE,0
3,69.0,88,19,0.05,NONE,0
3,69.0,88,19,0.05,NONE,0
3,69.0,88,19,0.05,NONE,0
3,69.0,88,19,0.05,NONE,0
3,69.0,88,19,0.05,NONE,0
3,69.0,88,19,0.05,NONE,0
3,69.0,88,19,0.05,NONE,0
3,69.0,88,19,0.05,NONE,0
3,69.0,88,19,0.05,NONE,0
3,69.0,88,19,0.05,NONE,0
3,69.0,88,19,0.05,NONE,0
3,69.0,88,19,0.05,NONE,0
3,69.0,88,19,0.05,NONE,0
3,69.0,88,19,0.05,NONE,0
3,69.0,88,19,0.05,NONE,0
3,69.0,88,19,0.05,NONE,0
3,69.0,88,19,0.05,NONE,0
3,69.0,88,19,0.05,NONE,0
3,69.0,88,19,0.05,NONE,0
3,69.0,88,19,0.05,NONE,0
3,69.0,88,19,0.05,NONE,0
3,69.0,88,19,0.05,NONE,0
3,69.0,88,19,0.05,NONE,0
3,69.0,88,19,0.05,NONE,0
3,69.0,88,19,0.05,NONE,0
3,69.0,88,19,0.05,NONE,0
3,69.0,88,19,0.05,NONE,0
3,69.0,88,19,0.05,NONE,0
3,69.0,88,19,0.05,NONE,0
3,69.0,88,19,0.05,NONE,0
3,69.0,88,19,0.05,NONE,0
3,69.0,88,19,0.05,NONE,0
3,69.0,88,19,0.05,NONE,0
3,69.0,88,19,0.05,NONE,0
3,69.0,88,19,0.05,NONE,0
3,69.0,88,19,0.05,NONE,0
3,69.0,88,19,0.05,NONE,0
3,69.0,88,19,0.05,NONE,0
3,69.0,88,19,0.05,NONE,0
3,69.0,88,19,0.05,NONE,0
3,69.0,88,19,0.05,NONE,0
3,69.0,88,19,0.05,NONE,0
3,69.0,88,19,0.05,NONE,0
3,69.0,88,19,0.05,NONE,0
3,69.0,88,19,0.05,NONE,0
3,69.0,88,19,0.05,NONE,0
3,69.0,88,19,0.05,NONE,0
3,69.0,88,19,0.05,NONE,0
3,69.0,88,19,0.05,NONE,0
3,69.0,88,19,0.05,NONE,0
3,69.0,88,19,0.05,NONE,0
3,69.0,88,19,0.05,NONE,0
3,69.0,88,19,0.05,NONE,0
3,69.0,88,19,0.05,NONE,0
3,69.0,88,19,0.05,NONE,0
3,69.0,88,19,0.05,NONE,0
3,69.0,88,19,0.05,NONE,0
3,69.0,88,19,0.05,NONE,0
3,69.0,88,19,0.05,NONE,0
3,69.0,88,19,0.05,NONE,0
3,69.0,88,19,0.05,NONE,0
3,69.0,88,19,0.05,NONE,0
3,69.0,88,19,0.05,NONE,0
3,69.0,88,19,0.05,NONE,0
3,69.0,88,19,0.05,NONE,0
3,69.0,88,19,0.05,NONE,0
3,69.0,88,19,0.05,NONE,0
3,69.0,88,19,0.05,NONE,0
3,69.0,88,19,0.05,NONE,0
3,69.0,88,19,0.05,NONE,0
3,69.0,88,19,0.05,NONE,0
3,69.0,88,19,0.05,NONE,0
3,69.0,88,19,0.05,NONE,0
3,69.0,88,19,0.05,NONE,0
3,69.0,88,19,0.05,NONE,0
3,69.0,88,19,0.05,NONE,0
3,69.0,88,19,0.05,NONE,0
3,69.0,88,19,0.05,NONE,0
3,69.0,88,19,0.05,NONE,0
3,69.0,88,19,0.05,NONE,0
3,69.0,88,19,0.05,NONE,0
3,69.0,88,19,0.05,NONE,0
3,69.0,88,19,0.05,NONE,0
3,69.0,88,19,0.05,NONE,0
3,69.0,88,19,0.05,NONE,0
3,69.0,88,19,0.05,NONE,0
3,69.0,88,19,0.05,NONE,0
3,69.0,88,19,0.05,NONE,0
3,69.0,88,19,0.05,NONE,0
3,69.0,88,19,0.05,NONE,0
3,69.0,88,19,0.05,NONE,0
3,69.0,88,19,0.05,NONE,0
3,69.0,88,19,0.05,NONE,0
3,69.0,88,19,0.05,NONE,0
3,69.0,88,19,0.05,NONE,0
3,69.0,88,19,0.05,NONE,0
3,69.0,88,19,0.05,NONE,0
3,69.0,88,19,0.05,NONE,0
3,69.0,88,19,0.05,NONE,0
3,69.0,88,19,0.05,NONE,0
3,69.0,88,19,0.05,NONE,0
3,69.0,88,19,0.05,NONE,0
3,69.0,88,19,0.05,NONE,0
3,69.0,88,19,0.05,NONE,0
3,69.0,88,19,0.05,NONE,0
3,69.0,88,19,0.05,NONE,0
3,69.0,88,19,0.05,NONE,0
3,69.0,88,19,0.05,NONE,0
3,69.0,88,19,0.05,NONE,0
3,69.0,88,19,0.05,NONE,0
3,69.0,88,19,0.05,NONE,0
3,69.0,88,19,0.05,NONE,0
3,69.0,88,19,0.05,NONE,0
3,69.0,88,19,0.05,NONE,0
3,69.0,88,19,0.05,NONE,0
3,69.0,88,19,0.05,NONE,0
3,69.0,88,19,0.05,NONE,0
3,69.0,88,19,0.05,NONE,0
3,69.0,88,19,0.05,NONE,0
3,69.0,88,19,0.05,NONE,0
3,69.0,88,19,0.05,NONE,0
3,69.0,88,19,0.05,NONE,0
3,69.0,88,19,0.05,NONE,0
3,69.0,88,19,0.05,NONE,0
3,69.0,88,19,0.05,NONE,0
3,69.0,88,19,0.05,NONE,0
3,69.0,88,19,0.05,NONE,0
3,69.0,88,19,0.05,NONE,0
3,69.0,88,19,0.05,NONE,0
3,69.0,88,19,0.05,NONE,0
3,69.0,88,19,0.05,NONE,0
3,69.0,88,19,0.05,NONE,0
3,69.0,88,19,0.05,NONE,0
3,69.0,88,19,0.05,NONE,0
3,69.0,88,19,0.05,NONE,0
3,69.0,88,19,0.05,NONE,0
3,69.0,88,19,0.05,NONE,0
3,69.0,88,19,0.05,NONE,0
3,69.0,88,19,0.05,NONE,0
3,69.0,88,19,0.05,NONE,6
3,69.0,88,19,0.05,NONE,6
3,69.0,88,19,0.05,NONE,12
3,69.0,88,19,0.05,NONE,12
3,69.0,88,19,0.05,NONE,18
3,69.0,88,19,0.05,NONE,24
3,69.0,88,19,0.05,NONE,30
3,69.0,88,19,0.05,NONE,36
3,69.0,88,19,0.05,NONE,42
3,69.0,88,19,0.05,NONE,48
3,69.0,88,19,0.05,NONE,48
3,69.0,88,19,0.05,NONE,42
3,69.0,88,19,0.05,NONE,48
3,69.0,88,19,0.05,NONE,54
3,69.0,88,19,0.05,NONE,60
3,69.0,88,19,0.05,NONE,66
3,69.0,88,19,0.05,NONE,72
3,69.0,88,19,0.05,NONE,78
3,69.0,88,19,0.05,NONE,84
3,69.0,88,19,0.05,NONE,84
3,69.0,88,19,0.05,NONE,84
3,69.0,88,19,0.05,NONE,84
3,69.0,88,19,0.05,NONE,90
3,69.0,88,19,0.05,NONE,96
3,69.0,88,19,0.05,NONE,96
3,69.0,88,19,0.05,NONE,96
3,69.0,88,19,0.05,NONE,102
3,69.0,88,19,0.05,NONE,108
3,69.0,88,19,0.05,NONE,114
3,69.0,88,19,0.05,NONE,120
3,69.0,88,19,0.05,NONE,126
3,69.0,88,19,0.05,NONE,120
3,69.0,88,19,0.05,NONE,114
3,69.0,88,19,0.05,NONE,114
3,69.0,88,19,0.05,NONE,114
3,69.0,88,19,0.05,NONE,114
3,69.0,88,19,0.05,NONE,114
3,69.0,88,19,0.05,NONE,114
3,69.0,88,19,0.05,NONE,120
3,69.0,88,19,0.05,NONE,114
3,69.0,88,19,0.05,NONE,120
3,69.0,88,19,0.05,NONE,120
3,69.0,88,19,0.05,NONE,120
3,69.0,88,19,0.05,NONE,120
3,69.0,88,19,0.05,NONE,126
3,69.0,88,19,0.05,NONE,132
3,69.0,88,19,0.05,NONE,138
3,69.0,88,19,0.05,NONE,132
3,69.0,88,19,0.05,NONE,126
3,69.0,88,19,0.05,NONE,120
3,69.0,88,19,0.05,NONE,114
3,69.0,88,19,0.05,NONE,114
3,69.0,88,19,0.05,NONE,114
3,69.0,88,19,0.05,NONE,114
3,69.0,88,19,0.05,NONE,120
3,69.0,88,19,0.05,NONE,126
3,69.0,88,19,0.05,NONE,132
3,69.0,88,19,0.05,NONE,138
3,69.0,88,19,0.05,NONE,132
3,69.0,88,19,0.05,NONE,132
3,69.0,88,19,0.05,NONE,138
3,69.0,88,19,0.05,NONE,144
3,69.0,88,19,0.05,NONE,150
3,69.0,88,19,0.05,NONE,150
3,69.0,88,19,0.05,NONE,150
3,69.0,88,19,0.05,NONE,156
3,69.0,88,19,0.05,NONE,156
3,69.0,88,19,0.05,NONE,150
3,69.0,88,19,0.05,NONE,156
3,69.0,88,19,0.05,NONE,156
3,69.0,88,19,0.05,NONE,156
3,69.0,88,19,0.05,NONE,156
3,69.0,88,19,0.05,NONE,156
3,69.0,88,19,0.05,NONE,156
3,69.0,88,19,0.05,NONE,162
3,69.0,88,19,0.05,NONE,168
3,69.0,88,19,0.05,NONE,174
3,69.0,88,19,0.05,NONE,174
3,69.0,88,19,0.05,NONE,174
3,69.0,88,19,0.05,NONE,174
3,69.0,88,19,0.05,NONE,180
3,69.0,88,19,0.05,NONE,186
3,69.0,88,19,0.05,NONE,192
3,69.0,88,19,0.05,NONE,198
3,69.0,88,19,0.05,NONE,192
3,69.0,88,19,0.05,NONE,186
3,69.0,88,19,0.05,NONE,186
3,69.0,88,19,0.05,NONE,186
3,69.0,88,19,0.05,NONE,186
3,69.0,88,19,0.05,NONE,192
3,69.0,88,19,0.05,NONE,186
3,69.0,88,19,0.05,NONE,192
3,69.0,88,19,0.05,NONE,192
3,69.0,88,19,0.05,NONE,192
3,69.0,88,19,0.05,NONE,198
3,69.0,88,19,0.05,NONE,204
3,69.0,88,19,0.05,NONE,198
3,69.0,88,19,0.05,NONE,192
3,69.0,88,19,0.05,NONE,186
3,69.0,88,19,0.05,NONE,186
3,69.0,88,19,0.05,NONE,186
3,69.0,88,19,0.05,NONE,186
3,69.0,88,19,0.05,NONE,186
3,69.0,88,19,0.05,NONE,186
3,69.0,88,19,0.05,NONE,186
3,69.0,88,19,0.05,NONE,186
3,69.0,88,19,0.05,NONE,186
3,69.0,88,19,0.05,NONE,180
3,69.0,88,19,0.05,NONE,174
3,69.0,88,19,0.05,NONE,168
3,69.0,88,19,0.05,NONE,162
3,69.0,88,19,0.05,NONE,156
3,69.0,88,19,0.05,NONE,150
3,69.0,88,19,0.05,NONE,150
3,69.0,88,19,0.05,NONE,150
3,69.0,88,19,0.05,NONE,150
3,69.0,88,19,0.05,NONE,150
3,69.0,88,19,0.05,NONE,150
3,69.0,88,19,0.05,NONE,150
3,69.0,88,19,0.05,NONE,150
3,69.0,88,19,0.05,NONE,150
3,69.0,88,19,0.05,NONE,150
3,69.0,88,19,0.05,NONE,150
3,69.0,88,19,0.05,NONE,150
3,69.0,88,19,0.05,NONE,150
3,69.0,88,19,0.05,NONE,150
3,69.0,88,19,0.05,NONE,150
3,69.0,88,19,0.05,NONE,150
3,69.0,88,19,0.05,NONE,150
3,69.0,88,19,0.05,NONE,150
3,69.0,88,19,0.05,NONE,156
3,69.0,88,19,0.05,NONE,150
3,69.0,88,19,0.05,NONE,156
3,69.0,88,19,0.05,NONE,150
3,69.0,88,19,0.05,NONE,156
3,69.0,88,19,0.05,NONE,150
3,69.0,88,19,0.05,NONE,156
3,69.0,88,19,0.05,NONE,150
3,69.0,88,19,0.05,NONE,156
3,69.0,88,19,0.05,NONE,156
3,69.0,88,19,0.05,NONE,150
3,69.0,88,19,0.05,NONE,156
3,69.0,88,19,0.05,NONE,150
3,69.0,88,19,0.05,NONE,144
3,69.0,88,19,0.05,NONE,138
3,69.0,88,19,0.05,NONE,132
3,69.0,88,19,0.05,NONE,126
3,69.0,88,19,0.05,NONE,120
3,69.0,88,19,0.05,NONE,114
3,69.0,88,19,0.05,NONE,108
3,69.0,88,19,0.05,NONE,102
3,69.0,88,19,0.05,NONE,96
3,69.0,88,19,0.05,NONE,90
3,69.0,88,19,0.05,NONE,84
3,69.0,88,19,0.05,NONE,78
3,69.0,88,19,0.05,NONE,72
3,69.0,88,19,0.05,NONE,66
3,69.0,88,19,0.05,NONE,60
3,69.0,88,19,0.05,NONE,54
3,69.0,88,19,0.05,NONE,48
3,69.0,88,19,0.05,NONE,42
3,69.0,88,19,0.05,NONE,36
3,69.0,88,19,0.05,NONE,30
3,69.0,88,19,0.05,NONE,24
3,69.0,88,19,0.05,NONE,18
3,69.0,88,19,0.05,NONE,12
3,69.0,88,19,0.05,NONE,12
3,69.0,88,19,0.05,NONE,6
3,69.0,88,19,0.05,NONE,0
3,69.0,88,19,0.05,NONE,0
3,69.0,88,19,0.05,NONE,0
3,69.0,88,19,0.05,NONE,0
3,69.0,88,19,0.05,NONE,0
3,69.0,88,19,0.05,NONE,0
3,69.0,88,19,0.05,NONE,0
3,69.0,88,19,0.05,NONE,0
3,69.0,88,19,0.05,NONE,0
3,69.0,88,19,0.05,NONE,0
3,69.0,88,19,0.05,NONE,0
3,69.0,88,19,0.05,NONE,0
3,69.0,88,19,0.05,NONE,0
3,69.0,88,19,0.05,NONE,0
3,69.0,88,19,0.05,NONE,0
3,69.0,88,19,0.05,NONE,6
3,69.0,88,19,0.05,NONE,0
3,69.0,88,19,0.05,NONE,0
3,69.0,88,19,0.05,NONE,0
3,69.0,88,19,0.05,NONE,0
3,69.0,88,19,0.05,NONE,0
3,69.0,88,19,0.05,NONE,0
3,69.0,88,19,0.05,NONE,0
3,69.0,88,19,0.05,NONE,0
3,69.0,88,19,0.05,NONE,0
3,69.0,88,19,0.05,NONE,0
3,69.0,88,19,0.05,NONE,0
3,69.0,88,19,0.05,NONE,0
3,69.0,88,19,0.05,NONE,0
3,69.0,88,19,0.05,NONE,0
3,69.0,88,19,0.05,NONE,0
3,69.0,88,19,0.05,NONE,0
3,69.0,88,19,0.05,NONE,0
3,69.0,88,19,0.05,NONE,0
3,69.0,88,19,0.05,NONE,0
3,69.0,88,19,0.05,NONE,0
3,69.0,88,19,0.05,NONE,0
3,69.0,88,19,0.05,NONE,0
3,69.0,88,19,0.05,NONE,0
3,69.0,88,19,0.05,NONE,0
3,69.0,88,19,0.05,NONE,0
3,69.0,88,19,0.05,NONE,0
3,69.0,88,19,0.05,NONE,0
3,69.0,88,19,0.05,NONE,0
3,69.0,88,19,0.05,NONE,0
3,69.0,88,19,0.05,NONE,0
3,69.0,88,19,0.05,NONE,0
3,69.0,88,19,0.05,NONE,0
3,69.0,88,19,0.05,NONE,0
3,69.0,88,19,0.05,NONE,0
3,69.0,88,19,0.05,NONE,0
3,69.0,88,19,0.05,NONE,0
3,69.0,88,19,0.05,NONE,0
3,69.0,88,19,0.05,NONE,6
3,69.0,88,19,0.05,NONE,12
3,69.0,88,19,0.05,NONE,6
3,69.0,88,19,0.05,NONE,12
3,69.0,88,19,0.05,NONE,12
3,69.0,88,19,0.05,NONE,12
3,69.0,88,19,0.05,NONE,12
3,69.0,88,19,0.05,NONE,18
3,69.0,88,19,0.05,NONE,24
3,69.0,88,19,0.05,NONE,30
3,69.0,88,19,0.05,NONE,36
3,69.0,88,19,0.05,NONE,42
3,69.0,88,19,0.05,NONE,48
3,69.0,88,19,0.05,NONE,48
3,69.0,88,19,0.05,NONE,48
3,69.0,88,19,0.05,NONE,48
3,69.0,88,19,0.05,NONE,54
3,69.0,88,19,0.05,NONE,60
3,69.0,88,19,0.05,NONE,66
3,69.0,88,19,0.05,NONE,72
3,69.0,88,19,0.05,NONE,78
3,69.0,88,19,0.05,NONE,84
3,69.0,88,19,0.05,NONE,90
3,69.0,88,19,0.05,NONE,84
3,69.0,88,19,0.05,NONE,84
3,69.0,88,19,0.05,NONE,78
3,69.0,88,19,0.05,NONE,84
3,69.0,88,19,0.05,NONE,84
3,69.0,88,19,0.05,NONE,84
3,69.0,88,19,0.05,NONE,90
3,69.0,88,19,0.05,NONE,96
3,69.0,88,19,0.05,NONE,102
3,69.0,88,19,0.05,NONE,102
3,69.0,88,19,0.05,NONE,102
3,69.0,88,19,0.05,NONE,102
3,69.0,88,19,0.05,NONE,102
3,69.0,88,19,0.05,NONE,102
3,69.0,88,19,0.05,NONE,96
3,69.0,88,19,0.05,NONE,102
3,69.0,88,19,0.05,NONE,108
3,69.0,88,19,0.05,NONE,114
3,69.0,88,19,0.05,NONE,120
3,69.0,88,19,0.05,NONE,120
3,69.0,88,19,0.05,NONE,114
3,69.0,88,19,0.05,NONE,120
3,69.0,88,19,0.05,NONE,120
3,69.0,88,19,0.05,NONE,120
3,69.0,88,19,0.05,NONE,126
3,69.0,88,19,0.05,NONE,132
3,69.0,88,19,0.05,NONE,138
3,69.0,88,19,0.05,NONE,144
3,69.0,88,19,0.05,NONE,150
3,69.0,88,19,0.05,NONE,156
3,69.0,88,19,0.05,NONE,162
3,69.0,88,19,0.05,NONE,156
3,69.0,88,19,0.05,NONE,150
3,69.0,88,19,0.05,NONE,156
3,69.0,88,19,0.05,NONE,156
3,69.0,88,19,0.05,NONE,156
3,69.0,88,19,0.05,NONE,150
3,69.0,88,19,0.05,NONE,150
3,69.0,88,19,0.05,NONE,144
3,69.0,88,19,0.05,NONE,144
3,69.0,88,19,0.05,NONE,144
3,69.0,88,19,0.05,NONE,150
3,70.0,89,19,0.05,NONE,156
3,70.0,89,19,0.05,NONE,156
3,70.0,89,19,0.05,NONE,150
3,70.0,89,19,0.05,NONE,144
3,70.0,89,19,0.05,NONE,138
3,70.0,89,19,0.05,NONE,132
3,70.0,89,19,0.05,NONE,126
3,70.0,89,19,0.05,NONE,120
3,70.0,89,19,0.05,NONE,114
3,70.0,89,19,0.05,NONE,120
3,70.0,89,19,0.05,NONE,114
3,70.0,89,19,0.05,NONE,108
3,70.0,89,19,0.05,NONE,108
3,70.0,89,19,0.05,NONE,102
3,70.0,89,19,0.05,NONE,96
3,70.0,89,19,0.05,NONE,90
3,70.0,89,19,0.05,NONE,84
3,70.0,89,19,0.05,NONE,78
3,70.0,89,19,0.05,NONE,72
3,70.0,89,19,0.05,NONE,66
3,70.0,89,19,0.05,NONE,60
3,70.0,89,19,0.05,NONE,54
3,70.0,89,19,0.05,NONE,48
3,70.0,89,19,0.05,NONE,42
3,70.0,89,19,0.05,NONE,36
3,70.0,89,19,0.05,NONE,30
3,70.0,89,19,0.05,NONE,24
3,70.0,89,19,0.05,NONE,18
3,70.0,89,19,0.05,NONE,12
3,70.0,89,19,0.05,NONE,6
3,70.0,89,19,0.05,NONE,0
3,70.0,89,19,0.05,NONE,0
3,70.0,89,19,0.05,NONE,0
3,70.0,89,19,0.05,NONE,0
3,70.0,89,19,0.05,NONE,0
3,70.0,89,19,0.05,NONE,0
3,70.0,89,19,0.05,NONE,0
3,70.0,89,19,0.05,NONE,0
3,70.0,89,19,0.05,NONE,0
3,70.0,89,19,0.05,NONE,0
3,70.0,89,19,0.05,NONE,0
3,70.0,89,19,0.05,NONE,0
3,70.0,89,19,0.05,NONE,0
3,70.0,89,19,0.05,NONE,0
3,70.0,89,19,0.05,NONE,0
3,70.0,89,19,0.05,NONE,0
3,70.0,89,19,0.05,NONE,0
3,70.0,89,19,0.05,NONE,0
3,70.0,89,19,0.05,NONE,0
3,70.0,89,19,0.05,NONE,0
3,70.0,89,19,0.05,NONE,0
3,70.0,89,19,0.05,NONE,0
3,70.0,89,19,0.05,NONE,0
3,70.0,89,19,0.05,NONE,0
3,70.0,89,19,0.05,NONE,0
3,70.0,89,19,0.05,NONE,0
3,70.0,89,19,0.05,NONE,0
3,70.0,89,19,0.05,NONE,0
3,70.0,89,19,0.05,NONE,0
3,70.0,89,19,0.05,NONE,0
3,70.0,89,19,0.05,NONE,0
3,70.0,89,19,0.05,NONE,0
3,70.0,89,19,0.05,NONE,0
3,70.0,89,19,0.05,NONE,0
3,70.0,89,19,0.05,NONE,0
3,70.0,89,19,0.05,NONE,0
3,70.0,89,19,0.05,NONE,0
3,70.0,89,19,0.05,NONE,0
3,70.0,89,19,0.05,NONE,0
3,70.0,89,19,0.05,NONE,0
3,70.0,89,19,0.05,NONE,0
3,70.0,89,19,0.05,NONE,0
3,70.0,89,19,0.05,NONE,0
3,70.0,89,19,0.05,NONE,0
3,70.0,89,19,0.05,NONE,0
3,70.0,89,19,0.05,NONE,0
3,70.0,89,19,0.05,NONE,0
3,70.0,89,19,0.05,NONE,0
3,70.0,89,19,0.05,NONE,0
3,70.0,89,19,0.05,NONE,0
3,70.0,89,19,0.05,NONE,6
3,70.0,89,19,0.05,NONE,0
3,70.0,89,19,0.05,NONE,0
3,70.0,89,19,0.05,NONE,0
3,70.0,89,19,0.05,NONE,0
3,70.0,89,19,0.05,NONE,0
3,70.0,89,19,0.05,NONE,0
3,70.0,89,19,0.05,NONE,0
3,70.0,89,19,0.05,NONE,0
3,70.0,89,19,0.05,NONE,0
3,70.0,89,19,0.05,NONE,0
3,70.0,89,19,0.05,NONE,0
3,70.0,89,19,0.05,NONE,0
3,70.0,89,19,0.05,NONE,0
3,70.0,89,19,0.05,NONE,0
3,70.0,89,19,0.05,NONE,0
3,70.0,89,19,0.05,NONE,0
3,70.0,89,19,0.05,NONE,0
3,70.0,89,19,0.05,NONE,0
3,70.0,89,19,0.05,NONE,0
3,70.0,89,19,0.05,NONE,0
3,70.0,89,19,0.05,NONE,0
3,70.0,89,19,0.05,NONE,0
3,70.0,89,19,0.05,NONE,0
3,70.0,89,19,0.05,NONE,0
3,70.0,89,19,0.05,NONE,0
3,70.0,89,19,0.05,NONE,0
3,70.0,89,19,0.05,NONE,0
3,70.0,89,19,0.05,NONE,0
3,70.0,89,19,0.05,NONE,0
3,70.0,89,19,0.05,NONE,0
3,70.0,89,19,0.05,NONE,0
3,70.0,89,19,0.05,NONE,0
3,70.0,89,19,0.05,NONE,0
3,70.0,89,19,0.05,NONE,0
3,70.0,89,19,0.05,NONE,0
3,70.0,89,19,0.05,NONE,0
3,70.0,89,19,0.05,NONE,0
3,70.0,89,19,0.05,NONE,0
3,70.0,89,19,0.05,NONE,0
3,70.0,89,19,0.05,NONE,0
3,70.0,89,19,0.05,NONE,0
3,70.0,89,19,0.05,NONE,0
3,70.0,89,19,0.05,NONE,0
3,70.0,89,19,0.05,NONE,0
3,70.0,89,19,0.05,NONE,0
3,70.0,89,19,0.05,NONE,0
3,70.0,89,19,0.05,NONE,0
3,70.0,89,19,0.05,NONE,0
3,70.0,89,19,0.05,NONE,0
3,70.0,89,19,0.05,NONE,0
3,70.0,89,19,0.05,NONE,0
3,70.0,89,19,0.05,NONE,0
3,70.0,89,19,0.05,NONE,0
3,70.0,89,19,0.05,NONE,0
3,70.0,89,19,0.05,NONE,0
3,70.0,89,19,0.05,NONE,0
3,70.0,89,19,0.05,NONE,0
3,70.0,89,19,0.05,NONE,0
3,70.0,89,19,0.05,NONE,0
3,70.0,89,19,0.05,NONE,0
3,70.0,89,19,0.05,NONE,0
3,70.0,89,19,0.05,NONE,0
3,70.0,89,19,0.05,NONE,0
3,70.0,89,19,0.05,NONE,6
3,70.0,89,19,0.05,NONE,0
3,70.0,89,19,0.05,NONE,0
3,70.0,89,19,0.05,NONE,0
3,70.0,89,19,0.05,NONE,0
3,70.0,89,19,0.05,NONE,0
3,70.0,89,19,0.05,NONE,0
3,70.0,89,19,0.05,NONE,0
3,70.0,89,19,0.05,NONE,0
3,70.0,89,19,0.05,NONE,0
3,70.0,89,19,0.05,NONE,0
3,70.0,89,19,0.05,NONE,0
3,70.0,89,19,0.05,NONE,0
3,70.0,89,19,0.05,NONE,0
3,70.0,89,19,0.05,NONE,0
3,70.0,89,19,0.05,NONE,6
3,70.0,89,19,0.05,NONE,12
3,70.0,89,19,0.05,NONE,6
3,70.0,89,19,0.05,NONE,12
3,70.0,89,19,0.05,NONE,6
3,70.0,89,19,0.05,NONE,12
3,70.0,89,19,0.05,NONE,12
3,70.0,89,19,0.05,NONE,12
3,70.0,89,19,0.05,NONE,18
3,70.0,89,19,0.05,NONE,18
3,70.0,89,19,0.05,NONE,12
3,70.0,89,19,0.05,NONE,6
3,70.0,89,19,0.05,NONE,0
3,70.0,89,19,0.05,NONE,0
3,70.0,89,19,0.05,NONE,0
3,70.0,89,19,0.05,NONE,0
3,70.0,89,19,0.05,NONE,0
3,70.0,89,19,0.05,NONE,0
3,70.0,89,19,0.05,NONE,0
3,70.0,89,19,0.05,NONE,0
3,70.0,89,19,0.05,NONE,0
3,70.0,89,19,0.05,NONE,0
3,70.0,89,19,0.05,NONE,6
3,70.0,89,19,0.05,NONE,12
3,70.0,89,19,0.05,NONE,18
3,70.0,89,19,0.05,NONE,12
3,70.0,89,19,0.05,NONE,6
3,70.0,89,19,0.05,NONE,12
3,70.0,89,19,0.05,NONE,12
3,70.0,89,19,0.05,NONE,6
3,70.0,89,19,0.05,NONE,12
3,70.0,89,19,0.05,NONE,12
3,70.0,89,19,0.05,NONE,6
3,70.0,89,19,0.05,NONE,12
3,70.0,89,19,0.05,NONE,6
3,70.0,89,19,0.05,NONE,0
3,70.0,89,19,0.05,NONE,0
3,70.0,89,19,0.05,NONE,0
3,70.0,89,19,0.05,NONE,0
3,70.0,89,19,0.05,NONE,0
3,70.0,89,19,0.05,NONE,0
3,70.0,89,19,0.05,NONE,0
3,70.0,89,19,0.05,NONE,0
3,70.0,89,19,0.05,NONE,0
3,70.0,89,19,0.05,NONE,0
3,70.0,89,19,0.05,NONE,0
3,70.0,89,19,0.05,NONE,0
3,70.0,89,19,0.05,NONE,0
3,70.0,89,19,0.05,NONE,0
3,70.0,89,19,0.05,NONE,0
3,70.0,89,19,0.05,NONE,0
3,70.0,89,19,0.05,NONE,0
3,70.0,89,19,0.05,NONE,0
3,70.0,89,19,0.05,NONE,0
3,70.0,89,19,0.05,NONE,0
3,70.0,89,19,0.05,NONE,0
3,70.0,89,19,0.05,NONE,0
3,70.0,89,19,0.05,NONE,0
3,70.0,89,19,0.05,NONE,0
3,70.0,89,19,0.05,NONE,0
3,70.0,89,19,0.05,NONE,0
3,70.0,89,19,0.05,NONE,0
3,70.0,89,19,0.05,NONE,0
3,70.0,89,19,0.05,NONE,0
3,70.0,89,19,0.05,NONE,0
3,70.0,89,19,0.05,NONE,0
3,70.0,89,19,0.05,NONE,0
3,70.0,89,19,0.05,NONE,0
3,70.0,89,19,0.05,NONE,0
3,70.0,89,19,0.05,NONE,0
3,70.0,89,19,0.05,NONE,0
3,70.0,89,19,0.05,NONE,0
3,70.0,89,19,0.05,NONE,0
3,70.0,89,19,0.05,NONE,0
3,70.0,89,19,0.05,NONE,0
3,70.0,89,19,0.05,NONE,0
3,70.0,89,19,0.05,NONE,0
3,70.0,89,19,0.05,NONE,0
3,70.0,89,19,0.05,NONE,0
3,70.0,89,19,0.05,NONE,6
3,70.0,89,19,0.05,NONE,0
3,70.0,89,19,0.05,NONE,0
3,70.0,89,19,0.05,NONE,0
3,70.0,89,19,0.05,NONE,0
3,70.0,89,19,0.05,NONE,0
3,70.0,89,19,0.05,NONE,0
3,70.0,89,19,0.05,NONE,0
3,70.0,89,19,0.05,NONE,0
3,70.0,89,19,0.05,NONE,0
3,70.0,89,19,0.05,NONE,0
3,70.0,89,19,0.05,NONE,0
3,70.0,89,19,0.05,NONE,0
3,70.0,89,19,0.05,NONE,0
3,70.0,89,19,0.05,NONE,0
3,70.0,89,19,0.05,NONE,0
3,70.0,89,19,0.05,NONE,0
3,70.0,89,19,0.05,NONE,0
3,70.0,89,19,0.05,NONE,0
3,70.0,89,19,0.05,NONE,0
3,70.0,89,19,0.05,NONE,0
3,70.0,89,19,0.05,NONE,0
3,70.0,89,19,0.05,NONE,0
3,70.0,89,19,0.05,NONE,0
3,70.0,89,19,0.05,NONE,0
3,70.0,89,19,0.05,NONE,0
3,70.0,89,19,0.05,NONE,0
3,70.0,89,19,0.05,NONE,0
3,70.0,89,19,0.05,NONE,0
3,70.0,89,19,0.05,NONE,0
3,70.0,89,19,0.05,NONE,0
3,70.0,89,19,0.05,NONE,0
3,70.0,89,19,0.05,NONE,0
3,70.0,89,19,0.05,NONE,0
3,70.0,89,19,0.05,NONE,0
3,70.0,89,19,0.05,NONE,0
3,70.0,89,19,0.05,NONE,0
3,70.0,89,19,0.05,NONE,0
3,70.0,89,19,0.05,NONE,0
3,70.0,89,19,0.05,NONE,0
3,70.0,89,19,0.05,NONE,0
3,70.0,89,19,0.05,NONE,0
3,70.0,89,19,0.05,NONE,0
3,70.0,89,19,0.05,NONE,0
3,70.0,89,19,0.05,NONE,0
3,70.0,89,19,0.05,NONE,0
3,70.0,89,19,0.05,NONE,0
3,70.0,89,19,0.05,NONE,0
3,70.0,89,19,0.05,NONE,0
3,70.0,89,19,0.05,NONE,0
3,70.0,89,19,0.05,NONE,0
3,70.0,89,19,0.05,NONE,0
3,70.0,89,19,0.05,NONE,0
3,70.0,89,19,0.05,NONE,0
3,70.0,89,19,0.05,NONE,0
3,70.0,89,19,0.05,NONE,0
3,70.0,89,19,0.05,NONE,0
3,70.0,89,19,0.05,NONE,0
3,70.0,89,19,0.05,NONE,0
3,70.0,89,19,0.05,NONE,0
3,70.0,89,19,0.05,NONE,0
3,70.0,89,19,0.05,NONE,0
3,70.0,89,19,0.05,NONE,0
3,70.0,89,19,0.05,NONE,0
3,70.0,89,19,0.05,NONE,0
3,70.0,89,19,0.05,NONE,0
3,70.0,89,19,0.05,NONE,0
3,70.0,89,19,0.05,NONE,0
3,70.0,89,19,0.05,NONE,0
3,70.0,89,19,0.05,NONE,0
3,70.0,89,19,0.05,NONE,0
3,70.0,89,19,0.05,NONE,6
3,70.0,89,19,0.05,NONE,0
3,70.0,89,19,0.05,NONE,0
3,70.0,89,19,0.05,NONE,0
3,70.0,89,19,0.05,NONE,0
3,70.0,89,19,0.05,NONE,0
3,70.0,89,19,0.05,NONE,0
3,70.0,89,19,0.05,NONE,0
3,70.0,89,19,0.05,NONE,0
3,70.0,89,19,0.05,NONE,0
3,70.0,89,19,0.05,NONE,0
3,70.0,89,19,0.05,NONE,0
3,70.0,89,19,0.05,NONE,0
3,70.0,89,19,0.05,NONE,0
3,70.0,89,19,0.05,NONE,0
3,70.0,89,19,0.05,NONE,0
3,70.0,89,19,0.05,NONE,0
3,70.0,89,19,0.05,NONE,0
3,70.0,89,19,0.05,NONE,0
3,70.0,89,19,0.05,NONE,0
3,70.0,89,19,0.05,NONE,0
3,70.0,89,19,0.05,NONE,0
3,70.0,89,19,0.05,NONE,0
3,70.0,89,19,0.05,NONE,0
3,70.0,89,19,0.05,NONE,0
3,70.0,89,19,0.05,NONE,0
3,70.0,89,19,0.05,NONE,0
3,70.0,89,19,0.05,NONE,0
3,70.0,89,19,0.05,NONE,0
3,70.0,89,19,0.05,NONE,0
3,70.0,89,19,0.05,NONE,0
3,70.0,89,19,0.05,NONE,0
3,70.0,89,19,0.05,NONE,0
3,70.0,89,19,0.05,NONE,0
3,70.0,89,19,0.05,NONE,6
3,70.0,89,19,0.05,NONE,12
3,70.0,89,19,0.05,NONE,6
3,70.0,89,19,0.05,NONE,12
3,70.0,89,19,0.05,NONE,6
3,70.0,89,19,0.05,NONE,12
3,70.0,89,19,0.05,NONE,6
3,70.0,89,19,0.05,NONE,12
3,70.0,89,19,0.05,NONE,6
3,70.0,89,19,0.05,NONE,12
3,70.0,89,19,0.05,NONE,12
3,70.0,89,19,0.05,NONE,12
3,70.0,89,19,0.05,NONE,12
3,70.0,89,19,0.05,NONE,12
3,70.0,89,19,0.05,NONE,12
3,70.0,89,19,0.05,NONE,12
3,70.0,89,19,0.05,NONE,12
3,70.0,89,19,0.05,NONE,12
3,70.0,89,19,0.05,NONE,12
3,70.0,89,19,0.05,NONE,12
3,70.0,89,19,0.05,NONE,12
3,70.0,89,19,0.05,NONE,12
3,70.0,89,19,0.05,NONE,18
3,70.0,89,19,0.05,NONE,24
3,70.0,89,19,0.05,NONE,30
3,70.0,89,19,0.05,NONE,36
3,70.0,89,19,0.05,NONE,42
3,70.0,89,19,0.05,NONE,48
3,70.0,89,19,0.05,NONE,48
3,70.0,89,19,0.05,NONE,48
3,70.0,89,19,0.05,NONE,54
3,70.0,89,19,0.05,NONE,60
3,70.0,89,19,0.05,NONE,66
3,70.0,89,19,0.05,NONE,72
3,70.0,89,19,0.05,NONE,78
3,70.0,89,19,0.05,NONE,84
3,70.0,89,19,0.05,NONE,90
3,70.0,89,19,0.05,NONE,96
3,70.0,89,19,0.05,NONE,96
3,70.0,89,19,0.05,NONE,96
3,70.0,89,19,0.05,NONE,96
3,70.0,89,19,0.05,NONE,102
3,70.0,89,19,0.05,NONE,108
3,70.0,89,19,0.05,NONE,114
3,70.0,89,19,0.05,NONE,120
3,70.0,89,19,0.05,NONE,126
3,70.0,89,19,0.05,NONE,132
3,70.0,89,19,0.05,NONE,138
3,70.0,89,19,0.05,NONE,144
3,70.0,89,19,0.05,NONE,150
3,70.0,89,19,0.05,NONE,156
3,70.0,89,19,0.05,NONE,162
3,70.0,89,19,0.05,NONE,156
3,70.0,89,19,0.05,NONE,150
3,70.0,89,19,0.05,NONE,156
3,70.0,89,19,0.05,NONE,156
3,70.0,89,19,0.05,NONE,156
3,70.0,89,19,0.05,NONE,162
3,70.0,89,19,0.05,NONE,168
3,70.0,89,19,0.05,NONE,168
3,70.0,89,19,0.05,NONE,168
3,70.0,89,19,0.05,NONE,174
3,70.0,89,19,0.05,NONE,180
3,70.0,89,19,0.05,NONE,186
3,70.0,89,19,0.05,NONE,192
3,70.0,89,19,0.05,NONE,192
3,70.0,89,19,0.05,NONE,192
3,70.0,89,19,0.05,NONE,186
3,70.0,89,19,0.05,NONE,192
3,70.0,89,19,0.05,NONE,192
3,70.0,89,19,0.05,NONE,186
3,70.0,89,19,0.05,NONE,186
3,70.0,89,19,0.05,NONE,186
3,70.0,89,19,0.05,NONE,192
3,70.0,89,19,0.05,NONE,192
3,70.0,89,19,0.05,NONE,192
3,70.0,89,19,0.05,NONE,198
3,70.0,89,19,0.05,NONE,204
3,70.0,89,19,0.05,NONE,210
3,70.0,89,19,0.05,NONE,216
3,70.0,89,19,0.05,NONE,222
3,70.0,89,19,0.05,NONE,216
3,70.0,89,19,0.05,NONE,210
3,70.0,89,19,0.05,NONE,204
3,70.0,89,19,0.05,NONE,198
3,70.0,89,19,0.05,NONE,192
3,70.0,89,19,0.05,NONE,186
3,70.0,89,19,0.05,NONE,186
3,70.0,89,19,0.05,NONE,186
3,70.0,89,19,0.05,NONE,186
3,70.0,89,19,0.05,NONE,186
3,70.0,89,19,0.05,NONE,186
3,70.0,89,19,0.05,NONE,186
3,70.0,89,19,0.05,NONE,180
3,70.0,89,19,0.05,NONE,174
3,70.0,89,19,0.05,NONE,168
3,70.0,89,19,0.05,NONE,162
3,70.0,89,19,0.05,NONE,156
3,70.0,89,19,0.05,NONE,150
3,70.0,89,19,0.05,NONE,150
3,70.0,89,19,0.05,NONE,150
3,70.0,89,19,0.05,NONE,150
3,70.0,89,19,0.05,NONE,150
3,70.0,89,19,0.05,NONE,156
3,70.0,89,19,0.05,NONE,150
3,70.0,89,19,0.05,NONE,144
3,70.0,89,19,0.05,NONE,138
3,70.0,89,19,0.05,NONE,132
3,70.0,89,19,0.05,NONE,126
3,70.0,89,19,0.05,NONE,120
3,70.0,89,19,0.05,NONE,114
3,70.0,89,19,0.05,NONE,108
3,70.0,89,19,0.05,NONE,102
3,70.0,89,19,0.05,NONE,96
3,70.0,89,19,0.05,NONE,90
3,70.0,89,19,0.05,NONE,84
3,70.0,89,19,0.05,NONE,78
3,70.0,89,19,0.05,NONE,72
3,70.0,89,19,0.05,NONE,66
3,70.0,89,19,0.05,NONE,60
3,70.0,89,19,0.05,NONE,54
3,70.0,89,19,0.05,NONE,48
3,70.0,89,19,0.05,NONE,42
3,70.0,89,19,0.05,NONE,42
3,70.0,89,19,0.05,NONE,48
3,70.0,89,19,0.05,NONE,42
3,70.0,89,19,0.05,NONE,42
3,70.0,89,19,0.05,NONE,42
3,70.0,89,19,0.05,NONE,42
3,70.0,89,19,0.05,NONE,42
3,70.0,89,19,0.05,NONE,48
3,70.0,89,19,0.05,NONE,54
3,70.0,89,19,0.05,NONE,60
3,70.0,89,19,0.05,NONE,66
3,70.0,89,19,0.05,NONE,72
3,70.0,89,19,0.05,NONE,78
3,70.0,89,19,0.05,NONE,84
3,70.0,89,19,0.05,NONE,84
3,70.0,89,19,0.05,NONE,84
3,70.0,89,19,0.05,NONE,84
3,70.0,89,19,0.05,NONE,90
3,70.0,89,19,0.05,NONE,96
3,70.0,89,19,0.05,NONE,102
3,70.0,89,19,0.05,NONE,102
3,70.0,89,19,0.05,NONE,102
3,70.0,89,19,0.05,NONE,102
3,70.0,89,19,0.05,NONE,102
3,70.0,89,19,0.05,NONE,108
3,70.0,89,19,0.05,NONE,114
3,70.0,89,19,0.05,NONE,114
3,70.0,89,19,0.05,NONE,114
3,70.0,89,19,0.05,NONE,114
3,70.0,89,19,0.05,NONE,108
3,70.0,89,19,0.05,NONE,102
3,70.0,89,19,0.05,NONE,96
3,70.0,89,19,0.05,NONE,90
3,70.0,89,19,0.05,NONE,84
3,70.0,89,19,0.05,NONE,78
3,70.0,89,19,0.05,NONE,72
3,70.0,89,19,0.05,NONE,66
3,70.0,89,19,0.05,NONE,60
3,70.0,89,19,0.05,NONE,54
3,70.0,89,19,0.05,NONE,48
3,70.0,89,19,0.05,NONE,42
3,70.0,89,19,0.05,NONE,36
3,70.0,89,19,0.05,NONE,30
3,70.0,89,19,0.05,NONE,24
3,70.0,89,19,0.05,NONE,18
3,70.0,89,19,0.05,NONE,12
3,70.0,89,19,0.05,NONE,6
3,70.0,89,19,0.05,NONE,0
3,70.0,89,19,0.05,NONE,0
3,70.0,89,19,0.05,NONE,0
3,70.0,89,19,0.05,NONE,0
3,70.0,89,19,0.05,NONE,0
3,70.0,89,19,0.05,NONE,0
3,70.0,89,19,0.05,NONE,0
3,70.0,89,19,0.05,NONE,0
3,70.0,89,19,0.05,NONE,0
3,70.0,89,19,0.05,NONE,0
3,70.0,89,19,0.05,NONE,0
3,70.0,89,19,0.05,NONE,0
3,70.0,89,19,0.05,NONE,0
3,70.0,89,19,0.05,NONE,0
3,70.0,89,19,0.05,NONE,0
3,70.0,89,19,0.05,NONE,0
3,70.0,89,19,0.05,NONE,0
3,70.0,89,19,0.05,NONE,0
3,70.0,89,19,0.05,NONE,0
3,70.0,89,19,0.05,NONE,0
3,70.0,89,19,0.05,NONE,0
3,70.0,89,19,0.05,NONE,0
3,70.0,89,19,0.05,NONE,0
3,70.0,89,19,0.05,NONE,0
3,70.0,89,19,0.05,NONE,0
3,70.0,89,19,0.05,NONE,0
3,70.0,89,19,0.05,NONE,0
3,70.0,89,19,0.05,NONE,0
3,70.0,89,19,0.05,NONE,0
3,70.0,89,19,0.05,NONE,6
3,70.0,89,19,0.05,NONE,12
3,70.0,89,19,0.05,NONE,6
3,70.0,89,19,0.05,NONE,12
3,70.0,89,19,0.05,NONE,12
3,70.0,89,19,0.05,NONE,18
3,70.0,89,19,0.05,NONE,24
3,70.0,89,19,0.05,NONE,24
3,70.0,89,19,0.05,NONE,30
3,70.0,89,19,0.05,NONE,36
3,70.0,89,19,0.05,NONE,42
3,70.0,89,19,0.05,NONE,42
3,70.0,89,19,0.05,NONE,42
3,70.0,89,19,0.05,NONE,42
3,70.0,89,19,0.05,NONE,48
3,70.0,89,19,0.05,NONE,48
3,70.0,89,19,0.05,NONE,48
3,70.0,89,19,0.05,NONE,48
3,70.0,89,19,0.05,NONE,48
3,70.0,89,19,0.05,NONE,54
3,70.0,89,19,0.05,NONE,60
3,70.0,89,19,0.05,NONE,66
3,70.0,89,19,0.05,NONE,72
3,70.0,89,19,0.05,NONE,78
3,70.0,89,19,0.05,NONE,84
3,70.0,89,19,0.05,NONE,84
3,70.0,89,19,0.05,NONE,84
3,70.0,89,19,0.05,NONE,84
3,70.0,89,19,0.05,NONE,90
3,70.0,89,19,0.05,NONE,90
3,70.0,89,19,0.05,NONE,90
3,70.0,89,19,0.05,NONE,90
3,70.0,89,19,0.05,NONE,96
3,70.0,89,19,0.05,NONE,102
3,70.0,89,19,0.05,NONE,108
3,70.0,89,19,0.05,NONE,114
3,70.0,89,19,0.05,NONE,120
3,70.0,89,19,0.05,NONE,120
3,70.0,89,19,0.05,NONE,120
3,70.0,89,19,0.05,NONE,126
3,70.0,89,19,0.05,NONE,132
3,70.0,89,19,0.05,NONE,138
3,70.0,89,19,0.05,NONE,138
3,70.0,89,19,0.05,NONE,138
3,70.0,89,19,0.05,NONE,144
3,70.0,89,19,0.05,NONE,150
3,70.0,89,19,0.05,NONE,150
3,70.0,89,19,0.05,NONE,150
3,70.0,89,19,0.05,NONE,156
3,70.0,89,19,0.05,NONE,150
3,70.0,89,19,0.05,NONE,156
3,70.0,89,19,0.05,NONE,156
3,70.0,89,19,0.05,NONE,156
3,70.0,89,19,0.05,NONE,156
3,70.0,89,19,0.05,NONE,156
3,70.0,89,19,0.05,NONE,162
3,70.0,89,19,0.05,NONE,156
3,70.0,89,19,0.05,NONE,150
3,70.0,89,19,0.05,NONE,144
3,70.0,89,19,0.05,NONE,138
3,70.0,89,19,0.05,NONE,144
3,70.0,89,19,0.05,NONE,150
3,70.0,89,19,0.05,NONE,144
3,70.0,89,19,0.05,NONE,138
3,69.0,89,20,0.05,NONE,144
3,69.0,89,20,0.05,NONE,138
3,69.0,89,20,0.05,NONE,132
3,69.0,89,20,0.05,NONE,126
3,69.0,89,20,0.05,NONE,120
3,69.0,89,20,0.05,NONE,114
3,69.0,89,20,0.05,NONE,108
3,69.0,89,20,0.05,NONE,102
3,69.0,89,20,0.05,NONE,96
3,69.0,89,20,0.05,NONE,90
3,69.0,89,20,0.05,NONE,84
3,69.0,89,20,0.05,NONE,78
3,69.0,89,20,0.05,NONE,72
3,69.0,89,20,0.05,NONE,66
3,69.0,89,20,0.05,NONE,60
3,69.0,89,20,0.05,NONE,54
3,69.0,89,20,0.05,NONE,48
3,69.0,89,20,0.05,NONE,42
3,69.0,89,20,0.05,NONE,36
3,69.0,89,20,0.05,NONE,30
3,69.0,89,20,0.05,NONE,24
3,69.0,89,20,0.05,NONE,18
3,69.0,89,20,0.05,NONE,12
3,69.0,89,20,0.05,NONE,6
3,69.0,89,20,0.05,NONE,0
3,69.0,89,20,0.05,NONE,0
3,69.0,89,20,0.05,NONE,0
3,69.0,89,20,0.05,NONE,0
3,69.0,89,20,0.05,NONE,0
3,69.0,89,20,0.05,NONE,0
3,69.0,89,20,0.05,NONE,0
3,69.0,89,20,0.05,NONE,0
3,69.0,89,20,0.05,NONE,0
3,69.0,89,20,0.05,NONE,0
3,69.0,89,20,0.05,NONE,0
3,69.0,89,20,0.05,NONE,0
3,69.0,89,20,0.05,NONE,0
3,69.0,89,20,0.05,NONE,0
3,69.0,89,20,0.05,NONE,0
3,69.0,89,20,0.05,NONE,0
3,69.0,89,20,0.05,NONE,0
3,69.0,89,20,0.05,NONE,0
3,69.0,89,20,0.05,NONE,0
3,69.0,89,20,0.05,NONE,0
3,69.0,89,20,0.05,NONE,0
3,69.0,89,20,0.05,NONE,0
3,69.0,89,20,0.05,NONE,0
3,69.0,89,20,0.05,NONE,0
3,69.0,89,20,0.05,NONE,0
3,69.0,89,20,0.05,NONE,0
3,69.0,89,20,0.05,NONE,0
3,69.0,89,20,0.05,NONE,0
3,69.0,89,20,0.05,NONE,0
3,69.0,89,20,0.05,NONE,0
3,69.0,89,20,0.05,NONE,0
3,69.0,89,20,0.05,NONE,0
3,69.0,89,20,0.05,NONE,0
3,69.0,89,20,0.05,NONE,0
3,69.0,89,20,0.05,NONE,0
3,69.0,89,20,0.05,NONE,0
3,69.0,89,20,0.05,NONE,0
3,69.0,89,20,0.05,NONE,0
3,69.0,89,20,0.05,NONE,0
3,69.0,89,20,0.05,NONE,0
3,69.0,89,20,0.05,NONE,0
3,69.0,89,20,0.05,NONE,0
3,69.0,89,20,0.05,NONE,0
3,69.0,89,20,0.05,NONE,0
3,69.0,89,20,0.05,NONE,0
3,69.0,89,20,0.05,NONE,0
3,69.0,89,20,0.05,NONE,0
3,69.0,89,20,0.05,NONE,0
3,69.0,89,20,0.05,NONE,0
3,69.0,89,20,0.05,NONE,0
3,69.0,89,20,0.05,NONE,0
3,69.0,89,20,0.05,NONE,0
3,69.0,89,20,0.05,NONE,0
3,69.0,89,20,0.05,NONE,0
3,69.0,89,20,0.05,NONE,0
3,69.0,89,20,0.05,NONE,0
3,69.0,89,20,0.05,NONE,0
3,69.0,89,20,0.05,NONE,0
3,69.0,89,20,0.05,NONE,0
3,69.0,89,20,0.05,NONE,0
3,69.0,89,20,0.05,NONE,0
3,69.0,89,20,0.05,NONE,0
3,69.0,89,20,0.05,NONE,0
3,69.0,89,20,0.05,NONE,0
3,69.0,89,20,0.05,NONE,0
3,69.0,89,20,0.05,NONE,0
3,69.0,89,20,0.05,NONE,0
3,69.0,89,20,0.05,NONE,0
3,69.0,89,20,0.05,NONE,0
3,69.0,89,20,0.05,NONE,0
3,69.0,89,20,0.05,NONE,0
3,69.0,89,20,0.05,NONE,0
3,69.0,89,20,0.05,NONE,0
3,69.0,89,20,0.05,NONE,0
3,69.0,89,20,0.05,NONE,0
3,69.0,89,20,0.05,NONE,0
3,69.0,89,20,0.05,NONE,0
3,69.0,89,20,0.05,NONE,0
3,69.0,89,20,0.05,NONE,0
3,69.0,89,20,0.05,NONE,0
3,69.0,89,20,0.05,NONE,0
3,69.0,89,20,0.05,NONE,0
3,69.0,89,20,0.05,NONE,0
3,69.0,89,20,0.05,NONE,0
3,69.0,89,20,0.05,NONE,0
3,69.0,89,20,0.05,NONE,0
3,69.0,89,20,0.05,NONE,0
3,69.0,89,20,0.05,NONE,0
3,69.0,89,20,0.05,NONE,0
3,69.0,89,20,0.05,NONE,0
3,69.0,89,20,0.05,NONE,0
3,69.0,89,20,0.05,NONE,0
3,69.0,89,20,0.05,NONE,0
3,69.0,89,20,0.05,NONE,0
3,69.0,89,20,0.05,NONE,0
3,69.0,89,20,0.05,NONE,0
3,69.0,89,20,0.05,NONE,0
3,69.0,89,20,0.05,NONE,0
3,69.0,89,20,0.05,NONE,0
3,69.0,89,20,0.05,NONE,0
3,69.0,89,20,0.05,NONE,0
3,69.0,89,20,0.05,NONE,6
3,69.0,89,20,0.05,NONE,0
3,69.0,89,20,0.05,NONE,0
3,69.0,89,20,0.05,NONE,0
3,69.0,89,20,0.05,NONE,0
3,69.0,89,20,0.05,NONE,0
3,69.0,89,20,0.05,NONE,6
3,69.0,89,20,0.05,NONE,12
3,69.0,89,20,0.05,NONE,6
3,69.0,89,20,0.05,NONE,12
3,69.0,89,20,0.05,NONE,12
3,69.0,89,20,0.05,NONE,12
3,69.0,89,20,0.05,NONE,18
3,69.0,89,20,0.05,NONE,24
3,69.0,89,20,0.05,NONE,30
3,69.0,89,20,0.05,NONE,36
3,69.0,89,20,0.05,NONE,42
3,69.0,89,20,0.05,NONE,48
3,69.0,89,20,0.05,NONE,42
3,69.0,89,20,0.05,NONE,48
3,69.0,89,20,0.05,NONE,48
3,69.0,89,20,0.05,NONE,48
3,69.0,89,20,0.05,NONE,48
3,69.0,89,20,0.05,NONE,54
3,69.0,89,20,0.05,NONE,60
3,69.0,89,20,0.05,NONE,66
3,69.0,89,20,0.05,NONE,72
3,69.0,89,20,0.05,NONE,66
3,69.0,89,20,0.05,NONE,60
3,69.0,89,20,0.05,NONE,54
3,69.0,89,20,0.05,NONE,48
3,69.0,89,20,0.05,NONE,42
3,69.0,89,20,0.05,NONE,48
3,69.0,89,20,0.05,NONE,42
3,69.0,89,20,0.05,NONE,48
3,69.0,89,20,0.05,NONE,42
3,69.0,89,20,0.05,NONE,48
3,69.0,89,20,0.05,NONE,42
3,69.0,89,20,0.05,NONE,48
3,69.0,89,20,0.05,NONE,54
3,69.0,89,20,0.05,NONE,60
3,69.0,89,20,0.05,NONE,66
3,69.0,89,20,0.05,NONE,66
3,69.0,89,20,0.05,NONE,66
3,69.0,89,20,0.05,NONE,66
3,69.0,89,20,0.05,NONE,66
3,69.0,89,20,0.05,NONE,72
3,69.0,89,20,0.05,NONE,78
3,69.0,89,20,0.05,NONE,84
3,69.0,89,20,0.05,NONE,84
3,69.0,89,20,0.05,NONE,90
3,69.0,89,20,0.05,NONE,96
3,69.0,89,20,0.05,NONE,102
3,69.0,89,20,0.05,NONE,108
3,69.0,89,20,0.05,NONE,114
3,69.0,89,20,0.05,NONE,120
3,69.0,89,20,0.05,NONE,126
3,69.0,89,20,0.05,NONE,132
3,69.0,89,20,0.05,NONE,138
3,69.0,89,20,0.05,NONE,138
3,69.0,89,20,0.05,NONE,138
3,69.0,89,20,0.05,NONE,138
3,69.0,89,20,0.05,NONE,138
3,69.0,89,20,0.05,NONE,138
3,69.0,89,20,0.05,NONE,138
3,69.0,89,20,0.05,NONE,144
3,69.0,89,20,0.05,NONE,150
3,69.0,89,20,0.05,NONE,150
3,69.0,89,20,0.05,NONE,150
3,69.0,89,20,0.05,NONE,150
3,69.0,89,20,0.05,NONE,150
3,69.0,89,20,0.05,NONE,150
3,69.0,89,20,0.05,NONE,156
3,69.0,89,20,0.05,NONE,156
3,69.0,89,20,0.05,NONE,162
3,69.0,89,20,0.05,NONE,168
3,69.0,89,20,0.05,NONE,174
3,69.0,89,20,0.05,NONE,174
3,69.0,89,20,0.05,NONE,174
3,69.0,89,20,0.05,NONE,174
3,69.0,89,20,0.05,NONE,174
3,69.0,89,20,0.05,NONE,180
3,69.0,89,20,0.05,NONE,186
3,69.0,89,20,0.05,NONE,192
3,69.0,89,20,0.05,NONE,198
3,69.0,89,20,0.05,NONE,204
3,69.0,89,20,0.05,NONE,198
3,69.0,89,20,0.05,NONE,192
3,69.0,89,20,0.05,NONE,186
3,69.0,89,20,0.05,NONE,186
3,69.0,89,20,0.05,NONE,186
3,69.0,89,20,0.05,NONE,186
3,69.0,89,20,0.05,NONE,186
3,69.0,89,20,0.05,NONE,186
3,69.0,89,20,0.05,NONE,186
3,69.0,89,20,0.05,NONE,186
3,69.0,89,20,0.05,NONE,186
3,69.0,89,20,0.05,NONE,186
3,69.0,89,20,0.05,NONE,180
3,69.0,89,20,0.05,NONE,174
3,69.0,89,20,0.05,NONE,168
3,69.0,89,20,0.05,NONE,162
3,69.0,89,20,0.05,NONE,156
3,69.0,89,20,0.05,NONE,150
3,69.0,89,20,0.05,NONE,150
3,69.0,89,20,0.05,NONE,150
3,69.0,89,20,0.05,NONE,150
3,69.0,89,20,0.05,NONE,150
3,69.0,89,20,0.05,NONE,150
3,69.0,89,20,0.05,NONE,150
3,69.0,89,20,0.05,NONE,150
3,69.0,89,20,0.05,NONE,150
3,69.0,89,20,0.05,NONE,150
3,69.0,89,20,0.05,NONE,150
3,69.0,89,20,0.05,NONE,150
3,69.0,89,20,0.05,NONE,150
3,69.0,89,20,0.05,NONE,150
3,69.0,89,20,0.05,NONE,150
3,69.0,89,20,0.05,NONE,150
3,69.0,89,20,0.05,NONE,150
3,69.0,89,20,0.05,NONE,150
3,69.0,89,20,0.05,NONE,156
3,69.0,89,20,0.05,NONE,150
3,69.0,89,20,0.05,NONE,156
3,69.0,89,20,0.05,NONE,150
3,69.0,89,20,0.05,NONE,156
3,69.0,89,20,0.05,NONE,150
3,69.0,89,20,0.05,NONE,156
3,69.0,89,20,0.05,NONE,156
3,69.0,89,20,0.05,NONE,150
3,69.0,89,20,0.05,NONE,156
3,69.0,89,20,0.05,NONE,150
3,69.0,89,20,0.05,NONE,156
3,69.0,89,20,0.05,NONE,150
3,69.0,89,20,0.05,NONE,144
3,69.0,89,20,0.05,NONE,138
3,69.0,89,20,0.05,NONE,132
3,69.0,89,20,0.05,NONE,126
3,69.0,89,20,0.05,NONE,120
3,69.0,89,20,0.05,NONE,114
3,69.0,89,20,0.05,NONE,108
3,69.0,89,20,0.05,NONE,102
3,69.0,89,20,0.05,NONE,96
3,69.0,89,20,0.05,NONE,90
3,69.0,89,20,0.05,NONE,84
3,69.0,89,20,0.05,NONE,78
3,69.0,89,20,0.05,NONE,72
3,69.0,89,20,0.05,NONE,66
3,69.0,89,20,0.05,NONE,60
3,69.0,89,20,0.05,NONE,54
3,69.0,89,20,0.05,NONE,48
3,69.0,89,20,0.05,NONE,42
3,69.0,89,20,0.05,NONE,36
3,69.0,89,20,0.05,NONE,30
3,69.0,89,20,0.05,NONE,24
3,69.0,89,20,0.05,NONE,18
3,69.0,89,20,0.05,NONE,12
3,69.0,89,20,0.05,NONE,6
3,69.0,89,20,0.05,NONE,0
3,69.0,89,20,0.05,NONE,0
3,69.0,89,20,0.05,NONE,0
3,69.0,89,20,0.05,NONE,0
3,69.0,89,20,0.05,NONE,6
3,69.0,89,20,0.05,NONE,0
3,69.0,89,20,0.05,NONE,0
3,69.0,89,20,0.05,NONE,0
3,69.0,89,20,0.05,NONE,0
3,69.0,89,20,0.05,NONE,0
3,69.0,89,20,0.05,NONE,0
3,69.0,89,20,0.05,NONE,0
3,69.0,89,20,0.05,NONE,0
3,69.0,89,20,0.05,NONE,0
3,69.0,89,20,0.05,NONE,0
3,69.0,89,20,0.05,NONE,0
3,69.0,89,20,0.05,NONE,0
3,69.0,89,20,0.05,NONE,0
3,69.0,89,20,0.05,NONE,0
3,69.0,89,20,0.05,NONE,0
3,69.0,89,20,0.05,NONE,0
3,69.0,89,20,0.05,NONE,0
3,69.0,89,20,0.05,NONE,0
3,69.0,89,20,0.05,NONE,0
3,69.0,89,20,0.05,NONE,0
3,69.0,89,20,0.05,NONE,0
3,69.0,89,20,0.05,NONE,0
3,69.0,89,20,0.05,NONE,0
3,69.0,89,20,0.05,NONE,6
3,69.0,89,20,0.05,NONE,0
3,69.0,89,20,0.05,NONE,0
3,69.0,89,20,0.05,NONE,0
3,69.0,89,20,0.05,NONE,0
3,69.0,89,20,0.05,NONE,0
3,69.0,89,20,0.05,NONE,0
3,69.0,89,20,0.05,NONE,0
3,69.0,89,20,0.05,NONE,0
3,69.0,89,20,0.05,NONE,6
3,69.0,89,20,0.05,NONE,12
3,69.0,89,20,0.05,NONE,6
3,69.0,89,20,0.05,NONE,12
3,69.0,89,20,0.05,NONE,12
3,69.0,89,20,0.05,NONE,6
3,69.0,89,20,0.05,NONE,12
3,69.0,89,20,0.05,NONE,12
3,69.0,89,20,0.05,NONE,12
3,69.0,89,20,0.05,NONE,18
3,69.0,89,20,0.05,NONE,24
3,69.0,89,20,0.05,NONE,30
3,69.0,89,20,0.05,NONE,36
3,69.0,89,20,0.05,NONE,30
3,69.0,89,20,0.05,NONE,30
3,69.0,89,20,0.05,NONE,30
3,69.0,89,20,0.05,NONE,24
3,69.0,89,20,0.05,NONE,18
3,69.0,89,20,0.05,NONE,12
3,69.0,89,20,0.05,NONE,6
3,69.0,89,20,0.05,NONE,12
3,69.0,89,20,0.05,NONE,6
3,69.0,89,20,0.05,NONE,12
3,69.0,89,20,0.05,NONE,6
3,69.0,89,20,0.05,NONE,12
3,69.0,89,20,0.05,NONE,6
3,69.0,89,20,0.05,NONE,12
3,69.0,89,20,0.05,NONE,6
3,69.0,89,20,0.05,NONE,12
3,69.0,89,20,0.05,NONE,18
3,69.0,89,20,0.05,NONE,12
3,69.0,89,20,0.05,NONE,18
3,69.0,89,20,0.05,NONE,24
3,69.0,89,20,0.05,NONE,30
3,69.0,89,20,0.05,NONE,36
3,69.0,89,20,0.05,NONE,42
3,69.0,89,20,0.05,NONE,48
3,69.0,89,20,0.05,NONE,54
3,69.0,89,20,0.05,NONE,60
3,69.0,89,20,0.05,NONE,60
3,69.0,89,20,0.05,NONE,60
3,69.0,89,20,0.05,NONE,66
3,69.0,89,20,0.05,NONE,72
3,69.0,89,20,0.05,NONE,78
3,69.0,89,20,0.05,NONE,84
3,69.0,89,20,0.05,NONE,90
3,69.0,89,20,0.05,NONE,96
3,69.0,89,20,0.05,NONE,96
3,69.0,89,20,0.05,NONE,96
3,69.0,89,20,0.05,NONE,96
3,69.0,89,20,0.05,NONE,96
3,69.0,89,20,0.05,NONE,96
3,69.0,89,20,0.05,NONE,102
3,69.0,89,20,0.05,NONE,108
3,69.0,89,20,0.05,NONE,108
3,69.0,89,20,0.05,NONE,108
3,69.0,89,20,0.05,NONE,108
3,69.0,89,20,0.05,NONE,114
3,69.0,89,20,0.05,NONE,120
3,69.0,89,20,0.05,NONE,126
3,69.0,89,20,0.05,NONE,132
3,69.0,89,20,0.05,NONE,138
3,69.0,89,20,0.05,NONE,144
3,69.0,89,20,0.05,NONE,150
3,69.0,89,20,0.05,NONE,156
3,69.0,89,20,0.05,NONE,162
3,69.0,89,20,0.05,NONE,168
3,69.0,89,20,0.05,NONE,174
3,69.0,89,20,0.05,NONE,180
3,69.0,89,20,0.05,NONE,180
3,69.0,89,20,0.05,NONE,180
3,69.0,89,20,0.05,NONE,180
3,69.0,89,20,0.05,NONE,180
3,69.0,89,20,0.05,NONE,186
3,69.0,89,20,0.05,NONE,192
3,69.0,89,20,0.05,NONE,192
3,69.0,89,20,0.05,NONE,192
3,69.0,89,20,0.05,NONE,192
3,69.0,89,20,0.05,NONE,198
3,69.0,89,20,0.05,NONE,204
3,69.0,89,20,0.05,NONE,210
3,69.0,89,20,0.05,NONE,216
3,69.0,89,20,0.05,NONE,216
3,69.0,89,20,0.05,NONE,216
3,69.0,89,20,0.05,NONE,216
3,69.0,89,20,0.05,NONE,222
3,69.0,89,20,0.05,NONE,228
3,69.0,89,20,0.05,NONE,234
3,69.0,89,20,0.05,NONE,234
3,69.0,89,20,0.05,NONE,228
3,69.0,89,20,0.05,NONE,222
3,69.0,89,20,0.05,NONE,222
3,69.0,89,20,0.05,NONE,222
3,69.0,89,20,0.05,NONE,228
3,69.0,89,20,0.05,NONE,234
3,69.0,89,20,0.05,NONE,234
3,69.0,89,20,0.05,NONE,234
3,69.0,89,20,0.05,NONE,240
3,69.0,89,20,0.05,NONE,246
3,69.0,89,20,0.05,NONE,252
3,69.0,89,20,0.05,NONE,246
3,69.0,89,20,0.05,NONE,240
3,69.0,89,20,0.05,NONE,234
3,69.0,89,20,0.05,NONE,228
3,69.0,89,20,0.05,NONE,222
3,69.0,89,20,0.05,NONE,228
3,69.0,89,20,0.05,NONE,222
3,69.0,89,20,0.05,NONE,216
3,69.0,89,20,0.05,NONE,210
3,69.0,89,20,0.05,NONE,204
3,69.0,89,20,0.05,NONE,198
3,69.0,89,20,0.05,NONE,192
3,69.0,89,20,0.05,NONE,198
3,69.0,89,20,0.05,NONE,192
3,69.0,89,20,0.05,NONE,186
3,69.0,89,20,0.05,NONE,192
3,69.0,89,20,0.05,NONE,186
3,69.0,89,20,0.05,NONE,180
3,69.0,89,20,0.05,NONE,174
3,69.0,89,20,0.05,NONE,168
3,69.0,89,20,0.05,NONE,162
3,69.0,89,20,0.05,NONE,156
3,69.0,89,20,0.05,NONE,150
3,69.0,89,20,0.05,NONE,144
3,69.0,89,20,0.05,NONE,138
3,69.0,89,20,0.05,NONE,132
3,69.0,89,20,0.05,NONE,126
3,69.0,89,20,0.05,NONE,120
3,69.0,89,20,0.05,NONE,114
3,69.0,89,20,0.05,NONE,114
3,69.0,89,20,0.05,NONE,114
3,69.0,89,20,0.05,NONE,114
3,69.0,89,20,0.05,NONE,114
3,69.0,89,20,0.05,NONE,114
3,69.0,89,20,0.05,NONE,114
3,69.0,89,20,0.05,NONE,114
3,69.0,89,20,0.05,NONE,114
3,69.0,89,20,0.05,NONE,114
3,69.0,89,20,0.05,NONE,114
3,68.0,89,21,0.05,NONE,114
3,68.0,89,21,0.05,NONE,108
3,68.0,89,21,0.05,NONE,102
3,68.0,89,21,0.05,NONE,96
3,68.0,89,21,0.05,NONE,90
3,68.0,89,21,0.05,NONE,84
3,68.0,89,21,0.05,NONE,78
3,68.0,89,21,0.05,NONE,72
3,68.0,89,21,0.05,NONE,66
3,68.0,89,21,0.05,NONE,60
3,68.0,89,21,0.05,NONE,54
3,68.0,89,21,0.05,NONE,48
3,68.0,89,21,0.05,NONE,42
3,68.0,89,21,0.05,NONE,36
3,68.0,89,21,0.05,NONE,30
3,68.0,89,21,0.05,NONE,24
3,68.0,89,21,0.05,NONE,18
3,68.0,89,21,0.05,NONE,12
3,68.0,89,21,0.05,NONE,6
3,68.0,89,21,0.05,NONE,0
3,68.0,89,21,0.05,NONE,0
3,68.0,89,21,0.05,NONE,0
3,68.0,89,21,0.05,NONE,0
3,68.0,89,21,0.05,NONE,0
3,68.0,89,21,0.05,NONE,0
3,68.0,89,21,0.05,NONE,0
3,68.0,89,21,0.05,NONE,0
3,68.0,89,21,0.05,NONE,0
3,68.0,89,21,0.05,NONE,0
3,68.0,89,21,0.05,NONE,0
3,68.0,89,21,0.05,NONE,0
3,68.0,89,21,0.05,NONE,0
3,68.0,89,21,0.05,NONE,0
3,68.0,89,21,0.05,NONE,0
3,68.0,89,21,0.05,NONE,0
3,68.0,89,21,0.05,NONE,0
3,68.0,89,21,0.05,NONE,0
3,68.0,89,21,0.05,NONE,0
3,68.0,89,21,0.05,NONE,0
3,68.0,89,21,0.05,NONE,0
3,68.0,89,21,0.05,NONE,0
3,68.0,89,21,0.05,NONE,0
3,68.0,89,21,0.05,NONE,0
3,68.0,89,21,0.05,NONE,0
3,68.0,89,21,0.05,NONE,0
3,68.0,89,21,0.05,NONE,0
3,68.0,89,21,0.05,NONE,0
3,68.0,89,21,0.05,NONE,0
3,68.0,89,21,0.05,NONE,0
3,68.0,89,21,0.05,NONE,0
3,68.0,89,21,0.05,NONE,0
3,68.0,89,21,0.05,NONE,0
3,68.0,89,21,0.05,NONE,6
3,68.0,89,21,0.05,NONE,0
3,68.0,89,21,0.05,NONE,0
3,68.0,89,21,0.05,NONE,0
3,68.0,89,21,0.05,NONE,0
3,68.0,89,21,0.05,NONE,0
3,68.0,89,21,0.05,NONE,0
3,68.0,89,21,0.05,NONE,0
3,68.0,89,21,0.05,NONE,0
3,68.0,89,21,0.05,NONE,0
3,68.0,89,21,0.05,NONE,0
3,68.0,89,21,0.05,NONE,0
3,68.0,89,21,0.05,NONE,0
3,68.0,89,21,0.05,NONE,0
3,68.0,89,21,0.05,NONE,0
3,68.0,89,21,0.05,NONE,0
3,68.0,89,21,0.05,NONE,0
3,68.0,89,21,0.05,NONE,0
3,68.0,89,21,0.05,NONE,0
3,68.0,89,21,0.05,NONE,0
3,68.0,89,21,0.05,NONE,0
3,68.0,89,21,0.05,NONE,0
3,68.0,89,21,0.05,NONE,0
3,68.0,89,21,0.05,NONE,0
3,68.0,89,21,0.05,NONE,0
3,68.0,89,21,0.05,NONE,0
3,68.0,89,21,0.05,NONE,0
3,68.0,89,21,0.05,NONE,0
3,68.0,89,21,0.05,NONE,0
3,68.0,89,21,0.05,NONE,0
3,68.0,89,21,0.05,NONE,0
3,68.0,89,21,0.05,NONE,0
3,68.0,89,21,0.05,NONE,0
3,68.0,89,21,0.05,NONE,0
3,68.0,89,21,0.05,NONE,0
3,68.0,89,21,0.05,NONE,0
3,68.0,89,21,0.05,NONE,0
3,68.0,89,21,0.05,NONE,0
3,68.0,89,21,0.05,NONE,0
3,68.0,89,21,0.05,NONE,0
3,68.0,89,21,0.05,NONE,0
3,68.0,89,21,0.05,NONE,0
3,68.0,89,21,0.05,NONE,0
3,68.0,89,21,0.05,NONE,0
3,68.0,89,21,0.05,NONE,0
3,68.0,89,21,0.05,NONE,0
3,68.0,89,21,0.05,NONE,0
3,68.0,89,21,0.05,NONE,0
3,68.0,89,21,0.05,NONE,0
3,68.0,89,21,0.05,NONE,0
3,68.0,89,21,0.05,NONE,0
3,68.0,89,21,0.05,NONE,0
3,68.0,89,21,0.05,NONE,0
3,68.0,89,21,0.05,NONE,0
3,68.0,89,21,0.05,NONE,0
3,68.0,89,21,0.05,NONE,0
3,68.0,89,21,0.05,NONE,0
3,68.0,89,21,0.05,NONE,0
3,68.0,89,21,0.05,NONE,0
3,68.0,89,21,0.05,NONE,0
3,68.0,89,21,0.05,NONE,0
3,68.0,89,21,0.05,NONE,0
3,68.0,89,21,0.05,NONE,0
3,68.0,89,21,0.05,NONE,0
3,68.0,89,21,0.05,NONE,0
3,68.0,89,21,0.05,NONE,0
3,68.0,89,21,0.05,NONE,6
3,68.0,89,21,0.05,NONE,12
3,68.0,89,21,0.05,NONE,6
3,68.0,89,21,0.05,NONE,12
3,68.0,89,21,0.05,NONE,12
3,68.0,89,21,0.05,NONE,12
3,68.0,89,21,0.05,NONE,18
3,68.0,89,21,0.05,NONE,24
3,68.0,89,21,0.05,NONE,30
3,68.0,89,21,0.05,NONE,30
3,68.0,89,21,0.05,NONE,36
3,68.0,89,21,0.05,NONE,42
3,68.0,89,21,0.05,NONE,42
3,68.0,89,21,0.05,NONE,42
3,68.0,89,21,0.05,NONE,42
3,68.0,89,21,0.05,NONE,48
3,68.0,89,21,0.05,NONE,42
3,68.0,89,21,0.05,NONE,48
3,68.0,89,21,0.05,NONE,48
3,68.0,89,21,0.05,NONE,48
3,68.0,89,21,0.05,NONE,54
3,68.0,89,21,0.05,NONE,60
3,68.0,89,21,0.05,NONE,54
3,68.0,89,21,0.05,NONE,60
3,68.0,89,21,0.05,NONE,66
3,68.0,89,21,0.05,NONE,72
3,68.0,89,21,0.05,NONE,66
3,68.0,89,21,0.05,NONE,60
3,68.0,89,21,0.05,NONE,54
3,68.0,89,21,0.05,NONE,48
3,68.0,89,21,0.05,NONE,42
3,68.0,89,21,0.05,NONE,48
3,68.0,89,21,0.05,NONE,42
3,68.0,89,21,0.05,NONE,42
3,68.0,89,21,0.05,NONE,48
3,68.0,89,21,0.05,NONE,54
3,68.0,89,21,0.05,NONE,60
3,68.0,89,21,0.05,NONE,66
3,68.0,89,21,0.05,NONE,72
3,68.0,89,21,0.05,NONE,72
3,68.0,89,21,0.05,NONE,72
3,68.0,89,21,0.05,NONE,72
3,68.0,89,21,0.05,NONE,78
3,68.0,89,21,0.05,NONE,84
3,68.0,89,21,0.05,NONE,78
3,68.0,89,21,0.05,NONE,84
3,68.0,89,21,0.05,NONE,84
3,68.0,89,21,0.05,NONE,84
3,68.0,89,21,0.05,NONE,84
3,68.0,89,21,0.05,NONE,84
3,68.0,89,21,0.05,NONE,84
3,68.0,89,21,0.05,NONE,84
3,68.0,89,21,0.05,NONE,84
3,68.0,89,21,0.05,NONE,84
3,68.0,89,21,0.05,NONE,84
3,68.0,89,21,0.05,NONE,84
3,68.0,89,21,0.05,NONE,84
3,68.0,89,21,0.05,NONE,78
3,68.0,89,21,0.05,NONE,78
3,68.0,89,21,0.05,NONE,78
3,68.0,89,21,0.05,NONE,84
3,68.0,89,21,0.05,NONE,90
3,68.0,89,21,0.05,NONE,96
3,68.0,89,21,0.05,NONE,102
3,68.0,89,21,0.05,NONE,108
3,68.0,89,21,0.05,NONE,114
3,68.0,89,21,0.05,NONE,120
3,68.0,89,21,0.05,NONE,126
3,68.0,89,21,0.05,NONE,132
3,68.0,89,21,0.05,NONE,126
3,68.0,89,21,0.05,NONE,132
3,68.0,89,21,0.05,NONE,138
3,68.0,89,21,0.05,NONE,144
3,68.0,89,21,0.05,NONE,144
3,68.0,89,21,0.05,NONE,150
3,68.0,89,21,0.05,NONE,156
3,68.0,89,21,0.05,NONE,162
3,68.0,89,21,0.05,NONE,168
3,68.0,89,21,0.05,NONE,174
3,68.0,89,21,0.05,NONE,180
3,68.0,89,21,0.05,NONE,186
3,68.0,89,21,0.05,NONE,186
3,68.0,89,21,0.05,NONE,186
3,68.0,89,21,0.05,NONE,192
3,68.0,89,21,0.05,NONE,198
3,68.0,89,21,0.05,NONE,204
3,68.0,89,21,0.05,NONE,210
3,68.0,89,21,0.05,NONE,216
3,68.0,89,21,0.05,NONE,216
3,68.0,89,21,0.05,NONE,216
3,68.0,89,21,0.05,NONE,216
3,68.0,89,21,0.05,NONE,222
3,68.0,89,21,0.05,NONE,228
3,68.0,89,21,0.05,NONE,228
3,68.0,89,21,0.05,NONE,222
3,68.0,89,21,0.05,NONE,216
3,68.0,89,21,0.05,NONE,210
3,68.0,89,21,0.05,NONE,204
3,68.0,89,21,0.05,NONE,198
3,68.0,89,21,0.05,NONE,192
3,68.0,89,21,0.05,NONE,186
3,68.0,89,21,0.05,NONE,186
3,68.0,89,21,0.05,NONE,186
3,68.0,89,21,0.05,NONE,186
3,68.0,89,21,0.05,NONE,186
3,68.0,89,21,0.05,NONE,180
3,68.0,89,21,0.05,NONE,174
3,68.0,89,21,0.05,NONE,168
3,68.0,89,21,0.05,NONE,162
3,68.0,89,21,0.05,NONE,156
3,68.0,89,21,0.05,NONE,150
3,68.0,89,21,0.05,NONE,150
3,68.0,89,21,0.05,NONE,150
3,68.0,89,21,0.05,NONE,150
3,68.0,89,21,0.05,NONE,150
3,68.0,89,21,0.05,NONE,150
3,68.0,89,21,0.05,NONE,150
3,68.0,89,21,0.05,NONE,150
3,68.0,89,21,0.05,NONE,150
3,68.0,89,21,0.05,NONE,150
3,68.0,89,21,0.05,NONE,150
3,68.0,89,21,0.05,NONE,150
3,68.0,89,21,0.05,NONE,150
3,68.0,89,21,0.05,NONE,150
3,68.0,89,21,0.05,NONE,150
3,68.0,89,21,0.05,NONE,150
3,68.0,89,21,0.05,NONE,150
3,68.0,89,21,0.05,NONE,150
3,68.0,89,21,0.05,NONE,156
3,68.0,89,21,0.05,NONE,150
3,68.0,89,21,0.05,NONE,156
3,68.0,89,21,0.05,NONE,150
3,68.0,89,21,0.05,NONE,156
3,68.0,89,21,0.05,NONE,150
3,68.0,89,21,0.05,NONE,156
3,68.0,89,21,0.05,NONE,150
3,68.0,89,21,0.05,NONE,156
3,68.0,89,21,0.05,NONE,150
3,68.0,89,21,0.05,NONE,156
3,68.0,89,21,0.05,NONE,150
3,68.0,89,21,0.05,NONE,144
3,68.0,89,21,0.05,NONE,138
3,68.0,89,21,0.05,NONE,132
3,68.0,89,21,0.05,NONE,126
3,68.0,89,21,0.05,NONE,120
3,68.0,89,21,0.05,NONE,114
3,68.0,89,21,0.05,NONE,108
3,68.0,89,21,0.05,NONE,102
3,68.0,89,21,0.05,NONE,96
3,68.0,89,21,0.05,NONE,90
3,68.0,89,21,0.05,NONE,84
3,68.0,89,21,0.05,NONE,90
3,68.0,89,21,0.05,NONE,84
3,68.0,89,21,0.05,NONE,78
3,68.0,89,21,0.05,NONE,72
3,68.0,89,21,0.05,NONE,66
3,68.0,89,21,0.05,NONE,60
3,68.0,89,21,0.05,NONE,54
3,68.0,89,21,0.05,NONE,48
3,68.0,89,21,0.05,NONE,42
3,68.0,89,21,0.05,NONE,36
3,68.0,89,21,0.05,NONE,30
3,68.0,89,21,0.05,NONE,24
3,68.0,89,21,0.05,NONE,18
3,68.0,89,21,0.05,NONE,12
3,68.0,89,21,0.05,NONE,6
3,68.0,89,21,0.05,NONE,0
3,68.0,89,21,0.05,NONE,0
3,68.0,89,21,0.05,NONE,0
3,68.0,89,21,0.05,NONE,0
3,68.0,89,21,0.05,NONE,0
3,68.0,89,21,0.05,NONE,0
3,68.0,89,21,0.05,NONE,0
3,68.0,89,21,0.05,NONE,0
3,68.0,89,21,0.05,NONE,0
3,68.0,89,21,0.05,NONE,0
3,68.0,89,21,0.05,NONE,0
3,68.0,89,21,0.05,NONE,0
3,68.0,89,21,0.05,NONE,0
3,68.0,89,21,0.05,NONE,0
3,68.0,89,21,0.05,NONE,0
3,68.0,89,21,0.05,NONE,0
3,68.0,89,21,0.05,NONE,0
3,68.0,89,21,0.05,NONE,0
3,68.0,89,21,0.05,NONE,0
3,68.0,89,21,0.05,NONE,0
3,68.0,89,21,0.05,NONE,0
3,68.0,89,21,0.05,NONE,0
3,68.0,89,21,0.05,NONE,0
3,68.0,89,21,0.05,NONE,0
3,68.0,89,21,0.05,NONE,6
3,68.0,89,21,0.05,NONE,12
3,68.0,89,21,0.05,NONE,6
3,68.0,89,21,0.05,NONE,12
3,68.0,89,21,0.05,NONE,12
3,68.0,89,21,0.05,NONE,12
3,68.0,89,21,0.05,NONE,12
3,68.0,89,21,0.05,NONE,12
3,68.0,89,21,0.05,NONE,12
3,68.0,89,21,0.05,NONE,12
3,68.0,89,21,0.05,NONE,12
3,68.0,89,21,0.05,NONE,18
3,68.0,89,21,0.05,NONE,24
3,68.0,89,21,0.05,NONE,30
3,68.0,89,21,0.05,NONE,30
3,68.0,89,21,0.05,NONE,30
3,68.0,89,21,0.05,NONE,30
3,68.0,89,21,0.05,NONE,30
3,68.0,89,21,0.05,NONE,30
3,68.0,89,21,0.05,NONE,36
3,68.0,89,21,0.05,NONE,42
3,68.0,89,21,0.05,NONE,48
3,68.0,89,21,0.05,NONE,42
3,68.0,89,21,0.05,NONE,42
3,68.0,89,21,0.05,NONE,42
3,68.0,89,21,0.05,NONE,48
3,68.0,89,21,0.05,NONE,48
3,68.0,89,21,0.05,NONE,48
3,68.0,89,21,0.05,NONE,54
3,68.0,89,21,0.05,NONE,48
3,68.0,89,21,0.05,NONE,42
3,68.0,89,21,0.05,NONE,36
3,68.0,89,21,0.05,NONE,30
3,68.0,89,21,0.05,NONE,24
3,68.0,89,21,0.05,NONE,18
3,68.0,89,21,0.05,NONE,12
3,68.0,89,21,0.05,NONE,6
3,68.0,89,21,0.05,NONE,6
3,68.0,89,21,0.05,NONE,6
3,68.0,89,21,0.05,NONE,6
3,68.0,89,21,0.05,NONE,6
3,68.0,89,21,0.05,NONE,6
3,68.0,89,21,0.05,NONE,6
3,68.0,89,21,0.05,NONE,6
3,68.0,89,21,0.05,NONE,6
3,68.0,89,21,0.05,NONE,6
3,68.0,89,21,0.05,NONE,6
3,68.0,89,21,0.05,NONE,6
3,68.0,89,21,0.05,NONE,12
3,68.0,89,21,0.05,NONE,18
3,68.0,89,21,0.05,NONE,24
3,68.0,89,21,0.05,NONE,30
3,68.0,89,21,0.05,NONE,36
3,68.0,89,21,0.05,NONE,42
3,68.0,89,21,0.05,NONE,48
3,68.0,89,21,0.05,NONE,54
3,68.0,89,21,0.05,NONE,60
3,68.0,89,21,0.05,NONE,66
3,68.0,89,21,0.05,NONE,72
3,68.0,89,21,0.05,NONE,78
3,68.0,89,21,0.05,NONE,84
3,68.0,89,21,0.05,NONE,90
3,68.0,89,21,0.05,NONE,96
3,68.0,89,21,0.05,NONE,102
3,68.0,89,21,0.05,NONE,108
3,68.0,89,21,0.05,NONE,114
3,68.0,89,21,0.05,NONE,120
3,68.0,89,21,0.05,NONE,126
3,68.0,89,21,0.05,NONE,132
3,68.0,89,21,0.05,NONE,138
3,68.0,89,21,0.05,NONE,144
3,68.0,89,21,0.05,NONE,150
3,68.0,89,21,0.05,NONE,156
3,68.0,89,21,0.05,NONE,162
3,68.0,89,21,0.05,NONE,168
3,68.0,89,21,0.05,NONE,174
3,68.0,89,21,0.05,NONE,174
3,68.0,89,21,0.05,NONE,174
3,68.0,89,21,0.05,NONE,180
3,68.0,89,21,0.05,NONE,186
3,68.0,89,21,0.05,NONE,192
3,68.0,89,21,0.05,NONE,198
3,68.0,89,21,0.05,NONE,204
3,68.0,89,21,0.05,NONE,210
3,68.0,89,21,0.05,NONE,216
3,68.0,89,21,0.05,NONE,222
3,68.0,89,21,0.05,NONE,228
3,68.0,89,21,0.05,NONE,234
3,68.0,89,21,0.05,NONE,228
3,68.0,89,21,0.05,NONE,222
3,68.0,89,21,0.05,NONE,228
3,68.0,89,21,0.05,NONE,228
3,68.0,89,21,0.05,NONE,228
3,68.0,89,21,0.05,NONE,228
3,68.0,89,21,0.05,NONE,234
3,68.0,89,21,0.05,NONE,240
3,68.0,89,21,0.05,NONE,246
3,68.0,89,21,0.05,NONE,252
3,68.0,89,21,0.05,NONE,252
3,68.0,89,21,0.05,NONE,252
3,68.0,89,21,0.05,NONE,258
3,68.0,89,21,0.05,NONE,264
3,68.0,89,21,0.05,NONE,264
3,68.0,89,21,0.05,NONE,258
3,68.0,89,21,0.05,NONE,258
3,68.0,89,21,0.05,NONE,258
3,68.0,89,21,0.05,NONE,264
3,68.0,89,21,0.05,NONE,264
3,68.0,89,21,0.05,NONE,264
3,68.0,89,21,0.05,NONE,264
3,68.0,89,21,0.05,NONE,270
3,68.0,89,21,0.05,NONE,276
3,68.0,89,21,0.05,NONE,270
3,68.0,89,21,0.05,NONE,264
3,68.0,89,21,0.05,NONE,258
3,68.0,89,21,0.05,NONE,252
3,68.0,89,21,0.05,NONE,246
3,68.0,89,21,0.05,NONE,240
3,68.0,89,21,0.05,NONE,234
3,68.0,89,21,0.05,NONE,228
3,68.0,89,21,0.05,NONE,222
3,68.0,89,21,0.05,NONE,216
3,68.0,89,21,0.05,NONE,210
3,68.0,89,21,0.05,NONE,204
3,68.0,89,21,0.05,NONE,198
3,68.0,89,21,0.05,NONE,192
3,68.0,89,21,0.05,NONE,186
3,68.0,89,21,0.05,NONE,192
3,68.0,89,21,0.05,NONE,192
3,68.0,89,21,0.05,NONE,192
3,68.0,89,21,0.05,NONE,198
3,68.0,89,21,0.05,NONE,204
3,68.0,89,21,0.05,NONE,210
3,68.0,89,21,0.05,NONE,216
3,68.0,89,21,0.05,NONE,222
3,68.0,89,21,0.05,NONE,228
3,68.0,89,21,0.05,NONE,222
3,68.0,89,21,0.05,NONE,216
3,68.0,89,21,0.05,NONE,210
3,68.0,89,21,0.05,NONE,204
3,68.0,89,21,0.05,NONE,198
3,68.0,89,21,0.05,NONE,192
3,68.0,89,21,0.05,NONE,186
3,68.0,89,21,0.05,NONE,180
3,68.0,89,21,0.05,NONE,174
3,68.0,89,21,0.05,NONE,168
3,68.0,89,21,0.05,NONE,162
3,68.0,89,21,0.05,NONE,162
3,68.0,89,21,0.05,NONE,162
3,68.0,89,21,0.05,NONE,162
3,68.0,89,21,0.05,NONE,168
3,67.0,89,22,0.05,NONE,174
3,67.0,89,22,0.05,NONE,168
3,67.0,89,22,0.05,NONE,162
3,67.0,89,22,0.05,NONE,156
3,67.0,89,22,0.05,NONE,150
3,67.0,89,22,0.05,NONE,144
3,67.0,89,22,0.05,NONE,138
3,67.0,89,22,0.05,NONE,132
3,67.0,89,22,0.05,NONE,126
3,67.0,89,22,0.05,NONE,120
3,67.0,89,22,0.05,NONE,114
3,67.0,89,22,0.05,NONE,108
3,67.0,89,22,0.05,NONE,102
3,67.0,89,22,0.05,NONE,96
3,67.0,89,22,0.05,NONE,90
3,67.0,89,22,0.05,NONE,84
3,67.0,89,22,0.05,NONE,78
3,67.0,89,22,0.05,NONE,72
3,67.0,89,22,0.05,NONE,66
3,67.0,89,22,0.05,NONE,60
3,67.0,89,22,0.05,NONE,54
3,67.0,89,22,0.05,NONE,48
3,67.0,89,22,0.05,NONE,42
3,67.0,89,22,0.05,NONE,36
3,67.0,89,22,0.05,NONE,30
3,67.0,89,22,0.05,NONE,24
3,67.0,89,22,0.05,NONE,18
3,67.0,89,22,0.05,NONE,12
3,67.0,89,22,0.05,NONE,6
3,67.0,89,22,0.05,NONE,0
3,67.0,89,22,0.05,NONE,0
3,67.0,89,22,0.05,NONE,0
3,67.0,89,22,0.05,NONE,0
3,67.0,89,22,0.05,NONE,0
3,67.0,89,22,0.05,NONE,0
3,67.0,89,22,0.05,NONE,0
3,67.0,89,22,0.05,NONE,0
3,67.0,89,22,0.05,NONE,0
3,67.0,89,22,0.05,NONE,0
3,67.0,89,22,0.05,NONE,0
3,67.0,89,22,0.05,NONE,0
3,67.0,89,22,0.05,NONE,0
3,67.0,89,22,0.05,NONE,0
3,67.0,89,22,0.05,NONE,0
3,67.0,89,22,0.05,NONE,0
3,67.0,89,22,0.05,NONE,0
3,67.0,89,22,0.05,NONE,0
3,67.0,89,22,0.05,NONE,0
3,67.0,89,22,0.05,NONE,0
3,67.0,89,22,0.05,NONE,0
3,67.0,89,22,0.05,NONE,0
3,67.0,89,22,0.05,NONE,0
3,67.0,89,22,0.05,NONE,0
3,67.0,89,22,0.05,NONE,0
3,67.0,89,22,0.05,NONE,0
3,67.0,89,22,0.05,NONE,0
3,67.0,89,22,0.05,NONE,0
3,67.0,89,22,0.05,NONE,0
3,67.0,89,22,0.05,NONE,0
3,67.0,89,22,0.05,NONE,0
3,67.0,89,22,0.05,NONE,0
3,67.0,89,22,0.05,NONE,6
3,67.0,89,22,0.05,NONE,0
3,67.0,89,22,0.05,NONE,0
3,67.0,89,22,0.05,NONE,0
3,67.0,89,22,0.05,NONE,0
3,67.0,89,22,0.05,NONE,0
3,67.0,89,22,0.05,NONE,0
3,67.0,89,22,0.05,NONE,0
3,67.0,89,22,0.05,NONE,0
3,67.0,89,22,0.05,NONE,0
3,67.0,89,22,0.05,NONE,0
3,67.0,89,22,0.05,NONE,0
3,67.0,89,22,0.05,NONE,0
3,67.0,89,22,0.05,NONE,0
3,67.0,89,22,0.05,NONE,0
3,67.0,89,22,0.05,NONE,0
3,67.0,89,22,0.05,NONE,0
3,67.0,89,22,0.05,NONE,0
3,67.0,89,22,0.05,NONE,0
3,67.0,89,22,0.05,NONE,6
3,67.0,89,22,0.05,NONE,0
3,67.0,89,22,0.05,NONE,0
3,67.0,89,22,0.05,NONE,0
3,67.0,89,22,0.05,NONE,0
3,67.0,89,22,0.05,NONE,0
3,67.0,89,22,0.05,NONE,0
3,67.0,89,22,0.05,NONE,0
3,67.0,89,22,0.05,NONE,0
3,67.0,89,22,0.05,NONE,0
3,67.0,89,22,0.05,NONE,0
3,67.0,89,22,0.05,NONE,0
3,67.0,89,22,0.05,NONE,0
3,67.0,89,22,0.05,NONE,6
3,67.0,89,22,0.05,NONE,0
3,67.0,89,22,0.05,NONE,0
3,67.0,89,22,0.05,NONE,0
3,67.0,89,22,0.05,NONE,0
3,67.0,89,22,0.05,NONE,0
3,67.0,89,22,0.05,NONE,0
3,67.0,89,22,0.05,NONE,0
3,67.0,89,22,0.05,NONE,6
3,67.0,89,22,0.05,NONE,0
3,67.0,89,22,0.05,NONE,0
3,67.0,89,22,0.05,NONE,0
3,67.0,89,22,0.05,NONE,0
3,67.0,89,22,0.05,NONE,0
3,67.0,89,22,0.05,NONE,0
3,67.0,89,22,0.05,NONE,0
3,67.0,89,22,0.05,NONE,6
3,67.0,89,22,0.05,NONE,12
3,67.0,89,22,0.05,NONE,6
3,67.0,89,22,0.05,NONE,12
3,67.0,89,22,0.05,NONE,6
3,67.0,89,22,0.05,NONE,12
3,67.0,89,22,0.05,NONE,12
3,67.0,89,22,0.05,NONE,12
3,67.0,89,22,0.05,NONE,12
3,67.0,89,22,0.05,NONE,18
3,67.0,89,22,0.05,NONE,24
3,67.0,89,22,0.05,NONE,30
3,67.0,89,22,0.05,NONE,36
3,67.0,89,22,0.05,NONE,42
3,67.0,89,22,0.05,NONE,42
3,67.0,89,22,0.05,NONE,42
3,67.0,89,22,0.05,NONE,48
3,67.0,89,22,0.05,NONE,48
3,67.0,89,22,0.05,NONE,42
3,67.0,89,22,0.05,NONE,48
3,67.0,89,22,0.05,NONE,48
3,67.0,89,22,0.05,NONE,48
3,67.0,89,22,0.05,NONE,48
3,67.0,89,22,0.05,NONE,48
3,67.0,89,22,0.05,NONE,48
3,67.0,89,22,0.05,NONE,48
3,67.0,89,22,0.05,NONE,48
3,67.0,89,22,0.05,NONE,48
3,67.0,89,22,0.05,NONE,48
3,67.0,89,22,0.05,NONE,48
3,67.0,89,22,0.05,NONE,48
3,67.0,89,22,0.05,NONE,54
3,67.0,89,22,0.05,NONE,60
3,67.0,89,22,0.05,NONE,66
3,67.0,89,22,0.05,NONE,72
3,67.0,89,22,0.05,NONE,78
3,67.0,89,22,0.05,NONE,84
3,67.0,89,22,0.05,NONE,90
3,67.0,89,22,0.05,NONE,84
3,67.0,89,22,0.05,NONE,90
3,67.0,89,22,0.05,NONE,96
3,67.0,89,22,0.05,NONE,102
3,67.0,89,22,0.05,NONE,108
3,67.0,89,22,0.05,NONE,114
3,67.0,89,22,0.05,NONE,120
3,67.0,89,22,0.05,NONE,126
3,67.0,89,22,0.05,NONE,132
3,67.0,89,22,0.05,NONE,138
3,67.0,89,22,0.05,NONE,144
3,67.0,89,22,0.05,NONE,150
3,67.0,89,22,0.05,NONE,150
3,67.0,89,22,0.05,NONE,150
3,67.0,89,22,0.05,NONE,156
3,67.0,89,22,0.05,NONE,156
3,67.0,89,22,0.05,NONE,156
3,67.0,89,22,0.05,NONE,156
3,67.0,89,22,0.05,NONE,162
3,67.0,89,22,0.05,NONE,168
3,67.0,89,22,0.05,NONE,174
3,67.0,89,22,0.05,NONE,180
3,67.0,89,22,0.05,NONE,186
3,67.0,89,22,0.05,NONE,192
3,67.0,89,22,0.05,NONE,192
3,67.0,89,22,0.05,NONE,198
3,67.0,89,22,0.05,NONE,192
3,67.0,89,22,0.05,NONE,186
3,67.0,89,22,0.05,NONE,192
3,67.0,89,22,0.05,NONE,186
3,67.0,89,22,0.05,NONE,192
3,67.0,89,22,0.05,NONE,192
3,67.0,89,22,0.05,NONE,192
3,67.0,89,22,0.05,NONE,192
3,67.0,89,22,0.05,NONE,192
3,67.0,89,22,0.05,NONE,198
3,67.0,89,22,0.05,NONE,204
3,67.0,89,22,0.05,NONE,210
3,67.0,89,22,0.05,NONE,216
3,67.0,89,22,0.05,NONE,222
3,67.0,89,22,0.05,NONE,228
3,67.0,89,22,0.05,NONE,228
3,67.0,89,22,0.05,NONE,222
3,67.0,89,22,0.05,NONE,216
3,67.0,89,22,0.05,NONE,210
3,67.0,89,22,0.05,NONE,204
3,67.0,89,22,0.05,NONE,198
3,67.0,89,22,0.05,NONE,192
3,67.0,89,22,0.05,NONE,186
3,67.0,89,22,0.05,NONE,186
3,67.0,89,22,0.05,NONE,186
3,67.0,89,22,0.05,NONE,186
3,67.0,89,22,0.05,NONE,192
3,67.0,89,22,0.05,NONE,198
3,67.0,89,22,0.05,NONE,204
3,67.0,89,22,0.05,NONE,210
3,67.0,89,22,0.05,NONE,210
3,67.0,89,22,0.05,NONE,210
3,67.0,89,22,0.05,NONE,216
3,67.0,89,22,0.05,NONE,222
3,67.0,89,22,0.05,NONE,228
3,67.0,89,22,0.05,NONE,234
3,67.0,89,22,0.05,NONE,228
3,67.0,89,22,0.05,NONE,222
3,67.0,89,22,0.05,NONE,216
3,67.0,89,22,0.05,NONE,210
3,67.0,89,22,0.05,NONE,204
3,67.0,89,22,0.05,NONE,198
3,67.0,89,22,0.05,NONE,192
3,67.0,89,22,0.05,NONE,186
3,67.0,89,22,0.05,NONE,186
3,67.0,89,22,0.05,NONE,186
3,67.0,89,22,0.05,NONE,186
3,67.0,89,22,0.05,NONE,186
3,67.0,89,22,0.05,NONE,186
3,67.0,89,22,0.05,NONE,186
3,67.0,89,22,0.05,NONE,180
3,67.0,89,22,0.05,NONE,174
3,67.0,89,22,0.05,NONE,168
3,67.0,89,22,0.05,NONE,162
3,67.0,89,22,0.05,NONE,156
3,67.0,89,22,0.05,NONE,150
3,67.0,89,22,0.05,NONE,150
3,67.0,89,22,0.05,NONE,150
3,67.0,89,22,0.05,NONE,150
3,67.0,89,22,0.05,NONE,150
3,67.0,89,22,0.05,NONE,150
3,67.0,89,22,0.05,NONE,150
3,67.0,89,22,0.05,NONE,150
3,67.0,89,22,0.05,NONE,150
3,67.0,89,22,0.05,NONE,150
3,67.0,89,22,0.05,NONE,150
3,67.0,89,22,0.05,NONE,150
3,67.0,89,22,0.05,NONE,150
3,67.0,89,22,0.05,NONE,150
3,67.0,89,22,0.05,NONE,150
3,67.0,89,22,0.05,NONE,150
3,67.0,89,22,0.05,NONE,150
3,67.0,89,22,0.05,NONE,150
3,67.0,89,22,0.05,NONE,156
3,67.0,89,22,0.05,NONE,150
3,67.0,89,22,0.05,NONE,156
3,67.0,89,22,0.05,NONE,150
3,67.0,89,22,0.05,NONE,156
3,67.0,89,22,0.05,NONE,150
3,67.0,89,22,0.05,NONE,156
3,67.0,89,22,0.05,NONE,150
3,67.0,89,22,0.05,NONE,156
3,67.0,89,22,0.05,NONE,150
3,67.0,89,22,0.05,NONE,156
3,67.0,89,22,0.05,NONE,150
3,67.0,89,22,0.05,NONE,144
3,67.0,89,22,0.05,NONE,138
3,67.0,89,22,0.05,NONE,132
3,67.0,89,22,0.05,NONE,126
3,67.0,89,22,0.05,NONE,120
3,67.0,89,22,0.05,NONE,114
3,67.0,89,22,0.05,NONE,108
3,67.0,89,22,0.05,NONE,102
3,67.0,89,22,0.05,NONE,96
3,67.0,89,22,0.05,NONE,90
3,67.0,89,22,0.05,NONE,84
3,67.0,89,22,0.05,NONE,78
3,67.0,89,22,0.05,NONE,72
3,67.0,89,22,0.05,NONE,66
3,67.0,89,22,0.05,NONE,60
3,67.0,89,22,0.05,NONE,54
3,67.0,89,22,0.05,NONE,48
3,67.0,89,22,0.05,NONE,42
3,67.0,89,22,0.05,NONE,36
3,67.0,89,22,0.05,NONE,30
3,67.0,89,22,0.05,NONE,24
3,67.0,89,22,0.05,NONE,18
3,67.0,89,22,0.05,NONE,12
3,67.0,89,22,0.05,NONE,6
3,67.0,89,22,0.05,NONE,0
3,67.0,89,22,0.05,NONE,0
3,67.0,89,22,0.05,NONE,0
3,67.0,89,22,0.05,NONE,0
3,67.0,89,22,0.05,NONE,0
3,67.0,89,22,0.05,NONE,0
3,67.0,89,22,0.05,NONE,0
3,67.0,89,22,0.05,NONE,0
3,67.0,89,22,0.05,NONE,0
3,67.0,89,22,0.05,NONE,0
3,67.0,89,22,0.05,NONE,0
3,67.0,89,22,0.05,NONE,0
3,67.0,89,22,0.05,NONE,0
3,67.0,89,22,0.05,NONE,0
3,67.0,89,22,0.05,NONE,0
3,67.0,89,22,0.05,NONE,6
3,67.0,89,22,0.05,NONE,12
3,67.0,89,22,0.05,NONE,6
3,67.0,89,22,0.05,NONE,0
3,67.0,89,22,0.05,NONE,6
3,67.0,89,22,0.05,NONE,12
3,67.0,89,22,0.05,NONE,6
3,67.0,89,22,0.05,NONE,12
3,67.0,89,22,0.05,NONE,12
3,67.0,89,22,0.05,NONE,18
3,67.0,89,22,0.05,NONE,24
3,67.0,89,22,0.05,NONE,30
3,67.0,89,22,0.05,NONE,30
3,67.0,89,22,0.05,NONE,36
3,67.0,89,22,0.05,NONE,36
3,67.0,89,22,0.05,NONE,42
3,67.0,89,22,0.05,NONE,48
3,67.0,89,22,0.05,NONE,42
3,67.0,89,22,0.05,NONE,48
3,67.0,89,22,0.05,NONE,42
3,67.0,89,22,0.05,NONE,48
3,67.0,89,22,0.05,NONE,48
3,67.0,89,22,0.05,NONE,48
3,67.0,89,22,0.05,NONE,54
3,67.0,89,22,0.05,NONE,60
3,67.0,89,22,0.05,NONE,66
3,67.0,89,22,0.05,NONE,72
3,67.0,89,22,0.05,NONE,72
3,67.0,89,22,0.05,NONE,78
3,67.0,89,22,0.05,NONE,84
3,67.0,89,22,0.05,NONE,84
3,67.0,89,22,0.05,NONE,78
3,67.0,89,22,0.05,NONE,84
3,67.0,89,22,0.05,NONE,84
3,67.0,89,22,0.05,NONE,84
3,67.0,89,22,0.05,NONE,84
3,67.0,89,22,0.05,NONE,90
3,67.0,89,22,0.05,NONE,96
3,67.0,89,22,0.05,NONE,102
3,67.0,89,22,0.05,NONE,102
3,67.0,89,22,0.05,NONE,108
3,67.0,89,22,0.05,NONE,102
3,67.0,89,22,0.05,NONE,96
3,67.0,89,22,0.05,NONE,90
3,67.0,89,22,0.05,NONE,84
3,67.0,89,22,0.05,NONE,78
3,67.0,89,22,0.05,NONE,72
3,67.0,89,22,0.05,NONE,66
3,67.0,89,22,0.05,NONE,60
3,67.0,89,22,0.05,NONE,54
3,67.0,89,22,0.05,NONE,48
3,67.0,89,22,0.05,NONE,42
3,67.0,89,22,0.05,NONE,42
3,67.0,89,22,0.05,NONE,42
3,67.0,89,22,0.05,NONE,42
3,67.0,89,22,0.05,NONE,42
3,67.0,89,22,0.05,NONE,36
3,67.0,89,22,0.05,NONE,30
3,67.0,89,22,0.05,NONE,24
3,67.0,89,22,0.05,NONE,24
3,67.0,89,22,0.05,NONE,24
3,67.0,89,22,0.05,NONE,24
3,67.0,89,22,0.05,NONE,18
3,67.0,89,22,0.05,NONE,12
3,67.0,89,22,0.05,NONE,18
3,67.0,89,22,0.05,NONE,24
3,67.0,89,22,0.05,NONE,30
3,67.0,89,22,0.05,NONE,30
3,67.0,89,22,0.05,NONE,30
3,67.0,89,22,0.05,NONE,24
3,67.0,89,22,0.05,NONE,18
3,67.0,89,22,0.05,NONE,18
3,67.0,89,22,0.05,NONE,24
3,67.0,89,22,0.05,NONE,30
3,67.0,89,22,0.05,NONE,36
3,67.0,89,22,0.05,NONE,36
3,67.0,89,22,0.05,NONE,36
3,67.0,89,22,0.05,NONE,36
3,67.0,89,22,0.05,NONE,36
3,67.0,89,22,0.05,NONE,30
3,67.0,89,22,0.05,NONE,24
3,67.0,89,22,0.05,NONE,18
3,67.0,89,22,0.05,NONE,12
3,67.0,89,22,0.05,NONE,6
3,67.0,89,22,0.05,NONE,6
3,67.0,89,22,0.05,NONE,0
3,67.0,89,22,0.05,NONE,0
3,67.0,89,22,0.05,NONE,6
3,67.0,89,22,0.05,NONE,12
3,67.0,89,22,0.05,NONE,18
3,67.0,89,22,0.05,NONE,24
3,67.0,89,22,0.05,NONE,30
3,67.0,89,22,0.05,NONE,36
3,67.0,89,22,0.05,NONE,42
3,67.0,89,22,0.05,NONE,48
3,67.0,89,22,0.05,NONE,54
3,67.0,89,22,0.05,NONE,60
3,67.0,89,22,0.05,NONE,54
3,67.0,89,22,0.05,NONE,48
3,67.0,89,22,0.05,NONE,54
3,67.0,89,22,0.05,NONE,60
3,67.0,89,22,0.05,NONE,66
3,67.0,89,22,0.05,NONE,72
3,67.0,89,22,0.05,NONE,78
3,67.0,89,22,0.05,NONE,84
3,67.0,89,22,0.05,NONE,90
3,67.0,89,22,0.05,NONE,96
3,67.0,89,22,0.05,NONE,90
3,67.0,89,22,0.05,NONE,84
3,67.0,89,22,0.05,NONE,90
3,67.0,89,22,0.05,NONE,96
3,67.0,89,22,0.05,NONE,102
3,67.0,89,22,0.05,NONE,108
3,67.0,89,22,0.05,NONE,114
3,67.0,89,22,0.05,NONE,120
3,67.0,89,22,0.05,NONE,126
3,67.0,89,22,0.05,NONE,132
3,67.0,89,22,0.05,NONE,138
3,67.0,89,22,0.05,NONE,138
3,67.0,89,22,0.05,NONE,138
3,67.0,89,22,0.05,NONE,138
3,67.0,89,22,0.05,NONE,138
3,67.0,89,22,0.05,NONE,138
3,67.0,89,22,0.05,NONE,144
3,67.0,89,22,0.05,NONE,150
3,67.0,89,22,0.05,NONE,156
3,67.0,89,22,0.05,NONE,156
3,67.0,89,22,0.05,NONE,162
3,67.0,89,22,0.05,NONE,162
3,67.0,89,22,0.05,NONE,162
3,67.0,89,22,0.05,NONE,162
3,67.0,89,22,0.05,NONE,168
3,67.0,89,22,0.05,NONE,174
3,67.0,89,22,0.05,NONE,180
3,67.0,89,22,0.05,NONE,180
3,67.0,89,22,0.05,NONE,180
3,67.0,89,22,0.05,NONE,180
3,67.0,89,22,0.05,NONE,180
3,67.0,89,22,0.05,NONE,186
3,67.0,89,22,0.05,NONE,192
3,67.0,89,22,0.05,NONE,192
3,67.0,89,22,0.05,NONE,192
3,67.0,89,22,0.05,NONE,192
3,67.0,89,22,0.05,NONE,192
3,67.0,89,22,0.05,NONE,192
3,67.0,89,22,0.05,NONE,192
3,67.0,89,22,0.05,NONE,198
3,67.0,89,22,0.05,NONE,192
3,67.0,89,22,0.05,NONE,186
3,67.0,89,22,0.05,NONE,186
3,67.0,89,22,0.05,NONE,186
3,67.0,89,22,0.05,NONE,186
3,67.0,89,22,0.05,NONE,186
3,67.0,89,22,0.05,NONE,186
3,67.0,89,22,0.05,NONE,192
3,67.0,89,22,0.05,NONE,192
3,67.0,89,22,0.05,NONE,192
3,67.0,89,22,0.05,NONE,198
3,67.0,89,22,0.05,NONE,192
3,67.0,89,22,0.05,NONE,186
3,67.0,89,22,0.05,NONE,186
3,67.0,89,22,0.05,NONE,186
3,66.0,89,23,0.05,NONE,186
3,66.0,89,23,0.05,NONE,180
3,66.0,89,23,0.05,NONE,186
3,66.0,89,23,0.05,NONE,180
3,66.0,89,23,0.05,NONE,174
3,66.0,89,23,0.05,NONE,168
3,66.0,89,23,0.05,NONE,162
3,66.0,89,23,0.05,NONE,156
3,66.0,89,23,0.05,NONE,150
3,66.0,89,23,0.05,NONE,144
3,66.0,89,23,0.05,NONE,138
3,66.0,89,23,0.05,NONE,132
3,66.0,89,23,0.05,NONE,126
3,66.0,89,23,0.05,NONE,120
3,66.0,89,23,0.05,NONE,114
3,66.0,89,23,0.05,NONE,108
3,66.0,89,23,0.05,NONE,102
3,66.0,89,23,0.05,NONE,96
3,66.0,89,23,0.05,NONE,90
3,66.0,89,23,0.05,NONE,90
3,66.0,89,23,0.05,NONE,90
3,66.0,89,23,0.05,NONE,84
3,66.0,89,23,0.05,NONE,78
3,66.0,89,23,0.05,NONE,72
3,66.0,89,23,0.05,NONE,66
3,66.0,89,23,0.05,NONE,60
3,66.0,89,23,0.05,NONE,54
3,66.0,89,23,0.05,NONE,48
3,66.0,89,23,0.05,NONE,42
3,66.0,89,23,0.05,NONE,36
3,66.0,89,23,0.05,NONE,30
3,66.0,89,23,0.05,NONE,24
3,66.0,89,23,0.05,NONE,18
3,66.0,89,23,0.05,NONE,12
3,66.0,89,23,0.05,NONE,6
3,66.0,89,23,0.05,NONE,0
3,66.0,89,23,0.05,NONE,0
3,66.0,89,23,0.05,NONE,0
3,66.0,89,23,0.05,NONE,0
3,66.0,89,23,0.05,NONE,0
3,66.0,89,23,0.05,NONE,0
3,66.0,89,23,0.05,NONE,0
3,66.0,89,23,0.05,NONE,0
3,66.0,89,23,0.05,NONE,0
3,66.0,89,23,0.05,NONE,0
3,66.0,89,23,0.05,NONE,0
3,66.0,89,23,0.05,NONE,0
3,66.0,89,23,0.05,NONE,0
3,66.0,89,23,0.05,NONE,0
3,66.0,89,23,0.05,NONE,0
3,66.0,89,23,0.05,NONE,0
3,66.0,89,23,0.05,NONE,0
3,66.0,89,23,0.05,NONE,0
3,66.0,89,23,0.05,NONE,0
3,66.0,89,23,0.05,NONE,0
3,66.0,89,23,0.05,NONE,0
3,66.0,89,23,0.05,NONE,0
3,66.0,89,23,0.05,NONE,0
3,66.0,89,23,0.05,NONE,0
3,66.0,89,23,0.05,NONE,0
3,66.0,89,23,0.05,NONE,0
3,66.0,89,23,0.05,NONE,0
3,66.0,89,23,0.05,NONE,0
3,66.0,89,23,0.05,NONE,0
3,66.0,89,23,0.05,NONE,0
3,66.0,89,23,0.05,NONE,0
3,66.0,89,23,0.05,NONE,0
3,66.0,89,23,0.05,NONE,0
3,66.0,89,23,0.05,NONE,0
3,66.0,89,23,0.05,NONE,0
3,66.0,89,23,0.05,NONE,0
3,66.0,89,23,0.05,NONE,0
3,66.0,89,23,0.05,NONE,0
3,66.0,89,23,0.05,NONE,0
3,66.0,89,23,0.05,NONE,0
3,66.0,89,23,0.05,NONE,0
3,66.0,89,23,0.05,NONE,0
3,66.0,89,23,0.05,NONE,0
3,66.0,89,23,0.05,NONE,0
3,66.0,89,23,0.05,NONE,0
3,66.0,89,23,0.05,NONE,0
3,66.0,89,23,0.05,NONE,0
3,66.0,89,23,0.05,NONE,0
3,66.0,89,23,0.05,NONE,0
3,66.0,89,23,0.05,NONE,0
3,66.0,89,23,0.05,NONE,0
3,66.0,89,23,0.05,NONE,0
3,66.0,89,23,0.05,NONE,0
3,66.0,89,23,0.05,NONE,0
3,66.0,89,23,0.05,NONE,0
3,66.0,89,23,0.05,NONE,0
3,66.0,89,23,0.05,NONE,0
3,66.0,89,23,0.05,NONE,0
3,66.0,89,23,0.05,NONE,0
3,66.0,89,23,0.05,NONE,0
3,66.0,89,23,0.05,NONE,0
3,66.0,89,23,0.05,NONE,0
3,66.0,89,23,0.05,NONE,0
3,66.0,89,23,0.05,NONE,0
3,66.0,89,23,0.05,NONE,0
3,66.0,89,23,0.05,NONE,0
3,66.0,89,23,0.05,NONE,0
3,66.0,89,23,0.05,NONE,0
3,66.0,89,23,0.05,NONE,0
3,66.0,89,23,0.05,NONE,0
3,66.0,89,23,0.05,NONE,0
3,66.0,89,23,0.05,NONE,0
3,66.0,89,23,0.05,NONE,0
3,66.0,89,23,0.05,NONE,0
3,66.0,89,23,0.05,NONE,0
3,66.0,89,23,0.05,NONE,0
3,66.0,89,23,0.05,NONE,0
3,66.0,89,23,0.05,NONE,0
3,66.0,89,23,0.05,NONE,0
3,66.0,89,23,0.05,NONE,0
3,66.0,89,23,0.05,NONE,0
3,66.0,89,23,0.05,NONE,0
3,66.0,89,23,0.05,NONE,0
3,66.0,89,23,0.05,NONE,0
3,66.0,89,23,0.05,NONE,0
3,66.0,89,23,0.05,NONE,0
3,66.0,89,23,0.05,NONE,0
3,66.0,89,23,0.05,NONE,0
3,66.0,89,23,0.05,NONE,0
3,66.0,89,23,0.05,NONE,0
3,66.0,89,23,0.05,NONE,0
3,66.0,89,23,0.05,NONE,0
3,66.0,89,23,0.05,NONE,0
3,66.0,89,23,0.05,NONE,6
3,66.0,89,23,0.05,NONE,12
3,66.0,89,23,0.05,NONE,12
3,66.0,89,23,0.05,NONE,12
3,66.0,89,23,0.05,NONE,12
3,66.0,89,23,0.05,NONE,12
3,66.0,89,23,0.05,NONE,12
3,66.0,89,23,0.05,NONE,12
3,66.0,89,23,0.05,NONE,18
3,66.0,89,23,0.05,NONE,24
3,66.0,89,23,0.05,NONE,30
3,66.0,89,23,0.05,NONE,36
3,66.0,89,23,0.05,NONE,42
3,66.0,89,23,0.05,NONE,48
3,66.0,89,23,0.05,NONE,54
3,66.0,89,23,0.05,NONE,60
3,66.0,89,23,0.05,NONE,66
3,66.0,89,23,0.05,NONE,72
3,66.0,89,23,0.05,NONE,78
3,66.0,89,23,0.05,NONE,78
3,66.0,89,23,0.05,NONE,78
3,66.0,89,23,0.05,NONE,72
3,66.0,89,23,0.05,NONE,78
3,66.0,89,23,0.05,NONE,84
3,66.0,89,23,0.05,NONE,90
3,66.0,89,23,0.05,NONE,96
3,66.0,89,23,0.05,NONE,102
3,66.0,89,23,0.05,NONE,108
3,66.0,89,23,0.05,NONE,114
3,66.0,89,23,0.05,NONE,120
3,66.0,89,23,0.05,NONE,120
3,66.0,89,23,0.05,NONE,114
3,66.0,89,23,0.05,NONE,120
3,66.0,89,23,0.05,NONE,120
3,66.0,89,23,0.05,NONE,120
3,66.0,89,23,0.05,NONE,114
3,66.0,89,23,0.05,NONE,114
3,66.0,89,23,0.05,NONE,114
3,66.0,89,23,0.05,NONE,120
3,66.0,89,23,0.05,NONE,126
3,66.0,89,23,0.05,NONE,132
3,66.0,89,23,0.05,NONE,138
3,66.0,89,23,0.05,NONE,132
3,66.0,89,23,0.05,NONE,126
3,66.0,89,23,0.05,NONE,120
3,66.0,89,23,0.05,NONE,126
3,66.0,89,23,0.05,NONE,132
3,66.0,89,23,0.05,NONE,138
3,66.0,89,23,0.05,NONE,144
3,66.0,89,23,0.05,NONE,150
3,66.0,89,23,0.05,NONE,156
3,66.0,89,23,0.05,NONE,156
3,66.0,89,23,0.05,NONE,156
3,66.0,89,23,0.05,NONE,162
3,66.0,89,23,0.05,NONE,168
3,66.0,89,23,0.05,NONE,174
3,66.0,89,23,0.05,NONE,180
3,66.0,89,23,0.05,NONE,180
3,66.0,89,23,0.05,NONE,180
3,66.0,89,23,0.05,NONE,186
3,66.0,89,23,0.05,NONE,192
3,66.0,89,23,0.05,NONE,198
3,66.0,89,23,0.05,NONE,204
3,66.0,89,23,0.05,NONE,210
3,66.0,89,23,0.05,NONE,210
3,66.0,89,23,0.05,NONE,210
3,66.0,89,23,0.05,NONE,210
3,66.0,89,23,0.05,NONE,216
3,66.0,89,23,0.05,NONE,222
3,66.0,89,23,0.05,NONE,222
3,66.0,89,23,0.05,NONE,222
3,66.0,89,23,0.05,NONE,228
3,66.0,89,23,0.05,NONE,234
3,66.0,89,23,0.05,NONE,240
3,66.0,89,23,0.05,NONE,246
3,66.0,89,23,0.05,NONE,246
3,66.0,89,23,0.05,NONE,246
3,66.0,89,23,0.05,NONE,246
3,66.0,89,23,0.05,NONE,246
3,66.0,89,23,0.05,NONE,246
3,66.0,89,23,0.05,NONE,252
3,66.0,89,23,0.05,NONE,258
3,66.0,89,23,0.05,NONE,264
3,66.0,89,23,0.05,NONE,258
3,66.0,89,23,0.05,NONE,252
3,66.0,89,23,0.05,NONE,246
3,66.0,89,23,0.05,NONE,240
3,66.0,89,23,0.05,NONE,234
3,66.0,89,23,0.05,NONE,228
3,66.0,89,23,0.05,NONE,222
3,66.0,89,23,0.05,NONE,216
3,66.0,89,23,0.05,NONE,210
3,66.0,89,23,0.05,NONE,204
3,66.0,89,23,0.05,NONE,198
3,66.0,89,23,0.05,NONE,198
3,66.0,89,23,0.05,NONE,204
3,66.0,89,23,0.05,NONE,210
3,66.0,89,23,0.05,NONE,216
3,66.0,89,23,0.05,NONE,216
3,66.0,89,23,0.05,NONE,216
3,66.0,89,23,0.05,NONE,222
3,66.0,89,23,0.05,NONE,222
3,66.0,89,23,0.05,NONE,222
3,66.0,89,23,0.05,NONE,222
3,66.0,89,23,0.05,NONE,228
3,66.0,89,23,0.05,NONE,222
3,66.0,89,23,0.05,NONE,228
3,66.0,89,23,0.05,NONE,222
3,66.0,89,23,0.05,NONE,228
3,66.0,89,23,0.05,NONE,228
3,66.0,89,23,0.05,NONE,228
3,66.0,89,23,0.05,NONE,228
3,66.0,89,23,0.05,NONE,228
3,66.0,89,23,0.05,NONE,228
3,66.0,89,23,0.05,NONE,228
3,66.0,89,23,0.05,NONE,234
3,66.0,89,23,0.05,NONE,228
3,66.0,89,23,0.05,NONE,234
3,66.0,89,23,0.05,NONE,228
3,66.0,89,23,0.05,NONE,222
3,66.0,89,23,0.05,NONE,222
3,66.0,89,23,0.05,NONE,222
3,66.0,89,23,0.05,NONE,222
3,66.0,89,23,0.05,NONE,222
3,66.0,89,23,0.05,NONE,228
3,66.0,89,23,0.05,NONE,222
3,66.0,89,23,0.05,NONE,228
3,66.0,89,23,0.05,NONE,228
3,66.0,89,23,0.05,NONE,228
3,66.0,89,23,0.05,NONE,234
3,66.0,89,23,0.05,NONE,228
3,66.0,89,23,0.05,NONE,222
3,66.0,89,23,0.05,NONE,216
3,66.0,89,23,0.05,NONE,210
3,66.0,89,23,0.05,NONE,204
3,66.0,89,23,0.05,NONE,198
3,66.0,89,23,0.05,NONE,192
3,66.0,89,23,0.05,NONE,186
3,66.0,89,23,0.05,NONE,192
3,66.0,89,23,0.05,NONE,186
3,66.0,89,23,0.05,NONE,180
3,66.0,89,23,0.05,NONE,174
3,66.0,89,23,0.05,NONE,168
3,66.0,89,23,0.05,NONE,162
3,66.0,89,23,0.05,NONE,156
3,66.0,89,23,0.05,NONE,156
3,66.0,89,23,0.05,NONE,150
3,66.0,89,23,0.05,NONE,150
3,66.0,89,23,0.05,NONE,144
3,66.0,89,23,0.05,NONE,138
3,66.0,89,23,0.05,NONE,132
3,66.0,89,23,0.05,NONE,126
3,66.0,89,23,0.05,NONE,120
3,66.0,89,23,0.05,NONE,114
3,66.0,89,23,0.05,NONE,114
3,66.0,89,23,0.05,NONE,108
3,66.0,89,23,0.05,NONE,102
3,66.0,89,23,0.05,NONE,96
3,66.0,89,23,0.05,NONE,90
3,66.0,89,23,0.05,NONE,84
3,66.0,89,23,0.05,NONE,78
3,66.0,89,23,0.05,NONE,78
3,66.0,89,23,0.05,NONE,72
3,66.0,89,23,0.05,NONE,66
3,66.0,89,23,0.05,NONE,60
3,66.0,89,23,0.05,NONE,54
3,66.0,89,23,0.05,NONE,48
3,66.0,89,23,0.05,NONE,42
3,66.0,89,23,0.05,NONE,48
3,66.0,89,23,0.05,NONE,42
3,66.0,89,23,0.05,NONE,36
3,66.0,89,23,0.05,NONE,30
3,66.0,89,23,0.05,NONE,36
3,66.0,89,23,0.05,NONE,36
3,66.0,89,23,0.05,NONE,30
3,66.0,89,23,0.05,NONE,24
3,66.0,89,23,0.05,NONE,18
3,66.0,89,23,0.05,NONE,12
3,66.0,89,23,0.05,NONE,6
3,66.0,89,23,0.05,NONE,0
3,66.0,89,23,0.05,NONE,0
3,66.0,89,23,0.05,NONE,0
3,66.0,89,23,0.05,NONE,0
3,66.0,89,23,0.05,NONE,0
3,66.0,89,23,0.05,NONE,0
3,66.0,89,23,0.05,NONE,0
3,66.0,89,23,0.05,NONE,0
3,66.0,89,23,0.05,NONE,0
3,66.0,89,23,0.05,NONE,6
3,66.0,89,23,0.05,NONE,12
3,66.0,89,23,0.05,NONE,18
3,66.0,89,23,0.05,NONE,24
3,66.0,89,23,0.05,NONE,30
3,66.0,89,23,0.05,NONE,36
3,66.0,89,23,0.05,NONE,42
3,66.0,89,23,0.05,NONE,48
3,66.0,89,23,0.05,NONE,48
3,66.0,89,23,0.05,NONE,54
3,66.0,89,23,0.05,NONE,60
3,66.0,89,23,0.05,NONE,66
3,66.0,89,23,0.05,NONE,66
3,66.0,89,23,0.05,NONE,66
3,66.0,89,23,0.05,NONE,72
3,66.0,89,23,0.05,NONE,78
3,66.0,89,23,0.05,NONE,84
3,66.0,89,23,0.05,NONE,84
3,66.0,89,23,0.05,NONE,78
3,66.0,89,23,0.05,NONE,84
3,66.0,89,23,0.05,NONE,84
3,66.0,89,23,0.05,NONE,78
3,66.0,89,23,0.05,NONE,84
3,66.0,89,23,0.05,NONE,78
3,66.0,89,23,0.05,NONE,84
3,66.0,89,23,0.05,NONE,78
3,66.0,89,23,0.05,NONE,78
3,66.0,89,23,0.05,NONE,84
3,66.0,89,23,0.05,NONE,78
3,66.0,89,23,0.05,NONE,84
3,66.0,89,23,0.05,NONE,78
3,66.0,89,23,0.05,NONE,84
3,66.0,89,23,0.05,NONE,78
3,66.0,89,23,0.05,NONE,72
3,66.0,89,23,0.05,NONE,72
3,66.0,89,23,0.05,NONE,66
3,66.0,89,23,0.05,NONE,60
3,66.0,89,23,0.05,NONE,54
3,66.0,89,23,0.05,NONE,48
3,66.0,89,23,0.05,NONE,42
3,66.0,89,23,0.05,NONE,48
3,66.0,89,23,0.05,NONE,48
3,66.0,89,23,0.05,NONE,48
3,66.0,89,23,0.05,NONE,54
3,66.0,89,23,0.05,NONE,60
3,66.0,89,23,0.05,NONE,60
3,66.0,89,23,0.05,NONE,60
3,66.0,89,23,0.05,NONE,66
3,66.0,89,23,0.05,NONE,72
3,66.0,89,23,0.05,NONE,78
3,66.0,89,23,0.05,NONE,78
3,66.0,89,23,0.05,NONE,78
3,66.0,89,23,0.05,NONE,78
3,66.0,89,23,0.05,NONE,84
3,66.0,89,23,0.05,NONE,90
3,66.0,89,23,0.05,NONE,96
3,66.0,89,23,0.05,NONE,90
3,66.0,89,23,0.05,NONE,84
3,66.0,89,23,0.05,NONE,78
3,66.0,89,23,0.05,NONE,84
3,66.0,89,23,0.05,NONE,84
3,66.0,89,23,0.05,NONE,84
3,66.0,89,23,0.05,NONE,78
3,66.0,89,23,0.05,NONE,78
3,66.0,89,23,0.05,NONE,78
3,66.0,89,23,0.05,NONE,78
3,66.0,89,23,0.05,NONE,78
3,66.0,89,23,0.05,NONE,78
3,66.0,89,23,0.05,NONE,84
3,66.0,89,23,0.05,NONE,90
3,66.0,89,23,0.05,NONE,96
3,66.0,89,23,0.05,NONE,102
3,66.0,89,23,0.05,NONE,108
3,66.0,89,23,0.05,NONE,114
3,66.0,89,23,0.05,NONE,120
3,66.0,89,23,0.05,NONE,114
3,66.0,89,23,0.05,NONE,108
3,66.0,89,23,0.05,NONE,114
3,66.0,89,23,0.05,NONE,120
3,66.0,89,23,0.05,NONE,120
3,66.0,89,23,0.05,NONE,126
3,66.0,89,23,0.05,NONE,132
3,66.0,89,23,0.05,NONE,132
3,66.0,89,23,0.05,NONE,132
3,66.0,89,23,0.05,NONE,138
3,66.0,89,23,0.05,NONE,144
3,66.0,89,23,0.05,NONE,144
3,66.0,89,23,0.05,NONE,144
3,66.0,89,23,0.05,NONE,144
3,66.0,89,23,0.05,NONE,150
3,66.0,89,23,0.05,NONE,156
3,66.0,89,23,0.05,NONE,162
3,66.0,89,23,0.05,NONE,168
3,66.0,89,23,0.05,NONE,174
3,66.0,89,23,0.05,NONE,180
3,66.0,89,23,0.05,NONE,186
3,66.0,89,23,0.05,NONE,186
3,66.0,89,23,0.05,NONE,186
3,66.0,89,23,0.05,NONE,192
3,66.0,89,23,0.05,NONE,198
3,66.0,89,23,0.05,NONE,204
3,66.0,89,23,0.05,NONE,204
3,66.0,89,23,0.05,NONE,204
3,66.0,89,23,0.05,NONE,210
3,66.0,89,23,0.05,NONE,204
3,66.0,89,23,0.05,NONE,198
3,66.0,89,23,0.05,NONE,192
3,66.0,89,23,0.05,NONE,186
3,66.0,89,23,0.05,NONE,186
3,66.0,89,23,0.05,NONE,186
3,66.0,89,23,0.05,NONE,186
3,66.0,89,23,0.05,NONE,186
3,66.0,89,23,0.05,NONE,186
3,66.0,89,23,0.05,NONE,186
3,66.0,89,23,0.05,NONE,186
3,66.0,89,23,0.05,NONE,186
3,66.0,89,23,0.05,NONE,180
3,66.0,89,23,0.05,NONE,174
3,66.0,89,23,0.05,NONE,168
3,66.0,89,23,0.05,NONE,162
3,66.0,89,23,0.05,NONE,156
3,66.0,89,23,0.05,NONE,150
3,66.0,89,23,0.05,NONE,150
3,66.0,89,23,0.05,NONE,150
3,66.0,89,23,0.05,NONE,150
3,67.0,90,23,0.05,NONE,156
3,67.0,90,23,0.05,NONE,162
3,67.0,90,23,0.05,NONE,156
3,67.0,90,23,0.05,NONE,150
3,67.0,90,23,0.05,NONE,150
3,67.0,90,23,0.05,NONE,150
3,67.0,90,23,0.05,NONE,150
3,67.0,90,23,0.05,NONE,150
3,67.0,90,23,0.05,NONE,150
3,67.0,90,23,0.05,NONE,150
3,67.0,90,23,0.05,NONE,150
3,67.0,90,23,0.05,NONE,150
3,67.0,90,23,0.05,NONE,150
3,67.0,90,23,0.05,NONE,150
3,67.0,90,23,0.05,NONE,156
3,67.0,90,23,0.05,NONE,150
3,67.0,90,23,0.05,NONE,156
3,67.0,90,23,0.05,NONE,150
3,67.0,90,23,0.05,NONE,156
3,67.0,90,23,0.05,NONE,150
3,67.0,90,23,0.05,NONE,156
3,67.0,90,23,0.05,NONE,150
3,67.0,90,23,0.05,NONE,156
3,67.0,90,23,0.05,NONE,150
3,67.0,90,23,0.05,NONE,156
3,67.0,90,23,0.05,NONE,150
3,67.0,90,23,0.05,NONE,156
3,67.0,90,23,0.05,NONE,150
3,67.0,90,23,0.05,NONE,156
3,67.0,90,23,0.05,NONE,150
3,67.0,90,23,0.05,NONE,156
3,67.0,90,23,0.05,NONE,150
3,67.0,90,23,0.05,NONE,144
3,67.0,90,23,0.05,NONE,150
3,67.0,90,23,0.05,NONE,156
3,67.0,90,23,0.05,NONE,150
3,67.0,90,23,0.05,NONE,156
3,67.0,90,23,0.05,NONE,150
3,67.0,90,23,0.05,NONE,144
3,67.0,90,23,0.05,NONE,138
3,67.0,90,23,0.05,NONE,132
3,67.0,90,23,0.05,NONE,126
3,67.0,90,23,0.05,NONE,120
3,67.0,90,23,0.05,NONE,114
3,67.0,90,23,0.05,NONE,114
3,67.0,90,23,0.05,NONE,114
3,67.0,90,23,0.05,NONE,114
3,67.0,90,23,0.05,NONE,114
3,67.0,90,23,0.05,NONE,114
3,67.0,90,23,0.05,NONE,114
3,67.0,90,23,0.05,NONE,120
3,67.0,90,23,0.05,NONE,114
3,67.0,90,23,0.05,NONE,120
3,67.0,90,23,0.05,NONE,114
3,67.0,90,23,0.05,NONE,120
3,67.0,90,23,0.05,NONE,120
3,67.0,90,23,0.05,NONE,114
3,67.0,90,23,0.05,NONE,120
3,67.0,90,23,0.05,NONE,126
3,67.0,90,23,0.05,NONE,120
3,67.0,90,23,0.05,NONE,114
3,67.0,90,23,0.05,NONE,120
3,67.0,90,23,0.05,NONE,114
3,67.0,90,23,0.05,NONE,108
3,67.0,90,23,0.05,NONE,102
3,67.0,90,23,0.05,NONE,96
3,67.0,90,23,0.05,NONE,90
3,67.0,90,23,0.05,NONE,84
3,67.0,90,23,0.05,NONE,78
3,67.0,90,23,0.05,NONE,72
3,67.0,90,23,0.05,NONE,66
3,67.0,90,23,0.05,NONE,60
3,67.0,90,23,0.05,NONE,54
3,67.0,90,23,0.05,NONE,48
3,67.0,90,23,0.05,NONE,42
3,67.0,90,23,0.05,NONE,36
3,67.0,90,23,0.05,NONE,30
3,67.0,90,23,0.05,NONE,24
3,67.0,90,23,0.05,NONE,18
3,67.0,90,23,0.05,NONE,12
3,67.0,90,23,0.05,NONE,6
3,67.0,90,23,0.05,NONE,0
3,67.0,90,23,0.05,NONE,0
3,67.0,90,23,0.05,NONE,0
3,67.0,90,23,0.05,NONE,0
3,67.0,90,23,0.05,NONE,0
3,67.0,90,23,0.05,NONE,0
3,67.0,90,23,0.05,NONE,0
3,67.0,90,23,0.05,NONE,0
3,67.0,90,23,0.05,NONE,0
3,67.0,90,23,0.05,NONE,0
3,67.0,90,23,0.05,NONE,0
3,67.0,90,23,0.05,NONE,0
3,67.0,90,23,0.05,NONE,0
3,67.0,90,23,0.05,NONE,0
3,67.0,90,23,0.05,NONE,6
3,67.0,90,23,0.05,NONE,12
3,67.0,90,23,0.05,NONE,6
3,67.0,90,23,0.05,NONE,12
3,67.0,90,23,0.05,NONE,12
3,67.0,90,23,0.05,NONE,12
3,67.0,90,23,0.05,NONE,18
3,67.0,90,23,0.05,NONE,24
3,67.0,90,23,0.05,NONE,30
3,67.0,90,23,0.05,NONE,30
3,67.0,90,23,0.05,NONE,30
3,67.0,90,23,0.05,NONE,30
3,67.0,90,23,0.05,NONE,30
3,67.0,90,23,0.05,NONE,36
3,67.0,90,23,0.05,NONE,42
3,67.0,90,23,0.05,NONE,48
3,67.0,90,23,0.05,NONE,54
3,67.0,90,23,0.05,NONE,48
3,67.0,90,23,0.05,NONE,48
3,67.0,90,23,0.05,NONE,42
3,67.0,90,23,0.05,NONE,36
3,67.0,90,23,0.05,NONE,42
3,67.0,90,23,0.05,NONE,42
3,67.0,90,23,0.05,NONE,42
3,67.0,90,23,0.05,NONE,48
3,67.0,90,23,0.05,NONE,54
3,67.0,90,23,0.05,NONE,60
3,67.0,90,23,0.05,NONE,66
3,67.0,90,23,0.05,NONE,72
3,67.0,90,23,0.05,NONE,78
3,67.0,90,23,0.05,NONE,84
3,67.0,90,23,0.05,NONE,90
3,67.0,90,23,0.05,NONE,84
3,67.0,90,23,0.05,NONE,78
3,67.0,90,23,0.05,NONE,72
3,67.0,90,23,0.05,NONE,66
3,67.0,90,23,0.05,NONE,60
3,67.0,90,23,0.05,NONE,54
3,67.0,90,23,0.05,NONE,48
3,67.0,90,23,0.05,NONE,42
3,67.0,90,23,0.05,NONE,36
3,67.0,90,23,0.05,NONE,30
3,67.0,90,23,0.05,NONE,24
3,67.0,90,23,0.05,NONE,18
3,67.0,90,23,0.05,NONE,12
3,67.0,90,23,0.05,NONE,12
3,67.0,90,23,0.05,NONE,6
3,67.0,90,23,0.05,NONE,0
3,67.0,90,23,0.05,NONE,0
3,67.0,90,23,0.05,NONE,0
3,67.0,90,23,0.05,NONE,0
3,67.0,90,23,0.05,NONE,0
3,67.0,90,23,0.05,NONE,0
3,67.0,90,23,0.05,NONE,0
3,67.0,90,23,0.05,NONE,0
3,67.0,90,23,0.05,NONE,0
3,67.0,90,23,0.05,NONE,0
3,67.0,90,23,0.05,NONE,0
3,67.0,90,23,0.05,NONE,0
3,67.0,90,23,0.05,NONE,0
3,67.0,90,23,0.05,NONE,0
3,67.0,90,23,0.05,NONE,0
3,67.0,90,23,0.05,NONE,0
3,67.0,90,23,0.05,NONE,0
3,67.0,90,23,0.05,NONE,0
3,67.0,90,23,0.05,NONE,0
3,67.0,90,23,0.05,NONE,0
3,67.0,90,23,0.05,NONE,0
3,67.0,90,23,0.05,NONE,0
3,67.0,90,23,0.05,NONE,0
3,67.0,90,23,0.05,NONE,0
3,67.0,90,23,0.05,NONE,0
3,67.0,90,23,0.05,NONE,0
3,67.0,90,23,0.05,NONE,0
3,67.0,90,23,0.05,NONE,0
3,67.0,90,23,0.05,NONE,0
3,67.0,90,23,0.05,NONE,0
3,67.0,90,23,0.05,NONE,0
3,67.0,90,23,0.05,NONE,0
3,67.0,90,23,0.05,NONE,0
3,67.0,90,23,0.05,NONE,0
3,67.0,90,23,0.05,NONE,0
3,67.0,90,23,0.05,NONE,0
3,67.0,90,23,0.05,NONE,0
3,67.0,90,23,0.05,NONE,0
3,67.0,90,23,0.05,NONE,0
3,67.0,90,23,0.05,NONE,0
3,67.0,90,23,0.05,NONE,0
3,67.0,90,23,0.05,NONE,0
3,67.0,90,23,0.05,NONE,0
3,67.0,90,23,0.05,NONE,0
3,67.0,90,23,0.05,NONE,0
3,67.0,90,23,0.05,NONE,0
3,67.0,90,23,0.05,NONE,0
3,67.0,90,23,0.05,NONE,0
3,67.0,90,23,0.05,NONE,0
3,67.0,90,23,0.05,NONE,0
3,67.0,90,23,0.05,NONE,6
3,67.0,90,23,0.05,NONE,0
3,67.0,90,23,0.05,NONE,0
3,67.0,90,23,0.05,NONE,0
3,67.0,90,23,0.05,NONE,0
3,67.0,90,23,0.05,NONE,0
3,67.0,90,23,0.05,NONE,0
3,67.0,90,23,0.05,NONE,0
3,67.0,90,23,0.05,NONE,0
3,67.0,90,23,0.05,NONE,0
3,67.0,90,23,0.05,NONE,0
3,67.0,90,23,0.05,NONE,0
3,67.0,90,23,0.05,NONE,0
3,67.0,90,23,0.05,NONE,0
3,67.0,90,23,0.05,NONE,0
3,67.0,90,23,0.05,NONE,0
3,67.0,90,23,0.05,NONE,0
3,67.0,90,23,0.05,NONE,0
3,67.0,90,23,0.05,NONE,0
3,67.0,90,23,0.05,NONE,0
3,67.0,90,23,0.05,NONE,0
3,67.0,90,23,0.05,NONE,0
3,67.0,90,23,0.05,NONE,0
3,67.0,90,23,0.05,NONE,0
3,67.0,90,23,0.05,NONE,0
3,67.0,90,23,0.05,NONE,0
3,67.0,90,23,0.05,NONE,0
3,67.0,90,23,0.05,NONE,0
3,67.0,90,23,0.05,NONE,0
3,67.0,90,23,0.05,NONE,0
3,67.0,90,23,0.05,NONE,0
3,67.0,90,23,0.05,NONE,0
3,67.0,90,23,0.05,NONE,0
3,67.0,90,23,0.05,NONE,0
3,67.0,90,23,0.05,NONE,0
3,67.0,90,23,0.05,NONE,0
3,67.0,90,23,0.05,NONE,0
3,67.0,90,23,0.05,NONE,0
3,67.0,90,23,0.05,NONE,0
3,67.0,90,23,0.05,NONE,0
3,67.0,90,23,0.05,NONE,0
3,67.0,90,23,0.05,NONE,0
3,67.0,90,23,0.05,NONE,0
3,67.0,90,23,0.05,NONE,0
3,67.0,90,23,0.05,NONE,0
3,67.0,90,23,0.05,NONE,0
3,67.0,90,23,0.05,NONE,0
3,67.0,90,23,0.05,NONE,0
3,67.0,90,23,0.05,NONE,0
3,67.0,90,23,0.05,NONE,0
3,67.0,90,23,0.05,NONE,0
3,67.0,90,23,0.05,NONE,6
3,67.0,90,23,0.05,NONE,0
3,67.0,90,23,0.05,NONE,0
3,67.0,90,23,0.05,NONE,0
3,67.0,90,23,0.05,NONE,0
3,67.0,90,23,0.05,NONE,0
3,67.0,90,23,0.05,NONE,0
3,67.0,90,23,0.05,NONE,0
3,67.0,90,23,0.05,NONE,0
3,67.0,90,23,0.05,NONE,0
3,67.0,90,23,0.05,NONE,0
3,67.0,90,23,0.05,NONE,0
3,67.0,90,23,0.05,NONE,0
3,67.0,90,23,0.05,NONE,0
3,67.0,90,23,0.05,NONE,0
3,67.0,90,23,0.05,NONE,0
3,67.0,90,23,0.05,NONE,0
3,67.0,90,23,0.05,NONE,0
3,67.0,90,23,0.05,NONE,0
3,67.0,90,23,0.05,NONE,0
3,67.0,90,23,0.05,NONE,0
3,67.0,90,23,0.05,NONE,0
3,67.0,90,23,0.05,NONE,0
3,67.0,90,23,0.05,NONE,0
3,67.0,90,23,0.05,NONE,0
3,67.0,90,23,0.05,NONE,0
3,67.0,90,23,0.05,NONE,0
3,67.0,90,23,0.05,NONE,0
3,67.0,90,23,0.05,NONE,0
3,67.0,90,23,0.05,NONE,0
3,67.0,90,23,0.05,NONE,0
3,67.0,90,23,0.05,NONE,0
3,67.0,90,23,0.05,NONE,0
3,67.0,90,23,0.05,NONE,0
3,67.0,90,23,0.05,NONE,6
3,67.0,90,23,0.05,NONE,0
3,67.0,90,23,0.05,NONE,0
3,67.0,90,23,0.05,NONE,0
3,67.0,90,23,0.05,NONE,0
3,67.0,90,23,0.05,NONE,0
3,67.0,90,23,0.05,NONE,0
3,67.0,90,23,0.05,NONE,0
3,67.0,90,23,0.05,NONE,0
3,67.0,90,23,0.05,NONE,0
3,67.0,90,23,0.05,NONE,0
3,67.0,90,23,0.05,NONE,0
3,67.0,90,23,0.05,NONE,0
3,67.0,90,23,0.05,NONE,0
3,67.0,90,23,0.05,NONE,0
3,67.0,90,23,0.05,NONE,6
3,67.0,90,23,0.05,NONE,12
3,67.0,90,23,0.05,NONE,18
3,67.0,90,23,0.05,NONE,24
3,67.0,90,23,0.05,NONE,30
3,67.0,90,23,0.05,NONE,36
3,67.0,90,23,0.05,NONE,42
3,67.0,90,23,0.05,NONE,48
3,67.0,90,23,0.05,NONE,42
3,67.0,90,23,0.05,NONE,48
3,67.0,90,23,0.05,NONE,54
3,67.0,90,23,0.05,NONE,60
3,67.0,90,23,0.05,NONE,66
3,67.0,90,23,0.05,NONE,72
3,67.0,90,23,0.05,NONE,72
3,67.0,90,23,0.05,NONE,72
3,67.0,90,23,0.05,NONE,72
3,67.0,90,23,0.05,NONE,72
3,67.0,90,23,0.05,NONE,78
3,67.0,90,23,0.05,NONE,84
3,67.0,90,23,0.05,NONE,90
3,67.0,90,23,0.05,NONE,96
3,67.0,90,23,0.05,NONE,96
3,67.0,90,23,0.05,NONE,96
3,67.0,90,23,0.05,NONE,102
3,67.0,90,23,0.05,NONE,108
3,67.0,90,23,0.05,NONE,114
3,67.0,90,23,0.05,NONE,120
3,67.0,90,23,0.05,NONE,120
3,67.0,90,23,0.05,NONE,114
3,67.0,90,23,0.05,NONE,114
3,67.0,90,23,0.05,NONE,114
3,67.0,90,23,0.05,NONE,114
3,67.0,90,23,0.05,NONE,120
3,67.0,90,23,0.05,NONE,126
3,67.0,90,23,0.05,NONE,126
3,67.0,90,23,0.05,NONE,132
3,67.0,90,23,0.05,NONE,138
3,67.0,90,23,0.05,NONE,144
3,67.0,90,23,0.05,NONE,150
3,67.0,90,23,0.05,NONE,156
3,67.0,90,23,0.05,NONE,150
3,67.0,90,23,0.05,NONE,156
3,67.0,90,23,0.05,NONE,156
3,67.0,90,23,0.05,NONE,156
3,67.0,90,23,0.05,NONE,156
3,67.0,90,23,0.05,NONE,162
3,67.0,90,23,0.05,NONE,168
3,67.0,90,23,0.05,NONE,174
3,67.0,90,23,0.05,NONE,180
3,67.0,90,23,0.05,NONE,186
3,67.0,90,23,0.05,NONE,186
3,67.0,90,23,0.05,NONE,186
3,67.0,90,23,0.05,NONE,192
3,67.0,90,23,0.05,NONE,198
3,67.0,90,23,0.05,NONE,192
3,67.0,90,23,0.05,NONE,186
3,67.0,90,23,0.05,NONE,192
3,67.0,90,23,0.05,NONE,192
3,67.0,90,23,0.05,NONE,192
3,67.0,90,23,0.05,NONE,198
3,67.0,90,23,0.05,NONE,204
3,67.0,90,23,0.05,NONE,210
3,67.0,90,23,0.05,NONE,210
3,67.0,90,23,0.05,NONE,210
3,67.0,90,23,0.05,NONE,210
3,67.0,90,23,0.05,NONE,216
3,67.0,90,23,0.05,NONE,222
3,67.0,90,23,0.05,NONE,228
3,67.0,90,23,0.05,NONE,228
3,67.0,90,23,0.05,NONE,222
3,67.0,90,23,0.05,NONE,228
3,67.0,90,23,0.05,NONE,228
3,67.0,90,23,0.05,NONE,228
3,67.0,90,23,0.05,NONE,234
3,67.0,90,23,0.05,NONE,228
3,67.0,90,23,0.05,NONE,234
3,67.0,90,23,0.05,NONE,240
3,67.0,90,23,0.05,NONE,246
3,67.0,90,23,0.05,NONE,252
3,67.0,90,23,0.05,NONE,258
3,67.0,90,23,0.05,NONE,252
3,67.0,90,23,0.05,NONE,246
3,67.0,90,23,0.05,NONE,240
3,67.0,90,23,0.05,NONE,234
3,67.0,90,23,0.05,NONE,228
3,67.0,90,23,0.05,NONE,222
3,67.0,90,23,0.05,NONE,222
3,67.0,90,23,0.05,NONE,222
3,67.0,90,23,0.05,NONE,216
3,67.0,90,23,0.05,NONE,222
3,67.0,90,23,0.05,NONE,228
3,67.0,90,23,0.05,NONE,222
3,67.0,90,23,0.05,NONE,228
3,67.0,90,23,0.05,NONE,222
3,67.0,90,23,0.05,NONE,228
3,67.0,90,23,0.05,NONE,222
3,67.0,90,23,0.05,NONE,228
3,67.0,90,23,0.05,NONE,222
3,67.0,90,23,0.05,NONE,228
3,67.0,90,23,0.05,NONE,222
3,67.0,90,23,0.05,NONE,228
3,67.0,90,23,0.05,NONE,228
3,67.0,90,23,0.05,NONE,222
3,67.0,90,23,0.05,NONE,228
3,67.0,90,23,0.05,NONE,228
3,67.0,90,23,0.05,NONE,222
3,67.0,90,23,0.05,NONE,216
3,67.0,90,23,0.05,NONE,210
3,67.0,90,23,0.05,NONE,204
3,67.0,90,23,0.05,NONE,198
3,67.0,90,23,0.05,NONE,192
3,67.0,90,23,0.05,NONE,186
3,67.0,90,23,0.05,NONE,186
3,67.0,90,23,0.05,NONE,186
3,67.0,90,23,0.05,NONE,186
3,67.0,90,23,0.05,NONE,186
3,67.0,90,23,0.05,NONE,192
3,67.0,90,23,0.05,NONE,198
3,67.0,90,23,0.05,NONE,192
3,67.0,90,23,0.05,NONE,186
3,67.0,90,23,0.05,NONE,180
3,67.0,90,23,0.05,NONE,174
3,67.0,90,23,0.05,NONE,168
3,67.0,90,23,0.05,NONE,162
3,67.0,90,23,0.05,NONE,156
3,67.0,90,23,0.05,NONE,150
3,67.0,90,23,0.05,NONE,150
3,67.0,90,23,0.05,NONE,150
3,67.0,90,23,0.05,NONE,150
3,67.0,90,23,0.05,NONE,150
3,67.0,90,23,0.05,NONE,150
3,67.0,90,23,0.05,NONE,150
3,67.0,90,23,0.05,NONE,150
3,67.0,90,23,0.05,NONE,150
3,67.0,90,23,0.05,NONE,150
3,67.0,90,23,0.05,NONE,150
3,67.0,90,23,0.05,NONE,150
3,67.0,90,23,0.05,NONE,150
3,67.0,90,23,0.05,NONE,150
3,67.0,90,23,0.05,NONE,150
3,67.0,90,23,0.05,NONE,156
3,67.0,90,23,0.05,NONE,150
3,67.0,90,23,0.05,NONE,156
3,67.0,90,23,0.05,NONE,150
3,67.0,90,23,0.05,NONE,156
3,67.0,90,23,0.05,NONE,150
3,67.0,90,23,0.05,NONE,156
3,67.0,90,23,0.05,NONE,150
3,67.0,90,23,0.05,NONE,156
3,67.0,90,23,0.05,NONE,150
3,67.0,90,23,0.05,NONE,156
3,67.0,90,23,0.05,NONE,150
3,67.0,90,23,0.05,NONE,144
3,67.0,90,23,0.05,NONE,138
3,67.0,90,23,0.05,NONE,132
3,67.0,90,23,0.05,NONE,126
3,67.0,90,23,0.05,NONE,120
3,67.0,90,23,0.05,NONE,114
3,67.0,90,23,0.05,NONE,108
3,67.0,90,23,0.05,NONE,102
3,67.0,90,23,0.05,NONE,96
3,67.0,90,23,0.05,NONE,90
3,67.0,90,23,0.05,NONE,84
3,67.0,90,23,0.05,NONE,78
3,67.0,90,23,0.05,NONE,72
3,67.0,90,23,0.05,NONE,66
3,67.0,90,23,0.05,NONE,60
3,67.0,90,23,0.05,NONE,66
3,67.0,90,23,0.05,NONE,60
3,67.0,90,23,0.05,NONE,54
3,67.0,90,23,0.05,NONE,48
3,67.0,90,23,0.05,NONE,42
3,67.0,90,23,0.05,NONE,36
3,67.0,90,23,0.05,NONE,30
3,67.0,90,23,0.05,NONE,24
3,67.0,90,23,0.05,NONE,18
3,67.0,90,23,0.05,NONE,12
3,67.0,90,23,0.05,NONE,6
3,67.0,90,23,0.05,NONE,6
3,67.0,90,23,0.05,NONE,0
3,67.0,90,23,0.05,NONE,0
3,67.0,90,23,0.05,NONE,0
3,67.0,90,23,0.05,NONE,0
3,67.0,90,23,0.05,NONE,0
3,67.0,90,23,0.05,NONE,0
3,67.0,90,23,0.05,NONE,0
3,67.0,90,23,0.05,NONE,6
3,67.0,90,23,0.05,NONE,6
3,67.0,90,23,0.05,NONE,12
3,67.0,90,23,0.05,NONE,18
3,67.0,90,23,0.05,NONE,24
3,67.0,90,23,0.05,NONE,30
3,67.0,90,23,0.05,NONE,36
3,67.0,90,23,0.05,NONE,30
3,67.0,90,23,0.05,NONE,36
3,67.0,90,23,0.05,NONE,42
3,67.0,90,23,0.05,NONE,48
3,67.0,90,23,0.05,NONE,42
3,67.0,90,23,0.05,NONE,48
3,67.0,90,23,0.05,NONE,48
3,67.0,90,23,0.05,NONE,48
3,67.0,90,23,0.05,NONE,48
3,67.0,90,23,0.05,NONE,48
3,67.0,90,23,0.05,NONE,54
3,67.0,90,23,0.05,NONE,60
3,67.0,90,23,0.05,NONE,66
3,67.0,90,23,0.05,NONE,66
3,67.0,90,23,0.05,NONE,66
3,67.0,90,23,0.05,NONE,72
3,67.0,90,23,0.05,NONE,78
3,67.0,90,23,0.05,NONE,72
3,67.0,90,23,0.05,NONE,66
3,67.0,90,23,0.05,NONE,60
3,67.0,90,23,0.05,NONE,54
3,67.0,90,23,0.05,NONE,60
3,67.0,90,23,0.05,NONE,66
3,67.0,90,23,0.05,NONE,72
3,67.0,90,23,0.05,NONE,66
3,67.0,90,23,0.05,NONE,72
3,67.0,90,23,0.05,NONE,78
3,67.0,90,23,0.05,NONE,84
3,67.0,90,23,0.05,NONE,84
3,67.0,90,23,0.05,NONE,84
3,67.0,90,23,0.05,NONE,84
3,67.0,90,23,0.05,NONE,84
3,67.0,90,23,0.05,NONE,90
3,67.0,90,23,0.05,NONE,84
3,67.0,90,23,0.05,NONE,90
3,67.0,90,23,0.05,NONE,96
3,67.0,90,23,0.05,NONE,96
3,67.0,90,23,0.05,NONE,90
3,67.0,90,23,0.05,NONE,84
4,67.0,90,23,0.05,NONE,78
4,67.0,90,23,0.05,NONE,78
4,67.0,90,23,0.05,NONE,78
4,67.0,90,23,0.05,NONE,78
4,67.0,90,23,0.05,NONE,84
4,67.0,90,23,0.05,NONE,78
4,67.0,90,23,0.05,NONE,84
4,67.0,90,23,0.05,NONE,78
4,67.0,90,23,0.05,NONE,84
4,67.0,90,23,0.05,NONE,84
4,67.0,90,23,0.05,NONE,90
4,67.0,90,23,0.05,NONE,84
4,67.0,90,23,0.05,NONE,78
4,67.0,90,23,0.05,NONE,78
4,67.0,90,23,0.05,NONE,78
4,67.0,90,23,0.05,NONE,78
4,67.0,90,23,0.05,NONE,78
4,67.0,90,23,0.05,NONE,78
4,67.0,90,23,0.05,NONE,78
4,67.0,90,23,0.05,NONE,84
4,67.0,90,23,0.05,NONE,84
4,67.0,90,23,0.05,NONE,84
4,67.0,90,23,0.05,NONE,90
4,67.0,90,23,0.05,NONE,96
4,67.0,90,23,0.05,NONE,102
4,67.0,90,23,0.05,NONE,108
4,67.0,90,23,0.05,NONE,108
4,67.0,90,23,0.05,NONE,108
4,67.0,90,23,0.05,NONE,114
4,67.0,90,23,0.05,NONE,120
4,67.0,90,23,0.05,NONE,114
4,67.0,90,23,0.05,NONE,120
4,67.0,90,23,0.05,NONE,126
4,67.0,90,23,0.05,NONE,120
4,67.0,90,23,0.05,NONE,114
4,67.0,90,23,0.05,NONE,120
4,67.0,90,23,0.05,NONE,114
4,67.0,90,23,0.05,NONE,120
4,67.0,90,23,0.05,NONE,114
4,67.0,90,23,0.05,NONE,120
4,67.0,90,23,0.05,NONE,114
4,67.0,90,23,0.05,NONE,120
4,67.0,90,23,0.05,NONE,120
4,67.0,90,23,0.05,NONE,120
4,67.0,90,23,0.05,NONE,114
4,67.0,90,23,0.05,NONE,120
4,67.0,90,23,0.05,NONE,126
4,67.0,90,23,0.05,NONE,132
4,67.0,90,23,0.05,NONE,126
4,67.0,90,23,0.05,NONE,132
4,67.0,90,23,0.05,NONE,138
4,67.0,90,23,0.05,NONE,144
4,67.0,90,23,0.05,NONE,150
4,67.0,90,23,0.05,NONE,156
4,67.0,90,23,0.05,NONE,162
4,67.0,90,23,0.05,NONE,168
4,67.0,90,23,0.05,NONE,174
4,67.0,90,23,0.05,NONE,180
4,67.0,90,23,0.05,NONE,186
4,67.0,90,23,0.05,NONE,186
4,67.0,90,23,0.05,NONE,186
4,67.0,90,23,0.05,NONE,186
4,67.0,90,23,0.05,NONE,192
4,68.0,91,23,0.05,NONE,198
4,68.0,91,23,0.05,NONE,192
4,68.0,91,23,0.05,NONE,186
4,68.0,91,23,0.05,NONE,180
4,68.0,91,23,0.05,NONE,174
4,68.0,91,23,0.05,NONE,168
4,68.0,91,23,0.05,NONE,168
4,68.0,91,23,0.05,NONE,162
4,68.0,91,23,0.05,NONE,156
4,68.0,91,23,0.05,NONE,150
4,68.0,91,23,0.05,NONE,144
4,68.0,91,23,0.05,NONE,138
4,68.0,91,23,0.05,NONE,132
4,68.0,91,23,0.05,NONE,126
4,68.0,91,23,0.05,NONE,120
4,68.0,91,23,0.05,NONE,114
4,68.0,91,23,0.05,NONE,108
4,68.0,91,23,0.05,NONE,102
4,68.0,91,23,0.05,NONE,96
4,68.0,91,23,0.05,NONE,90
4,68.0,91,23,0.05,NONE,84
4,68.0,91,23,0.05,NONE,84
4,68.0,91,23,0.05,NONE,78
4,68.0,91,23,0.05,NONE,72
4,68.0,91,23,0.05,NONE,66
4,68.0,91,23,0.05,NONE,60
4,68.0,91,23,0.05,NONE,54
4,68.0,91,23,0.05,NONE,48
4,68.0,91,23,0.05,NONE,42
4,68.0,91,23,0.05,NONE,36
4,68.0,91,23,0.05,NONE,36
4,68.0,91,23,0.05,NONE,30
4,68.0,91,23,0.05,NONE,24
4,68.0,91,23,0.05,NONE,18
4,68.0,91,23,0.05,NONE,18
4,68.0,91,23,0.05,NONE,12
4,68.0,91,23,0.05,NONE,6
4,68.0,91,23,0.05,NONE,0
4,68.0,91,23,0.05,NONE,0
4,68.0,91,23,0.05,NONE,0
4,68.0,91,23,0.05,NONE,0
4,68.0,91,23,0.05,NONE,0
4,68.0,91,23,0.05,NONE,0
4,68.0,91,23,0.05,NONE,0
4,68.0,91,23,0.05,NONE,0
4,68.0,91,23,0.05,NONE,0
4,68.0,91,23,0.05,NONE,0
4,68.0,91,23,0.05,NONE,0
4,68.0,91,23,0.05,NONE,0
4,68.0,91,23,0.05,NONE,0
4,68.0,91,23,0.05,NONE,0
4,68.0,91,23,0.05,NONE,0
4,68.0,91,23,0.05,NONE,0
4,68.0,91,23,0.05,NONE,0
4,68.0,91,23,0.05,NONE,0
4,68.0,91,23,0.05,NONE,0
4,68.0,91,23,0.05,NONE,0
4,68.0,91,23,0.05,NONE,0
4,68.0,91,23,0.05,NONE,0
4,68.0,91,23,0.05,NONE,0
4,68.0,91,23,0.05,NONE,0
4,68.0,91,23,0.05,NONE,0
4,68.0,91,23,0.05,NONE,0
4,68.0,91,23,0.05,NONE,0
4,68.0,91,23,0.05,NONE,0
4,68.0,91,23,0.05,NONE,0
4,68.0,91,23,0.05,NONE,0
4,68.0,91,23,0.05,NONE,0
4,68.0,91,23,0.05,NONE,0
4,68.0,91,23,0.05,NONE,0
4,68.0,91,23,0.05,NONE,0
4,68.0,91,23,0.05,NONE,0
4,68.0,91,23,0.05,NONE,0
4,68.0,91,23,0.05,NONE,0
4,68.0,91,23,0.05,NONE,0
4,68.0,91,23,0.05,NONE,0
4,68.0,91,23,0.05,NONE,0
4,68.0,91,23,0.05,NONE,0
4,68.0,91,23,0.05,NONE,0
4,68.0,91,23,0.05,NONE,0
4,68.0,91,23,0.05,NONE,0
4,68.0,91,23,0.05,NONE,0
4,68.0,91,23,0.05,NONE,0
4,68.0,91,23,0.05,NONE,0
4,68.0,91,23,0.05,NONE,0
4,68.0,91,23,0.05,NONE,0
4,68.0,91,23,0.05,NONE,0
4,68.0,91,23,0.05,NONE,0
4,68.0,91,23,0.05,NONE,0
4,68.0,91,23,0.05,NONE,0
4,68.0,91,23,0.05,NONE,0
4,68.0,91,23,0.05,NONE,0
4,68.0,91,23,0.05,NONE,0
4,68.0,91,23,0.05,NONE,0
4,68.0,91,23,0.05,NONE,0
4,68.0,91,23,0.05,NONE,0
4,68.0,91,23,0.05,NONE,0
4,68.0,91,23,0.05,NONE,0
4,68.0,91,23,0.05,NONE,0
4,68.0,91,23,0.05,NONE,0
4,68.0,91,23,0.05,NONE,0
4,68.0,91,23,0.05,NONE,0
4,68.0,91,23,0.05,NONE,0
4,68.0,91,23,0.05,NONE,0
4,68.0,91,23,0.05,NONE,0
4,68.0,91,23,0.05,NONE,0
4,68.0,91,23,0.05,NONE,0
4,68.0,91,23,0.05,NONE,0
4,68.0,91,23,0.05,NONE,0
4,68.0,91,23,0.05,NONE,0
4,68.0,91,23,0.05,NONE,0
4,68.0,91,23,0.05,NONE,0
4,68.0,91,23,0.05,NONE,0
4,68.0,91,23,0.05,NONE,0
4,68.0,91,23,0.05,NONE,0
4,68.0,91,23,0.05,NONE,6
4,68.0,91,23,0.05,NONE,12
4,68.0,91,23,0.05,NONE,18
4,68.0,91,23,0.05,NONE,12
4,68.0,91,23,0.05,NONE,6
4,68.0,91,23,0.05,NONE,12
4,68.0,91,23,0.05,NONE,12
4,68.0,91,23,0.05,NONE,12
4,68.0,91,23,0.05,NONE,12
4,68.0,91,23,0.05,NONE,12
4,68.0,91,23,0.05,NONE,12
4,68.0,91,23,0.05,NONE,12
4,68.0,91,23,0.05,NONE,12
4,68.0,91,23,0.05,NONE,12
4,68.0,91,23,0.05,NONE,12
4,68.0,91,23,0.05,NONE,12
4,68.0,91,23,0.05,NONE,12
4,68.0,91,23,0.05,NONE,18
4,68.0,91,23,0.05,NONE,24
4,68.0,91,23,0.05,NONE,24
4,68.0,91,23,0.05,NONE,24
4,68.0,91,23,0.05,NONE,18
4,68.0,91,23,0.05,NONE,24
4,68.0,91,23,0.05,NONE,30
4,68.0,91,23,0.05,NONE,30
4,68.0,91,23,0.05,NONE,30
4,68.0,91,23,0.05,NONE,36
4,68.0,91,23,0.05,NONE,42
4,68.0,91,23,0.05,NONE,48
4,68.0,91,23,0.05,NONE,42
4,68.0,91,23,0.05,NONE,48
4,68.0,91,23,0.05,NONE,42
4,68.0,91,23,0.05,NONE,48
4,68.0,91,23,0.05,NONE,42
4,68.0,91,23,0.05,NONE,48
4,68.0,91,23,0.05,NONE,42
4,68.0,91,23,0.05,NONE,42
4,68.0,91,23,0.05,NONE,42
4,68.0,91,23,0.05,NONE,42
4,68.0,91,23,0.05,NONE,42
4,68.0,91,23,0.05,NONE,42
4,68.0,91,23,0.05,NONE,48
4,68.0,91,23,0.05,NONE,54
4,68.0,91,23,0.05,NONE,60
4,68.0,91,23,0.05,NONE,66
4,68.0,91,23,0.05,NONE,72
4,68.0,91,23,0.05,NONE,78
4,68.0,91,23,0.05,NONE,84
4,68.0,91,23,0.05,NONE,84
4,68.0,91,23,0.05,NONE,84
4,68.0,91,23,0.05,NONE,90
4,68.0,91,23,0.05,NONE,96
4,68.0,91,23,0.05,NONE,102
4,68.0,91,23,0.05,NONE,102
4,68.0,91,23,0.05,NONE,96
4,68.0,91,23,0.05,NONE,90
4,68.0,91,23,0.05,NONE,84
4,68.0,91,23,0.05,NONE,78
4,68.0,91,23,0.05,NONE,84
4,68.0,91,23,0.05,NONE,78
4,68.0,91,23,0.05,NONE,72
4,68.0,91,23,0.05,NONE,66
4,68.0,91,23,0.05,NONE,60
4,68.0,91,23,0.05,NONE,54
4,68.0,91,23,0.05,NONE,48
4,68.0,91,23,0.05,NONE,42
4,68.0,91,23,0.05,NONE,42
4,68.0,91,23,0.05,NONE,42
4,68.0,91,23,0.05,NONE,48
4,68.0,91,23,0.05,NONE,48
4,68.0,91,23,0.05,NONE,42
4,68.0,91,23,0.05,NONE,48
4,68.0,91,23,0.05,NONE,42
4,68.0,91,23,0.05,NONE,48
4,68.0,91,23,0.05,NONE,42
4,68.0,91,23,0.05,NONE,48
4,68.0,91,23,0.05,NONE,48
4,68.0,91,23,0.05,NONE,42
4,68.0,91,23,0.05,NONE,36
4,68.0,91,23,0.05,NONE,30
4,68.0,91,23,0.05,NONE,24
4,68.0,91,23,0.05,NONE,18
4,68.0,91,23,0.05,NONE,12
4,68.0,91,23,0.05,NONE,6
4,68.0,91,23,0.05,NONE,0
4,68.0,91,23,0.05,NONE,0
4,68.0,91,23,0.05,NONE,0
4,68.0,91,23,0.05,NONE,0
4,68.0,91,23,0.05,NONE,0
4,68.0,91,23,0.05,NONE,0
4,68.0,91,23,0.05,NONE,0
4,68.0,91,23,0.05,NONE,0
4,68.0,91,23,0.05,NONE,0
4,68.0,91,23,0.05,NONE,0
4,68.0,91,23,0.05,NONE,0
4,68.0,91,23,0.05,NONE,0
4,68.0,91,23,0.05,NONE,0
4,68.0,91,23,0.05,NONE,0
4,68.0,91,23,0.05,NONE,6
4,68.0,91,23,0.05,NONE,0
4,68.0,91,23,0.05,NONE,0
4,68.0,91,23,0.05,NONE,0
4,68.0,91,23,0.05,NONE,0
4,68.0,91,23,0.05,NONE,0
4,68.0,91,23,0.05,NONE,0
4,68.0,91,23,0.05,NONE,0
4,68.0,91,23,0.05,NONE,0
4,68.0,91,23,0.05,NONE,0
4,68.0,91,23,0.05,NONE,0
4,68.0,91,23,0.05,NONE,0
4,68.0,91,23,0.05,NONE,0
4,68.0,91,23,0.05,NONE,0
4,68.0,91,23,0.05,NONE,0
4,68.0,91,23,0.05,NONE,0
4,68.0,91,23,0.05,NONE,0
4,68.0,91,23,0.05,NONE,0
4,68.0,91,23,0.05,NONE,0
4,68.0,91,23,0.05,NONE,0
4,68.0,91,23,0.05,NONE,0
4,68.0,91,23,0.05,NONE,0
4,68.0,91,23,0.05,NONE,0
4,68.0,91,23,0.05,NONE,0
4,68.0,91,23,0.05,NONE,0
4,68.0,91,23,0.05,NONE,0
4,68.0,91,23,0.05,NONE,0
4,68.0,91,23,0.05,NONE,0
4,68.0,91,23,0.05,NONE,0
4,68.0,91,23,0.05,NONE,0
4,68.0,91,23,0.05,NONE,0
4,68.0,91,23,0.05,NONE,0
4,68.0,91,23,0.05,NONE,0
4,68.0,91,23,0.05,NONE,0
4,68.0,91,23,0.05,NONE,0
4,68.0,91,23,0.05,NONE,0
4,68.0,91,23,0.05,NONE,6
4,68.0,91,23,0.05,NONE,0
4,68.0,91,23,0.05,NONE,0
4,68.0,91,23,0.05,NONE,0
4,68.0,91,23,0.05,NONE,0
4,68.0,91,23,0.05,NONE,0
4,68.0,91,23,0.05,NONE,0
4,68.0,91,23,0.05,NONE,0
4,68.0,91,23,0.05,NONE,0
4,68.0,91,23,0.05,NONE,0
4,68.0,91,23,0.05,NONE,0
4,68.0,91,23,0.05,NONE,0
4,68.0,91,23,0.05,NONE,0
4,68.0,91,23,0.05,NONE,0
4,68.0,91,23,0.05,NONE,0
4,68.0,91,23,0.05,NONE,0
4,68.0,91,23,0.05,NONE,0
4,68.0,91,23,0.05,NONE,0
4,68.0,91,23,0.05,NONE,0
4,68.0,91,23,0.05,NONE,0
4,68.0,91,23,0.05,NONE,0
4,68.0,91,23,0.05,NONE,0
4,68.0,91,23,0.05,NONE,0
4,68.0,91,23,0.05,NONE,0
4,68.0,91,23,0.05,NONE,0
4,68.0,91,23,0.05,NONE,0
4,68.0,91,23,0.05,NONE,0
4,68.0,91,23,0.05,NONE,0
4,68.0,91,23,0.05,NONE,0
4,68.0,91,23,0.05,NONE,0
4,68.0,91,23,0.05,NONE,0
4,68.0,91,23,0.05,NONE,0
4,68.0,91,23,0.05,NONE,0
4,68.0,91,23,0.05,NONE,0
4,68.0,91,23,0.05,NONE,0
4,68.0,91,23,0.05,NONE,0
4,68.0,91,23,0.05,NONE,0
4,68.0,91,23,0.05,NONE,0
4,68.0,91,23,0.05,NONE,0
4,68.0,91,23,0.05,NONE,0
4,68.0,91,23,0.05,NONE,0
4,68.0,91,23,0.05,NONE,0
4,68.0,91,23,0.05,NONE,0
4,68.0,91,23,0.05,NONE,0
4,68.0,91,23,0.05,NONE,0
4,68.0,91,23,0.05,NONE,0
4,68.0,91,23,0.05,NONE,0
4,68.0,91,23,0.05,NONE,0
4,68.0,91,23,0.05,NONE,0
4,68.0,91,23,0.05,NONE,0
4,68.0,91,23,0.05,NONE,0
4,68.0,91,23,0.05,NONE,0
4,68.0,91,23,0.05,NONE,0
4,68.0,91,23,0.05,NONE,0
4,68.0,91,23,0.05,NONE,0
4,68.0,91,23,0.05,NONE,0
4,68.0,91,23,0.05,NONE,0
4,68.0,91,23,0.05,NONE,0
4,68.0,91,23,0.05,NONE,0
4,68.0,91,23,0.05,NONE,0
4,68.0,91,23,0.05,NONE,0
4,68.0,91,23,0.05,NONE,6
4,68.0,91,23,0.05,NONE,12
4,68.0,91,23,0.05,NONE,18
4,68.0,91,23,0.05,NONE,24
4,68.0,91,23,0.05,NONE,30
4,68.0,91,23,0.05,NONE,36
4,68.0,91,23,0.05,NONE,42
4,68.0,91,23,0.05,NONE,48
4,68.0,91,23,0.05,NONE,48
4,68.0,91,23,0.05,NONE,48
4,68.0,91,23,0.05,NONE,54
4,68.0,91,23,0.05,NONE,60
4,68.0,91,23,0.05,NONE,66
4,68.0,91,23,0.05,NONE,66
4,68.0,91,23,0.05,NONE,66
4,68.0,91,23,0.05,NONE,66
4,68.0,91,23,0.05,NONE,66
4,68.0,91,23,0.05,NONE,72
4,68.0,91,23,0.05,NONE,78
4,68.0,91,23,0.05,NONE,78
4,68.0,91,23,0.05,NONE,78
4,68.0,91,23,0.05,NONE,84
4,68.0,91,23,0.05,NONE,90
4,68.0,91,23,0.05,NONE,84
4,68.0,91,23,0.05,NONE,78
4,68.0,91,23,0.05,NONE,84
4,68.0,91,23,0.05,NONE,84
4,68.0,91,23,0.05,NONE,84
4,68.0,91,23,0.05,NONE,84
4,68.0,91,23,0.05,NONE,90
4,68.0,91,23,0.05,NONE,96
4,68.0,91,23,0.05,NONE,96
4,68.0,91,23,0.05,NONE,96
4,68.0,91,23,0.05,NONE,96
4,68.0,91,23,0.05,NONE,102
4,68.0,91,23,0.05,NONE,108
4,68.0,91,23,0.05,NONE,114
4,68.0,91,23,0.05,NONE,114
4,68.0,91,23,0.05,NONE,114
4,68.0,91,23,0.05,NONE,114
4,68.0,91,23,0.05,NONE,120
4,68.0,91,23,0.05,NONE,114
4,68.0,91,23,0.05,NONE,120
4,68.0,91,23,0.05,NONE,114
4,68.0,91,23,0.05,NONE,114
4,68.0,91,23,0.05,NONE,114
4,68.0,91,23,0.05,NONE,120
4,68.0,91,23,0.05,NONE,120
4,68.0,91,23,0.05,NONE,120
4,68.0,91,23,0.05,NONE,120
4,68.0,91,23,0.05,NONE,120
4,68.0,91,23,0.05,NONE,120
4,68.0,91,23,0.05,NONE,126
4,68.0,91,23,0.05,NONE,132
4,68.0,91,23,0.05,NONE,138
4,68.0,91,23,0.05,NONE,144
4,68.0,91,23,0.05,NONE,138
4,68.0,91,23,0.05,NONE,132
4,68.0,91,23,0.05,NONE,126
4,68.0,91,23,0.05,NONE,120
4,68.0,91,23,0.05,NONE,114
4,68.0,91,23,0.05,NONE,120
4,68.0,91,23,0.05,NONE,120
4,68.0,91,23,0.05,NONE,120
4,68.0,91,23,0.05,NONE,126
4,68.0,91,23,0.05,NONE,132
4,68.0,91,23,0.05,NONE,138
4,68.0,91,23,0.05,NONE,138
4,68.0,91,23,0.05,NONE,138
4,68.0,91,23,0.05,NONE,138
4,68.0,91,23,0.05,NONE,138
4,68.0,91,23,0.05,NONE,138
4,68.0,91,23,0.05,NONE,138
4,68.0,91,23,0.05,NONE,138
4,68.0,91,23,0.05,NONE,138
4,68.0,91,23,0.05,NONE,138
4,68.0,91,23,0.05,NONE,138
4,68.0,91,23,0.05,NONE,138
4,68.0,91,23,0.05,NONE,138
4,68.0,91,23,0.05,NONE,132
4,68.0,91,23,0.05,NONE,138
4,68.0,91,23,0.05,NONE,144
4,68.0,91,23,0.05,NONE,150
4,68.0,91,23,0.05,NONE,156
4,68.0,91,23,0.05,NONE,156
4,68.0,91,23,0.05,NONE,156
4,68.0,91,23,0.05,NONE,156
4,68.0,91,23,0.05,NONE,156
4,68.0,91,23,0.05,NONE,156
4,68.0,91,23,0.05,NONE,156
4,68.0,91,23,0.05,NONE,150
4,68.0,91,23,0.05,NONE,156
4,68.0,91,23,0.05,NONE,150
4,68.0,91,23,0.05,NONE,156
4,68.0,91,23,0.05,NONE,150
4,68.0,91,23,0.05,NONE,156
4,68.0,91,23,0.05,NONE,150
4,68.0,91,23,0.05,NONE,156
4,68.0,91,23,0.05,NONE,150
4,68.0,91,23,0.05,NONE,156
4,68.0,91,23,0.05,NONE,150
4,68.0,91,23,0.05,NONE,156
4,68.0,91,23,0.05,NONE,162
4,68.0,91,23,0.05,NONE,168
4,68.0,91,23,0.05,NONE,174
4,68.0,91,23,0.05,NONE,180
4,68.0,91,23,0.05,NONE,186
4,68.0,91,23,0.05,NONE,192
4,68.0,91,23,0.05,NONE,198
4,68.0,91,23,0.05,NONE,204
4,68.0,91,23,0.05,NONE,210
4,68.0,91,23,0.05,NONE,216
4,68.0,91,23,0.05,NONE,222
4,68.0,91,23,0.05,NONE,228
4,68.0,91,23,0.05,NONE,234
4,68.0,91,23,0.05,NONE,240
4,68.0,91,23,0.05,NONE,246
4,68.0,91,23,0.05,NONE,252
4,68.0,91,23,0.05,NONE,258
4,68.0,91,23,0.05,NONE,264
4,68.0,91,23,0.05,NONE,270
4,68.0,91,23,0.05,NONE,276
4,68.0,91,23,0.05,NONE,276
4,68.0,91,23,0.05,NONE,276
4,68.0,91,23,0.05,NONE,276
4,68.0,91,23,0.05,NONE,282
4,68.0,91,23,0.05,NONE,276
4,68.0,91,23,0.05,NONE,282
4,68.0,91,23,0.05,NONE,276
4,68.0,91,23,0.05,NONE,270
4,68.0,91,23,0.05,NONE,264
4,68.0,91,23,0.05,NONE,258
4,68.0,91,23,0.05,NONE,252
4,68.0,91,23,0.05,NONE,246
4,68.0,91,23,0.05,NONE,240
4,68.0,91,23,0.05,NONE,234
4,68.0,91,23,0.05,NONE,228
4,68.0,91,23,0.05,NONE,222
4,68.0,91,23,0.05,NONE,228
4,68.0,91,23,0.05,NONE,228
4,68.0,91,23,0.05,NONE,228
4,68.0,91,23,0.05,NONE,228
4,68.0,91,23,0.05,NONE,222
4,68.0,91,23,0.05,NONE,228
4,68.0,91,23,0.05,NONE,234
4,68.0,91,23,0.05,NONE,240
4,68.0,91,23,0.05,NONE,246
4,68.0,91,23,0.05,NONE,252
4,68.0,91,23,0.05,NONE,258
4,68.0,91,23,0.05,NONE,264
4,68.0,91,23,0.05,NONE,258
4,68.0,91,23,0.05,NONE,264
4,68.0,91,23,0.05,NONE,264
4,68.0,91,23,0.05,NONE,264
4,68.0,91,23,0.05,NONE,264
4,68.0,91,23,0.05,NONE,270
4,68.0,91,23,0.05,NONE,276
4,68.0,91,23,0.05,NONE,282
4,68.0,91,23,0.05,NONE,288
4,68.0,91,23,0.05,NONE,294
4,68.0,91,23,0.05,NONE,300
4,68.0,91,23,0.05,NONE,300
4,68.0,91,23,0.05,NONE,294
4,68.0,91,23,0.05,NONE,300
4,68.0,91,23,0.05,NONE,294
4,68.0,91,23,0.05,NONE,288
4,68.0,91,23,0.05,NONE,282
4,68.0,91,23,0.05,NONE,276
4,68.0,91,23,0.05,NONE,270
4,68.0,91,23,0.05,NONE,264
4,68.0,91,23,0.05,NONE,258
4,68.0,91,23,0.05,NONE,264
4,68.0,91,23,0.05,NONE,258
4,68.0,91,23,0.05,NONE,252
4,68.0,91,23,0.05,NONE,246
4,68.0,91,23,0.05,NONE,240
4,68.0,91,23,0.05,NONE,234
4,68.0,91,23,0.05,NONE,228
4,68.0,91,23,0.05,NONE,222
4,68.0,91,23,0.05,NONE,216
4,68.0,91,23,0.05,NONE,210
4,68.0,91,23,0.05,NONE,210
4,68.0,91,23,0.05,NONE,210
4,68.0,91,23,0.05,NONE,204
4,68.0,91,23,0.05,NONE,198
4,68.0,91,23,0.05,NONE,192
4,68.0,91,23,0.05,NONE,186
4,68.0,91,23,0.05,NONE,180
4,68.0,91,23,0.05,NONE,174
4,68.0,91,23,0.05,NONE,168
4,68.0,91,23,0.05,NONE,162
4,68.0,91,23,0.05,NONE,156
4,68.0,91,23,0.05,NONE,150
4,68.0,91,23,0.05,NONE,144
4,68.0,91,23,0.05,NONE,138
4,68.0,91,23,0.05,NONE,132
4,68.0,91,23,0.05,NONE,126
4,68.0,91,23,0.05,NONE,120
4,68.0,91,23,0.05,NONE,114
4,68.0,91,23,0.05,NONE,108
4,68.0,91,23,0.05,NONE,102
4,68.0,91,23,0.05,NONE,96
4,68.0,91,23,0.05,NONE,90
4,68.0,91,23,0.05,NONE,84
4,68.0,91,23,0.05,NONE,78
4,68.0,91,23,0.05,NONE,72
4,68.0,91,23,0.05,NONE,66
4,68.0,91,23,0.05,NONE,60
4,68.0,91,23,0.05,NONE,54
4,68.0,91,23,0.05,NONE,48
4,68.0,91,23,0.05,NONE,42
4,68.0,91,23,0.05,NONE,36
4,68.0,91,23,0.05,NONE,30
4,68.0,91,23,0.05,NONE,24
4,68.0,91,23,0.05,NONE,18
4,68.0,91,23,0.05,NONE,12
4,68.0,91,23,0.05,NONE,6
4,68.0,91,23,0.05,NONE,0
4,68.0,91,23,0.05,NONE,0
4,68.0,91,23,0.05,NONE,0
4,68.0,91,23,0.05,NONE,0
4,68.0,91,23,0.05,NONE,0
4,68.0,91,23,0.05,NONE,0
4,68.0,91,23,0.05,NONE,0
4,68.0,91,23,0.05,NONE,6
4,68.0,91,23,0.05,NONE,12
4,68.0,91,23,0.05,NONE,6
4,68.0,91,23,0.05,NONE,12
4,68.0,91,23,0.05,NONE,6
4,68.0,91,23,0.05,NONE,12
4,68.0,91,23,0.05,NONE,12
4,68.0,91,23,0.05,NONE,12
4,68.0,91,23,0.05,NONE,12
4,68.0,91,23,0.05,NONE,12
4,68.0,91,23,0.05,NONE,12
4,68.0,91,23,0.05,NONE,12
4,68.0,91,23,0.05,NONE,12
4,68.0,91,23,0.05,NONE,18
4,68.0,91,23,0.05,NONE,24
4,68.0,91,23,0.05,NONE,30
4,68.0,91,23,0.05,NONE,36
4,68.0,91,23,0.05,NONE,42
4,68.0,91,23,0.05,NONE,48
4,68.0,91,23,0.05,NONE,54
4,68.0,91,23,0.05,NONE,60
4,68.0,91,23,0.05,NONE,60
4,68.0,91,23,0.05,NONE,54
4,68.0,91,23,0.05,NONE,54
4,68.0,91,23,0.05,NONE,54
4,68.0,91,23,0.05,NONE,54
4,68.0,91,23,0.05,NONE,60
4,68.0,91,23,0.05,NONE,66
4,68.0,91,23,0.05,NONE,72
4,68.0,91,23,0.05,NONE,78
4,68.0,91,23,0.05,NONE,84
4,68.0,91,23,0.05,NONE,90
4,68.0,91,23,0.05,NONE,96
4,68.0,91,23,0.05,NONE,96
4,68.0,91,23,0.05,NONE,96
4,68.0,91,23,0.05,NONE,102
4,68.0,91,23,0.05,NONE,108
4,68.0,91,23,0.05,NONE,108
4,68.0,91,23,0.05,NONE,108
4,68.0,91,23,0.05,NONE,114
4,68.0,91,23,0.05,NONE,108
4,68.0,91,23,0.05,NONE,102
4,68.0,91,23,0.05,NONE,96
4,68.0,91,23,0.05,NONE,90
4,68.0,91,23,0.05,NONE,84
4,68.0,91,23,0.05,NONE,78
4,68.0,91,23,0.05,NONE,72
4,68.0,91,23,0.05,NONE,66
4,68.0,91,23,0.05,NONE,66
4,68.0,91,23,0.05,NONE,66
4,68.0,91,23,0.05,NONE,66
4,68.0,91,23,0.05,NONE,66
4,68.0,91,23,0.05,NONE,72
4,68.0,91,23,0.05,NONE,78
4,68.0,91,23,0.05,NONE,78
4,68.0,91,23,0.05,NONE,78
4,68.0,91,23,0.05,NONE,78
4,68.0,91,23,0.05,NONE,84
4,68.0,91,23,0.05,NONE,84
4,68.0,91,23,0.05,NONE,84
4,68.0,91,23,0.05,NONE,84
4,68.0,91,23,0.05,NONE,84
4,68.0,91,23,0.05,NONE,90
4,68.0,91,23,0.05,NONE,84
4,68.0,91,23,0.05,NONE,78
4,68.0,91,23,0.05,NONE,72
4,68.0,91,23,0.05,NONE,66
4,68.0,91,23,0.05,NONE,60
4,68.0,91,23,0.05,NONE,54
4,68.0,91,23,0.05,NONE,48
4,68.0,91,23,0.05,NONE,42
4,68.0,91,23,0.05,NONE,48
4,67.0,91,24,0.05,NONE,42
4,67.0,91,24,0.05,NONE,36
4,67.0,91,24,0.05,NONE,30
4,67.0,91,24,0.05,NONE,24
4,67.0,91,24,0.05,NONE,18
4,67.0,91,24,0.05,NONE,12
4,67.0,91,24,0.05,NONE,6
4,67.0,91,24,0.05,NONE,0
4,67.0,91,24,0.05,NONE,0
4,67.0,91,24,0.05,NONE,0
4,67.0,91,24,0.05,NONE,0
4,67.0,91,24,0.05,NONE,0
4,67.0,91,24,0.05,NONE,0
4,67.0,91,24,0.05,NONE,0
4,67.0,91,24,0.05,NONE,0
4,67.0,91,24,0.05,NONE,0
4,67.0,91,24,0.05,NONE,0
4,67.0,91,24,0.05,NONE,0
4,67.0,91,24,0.05,NONE,0
4,67.0,91,24,0.05,NONE,0
4,67.0,91,24,0.05,NONE,0
4,67.0,91,24,0.05,NONE,0
4,67.0,91,24,0.05,NONE,0
4,67.0,91,24,0.05,NONE,0
4,67.0,91,24,0.05,NONE,0
4,67.0,91,24,0.05,NONE,0
4,67.0,91,24,0.05,NONE,0
4,67.0,91,24,0.05,NONE,0
4,67.0,91,24,0.05,NONE,0
4,67.0,91,24,0.05,NONE,0
4,67.0,91,24,0.05,NONE,0
4,67.0,91,24,0.05,NONE,0
4,67.0,91,24,0.05,NONE,0
4,67.0,91,24,0.05,NONE,0
4,67.0,91,24,0.05,NONE,0
4,67.0,91,24,0.05,NONE,0
4,67.0,91,24,0.05,NONE,0
4,67.0,91,24,0.05,NONE,0
4,67.0,91,24,0.05,NONE,0
4,67.0,91,24,0.05,NONE,0
4,67.0,91,24,0.05,NONE,0
4,67.0,91,24,0.05,NONE,0
4,67.0,91,24,0.05,NONE,0
4,67.0,91,24,0.05,NONE,0
4,67.0,91,24,0.05,NONE,0
4,67.0,91,24,0.05,NONE,0
4,67.0,91,24,0.05,NONE,0
4,67.0,91,24,0.05,NONE,0
4,67.0,91,24,0.05,NONE,0
4,67.0,91,24,0.05,NONE,0
4,67.0,91,24,0.05,NONE,0
4,67.0,91,24,0.05,NONE,0
4,67.0,91,24,0.05,NONE,0
4,67.0,91,24,0.05,NONE,0
4,67.0,91,24,0.05,NONE,0
4,67.0,91,24,0.05,NONE,0
4,67.0,91,24,0.05,NONE,0
4,67.0,91,24,0.05,NONE,0
4,67.0,91,24,0.05,NONE,0
4,67.0,91,24,0.05,NONE,0
4,67.0,91,24,0.05,NONE,0
4,67.0,91,24,0.05,NONE,0
4,67.0,91,24,0.05,NONE,0
4,67.0,91,24,0.05,NONE,0
4,67.0,91,24,0.05,NONE,0
4,67.0,91,24,0.05,NONE,0
4,67.0,91,24,0.05,NONE,0
4,67.0,91,24,0.05,NONE,0
4,67.0,91,24,0.05,NONE,0
4,67.0,91,24,0.05,NONE,0
4,67.0,91,24,0.05,NONE,0
4,67.0,91,24,0.05,NONE,0
4,67.0,91,24,0.05,NONE,0
4,67.0,91,24,0.05,NONE,0
4,67.0,91,24,0.05,NONE,0
4,67.0,91,24,0.05,NONE,0
4,67.0,91,24,0.05,NONE,0
4,67.0,91,24,0.05,NONE,0
4,67.0,91,24,0.05,NONE,0
4,67.0,91,24,0.05,NONE,0
4,67.0,91,24,0.05,NONE,0
4,67.0,91,24,0.05,NONE,0
4,67.0,91,24,0.05,NONE,0
4,67.0,91,24,0.05,NONE,0
4,67.0,91,24,0.05,NONE,0
4,67.0,91,24,0.05,NONE,0
4,67.0,91,24,0.05,NONE,0
4,67.0,91,24,0.05,NONE,0
4,67.0,91,24,0.05,NONE,0
4,67.0,91,24,0.05,NONE,0
4,67.0,91,24,0.05,NONE,0
4,67.0,91,24,0.05,NONE,0
4,67.0,91,24,0.05,NONE,6
4,67.0,91,24,0.05,NONE,0
4,67.0,91,24,0.05,NONE,0
4,67.0,91,24,0.05,NONE,0
4,67.0,91,24,0.05,NONE,6
4,67.0,91,24,0.05,NONE,12
4,67.0,91,24,0.05,NONE,18
4,67.0,91,24,0.05,NONE,24
4,67.0,91,24,0.05,NONE,30
4,67.0,91,24,0.05,NONE,36
4,67.0,91,24,0.05,NONE,42
4,67.0,91,24,0.05,NONE,48
4,67.0,91,24,0.05,NONE,42
4,67.0,91,24,0.05,NONE,48
4,67.0,91,24,0.05,NONE,42
4,67.0,91,24,0.05,NONE,42
4,67.0,91,24,0.05,NONE,42
4,67.0,91,24,0.05,NONE,48
4,67.0,91,24,0.05,NONE,48
4,67.0,91,24,0.05,NONE,48
4,67.0,91,24,0.05,NONE,48
4,67.0,91,24,0.05,NONE,54
4,67.0,91,24,0.05,NONE,60
4,67.0,91,24,0.05,NONE,66
4,67.0,91,24,0.05,NONE,66
4,67.0,91,24,0.05,NONE,66
4,67.0,91,24,0.05,NONE,66
4,67.0,91,24,0.05,NONE,66
4,67.0,91,24,0.05,NONE,66
4,67.0,91,24,0.05,NONE,66
4,67.0,91,24,0.05,NONE,66
4,67.0,91,24,0.05,NONE,66
4,67.0,91,24,0.05,NONE,72
4,67.0,91,24,0.05,NONE,78
4,67.0,91,24,0.05,NONE,84
4,67.0,91,24,0.05,NONE,78
4,67.0,91,24,0.05,NONE,72
4,67.0,91,24,0.05,NONE,66
4,67.0,91,24,0.05,NONE,60
4,67.0,91,24,0.05,NONE,54
4,67.0,91,24,0.05,NONE,48
4,67.0,91,24,0.05,NONE,42
4,67.0,91,24,0.05,NONE,36
4,67.0,91,24,0.05,NONE,30
4,67.0,91,24,0.05,NONE,36
4,67.0,91,24,0.05,NONE,30
4,67.0,91,24,0.05,NONE,24
4,67.0,91,24,0.05,NONE,18
4,67.0,91,24,0.05,NONE,18
4,67.0,91,24,0.05,NONE,18
4,67.0,91,24,0.05,NONE,18
4,67.0,91,24,0.05,NONE,18
4,67.0,91,24,0.05,NONE,18
4,67.0,91,24,0.05,NONE,18
4,67.0,91,24,0.05,NONE,24
4,67.0,91,24,0.05,NONE,30
4,67.0,91,24,0.05,NONE,36
4,67.0,91,24,0.05,NONE,42
4,67.0,91,24,0.05,NONE,48
4,67.0,91,24,0.05,NONE,42
4,67.0,91,24,0.05,NONE,48
4,67.0,91,24,0.05,NONE,54
4,67.0,91,24,0.05,NONE,60
4,67.0,91,24,0.05,NONE,60
4,67.0,91,24,0.05,NONE,60
4,67.0,91,24,0.05,NONE,60
4,67.0,91,24,0.05,NONE,66
4,67.0,91,24,0.05,NONE,72
4,67.0,91,24,0.05,NONE,78
4,67.0,91,24,0.05,NONE,78
4,67.0,91,24,0.05,NONE,78
4,67.0,91,24,0.05,NONE,72
4,67.0,91,24,0.05,NONE,66
4,67.0,91,24,0.05,NONE,60
4,67.0,91,24,0.05,NONE,54
4,67.0,91,24,0.05,NONE,48
4,67.0,91,24,0.05,NONE,42
4,67.0,91,24,0.05,NONE,42
4,67.0,91,24,0.05,NONE,42
4,67.0,91,24,0.05,NONE,42
4,67.0,91,24,0.05,NONE,42
4,67.0,91,24,0.05,NONE,42
4,67.0,91,24,0.05,NONE,42
4,67.0,91,24,0.05,NONE,36
4,67.0,91,24,0.05,NONE,30
4,67.0,91,24,0.05,NONE,24
4,67.0,91,24,0.05,NONE,18
4,67.0,91,24,0.05,NONE,12
4,67.0,91,24,0.05,NONE,6
4,67.0,91,24,0.05,NONE,6
4,67.0,91,24,0.05,NONE,0
4,67.0,91,24,0.05,NONE,6
4,67.0,91,24,0.05,NONE,12
4,67.0,91,24,0.05,NONE,6
4,67.0,91,24,0.05,NONE,12
4,67.0,91,24,0.05,NONE,18
4,67.0,91,24,0.05,NONE,24
4,67.0,91,24,0.05,NONE,30
4,67.0,91,24,0.05,NONE,36
4,67.0,91,24,0.05,NONE,42
4,67.0,91,24,0.05,NONE,48
4,67.0,91,24,0.05,NONE,54
4,67.0,91,24,0.05,NONE,60
4,67.0,91,24,0.05,NONE,66
4,67.0,91,24,0.05,NONE,72
4,67.0,91,24,0.05,NONE,78
4,67.0,91,24,0.05,NONE,78
4,67.0,91,24,0.05,NONE,72
4,67.0,91,24,0.05,NONE,66
4,67.0,91,24,0.05,NONE,60
4,67.0,91,24,0.05,NONE,54
4,67.0,91,24,0.05,NONE,60
4,67.0,91,24,0.05,NONE,66
4,67.0,91,24,0.05,NONE,72
4,67.0,91,24,0.05,NONE,78
4,67.0,91,24,0.05,NONE,84
4,67.0,91,24,0.05,NONE,90
4,67.0,91,24,0.05,NONE,96
4,67.0,91,24,0.05,NONE,102
4,67.0,91,24,0.05,NONE,108
4,67.0,91,24,0.05,NONE,114
4,67.0,91,24,0.05,NONE,120
4,67.0,91,24,0.05,NONE,126
4,67.0,91,24,0.05,NONE,132
4,67.0,91,24,0.05,NONE,138
4,67.0,91,24,0.05,NONE,144
4,67.0,91,24,0.05,NONE,150
4,67.0,91,24,0.05,NONE,156
4,67.0,91,24,0.05,NONE,156
4,67.0,91,24,0.05,NONE,156
4,67.0,91,24,0.05,NONE,156
4,67.0,91,24,0.05,NONE,150
4,67.0,91,24,0.05,NONE,150
4,67.0,91,24,0.05,NONE,150
4,67.0,91,24,0.05,NONE,150
4,67.0,91,24,0.05,NONE,150
4,67.0,91,24,0.05,NONE,150
4,67.0,91,24,0.05,NONE,150
4,67.0,91,24,0.05,NONE,150
4,67.0,91,24,0.05,NONE,150
4,67.0,91,24,0.05,NONE,150
4,67.0,91,24,0.05,NONE,150
4,67.0,91,24,0.05,NONE,150
4,67.0,91,24,0.05,NONE,150
4,67.0,91,24,0.05,NONE,150
4,67.0,91,24,0.05,NONE,150
4,67.0,91,24,0.05,NONE,150
4,67.0,91,24,0.05,NONE,150
4,67.0,91,24,0.05,NONE,150
4,67.0,91,24,0.05,NONE,150
4,67.0,91,24,0.05,NONE,150
4,67.0,91,24,0.05,NONE,150
4,67.0,91,24,0.05,NONE,150
4,67.0,91,24,0.05,NONE,150
4,67.0,91,24,0.05,NONE,156
4,67.0,91,24,0.05,NONE,150
4,67.0,91,24,0.05,NONE,156
4,67.0,91,24,0.05,NONE,150
4,67.0,91,24,0.05,NONE,156
4,67.0,91,24,0.05,NONE,150
4,67.0,91,24,0.05,NONE,156
4,67.0,91,24,0.05,NONE,150
4,67.0,91,24,0.05,NONE,156
4,67.0,91,24,0.05,NONE,162
4,67.0,91,24,0.05,NONE,156
4,67.0,91,24,0.05,NONE,150
4,67.0,91,24,0.05,NONE,144
4,67.0,91,24,0.05,NONE,138
4,67.0,91,24,0.05,NONE,144
4,67.0,91,24,0.05,NONE,138
4,67.0,91,24,0.05,NONE,144
4,67.0,91,24,0.05,NONE,138
4,67.0,91,24,0.05,NONE,132
4,67.0,91,24,0.05,NONE,126
4,67.0,91,24,0.05,NONE,120
4,67.0,91,24,0.05,NONE,114
4,67.0,91,24,0.05,NONE,108
4,67.0,91,24,0.05,NONE,102
4,67.0,91,24,0.05,NONE,96
4,67.0,91,24,0.05,NONE,90
4,67.0,91,24,0.05,NONE,84
4,67.0,91,24,0.05,NONE,78
4,67.0,91,24,0.05,NONE,84
4,67.0,91,24,0.05,NONE,78
4,67.0,91,24,0.05,NONE,84
4,67.0,91,24,0.05,NONE,84
4,67.0,91,24,0.05,NONE,78
4,67.0,91,24,0.05,NONE,84
4,67.0,91,24,0.05,NONE,78
4,67.0,91,24,0.05,NONE,84
4,67.0,91,24,0.05,NONE,78
4,67.0,91,24,0.05,NONE,78
4,67.0,91,24,0.05,NONE,78
4,67.0,91,24,0.05,NONE,84
4,67.0,91,24,0.05,NONE,78
4,67.0,91,24,0.05,NONE,84
4,67.0,91,24,0.05,NONE,78
4,67.0,91,24,0.05,NONE,84
4,67.0,91,24,0.05,NONE,78
4,67.0,91,24,0.05,NONE,72
4,67.0,91,24,0.05,NONE,78
4,67.0,91,24,0.05,NONE,84
4,67.0,91,24,0.05,NONE,90
4,67.0,91,24,0.05,NONE,84
4,67.0,91,24,0.05,NONE,78
4,67.0,91,24,0.05,NONE,78
4,67.0,91,24,0.05,NONE,78
4,67.0,91,24,0.05,NONE,78
4,67.0,91,24,0.05,NONE,78
4,67.0,91,24,0.05,NONE,78
4,67.0,91,24,0.05,NONE,78
4,67.0,91,24,0.05,NONE,78
4,67.0,91,24,0.05,NONE,78
4,67.0,91,24,0.05,NONE,78
4,67.0,91,24,0.05,NONE,84
4,67.0,91,24,0.05,NONE,78
4,67.0,91,24,0.05,NONE,84
4,67.0,91,24,0.05,NONE,84
4,67.0,91,24,0.05,NONE,84
4,67.0,91,24,0.05,NONE,84
4,67.0,91,24,0.05,NONE,90
4,67.0,91,24,0.05,NONE,96
4,67.0,91,24,0.05,NONE,102
4,67.0,91,24,0.05,NONE,102
4,67.0,91,24,0.05,NONE,102
4,67.0,91,24,0.05,NONE,108
4,67.0,91,24,0.05,NONE,108
4,67.0,91,24,0.05,NONE,108
4,67.0,91,24,0.05,NONE,108
4,67.0,91,24,0.05,NONE,108
4,67.0,91,24,0.05,NONE,108
4,67.0,91,24,0.05,NONE,102
4,67.0,91,24,0.05,NONE,102
4,67.0,91,24,0.05,NONE,108
4,67.0,91,24,0.05,NONE,114
4,67.0,91,24,0.05,NONE,120
4,67.0,91,24,0.05,NONE,120
4,67.0,91,24,0.05,NONE,120
4,67.0,91,24,0.05,NONE,126
4,67.0,91,24,0.05,NONE,132
4,67.0,91,24,0.05,NONE,138
4,67.0,91,24,0.05,NONE,144
4,67.0,91,24,0.05,NONE,150
4,67.0,91,24,0.05,NONE,156
4,67.0,91,24,0.05,NONE,150
4,67.0,91,24,0.05,NONE,150
4,67.0,91,24,0.05,NONE,156
4,67.0,91,24,0.05,NONE,150
4,67.0,91,24,0.05,NONE,150
4,67.0,91,24,0.05,NONE,150
4,67.0,91,24,0.05,NONE,156
4,67.0,91,24,0.05,NONE,156
4,67.0,91,24,0.05,NONE,156
4,67.0,91,24,0.05,NONE,150
4,67.0,91,24,0.05,NONE,156
4,67.0,91,24,0.05,NONE,156
4,67.0,91,24,0.05,NONE,156
4,67.0,91,24,0.05,NONE,162
4,67.0,91,24,0.05,NONE,156
4,67.0,91,24,0.05,NONE,150
4,67.0,91,24,0.05,NONE,150
4,67.0,91,24,0.05,NONE,156
4,67.0,91,24,0.05,NONE,156
4,67.0,91,24,0.05,NONE,156
4,67.0,91,24,0.05,NONE,156
4,67.0,91,24,0.05,NONE,156
4,67.0,91,24,0.05,NONE,156
4,67.0,91,24,0.05,NONE,156
4,67.0,91,24,0.05,NONE,156
4,67.0,91,24,0.05,NONE,162
4,67.0,91,24,0.05,NONE,156
4,67.0,91,24,0.05,NONE,150
4,67.0,91,24,0.05,NONE,144
4,67.0,91,24,0.05,NONE,138
4,67.0,91,24,0.05,NONE,132
4,67.0,91,24,0.05,NONE,126
4,67.0,91,24,0.05,NONE,120
4,67.0,91,24,0.05,NONE,114
4,67.0,91,24,0.05,NONE,120
4,67.0,91,24,0.05,NONE,114
4,67.0,91,24,0.05,NONE,120
4,67.0,91,24,0.05,NONE,126
4,67.0,91,24,0.05,NONE,132
4,67.0,91,24,0.05,NONE,138
4,67.0,91,24,0.05,NONE,144
4,67.0,91,24,0.05,NONE,150
4,67.0,91,24,0.05,NONE,156
4,67.0,91,24,0.05,NONE,156
4,67.0,91,24,0.05,NONE,156
4,67.0,91,24,0.05,NONE,156
4,67.0,91,24,0.05,NONE,156
4,67.0,91,24,0.05,NONE,156
4,67.0,91,24,0.05,NONE,150
4,67.0,91,24,0.05,NONE,144
4,67.0,91,24,0.05,NONE,138
4,67.0,91,24,0.05,NONE,132
4,67.0,91,24,0.05,NONE,138
4,67.0,91,24,0.05,NONE,144
4,67.0,91,24,0.05,NONE,138
4,67.0,91,24,0.05,NONE,132
4,67.0,91,24,0.05,NONE,126
4,67.0,91,24,0.05,NONE,132
4,67.0,91,24,0.05,NONE,138
4,67.0,91,24,0.05,NONE,144
4,67.0,91,24,0.05,NONE,144
4,67.0,91,24,0.05,NONE,150
4,67.0,91,24,0.05,NONE,156
4,67.0,91,24,0.05,NONE,156
4,67.0,91,24,0.05,NONE,162
4,67.0,91,24,0.05,NONE,168
4,67.0,91,24,0.05,NONE,174
4,67.0,91,24,0.05,NONE,180
4,67.0,91,24,0.05,NONE,186
4,67.0,91,24,0.05,NONE,192
4,67.0,91,24,0.05,NONE,198
4,67.0,91,24,0.05,NONE,204
4,67.0,91,24,0.05,NONE,210
4,67.0,91,24,0.05,NONE,216
4,67.0,91,24,0.05,NONE,222
4,67.0,91,24,0.05,NONE,228
4,67.0,91,24,0.05,NONE,234
4,67.0,91,24,0.05,NONE,240
4,67.0,91,24,0.05,NONE,240
4,67.0,91,24,0.05,NONE,240
4,67.0,91,24,0.05,NONE,240
4,67.0,91,24,0.05,NONE,240
4,67.0,91,24,0.05,NONE,246
4,67.0,91,24,0.05,NONE,252
4,67.0,91,24,0.05,NONE,252
4,67.0,91,24,0.05,NONE,252
4,67.0,91,24,0.05,NONE,258
4,67.0,91,24,0.05,NONE,264
4,67.0,91,24,0.05,NONE,258
4,67.0,91,24,0.05,NONE,264
4,67.0,91,24,0.05,NONE,264
4,67.0,91,24,0.05,NONE,264
4,67.0,91,24,0.05,NONE,270
4,67.0,91,24,0.05,NONE,276
4,67.0,91,24,0.05,NONE,276
4,67.0,91,24,0.05,NONE,282
4,67.0,91,24,0.05,NONE,276
4,67.0,91,24,0.05,NONE,270
4,67.0,91,24,0.05,NONE,264
4,67.0,91,24,0.05,NONE,258
4,67.0,91,24,0.05,NONE,264
4,67.0,91,24,0.05,NONE,264
4,67.0,91,24,0.05,NONE,264
4,67.0,91,24,0.05,NONE,270
4,67.0,91,24,0.05,NONE,276
4,68.0,92,24,0.05,NONE,282
4,68.0,92,24,0.05,NONE,276
4,68.0,92,24,0.05,NONE,270
4,68.0,92,24,0.05,NONE,264
4,68.0,92,24,0.05,NONE,258
4,68.0,92,24,0.05,NONE,258
4,68.0,92,24,0.05,NONE,252
4,68.0,92,24,0.05,NONE,246
4,68.0,92,24,0.05,NONE,240
4,68.0,92,24,0.05,NONE,234
4,68.0,92,24,0.05,NONE,228
4,68.0,92,24,0.05,NONE,222
4,68.0,92,24,0.05,NONE,216
4,68.0,92,24,0.05,NONE,210
4,68.0,92,24,0.05,NONE,216
4,68.0,92,24,0.05,NONE,210
4,68.0,92,24,0.05,NONE,204
4,68.0,92,24,0.05,NONE,198
4,68.0,92,24,0.05,NONE,192
4,68.0,92,24,0.05,NONE,186
4,68.0,92,24,0.05,NONE,180
4,68.0,92,24,0.05,NONE,174
4,68.0,92,24,0.05,NONE,168
4,68.0,92,24,0.05,NONE,162
4,68.0,92,24,0.05,NONE,156
4,68.0,92,24,0.05,NONE,150
4,68.0,92,24,0.05,NONE,144
4,68.0,92,24,0.05,NONE,138
4,68.0,92,24,0.05,NONE,132
4,68.0,92,24,0.05,NONE,132
4,68.0,92,24,0.05,NONE,126
4,68.0,92,24,0.05,NONE,120
4,68.0,92,24,0.05,NONE,114
4,68.0,92,24,0.05,NONE,108
4,68.0,92,24,0.05,NONE,102
4,68.0,92,24,0.05,NONE,96
4,68.0,92,24,0.05,NONE,90
4,68.0,92,24,0.05,NONE,84
4,68.0,92,24,0.05,NONE,78
4,68.0,92,24,0.05,NONE,78
4,68.0,92,24,0.05,NONE,72
4,68.0,92,24,0.05,NONE,66
4,68.0,92,24,0.05,NONE,60
4,68.0,92,24,0.05,NONE,54
4,68.0,92,24,0.05,NONE,48
4,68.0,92,24,0.05,NONE,42
4,68.0,92,24,0.05,NONE,36
4,68.0,92,24,0.05,NONE,30
4,68.0,92,24,0.05,NONE,24
4,68.0,92,24,0.05,NONE,18
4,68.0,92,24,0.05,NONE,12
4,68.0,92,24,0.05,NONE,6
4,68.0,92,24,0.05,NONE,0
4,68.0,92,24,0.05,NONE,0
4,68.0,92,24,0.05,NONE,0
4,68.0,92,24,0.05,NONE,0
4,68.0,92,24,0.05,NONE,0
4,68.0,92,24,0.05,NONE,0
4,68.0,92,24,0.05,NONE,0
4,68.0,92,24,0.05,NONE,0
4,68.0,92,24,0.05,NONE,0
4,68.0,92,24,0.05,NONE,0
4,68.0,92,24,0.05,NONE,0
4,68.0,92,24,0.05,NONE,0
4,68.0,92,24,0.05,NONE,0
4,68.0,92,24,0.05,NONE,6
4,68.0,92,24,0.05,NONE,12
4,68.0,92,24,0.05,NONE,6
4,68.0,92,24,0.05,NONE,12
4,68.0,92,24,0.05,NONE,12
4,68.0,92,24,0.05,NONE,12
4,68.0,92,24,0.05,NONE,12
4,68.0,92,24,0.05,NONE,12
4,68.0,92,24,0.05,NONE,18
4,68.0,92,24,0.05,NONE,24
4,68.0,92,24,0.05,NONE,30
4,68.0,92,24,0.05,NONE,24
4,68.0,92,24,0.05,NONE,30
4,68.0,92,24,0.05,NONE,36
4,68.0,92,24,0.05,NONE,42
4,68.0,92,24,0.05,NONE,48
4,68.0,92,24,0.05,NONE,48
4,68.0,92,24,0.05,NONE,48
4,68.0,92,24,0.05,NONE,54
4,68.0,92,24,0.05,NONE,60
4,68.0,92,24,0.05,NONE,66
4,68.0,92,24,0.05,NONE,66
4,68.0,92,24,0.05,NONE,66
4,68.0,92,24,0.05,NONE,66
4,68.0,92,24,0.05,NONE,72
4,68.0,92,24,0.05,NONE,78
4,68.0,92,24,0.05,NONE,84
4,68.0,92,24,0.05,NONE,78
4,68.0,92,24,0.05,NONE,84
4,68.0,92,24,0.05,NONE,84
4,68.0,92,24,0.05,NONE,84
4,68.0,92,24,0.05,NONE,84
4,68.0,92,24,0.05,NONE,84
4,68.0,92,24,0.05,NONE,90
4,68.0,92,24,0.05,NONE,96
4,68.0,92,24,0.05,NONE,102
4,68.0,92,24,0.05,NONE,108
4,68.0,92,24,0.05,NONE,108
4,68.0,92,24,0.05,NONE,108
4,68.0,92,24,0.05,NONE,108
4,68.0,92,24,0.05,NONE,102
4,68.0,92,24,0.05,NONE,96
4,68.0,92,24,0.05,NONE,90
4,68.0,92,24,0.05,NONE,84
4,68.0,92,24,0.05,NONE,78
4,68.0,92,24,0.05,NONE,72
4,68.0,92,24,0.05,NONE,66
4,68.0,92,24,0.05,NONE,60
4,68.0,92,24,0.05,NONE,54
4,68.0,92,24,0.05,NONE,48
4,68.0,92,24,0.05,NONE,42
4,68.0,92,24,0.05,NONE,48
4,68.0,92,24,0.05,NONE,54
4,68.0,92,24,0.05,NONE,48
4,68.0,92,24,0.05,NONE,54
4,68.0,92,24,0.05,NONE,60
4,68.0,92,24,0.05,NONE,66
4,68.0,92,24,0.05,NONE,72
4,68.0,92,24,0.05,NONE,78
4,68.0,92,24,0.05,NONE,84
4,68.0,92,24,0.05,NONE,90
4,68.0,92,24,0.05,NONE,96
4,68.0,92,24,0.05,NONE,102
4,68.0,92,24,0.05,NONE,102
4,68.0,92,24,0.05,NONE,96
4,68.0,92,24,0.05,NONE,90
4,68.0,92,24,0.05,NONE,84
4,68.0,92,24,0.05,NONE,78
4,68.0,92,24,0.05,NONE,72
4,68.0,92,24,0.05,NONE,66
4,68.0,92,24,0.05,NONE,60
4,68.0,92,24,0.05,NONE,54
4,68.0,92,24,0.05,NONE,48
4,68.0,92,24,0.05,NONE,42
4,68.0,92,24,0.05,NONE,36
4,68.0,92,24,0.05,NONE,42
4,68.0,92,24,0.05,NONE,48
4,68.0,92,24,0.05,NONE,42
4,68.0,92,24,0.05,NONE,48
4,68.0,92,24,0.05,NONE,42
4,68.0,92,24,0.05,NONE,48
4,68.0,92,24,0.05,NONE,42
4,68.0,92,24,0.05,NONE,48
4,68.0,92,24,0.05,NONE,42
4,68.0,92,24,0.05,NONE,48
4,68.0,92,24,0.05,NONE,48
4,68.0,92,24,0.05,NONE,48
4,68.0,92,24,0.05,NONE,42
4,68.0,92,24,0.05,NONE,36
4,68.0,92,24,0.05,NONE,30
4,68.0,92,24,0.05,NONE,24
4,68.0,92,24,0.05,NONE,18
4,68.0,92,24,0.05,NONE,12
4,68.0,92,24,0.05,NONE,12
4,68.0,92,24,0.05,NONE,6
4,68.0,92,24,0.05,NONE,0
4,68.0,92,24,0.05,NONE,0
4,68.0,92,24,0.05,NONE,0
4,68.0,92,24,0.05,NONE,0
4,68.0,92,24,0.05,NONE,0
4,68.0,92,24,0.05,NONE,0
4,68.0,92,24,0.05,NONE,0
4,68.0,92,24,0.05,NONE,0
4,68.0,92,24,0.05,NONE,0
4,68.0,92,24,0.05,NONE,0
4,68.0,92,24,0.05,NONE,0
4,68.0,92,24,0.05,NONE,0
4,68.0,92,24,0.05,NONE,0
4,68.0,92,24,0.05,NONE,0
4,68.0,92,24,0.05,NONE,0
4,68.0,92,24,0.05,NONE,0
4,68.0,92,24,0.05,NONE,0
4,68.0,92,24,0.05,NONE,0
4,68.0,92,24,0.05,NONE,0
4,68.0,92,24,0.05,NONE,6
4,68.0,92,24,0.05,NONE,0
4,68.0,92,24,0.05,NONE,0
4,68.0,92,24,0.05,NONE,0
4,68.0,92,24,0.05,NONE,0
4,68.0,92,24,0.05,NONE,0
4,68.0,92,24,0.05,NONE,0
4,68.0,92,24,0.05,NONE,0
4,68.0,92,24,0.05,NONE,0
4,68.0,92,24,0.05,NONE,0
4,68.0,92,24,0.05,NONE,0
4,68.0,92,24,0.05,NONE,0
4,68.0,92,24,0.05,NONE,0
4,68.0,92,24,0.05,NONE,0
4,68.0,92,24,0.05,NONE,0
4,68.0,92,24,0.05,NONE,0
4,68.0,92,24,0.05,NONE,0
4,68.0,92,24,0.05,NONE,0
4,68.0,92,24,0.05,NONE,0
4,68.0,92,24,0.05,NONE,0
4,68.0,92,24,0.05,NONE,0
4,68.0,92,24,0.05,NONE,0
4,68.0,92,24,0.05,NONE,0
4,68.0,92,24,0.05,NONE,6
4,68.0,92,24,0.05,NONE,0
4,68.0,92,24,0.05,NONE,0
4,68.0,92,24,0.05,NONE,0
4,68.0,92,24,0.05,NONE,0
4,68.0,92,24,0.05,NONE,6
4,68.0,92,24,0.05,NONE,0
4,68.0,92,24,0.05,NONE,0
4,68.0,92,24,0.05,NONE,0
4,68.0,92,24,0.05,NONE,0
4,68.0,92,24,0.05,NONE,0
4,68.0,92,24,0.05,NONE,0
4,68.0,92,24,0.05,NONE,0
4,68.0,92,24,0.05,NONE,0
4,68.0,92,24,0.05,NONE,0
4,68.0,92,24,0.05,NONE,0
4,68.0,92,24,0.05,NONE,0
4,68.0,92,24,0.05,NONE,0
4,68.0,92,24,0.05,NONE,0
4,68.0,92,24,0.05,NONE,0
4,68.0,92,24,0.05,NONE,0
4,68.0,92,24,0.05,NONE,0
4,68.0,92,24,0.05,NONE,0
4,68.0,92,24,0.05,NONE,0
4,68.0,92,24,0.05,NONE,0
4,68.0,92,24,0.05,NONE,6
4,68.0,92,24,0.05,NONE,0
4,68.0,92,24,0.05,NONE,0
4,68.0,92,24,0.05,NONE,0
4,68.0,92,24,0.05,NONE,0
4,68.0,92,24,0.05,NONE,0
4,68.0,92,24,0.05,NONE,0
4,68.0,92,24,0.05,NONE,0
4,68.0,92,24,0.05,NONE,0
4,68.0,92,24,0.05,NONE,0
4,68.0,92,24,0.05,NONE,0
4,68.0,92,24,0.05,NONE,0
4,68.0,92,24,0.05,NONE,0
4,68.0,92,24,0.05,NONE,0
4,68.0,92,24,0.05,NONE,0
4,68.0,92,24,0.05,NONE,0
4,68.0,92,24,0.05,NONE,0
4,68.0,92,24,0.05,NONE,0
4,68.0,92,24,0.05,NONE,6
4,68.0,92,24,0.05,NONE,0
4,68.0,92,24,0.05,NONE,0
4,68.0,92,24,0.05,NONE,0
4,68.0,92,24,0.05,NONE,0
4,68.0,92,24,0.05,NONE,0
4,68.0,92,24,0.05,NONE,0
4,68.0,92,24,0.05,NONE,0
4,68.0,92,24,0.05,NONE,0
4,68.0,92,24,0.05,NONE,0
4,68.0,92,24,0.05,NONE,0
4,68.0,92,24,0.05,NONE,0
4,68.0,92,24,0.05,NONE,0
4,68.0,92,24,0.05,NONE,0
4,68.0,92,24,0.05,NONE,0
4,68.0,92,24,0.05,NONE,0
4,68.0,92,24,0.05,NONE,0
4,68.0,92,24,0.05,NONE,0
4,68.0,92,24,0.05,NONE,0
4,68.0,92,24,0.05,NONE,0
4,68.0,92,24,0.05,NONE,0
4,68.0,92,24,0.05,NONE,0
4,68.0,92,24,0.05,NONE,0
4,68.0,92,24,0.05,NONE,0
4,68.0,92,24,0.05,NONE,0
4,68.0,92,24,0.05,NONE,0
4,68.0,92,24,0.05,NONE,0
4,68.0,92,24,0.05,NONE,0
4,68.0,92,24,0.05,NONE,0
4,68.0,92,24,0.05,NONE,0
4,68.0,92,24,0.05,NONE,0
4,68.0,92,24,0.05,NONE,0
4,68.0,92,24,0.05,NONE,0
4,68.0,92,24,0.05,NONE,0
4,68.0,92,24,0.05,NONE,0
4,68.0,92,24,0.05,NONE,0
4,68.0,92,24,0.05,NONE,0
4,68.0,92,24,0.05,NONE,0
4,68.0,92,24,0.05,NONE,0
4,68.0,92,24,0.05,NONE,0
4,68.0,92,24,0.05,NONE,0
4,68.0,92,24,0.05,NONE,0
4,68.0,92,24,0.05,NONE,0
4,68.0,92,24,0.05,NONE,0
4,68.0,92,24,0.05,NONE,0
4,68.0,92,24,0.05,NONE,0
4,68.0,92,24,0.05,NONE,0
4,68.0,92,24,0.05,NONE,0
4,68.0,92,24,0.05,NONE,0
4,68.0,92,24,0.05,NONE,6
4,68.0,92,24,0.05,NONE,12
4,68.0,92,24,0.05,NONE,18
4,68.0,92,24,0.05,NONE,24
4,68.0,92,24,0.05,NONE,30
4,68.0,92,24,0.05,NONE,36
4,68.0,92,24,0.05,NONE,42
4,68.0,92,24,0.05,NONE,48
4,68.0,92,24,0.05,NONE,48
4,68.0,92,24,0.05,NONE,48
4,68.0,92,24,0.05,NONE,54
4,68.0,92,24,0.05,NONE,60
4,68.0,92,24,0.05,NONE,60
4,68.0,92,24,0.05,NONE,60
4,68.0,92,24,0.05,NONE,60
4,68.0,92,24,0.05,NONE,66
4,68.0,92,24,0.05,NONE,72
4,68.0,92,24,0.05,NONE,78
4,68.0,92,24,0.05,NONE,84
4,68.0,92,24,0.05,NONE,90
4,68.0,92,24,0.05,NONE,96
4,68.0,92,24,0.05,NONE,102
4,68.0,92,24,0.05,NONE,102
4,68.0,92,24,0.05,NONE,102
4,68.0,92,24,0.05,NONE,102
4,68.0,92,24,0.05,NONE,102
4,68.0,92,24,0.05,NONE,102
4,68.0,92,24,0.05,NONE,102
4,68.0,92,24,0.05,NONE,108
4,68.0,92,24,0.05,NONE,114
4,68.0,92,24,0.05,NONE,114
4,68.0,92,24,0.05,NONE,114
4,68.0,92,24,0.05,NONE,120
4,68.0,92,24,0.05,NONE,120
4,68.0,92,24,0.05,NONE,120
4,68.0,92,24,0.05,NONE,120
4,68.0,92,24,0.05,NONE,120
4,68.0,92,24,0.05,NONE,120
4,68.0,92,24,0.05,NONE,120
4,68.0,92,24,0.05,NONE,120
4,68.0,92,24,0.05,NONE,120
4,68.0,92,24,0.05,NONE,120
4,68.0,92,24,0.05,NONE,120
4,68.0,92,24,0.05,NONE,120
4,68.0,92,24,0.05,NONE,126
4,68.0,92,24,0.05,NONE,132
4,68.0,92,24,0.05,NONE,132
4,68.0,92,24,0.05,NONE,138
4,68.0,92,24,0.05,NONE,144
4,68.0,92,24,0.05,NONE,150
4,68.0,92,24,0.05,NONE,150
4,68.0,92,24,0.05,NONE,150
4,68.0,92,24,0.05,NONE,156
4,68.0,92,24,0.05,NONE,156
4,68.0,92,24,0.05,NONE,156
4,68.0,92,24,0.05,NONE,162
4,68.0,92,24,0.05,NONE,168
4,68.0,92,24,0.05,NONE,174
4,68.0,92,24,0.05,NONE,180
4,68.0,92,24,0.05,NONE,186
4,68.0,92,24,0.05,NONE,192
4,68.0,92,24,0.05,NONE,186
4,68.0,92,24,0.05,NONE,192
4,68.0,92,24,0.05,NONE,192
4,68.0,92,24,0.05,NONE,192
4,68.0,92,24,0.05,NONE,198
4,68.0,92,24,0.05,NONE,204
4,68.0,92,24,0.05,NONE,210
4,68.0,92,24,0.05,NONE,216
4,68.0,92,24,0.05,NONE,222
4,68.0,92,24,0.05,NONE,228
4,68.0,92,24,0.05,NONE,222
4,68.0,92,24,0.05,NONE,228
4,68.0,92,24,0.05,NONE,228
4,68.0,92,24,0.05,NONE,228
4,68.0,92,24,0.05,NONE,234
4,68.0,92,24,0.05,NONE,240
4,68.0,92,24,0.05,NONE,246
4,68.0,92,24,0.05,NONE,246
4,68.0,92,24,0.05,NONE,252
4,68.0,92,24,0.05,NONE,258
4,68.0,92,24,0.05,NONE,264
4,68.0,92,24,0.05,NONE,270
4,68.0,92,24,0.05,NONE,264
4,68.0,92,24,0.05,NONE,258
4,68.0,92,24,0.05,NONE,264
4,68.0,92,24,0.05,NONE,264
4,68.0,92,24,0.05,NONE,264
4,68.0,92,24,0.05,NONE,264
4,68.0,92,24,0.05,NONE,270
4,68.0,92,24,0.05,NONE,276
4,68.0,92,24,0.05,NONE,282
4,68.0,92,24,0.05,NONE,288
4,68.0,92,24,0.05,NONE,294
4,68.0,92,24,0.05,NONE,300
4,68.0,92,24,0.05,NONE,306
4,68.0,92,24,0.05,NONE,300
4,68.0,92,24,0.05,NONE,294
4,68.0,92,24,0.05,NONE,294
4,68.0,92,24,0.05,NONE,294
4,68.0,92,24,0.05,NONE,300
4,68.0,92,24,0.05,NONE,300
4,68.0,92,24,0.05,NONE,300
4,68.0,92,24,0.05,NONE,300
4,68.0,92,24,0.05,NONE,300
4,68.0,92,24,0.05,NONE,294
4,68.0,92,24,0.05,NONE,300
4,68.0,92,24,0.05,NONE,300
4,68.0,92,24,0.05,NONE,300
4,68.0,92,24,0.05,NONE,300
4,68.0,92,24,0.05,NONE,306
4,68.0,92,24,0.05,NONE,312
4,68.0,92,24,0.05,NONE,318
4,68.0,92,24,0.05,NONE,324
4,68.0,92,24,0.05,NONE,330
4,68.0,92,24,0.05,NONE,330
4,68.0,92,24,0.05,NONE,324
4,68.0,92,24,0.05,NONE,318
4,68.0,92,24,0.05,NONE,312
4,68.0,92,24,0.05,NONE,306
4,68.0,92,24,0.05,NONE,300
4,68.0,92,24,0.05,NONE,294
4,68.0,92,24,0.05,NONE,300
4,68.0,92,24,0.05,NONE,294
4,68.0,92,24,0.05,NONE,300
4,68.0,92,24,0.05,NONE,294
4,68.0,92,24,0.05,NONE,300
4,68.0,92,24,0.05,NONE,306
4,68.0,92,24,0.05,NONE,300
4,68.0,92,24,0.05,NONE,294
4,68.0,92,24,0.05,NONE,300
4,68.0,92,24,0.05,NONE,300
4,68.0,92,24,0.05,NONE,300
4,68.0,92,24,0.05,NONE,306
4,68.0,92,24,0.05,NONE,312
4,68.0,92,24,0.05,NONE,318
4,68.0,92,24,0.05,NONE,324
4,68.0,92,24,0.05,NONE,324
4,68.0,92,24,0.05,NONE,318
4,68.0,92,24,0.05,NONE,324
4,68.0,92,24,0.05,NONE,318
4,68.0,92,24,0.05,NONE,312
4,68.0,92,24,0.05,NONE,306
4,68.0,92,24,0.05,NONE,300
4,68.0,92,24,0.05,NONE,294
4,68.0,92,24,0.05,NONE,288
4,68.0,92,24,0.05,NONE,282
4,68.0,92,24,0.05,NONE,276
4,68.0,92,24,0.05,NONE,270
4,68.0,92,24,0.05,NONE,264
4,68.0,92,24,0.05,NONE,270
4,68.0,92,24,0.05,NONE,264
4,68.0,92,24,0.05,NONE,258
4,68.0,92,24,0.05,NONE,252
4,68.0,92,24,0.05,NONE,246
4,68.0,92,24,0.05,NONE,246
4,68.0,92,24,0.05,NONE,240
4,68.0,92,24,0.05,NONE,234
4,68.0,92,24,0.05,NONE,228
4,68.0,92,24,0.05,NONE,222
4,68.0,92,24,0.05,NONE,216
4,68.0,92,24,0.05,NONE,210
4,68.0,92,24,0.05,NONE,204
4,68.0,92,24,0.05,NONE,198
4,68.0,92,24,0.05,NONE,192
4,68.0,92,24,0.05,NONE,186
4,68.0,92,24,0.05,NONE,180
4,68.0,92,24,0.05,NONE,174
4,68.0,92,24,0.05,NONE,168
4,68.0,92,24,0.05,NONE,162
4,68.0,92,24,0.05,NONE,156
4,68.0,92,24,0.05,NONE,150
4,68.0,92,24,0.05,NONE,144
4,68.0,92,24,0.05,NONE,138
4,68.0,92,24,0.05,NONE,132
4,68.0,92,24,0.05,NONE,126
4,68.0,92,24,0.05,NONE,120
4,68.0,92,24,0.05,NONE,114
4,68.0,92,24,0.05,NONE,120
4,68.0,92,24,0.05,NONE,114
4,68.0,92,24,0.05,NONE,108
4,68.0,92,24,0.05,NONE,102
4,68.0,92,24,0.05,NONE,96
4,68.0,92,24,0.05,NONE,90
4,68.0,92,24,0.05,NONE,84
4,68.0,92,24,0.05,NONE,78
4,68.0,92,24,0.05,NONE,72
4,68.0,92,24,0.05,NONE,66
4,68.0,92,24,0.05,NONE,60
4,68.0,92,24,0.05,NONE,54
4,68.0,92,24,0.05,NONE,48
4,68.0,92,24,0.05,NONE,48
4,68.0,92,24,0.05,NONE,42
4,68.0,92,24,0.05,NONE,36
4,68.0,92,24,0.05,NONE,30
4,68.0,92,24,0.05,NONE,24
4,68.0,92,24,0.05,NONE,18
4,68.0,92,24,0.05,NONE,12
4,68.0,92,24,0.05,NONE,12
4,68.0,92,24,0.05,NONE,12
4,68.0,92,24,0.05,NONE,18
4,68.0,92,24,0.05,NONE,24
4,68.0,92,24,0.05,NONE,30
4,68.0,92,24,0.05,NONE,30
4,68.0,92,24,0.05,NONE,30
4,68.0,92,24,0.05,NONE,30
4,68.0,92,24,0.05,NONE,36
4,68.0,92,24,0.05,NONE,36
4,68.0,92,24,0.05,NONE,36
4,68.0,92,24,0.05,NONE,36
4,68.0,92,24,0.05,NONE,36
4,68.0,92,24,0.05,NONE,30
4,68.0,92,24,0.05,NONE,24
4,68.0,92,24,0.05,NONE,18
4,68.0,92,24,0.05,NONE,18
4,68.0,92,24,0.05,NONE,18
4,68.0,92,24,0.05,NONE,18
4,68.0,92,24,0.05,NONE,18
4,68.0,92,24,0.05,NONE,18
4,68.0,92,24,0.05,NONE,24
4,68.0,92,24,0.05,NONE,30
4,68.0,92,24,0.05,NONE,36
4,68.0,92,24,0.05,NONE,36
4,68.0,92,24,0.05,NONE,36
4,68.0,92,24,0.05,NONE,36
4,68.0,92,24,0.05,NONE,42
4,68.0,92,24,0.05,NONE,48
4,68.0,92,24,0.05,NONE,54
4,68.0,92,24,0.05,NONE,60
4,68.0,92,24,0.05,NONE,54
4,68.0,92,24,0.05,NONE,48
4,68.0,92,24,0.05,NONE,42
4,68.0,92,24,0.05,NONE,48
4,68.0,92,24,0.05,NONE,42
4,68.0,92,24,0.05,NONE,48
4,68.0,92,24,0.05,NONE,42
4,68.0,92,24,0.05,NONE,48
4,68.0,92,24,0.05,NONE,48
4,68.0,92,24,0.05,NONE,48
4,68.0,92,24,0.05,NONE,48
4,68.0,92,24,0.05,NONE,48
4,68.0,92,24,0.05,NONE,54
4,68.0,92,24,0.05,NONE,60
4,68.0,92,24,0.05,NONE,54
4,68.0,92,24,0.05,NONE,54
4,68.0,92,24,0.05,NONE,60
4,68.0,92,24,0.05,NONE,66
4,68.0,92,24,0.05,NONE,72
4,68.0,92,24,0.05,NONE,78
4,68.0,92,24,0.05,NONE,84
4,68.0,92,24,0.05,NONE,78
4,68.0,92,24,0.05,NONE,78
4,68.0,92,24,0.05,NONE,84
4,68.0,92,24,0.05,NONE,90
4,68.0,92,24,0.05,NONE,96
4,68.0,92,24,0.05,NONE,102
4,68.0,92,24,0.05,NONE,102
4,68.0,92,24,0.05,NONE,102
4,68.0,92,24,0.05,NONE,108
4,68.0,92,24,0.05,NONE,114
4,68.0,92,24,0.05,NONE,114
4,68.0,92,24,0.05,NONE,114
4,68.0,92,24,0.05,NONE,114
4,68.0,92,24,0.05,NONE,120
4,68.0,92,24,0.05,NONE,126
4,68.0,92,24,0.05,NONE,132
4,68.0,92,24,0.05,NONE,138
4,68.0,92,24,0.05,NONE,144
4,68.0,92,24,0.05,NONE,150
4,68.0,92,24,0.05,NONE,156
4,68.0,92,24,0.05,NONE,162
4,68.0,92,24,0.05,NONE,168
4,68.0,92,24,0.05,NONE,168
4,68.0,92,24,0.05,NONE,168
4,68.0,92,24,0.05,NONE,168
4,68.0,92,24,0.05,NONE,168
4,68.0,92,24,0.05,NONE,174
4,68.0,92,24,0.05,NONE,180
4,68.0,92,24,0.05,NONE,186
4,68.0,92,24,0.05,NONE,192
4,68.0,92,24,0.05,NONE,198
4,68.0,92,24,0.05,NONE,204
4,68.0,92,24,0.05,NONE,210
4,68.0,92,24,0.05,NONE,216
4,68.0,92,24,0.05,NONE,222
4,68.0,92,24,0.05,NONE,228
4,68.0,92,24,0.05,NONE,234
4,68.0,92,24,0.05,NONE,240
4,68.0,92,24,0.05,NONE,240
4,68.0,92,24,0.05,NONE,240
4,68.0,92,24,0.05,NONE,246
4,68.0,92,24,0.05,NONE,252
4,68.0,92,24,0.05,NONE,258
4,68.0,92,24,0.05,NONE,258
4,69.0,93,24,0.05,NONE,258
4,69.0,93,24,0.05,NONE,252
4,69.0,93,24,0.05,NONE,246
4,69.0,93,24,0.05,NONE,240
4,69.0,93,24,0.05,NONE,234
4,69.0,93,24,0.05,NONE,228
4,69.0,93,24,0.05,NONE,222
4,69.0,93,24,0.05,NONE,216
4,69.0,93,24,0.05,NONE,210
4,69.0,93,24,0.05,NONE,204
4,69.0,93,24,0.05,NONE,198
4,69.0,93,24,0.05,NONE,192
4,69.0,93,24,0.05,NONE,186
4,69.0,93,24,0.05,NONE,180
4,69.0,93,24,0.05,NONE,174
4,69.0,93,24,0.05,NONE,168
4,69.0,93,24,0.05,NONE,162
4,69.0,93,24,0.05,NONE,156
4,69.0,93,24,0.05,NONE,150
4,69.0,93,24,0.05,NONE,144
4,69.0,93,24,0.05,NONE,138
4,69.0,93,24,0.05,NONE,132
4,69.0,93,24,0.05,NONE,126
4,69.0,93,24,0.05,NONE,120
4,69.0,93,24,0.05,NONE,114
4,69.0,93,24,0.05,NONE,108
4,69.0,93,24,0.05,NONE,102
4,69.0,93,24,0.05,NONE,96
4,69.0,93,24,0.05,NONE,90
4,69.0,93,24,0.05,NONE,84
4,69.0,93,24,0.05,NONE,78
4,69.0,93,24,0.05,NONE,72
4,69.0,93,24,0.05,NONE,66
4,69.0,93,24,0.05,NONE,60
4,69.0,93,24,0.05,NONE,54
4,69.0,93,24,0.05,NONE,48
4,69.0,93,24,0.05,NONE,48
4,69.0,93,24,0.05,NONE,42
4,69.0,93,24,0.05,NONE,36
4,69.0,93,24,0.05,NONE,30
4,69.0,93,24,0.05,NONE,24
4,69.0,93,24,0.05,NONE,24
4,69.0,93,24,0.05,NONE,24
4,69.0,93,24,0.05,NONE,18
4,69.0,93,24,0.05,NONE,12
4,69.0,93,24,0.05,NONE,6
4,69.0,93,24,0.05,NONE,0
4,69.0,93,24,0.05,NONE,0
4,69.0,93,24,0.05,NONE,0
4,69.0,93,24,0.05,NONE,0
4,69.0,93,24,0.05,NONE,0
4,69.0,93,24,0.05,NONE,0
4,69.0,93,24,0.05,NONE,0
4,69.0,93,24,0.05,NONE,0
4,69.0,93,24,0.05,NONE,0
4,69.0,93,24,0.05,NONE,0
4,69.0,93,24,0.05,NONE,0
4,69.0,93,24,0.05,NONE,0
4,69.0,93,24,0.05,NONE,0
4,69.0,93,24,0.05,NONE,0
4,69.0,93,24,0.05,NONE,0
4,69.0,93,24,0.05,NONE,0
4,69.0,93,24,0.05,NONE,0
4,69.0,93,24,0.05,NONE,0
4,69.0,93,24,0.05,NONE,6
4,69.0,93,24,0.05,NONE,0
4,69.0,93,24,0.05,NONE,0
4,69.0,93,24,0.05,NONE,0
4,69.0,93,24,0.05,NONE,0
4,69.0,93,24,0.05,NONE,0
4,69.0,93,24,0.05,NONE,0
4,69.0,93,24,0.05,NONE,0
4,69.0,93,24,0.05,NONE,0
4,69.0,93,24,0.05,NONE,0
4,69.0,93,24,0.05,NONE,0
4,69.0,93,24,0.05,NONE,0
4,69.0,93,24,0.05,NONE,0
4,69.0,93,24,0.05,NONE,0
4,69.0,93,24,0.05,NONE,0
4,69.0,93,24,0.05,NONE,0
4,69.0,93,24,0.05,NONE,0
4,69.0,93,24,0.05,NONE,0
4,69.0,93,24,0.05,NONE,0
4,69.0,93,24,0.05,NONE,0
4,69.0,93,24,0.05,NONE,0
4,69.0,93,24,0.05,NONE,0
4,69.0,93,24,0.05,NONE,0
4,69.0,93,24,0.05,NONE,0
4,69.0,93,24,0.05,NONE,0
4,69.0,93,24,0.05,NONE,0
4,69.0,93,24,0.05,NONE,0
4,69.0,93,24,0.05,NONE,0
4,69.0,93,24,0.05,NONE,0
4,69.0,93,24,0.05,NONE,0
4,69.0,93,24,0.05,NONE,0
4,69.0,93,24,0.05,NONE,0
4,69.0,93,24,0.05,NONE,0
4,69.0,93,24,0.05,NONE,0
4,69.0,93,24,0.05,NONE,0
4,69.0,93,24,0.05,NONE,0
4,69.0,93,24,0.05,NONE,0
4,69.0,93,24,0.05,NONE,0
4,69.0,93,24,0.05,NONE,0
4,69.0,93,24,0.05,NONE,0
4,69.0,93,24,0.05,NONE,0
4,69.0,93,24,0.05,NONE,0
4,69.0,93,24,0.05,NONE,0
4,69.0,93,24,0.05,NONE,0
4,69.0,93,24,0.05,NONE,0
4,69.0,93,24,0.05,NONE,0
4,69.0,93,24,0.05,NONE,0
4,69.0,93,24,0.05,NONE,0
4,69.0,93,24,0.05,NONE,0
4,69.0,93,24,0.05,NONE,0
4,69.0,93,24,0.05,NONE,0
4,69.0,93,24,0.05,NONE,0
4,69.0,93,24,0.05,NONE,0
4,69.0,93,24,0.05,NONE,0
4,69.0,93,24,0.05,NONE,0
4,69.0,93,24,0.05,NONE,0
4,69.0,93,24,0.05,NONE,0
4,69.0,93,24,0.05,NONE,0
4,69.0,93,24,0.05,NONE,0
4,69.0,93,24,0.05,NONE,0
4,69.0,93,24,0.05,NONE,0
4,69.0,93,24,0.05,NONE,0
4,69.0,93,24,0.05,NONE,0
4,69.0,93,24,0.05,NONE,0
4,69.0,93,24,0.05,NONE,0
4,69.0,93,24,0.05,NONE,0
4,69.0,93,24,0.05,NONE,0
4,69.0,93,24,0.05,NONE,0
4,69.0,93,24,0.05,NONE,6
4,69.0,93,24,0.05,NONE,12
4,69.0,93,24,0.05,NONE,18
4,69.0,93,24,0.05,NONE,24
4,69.0,93,24,0.05,NONE,30
4,69.0,93,24,0.05,NONE,36
4,69.0,93,24,0.05,NONE,42
4,69.0,93,24,0.05,NONE,48
4,69.0,93,24,0.05,NONE,54
4,69.0,93,24,0.05,NONE,48
4,69.0,93,24,0.05,NONE,42
4,69.0,93,24,0.05,NONE,48
4,69.0,93,24,0.05,NONE,48
4,69.0,93,24,0.05,NONE,48
4,69.0,93,24,0.05,NONE,54
4,69.0,93,24,0.05,NONE,60
4,69.0,93,24,0.05,NONE,66
4,69.0,93,24,0.05,NONE,72
4,69.0,93,24,0.05,NONE,78
4,69.0,93,24,0.05,NONE,78
4,69.0,93,24,0.05,NONE,78
4,69.0,93,24,0.05,NONE,78
4,69.0,93,24,0.05,NONE,78
4,69.0,93,24,0.05,NONE,84
4,69.0,93,24,0.05,NONE,78
4,69.0,93,24,0.05,NONE,84
4,69.0,93,24,0.05,NONE,84
4,69.0,93,24,0.05,NONE,84
4,69.0,93,24,0.05,NONE,84
4,69.0,93,24,0.05,NONE,84
4,69.0,93,24,0.05,NONE,90
4,69.0,93,24,0.05,NONE,96
4,69.0,93,24,0.05,NONE,96
4,69.0,93,24,0.05,NONE,102
4,69.0,93,24,0.05,NONE,108
4,69.0,93,24,0.05,NONE,114
4,69.0,93,24,0.05,NONE,108
4,69.0,93,24,0.05,NONE,102
4,69.0,93,24,0.05,NONE,96
4,69.0,93,24,0.05,NONE,90
4,69.0,93,24,0.05,NONE,84
4,69.0,93,24,0.05,NONE,78
4,69.0,93,24,0.05,NONE,72
4,69.0,93,24,0.05,NONE,66
4,69.0,93,24,0.05,NONE,60
4,69.0,93,24,0.05,NONE,54
4,69.0,93,24,0.05,NONE,48
4,69.0,93,24,0.05,NONE,54
4,69.0,93,24,0.05,NONE,48
4,69.0,93,24,0.05,NONE,54
4,69.0,93,24,0.05,NONE,48
4,69.0,93,24,0.05,NONE,42
4,69.0,93,24,0.05,NONE,36
4,69.0,93,24,0.05,NONE,30
4,69.0,93,24,0.05,NONE,24
4,69.0,93,24,0.05,NONE,18
4,69.0,93,24,0.05,NONE,12
4,69.0,93,24,0.05,NONE,6
4,69.0,93,24,0.05,NONE,0
4,69.0,93,24,0.05,NONE,0
4,69.0,93,24,0.05,NONE,0
4,69.0,93,24,0.05,NONE,0
4,69.0,93,24,0.05,NONE,0
4,69.0,93,24,0.05,NONE,0
4,69.0,93,24,0.05,NONE,0
4,69.0,93,24,0.05,NONE,0
4,69.0,93,24,0.05,NONE,0
4,69.0,93,24,0.05,NONE,0
4,69.0,93,24,0.05,NONE,0
4,69.0,93,24,0.05,NONE,0
4,69.0,93,24,0.05,NONE,0
4,69.0,93,24,0.05,NONE,0
4,69.0,93,24,0.05,NONE,0
4,69.0,93,24,0.05,NONE,0
4,69.0,93,24,0.05,NONE,0
4,69.0,93,24,0.05,NONE,0
4,69.0,93,24,0.05,NONE,0
4,69.0,93,24,0.05,NONE,0
4,69.0,93,24,0.05,NONE,0
4,69.0,93,24,0.05,NONE,0
4,69.0,93,24,0.05,NONE,0
4,69.0,93,24,0.05,NONE,0
4,69.0,93,24,0.05,NONE,0
4,69.0,93,24,0.05,NONE,0
4,69.0,93,24,0.05,NONE,0
4,69.0,93,24,0.05,NONE,0
4,69.0,93,24,0.05,NONE,0
4,69.0,93,24,0.05,NONE,0
4,69.0,93,24,0.05,NONE,0
4,69.0,93,24,0.05,NONE,0
4,69.0,93,24,0.05,NONE,0
4,69.0,93,24,0.05,NONE,0
4,69.0,93,24,0.05,NONE,0
4,69.0,93,24,0.05,NONE,0
4,69.0,93,24,0.05,NONE,0
4,69.0,93,24,0.05,NONE,0
4,69.0,93,24,0.05,NONE,0
4,69.0,93,24,0.05,NONE,0
4,69.0,93,24,0.05,NONE,0
4,69.0,93,24,0.05,NONE,0
4,69.0,93,24,0.05,NONE,0
4,69.0,93,24,0.05,NONE,0
4,69.0,93,24,0.05,NONE,0
4,69.0,93,24,0.05,NONE,0
4,69.0,93,24,0.05,NONE,0
4,69.0,93,24,0.05,NONE,0
4,69.0,93,24,0.05,NONE,0
4,69.0,93,24,0.05,NONE,0
4,69.0,93,24,0.05,NONE,0
4,69.0,93,24,0.05,NONE,0
4,69.0,93,24,0.05,NONE,0
4,69.0,93,24,0.05,NONE,0
4,69.0,93,24,0.05,NONE,0
4,69.0,93,24,0.05,NONE,0
4,69.0,93,24,0.05,NONE,0
4,69.0,93,24,0.05,NONE,0
4,69.0,93,24,0.05,NONE,0
4,69.0,93,24,0.05,NONE,0
4,69.0,93,24,0.05,NONE,0
4,69.0,93,24,0.05,NONE,0
4,69.0,93,24,0.05,NONE,0
4,69.0,93,24,0.05,NONE,0
4,69.0,93,24,0.05,NONE,6
4,69.0,93,24,0.05,NONE,0
4,69.0,93,24,0.05,NONE,0
4,69.0,93,24,0.05,NONE,0
4,69.0,93,24,0.05,NONE,0
4,69.0,93,24,0.05,NONE,0
4,69.0,93,24,0.05,NONE,0
4,69.0,93,24,0.05,NONE,0
4,69.0,93,24,0.05,NONE,0
4,69.0,93,24,0.05,NONE,0
4,69.0,93,24,0.05,NONE,0
4,69.0,93,24,0.05,NONE,0
4,69.0,93,24,0.05,NONE,0
4,69.0,93,24,0.05,NONE,0
4,69.0,93,24,0.05,NONE,0
4,69.0,93,24,0.05,NONE,0
4,69.0,93,24,0.05,NONE,0
4,69.0,93,24,0.05,NONE,0
4,69.0,93,24,0.05,NONE,0
4,69.0,93,24,0.05,NONE,0
4,69.0,93,24,0.05,NONE,0
4,69.0,93,24,0.05,NONE,0
4,69.0,93,24,0.05,NONE,0
4,69.0,93,24,0.05,NONE,0
4,69.0,93,24,0.05,NONE,0
4,69.0,93,24,0.05,NONE,0
4,69.0,93,24,0.05,NONE,0
4,69.0,93,24,0.05,NONE,0
4,69.0,93,24,0.05,NONE,0
4,69.0,93,24,0.05,NONE,0
4,69.0,93,24,0.05,NONE,0
4,69.0,93,24,0.05,NONE,0
4,69.0,93,24,0.05,NONE,0
4,69.0,93,24,0.05,NONE,0
4,69.0,93,24,0.05,NONE,0
4,69.0,93,24,0.05,NONE,0
4,69.0,93,24,0.05,NONE,0
4,69.0,93,24,0.05,NONE,0
4,69.0,93,24,0.05,NONE,0
4,69.0,93,24,0.05,NONE,0
4,69.0,93,24,0.05,NONE,0
4,69.0,93,24,0.05,NONE,0
4,69.0,93,24,0.05,NONE,0
4,69.0,93,24,0.05,NONE,0
4,69.0,93,24,0.05,NONE,0
4,69.0,93,24,0.05,NONE,0
4,69.0,93,24,0.05,NONE,0
4,69.0,93,24,0.05,NONE,0
4,69.0,93,24,0.05,NONE,0
4,69.0,93,24,0.05,NONE,0
4,69.0,93,24,0.05,NONE,0
4,69.0,93,24,0.05,NONE,0
4,69.0,93,24,0.05,NONE,0
4,69.0,93,24,0.05,NONE,0
4,69.0,93,24,0.05,NONE,0
4,69.0,93,24,0.05,NONE,0
4,69.0,93,24,0.05,NONE,0
4,69.0,93,24,0.05,NONE,0
4,69.0,93,24,0.05,NONE,0
4,69.0,93,24,0.05,NONE,0
4,69.0,93,24,0.05,NONE,0
4,69.0,93,24,0.05,NONE,0
4,69.0,93,24,0.05,NONE,0
4,69.0,93,24,0.05,NONE,0
4,69.0,93,24,0.05,NONE,6
4,69.0,93,24,0.05,NONE,12
4,69.0,93,24,0.05,NONE,18
4,69.0,93,24,0.05,NONE,18
4,69.0,93,24,0.05,NONE,18
4,69.0,93,24,0.05,NONE,18
4,69.0,93,24,0.05,NONE,18
4,69.0,93,24,0.05,NONE,18
4,69.0,93,24,0.05,NONE,18
4,69.0,93,24,0.05,NONE,12
4,69.0,93,24,0.05,NONE,6
4,69.0,93,24,0.05,NONE,6
4,69.0,93,24,0.05,NONE,6
4,69.0,93,24,0.05,NONE,12
4,69.0,93,24,0.05,NONE,6
4,69.0,93,24,0.05,NONE,12
4,69.0,93,24,0.05,NONE,18
4,69.0,93,24,0.05,NONE,24
4,69.0,93,24,0.05,NONE,30
4,69.0,93,24,0.05,NONE,36
4,69.0,93,24,0.05,NONE,42
4,69.0,93,24,0.05,NONE,42
4,69.0,93,24,0.05,NONE,42
4,69.0,93,24,0.05,NONE,48
4,69.0,93,24,0.05,NONE,48
4,69.0,93,24,0.05,NONE,48
4,69.0,93,24,0.05,NONE,48
4,69.0,93,24,0.05,NONE,54
4,69.0,93,24,0.05,NONE,60
4,69.0,93,24,0.05,NONE,66
4,69.0,93,24,0.05,NONE,66
4,69.0,93,24,0.05,NONE,66
4,69.0,93,24,0.05,NONE,66
4,69.0,93,24,0.05,NONE,72
4,69.0,93,24,0.05,NONE,78
4,69.0,93,24,0.05,NONE,72
4,69.0,93,24,0.05,NONE,66
4,69.0,93,24,0.05,NONE,60
4,69.0,93,24,0.05,NONE,54
4,69.0,93,24,0.05,NONE,48
4,69.0,93,24,0.05,NONE,54
4,69.0,93,24,0.05,NONE,48
4,69.0,93,24,0.05,NONE,42
4,69.0,93,24,0.05,NONE,48
4,69.0,93,24,0.05,NONE,42
4,69.0,93,24,0.05,NONE,48
4,69.0,93,24,0.05,NONE,42
4,69.0,93,24,0.05,NONE,36
4,69.0,93,24,0.05,NONE,30
4,69.0,93,24,0.05,NONE,24
4,69.0,93,24,0.05,NONE,18
4,69.0,93,24,0.05,NONE,12
4,69.0,93,24,0.05,NONE,18
4,69.0,93,24,0.05,NONE,24
4,69.0,93,24,0.05,NONE,18
4,69.0,93,24,0.05,NONE,12
4,69.0,93,24,0.05,NONE,6
4,69.0,93,24,0.05,NONE,0
4,69.0,93,24,0.05,NONE,0
4,69.0,93,24,0.05,NONE,6
4,69.0,93,24,0.05,NONE,12
4,69.0,93,24,0.05,NONE,18
4,69.0,93,24,0.05,NONE,24
4,69.0,93,24,0.05,NONE,30
4,69.0,93,24,0.05,NONE,36
4,69.0,93,24,0.05,NONE,42
4,69.0,93,24,0.05,NONE,42
4,69.0,93,24,0.05,NONE,42
4,69.0,93,24,0.05,NONE,48
4,69.0,93,24,0.05,NONE,54
4,69.0,93,24,0.05,NONE,48
4,69.0,93,24,0.05,NONE,42
4,69.0,93,24,0.05,NONE,36
4,69.0,93,24,0.05,NONE,30
4,69.0,93,24,0.05,NONE,30
4,69.0,93,24,0.05,NONE,30
4,69.0,93,24,0.05,NONE,30
4,69.0,93,24,0.05,NONE,24
4,69.0,93,24,0.05,NONE,18
4,69.0,93,24,0.05,NONE,12
4,69.0,93,24,0.05,NONE,6
4,69.0,93,24,0.05,NONE,12
4,69.0,93,24,0.05,NONE,6
4,69.0,93,24,0.05,NONE,6
4,69.0,93,24,0.05,NONE,6
4,69.0,93,24,0.05,NONE,6
4,69.0,93,24,0.05,NONE,6
4,69.0,93,24,0.05,NONE,6
4,69.0,93,24,0.05,NONE,6
4,69.0,93,24,0.05,NONE,6
4,69.0,93,24,0.05,NONE,6
4,69.0,93,24,0.05,NONE,12
4,69.0,93,24,0.05,NONE,18
4,69.0,93,24,0.05,NONE,24
4,69.0,93,24,0.05,NONE,30
4,69.0,93,24,0.05,NONE,36
4,69.0,93,24,0.05,NONE,42
4,69.0,93,24,0.05,NONE,48
4,69.0,93,24,0.05,NONE,54
4,69.0,93,24,0.05,NONE,60
4,69.0,93,24,0.05,NONE,66
4,69.0,93,24,0.05,NONE,72
4,69.0,93,24,0.05,NONE,72
4,69.0,93,24,0.05,NONE,66
4,69.0,93,24,0.05,NONE,60
4,69.0,93,24,0.05,NONE,54
4,69.0,93,24,0.05,NONE,48
4,69.0,93,24,0.05,NONE,42
4,69.0,93,24,0.05,NONE,48
4,69.0,93,24,0.05,NONE,54
4,69.0,93,24,0.05,NONE,60
4,69.0,93,24,0.05,NONE,66
4,69.0,93,24,0.05,NONE,72
4,69.0,93,24,0.05,NONE,66
4,69.0,93,24,0.05,NONE,72
4,69.0,93,24,0.05,NONE,78
4,69.0,93,24,0.05,NONE,84
4,69.0,93,24,0.05,NONE,84
4,69.0,93,24,0.05,NONE,90
4,69.0,93,24,0.05,NONE,96
4,69.0,93,24,0.05,NONE,102
4,69.0,93,24,0.05,NONE,108
4,69.0,93,24,0.05,NONE,114
4,69.0,93,24,0.05,NONE,120
4,69.0,93,24,0.05,NONE,126
4,69.0,93,24,0.05,NONE,132
4,69.0,93,24,0.05,NONE,138
4,69.0,93,24,0.05,NONE,144
4,69.0,93,24,0.05,NONE,150
4,69.0,93,24,0.05,NONE,156
4,69.0,93,24,0.05,NONE,150
4,69.0,93,24,0.05,NONE,150
4,69.0,93,24,0.05,NONE,150
4,69.0,93,24,0.05,NONE,150
4,69.0,93,24,0.05,NONE,150
4,69.0,93,24,0.05,NONE,150
4,69.0,93,24,0.05,NONE,150
4,69.0,93,24,0.05,NONE,150
4,69.0,93,24,0.05,NONE,150
4,69.0,93,24,0.05,NONE,150
4,69.0,93,24,0.05,NONE,150
4,69.0,93,24,0.05,NONE,150
4,69.0,93,24,0.05,NONE,150
4,69.0,93,24,0.05,NONE,150
4,69.0,93,24,0.05,NONE,150
4,69.0,93,24,0.05,NONE,150
4,69.0,93,24,0.05,NONE,150
4,69.0,93,24,0.05,NONE,150
4,69.0,93,24,0.05,NONE,150
4,69.0,93,24,0.05,NONE,150
4,69.0,93,24,0.05,NONE,150
4,69.0,93,24,0.05,NONE,150
4,69.0,93,24,0.05,NONE,150
4,69.0,93,24,0.05,NONE,156
4,69.0,93,24,0.05,NONE,150
4,69.0,93,24,0.05,NONE,156
4,69.0,93,24,0.05,NONE,162
4,69.0,93,24,0.05,NONE,156
4,69.0,93,24,0.05,NONE,150
4,69.0,93,24,0.05,NONE,156
4,69.0,93,24,0.05,NONE,150
4,69.0,93,24,0.05,NONE,156
4,69.0,93,24,0.05,NONE,150
4,69.0,93,24,0.05,NONE,156
4,69.0,93,24,0.05,NONE,150
4,69.0,93,24,0.05,NONE,144
4,69.0,93,24,0.05,NONE,138
4,69.0,93,24,0.05,NONE,132
4,69.0,93,24,0.05,NONE,126
4,69.0,93,24,0.05,NONE,120
4,69.0,93,24,0.05,NONE,114
4,69.0,93,24,0.05,NONE,108
4,69.0,93,24,0.05,NONE,102
4,69.0,93,24,0.05,NONE,96
4,69.0,93,24,0.05,NONE,90
4,69.0,93,24,0.05,NONE,84
4,69.0,93,24,0.05,NONE,78
4,69.0,93,24,0.05,NONE,84
4,69.0,93,24,0.05,NONE,78
4,69.0,93,24,0.05,NONE,84
4,69.0,93,24,0.05,NONE,78
4,69.0,93,24,0.05,NONE,84
4,69.0,93,24,0.05,NONE,78
4,69.0,93,24,0.05,NONE,84
4,69.0,93,24,0.05,NONE,78
4,69.0,93,24,0.05,NONE,84
4,69.0,93,24,0.05,NONE,78
4,69.0,93,24,0.05,NONE,84
4,69.0,93,24,0.05,NONE,78
4,69.0,93,24,0.05,NONE,84
4,69.0,93,24,0.05,NONE,78
4,69.0,93,24,0.05,NONE,84
4,69.0,93,24,0.05,NONE,78
4,69.0,93,24,0.05,NONE,84
4,69.0,93,24,0.05,NONE,78
4,69.0,93,24,0.05,NONE,84
4,69.0,93,24,0.05,NONE,78
4,69.0,93,24,0.05,NONE,84
4,69.0,93,24,0.05,NONE,78
4,69.0,93,24,0.05,NONE,84
4,69.0,93,24,0.05,NONE,78
4,69.0,93,24,0.05,NONE,72
4,69.0,93,24,0.05,NONE,66
4,69.0,93,24,0.05,NONE,60
4,69.0,93,24,0.05,NONE,54
4,69.0,93,24,0.05,NONE,48
4,69.0,93,24,0.05,NONE,42
4,69.0,93,24,0.05,NONE,48
4,69.0,93,24,0.05,NONE,42
4,69.0,93,24,0.05,NONE,48
4,69.0,93,24,0.05,NONE,42
4,69.0,93,24,0.05,NONE,48
4,69.0,93,24,0.05,NONE,42
4,69.0,93,24,0.05,NONE,48
4,69.0,93,24,0.05,NONE,54
4,69.0,93,24,0.05,NONE,60
4,69.0,93,24,0.05,NONE,66
4,69.0,93,24,0.05,NONE,60
4,69.0,93,24,0.05,NONE,60
4,69.0,93,24,0.05,NONE,60
4,69.0,93,24,0.05,NONE,66
4,69.0,93,24,0.05,NONE,72
4,69.0,93,24,0.05,NONE,78
4,69.0,93,24,0.05,NONE,84
4,69.0,93,24,0.05,NONE,78
4,69.0,93,24,0.05,NONE,84
4,69.0,93,24,0.05,NONE,90
4,69.0,93,24,0.05,NONE,96
4,69.0,93,24,0.05,NONE,102
4,69.0,93,24,0.05,NONE,108
4,69.0,93,24,0.05,NONE,114
4,69.0,93,24,0.05,NONE,120
4,69.0,93,24,0.05,NONE,114
4,69.0,93,24,0.05,NONE,114
4,69.0,93,24,0.05,NONE,114
4,69.0,93,24,0.05,NONE,108
4,69.0,93,24,0.05,NONE,102
4,69.0,93,24,0.05,NONE,96
4,69.0,93,24,0.05,NONE,90
4,69.0,93,24,0.05,NONE,84
4,69.0,93,24,0.05,NONE,84
4,69.0,93,24,0.05,NONE,84
4,69.0,93,24,0.05,NONE,84
4,69.0,93,24,0.05,NONE,78
4,69.0,93,24,0.05,NONE,84
4,69.0,93,24,0.05,NONE,84
4,69.0,93,24,0.05,NONE,84
4,69.0,93,24,0.05,NONE,84
4,69.0,93,24,0.05,NONE,84
4,69.0,93,24,0.05,NONE,90
4,69.0,93,24,0.05,NONE,96
4,69.0,93,24,0.05,NONE,102
4,69.0,93,24,0.05,NONE,108
4,69.0,93,24,0.05,NONE,114
4,69.0,93,24,0.05,NONE,108
4,69.0,93,24,0.05,NONE,114
4,69.0,93,24,0.05,NONE,120
4,69.0,93,24,0.05,NONE,114
4,69.0,93,24,0.05,NONE,120
4,69.0,93,24,0.05,NONE,114
4,69.0,93,24,0.05,NONE,120
4,69.0,93,24,0.05,NONE,114
4,69.0,93,24,0.05,NONE,120
4,69.0,93,24,0.05,NONE,126
4,69.0,93,24,0.05,NONE,132
4,69.0,93,24,0.05,NONE,138
4,69.0,93,24,0.05,NONE,144
4,69.0,93,24,0.05,NONE,150
4,69.0,93,24,0.05,NONE,156
4,69.0,93,24,0.05,NONE,162
4,69.0,93,24,0.05,NONE,168
4,69.0,93,24,0.05,NONE,174
4,69.0,93,24,0.05,NONE,180
4,69.0,93,24,0.05,NONE,186
4,69.0,93,24,0.05,NONE,192
4,69.0,93,24,0.05,NONE,186
4,69.0,93,24,0.05,NONE,192
4,69.0,93,24,0.05,NONE,192
4,69.0,93,24,0.05,NONE,192
4,69.0,93,24,0.05,NONE,192
4,69.0,93,24,0.05,NONE,192
4,69.0,93,24,0.05,NONE,198
4,69.0,93,24,0.05,NONE,204
4,69.0,93,24,0.05,NONE,204
4,69.0,93,24,0.05,NONE,204
4,69.0,93,24,0.05,NONE,210
4,69.0,93,24,0.05,NONE,216
4,69.0,93,24,0.05,NONE,222
4,68.0,93,25,0.05,NONE,228
4,68.0,93,25,0.05,NONE,234
4,68.0,93,25,0.05,NONE,228
4,68.0,93,25,0.05,NONE,222
4,68.0,93,25,0.05,NONE,222
4,68.0,93,25,0.05,NONE,216
4,68.0,93,25,0.05,NONE,210
4,68.0,93,25,0.05,NONE,204
4,68.0,93,25,0.05,NONE,198
4,68.0,93,25,0.05,NONE,192
4,68.0,93,25,0.05,NONE,186
4,68.0,93,25,0.05,NONE,180
4,68.0,93,25,0.05,NONE,174
4,68.0,93,25,0.05,NONE,168
4,68.0,93,25,0.05,NONE,162
4,68.0,93,25,0.05,NONE,156
4,68.0,93,25,0.05,NONE,150
4,68.0,93,25,0.05,NONE,144
4,68.0,93,25,0.05,NONE,138
4,68.0,93,25,0.05,NONE,132
4,68.0,93,25,0.05,NONE,126
4,68.0,93,25,0.05,NONE,120
4,68.0,93,25,0.05,NONE,114
4,68.0,93,25,0.05,NONE,108
4,68.0,93,25,0.05,NONE,102
4,68.0,93,25,0.05,NONE,108
4,68.0,93,25,0.05,NONE,102
4,68.0,93,25,0.05,NONE,96
4,68.0,93,25,0.05,NONE,90
4,68.0,93,25,0.05,NONE,84
4,68.0,93,25,0.05,NONE,78
4,68.0,93,25,0.05,NONE,72
4,68.0,93,25,0.05,NONE,66
4,68.0,93,25,0.05,NONE,60
4,68.0,93,25,0.05,NONE,54
4,68.0,93,25,0.05,NONE,48
4,68.0,93,25,0.05,NONE,42
4,68.0,93,25,0.05,NONE,36
4,68.0,93,25,0.05,NONE,30
4,68.0,93,25,0.05,NONE,24
4,68.0,93,25,0.05,NONE,18
4,68.0,93,25,0.05,NONE,12
4,68.0,93,25,0.05,NONE,12
4,68.0,93,25,0.05,NONE,6
4,68.0,93,25,0.05,NONE,0
4,68.0,93,25,0.05,NONE,0
4,68.0,93,25,0.05,NONE,0
4,68.0,93,25,0.05,NONE,0
4,68.0,93,25,0.05,NONE,0
4,68.0,93,25,0.05,NONE,0
4,68.0,93,25,0.05,NONE,0
4,68.0,93,25,0.05,NONE,0
4,68.0,93,25,0.05,NONE,0
4,68.0,93,25,0.05,NONE,0
4,68.0,93,25,0.05,NONE,0
4,68.0,93,25,0.05,NONE,0
4,68.0,93,25,0.05,NONE,0
4,68.0,93,25,0.05,NONE,0
4,68.0,93,25,0.05,NONE,0
4,68.0,93,25,0.05,NONE,0
4,68.0,93,25,0.05,NONE,0
4,68.0,93,25,0.05,NONE,0
4,68.0,93,25,0.05,NONE,0
4,68.0,93,25,0.05,NONE,0
4,68.0,93,25,0.05,NONE,0
4,68.0,93,25,0.05,NONE,0
4,68.0,93,25,0.05,NONE,0
4,68.0,93,25,0.05,NONE,0
4,68.0,93,25,0.05,NONE,0
4,68.0,93,25,0.05,NONE,0
4,68.0,93,25,0.05,NONE,0
4,68.0,93,25,0.05,NONE,0
4,68.0,93,25,0.05,NONE,0
4,68.0,93,25,0.05,NONE,0
4,68.0,93,25,0.05,NONE,0
4,68.0,93,25,0.05,NONE,0
4,68.0,93,25,0.05,NONE,0
4,68.0,93,25,0.05,NONE,0
4,68.0,93,25,0.05,NONE,0
4,68.0,93,25,0.05,NONE,0
4,68.0,93,25,0.05,NONE,0
4,68.0,93,25,0.05,NONE,0
4,68.0,93,25,0.05,NONE,0
4,68.0,93,25,0.05,NONE,0
4,68.0,93,25,0.05,NONE,6
4,68.0,93,25,0.05,NONE,12
4,68.0,93,25,0.05,NONE,12
4,68.0,93,25,0.05,NONE,12
4,68.0,93,25,0.05,NONE,12
4,68.0,93,25,0.05,NONE,12
4,68.0,93,25,0.05,NONE,6
4,68.0,93,25,0.05,NONE,12
4,68.0,93,25,0.05,NONE,12
4,68.0,93,25,0.05,NONE,12
4,68.0,93,25,0.05,NONE,12
4,68.0,93,25,0.05,NONE,12
4,68.0,93,25,0.05,NONE,18
4,68.0,93,25,0.05,NONE,24
4,68.0,93,25,0.05,NONE,30
4,68.0,93,25,0.05,NONE,36
4,68.0,93,25,0.05,NONE,42
4,68.0,93,25,0.05,NONE,48
4,68.0,93,25,0.05,NONE,54
4,68.0,93,25,0.05,NONE,60
4,68.0,93,25,0.05,NONE,66
4,68.0,93,25,0.05,NONE,72
4,68.0,93,25,0.05,NONE,78
4,68.0,93,25,0.05,NONE,84
4,68.0,93,25,0.05,NONE,84
4,68.0,93,25,0.05,NONE,84
4,68.0,93,25,0.05,NONE,84
4,68.0,93,25,0.05,NONE,84
4,68.0,93,25,0.05,NONE,90
4,68.0,93,25,0.05,NONE,96
4,68.0,93,25,0.05,NONE,102
4,68.0,93,25,0.05,NONE,102
4,68.0,93,25,0.05,NONE,108
4,68.0,93,25,0.05,NONE,114
4,68.0,93,25,0.05,NONE,120
4,68.0,93,25,0.05,NONE,126
4,68.0,93,25,0.05,NONE,120
4,68.0,93,25,0.05,NONE,114
4,68.0,93,25,0.05,NONE,114
4,68.0,93,25,0.05,NONE,114
4,68.0,93,25,0.05,NONE,120
4,68.0,93,25,0.05,NONE,120
4,68.0,93,25,0.05,NONE,120
4,68.0,93,25,0.05,NONE,126
4,68.0,93,25,0.05,NONE,126
4,68.0,93,25,0.05,NONE,120
4,68.0,93,25,0.05,NONE,114
4,68.0,93,25,0.05,NONE,114
4,68.0,93,25,0.05,NONE,114
4,68.0,93,25,0.05,NONE,114
4,68.0,93,25,0.05,NONE,114
4,68.0,93,25,0.05,NONE,120
4,68.0,93,25,0.05,NONE,114
4,68.0,93,25,0.05,NONE,120
4,68.0,93,25,0.05,NONE,120
4,68.0,93,25,0.05,NONE,120
4,68.0,93,25,0.05,NONE,126
4,68.0,93,25,0.05,NONE,120
4,68.0,93,25,0.05,NONE,114
4,68.0,93,25,0.05,NONE,114
4,68.0,93,25,0.05,NONE,114
4,68.0,93,25,0.05,NONE,114
4,68.0,93,25,0.05,NONE,114
4,68.0,93,25,0.05,NONE,120
4,68.0,93,25,0.05,NONE,126
4,68.0,93,25,0.05,NONE,132
4,68.0,93,25,0.05,NONE,138
4,68.0,93,25,0.05,NONE,144
4,68.0,93,25,0.05,NONE,150
4,68.0,93,25,0.05,NONE,156
4,68.0,93,25,0.05,NONE,162
4,68.0,93,25,0.05,NONE,168
4,68.0,93,25,0.05,NONE,174
4,68.0,93,25,0.05,NONE,180
4,68.0,93,25,0.05,NONE,180
4,68.0,93,25,0.05,NONE,180
4,68.0,93,25,0.05,NONE,180
4,68.0,93,25,0.05,NONE,186
4,68.0,93,25,0.05,NONE,192
4,68.0,93,25,0.05,NONE,198
4,68.0,93,25,0.05,NONE,204
4,68.0,93,25,0.05,NONE,210
4,68.0,93,25,0.05,NONE,210
4,68.0,93,25,0.05,NONE,210
4,68.0,93,25,0.05,NONE,216
4,68.0,93,25,0.05,NONE,222
4,68.0,93,25,0.05,NONE,228
4,68.0,93,25,0.05,NONE,234
4,68.0,93,25,0.05,NONE,228
4,68.0,93,25,0.05,NONE,222
4,68.0,93,25,0.05,NONE,222
4,68.0,93,25,0.05,NONE,228
4,68.0,93,25,0.05,NONE,234
4,68.0,93,25,0.05,NONE,240
4,68.0,93,25,0.05,NONE,246
4,68.0,93,25,0.05,NONE,252
4,68.0,93,25,0.05,NONE,258
4,68.0,93,25,0.05,NONE,264
4,68.0,93,25,0.05,NONE,264
4,68.0,93,25,0.05,NONE,258
4,68.0,93,25,0.05,NONE,264
4,68.0,93,25,0.05,NONE,264
4,68.0,93,25,0.05,NONE,264
4,68.0,93,25,0.05,NONE,270
4,68.0,93,25,0.05,NONE,264
4,68.0,93,25,0.05,NONE,258
4,68.0,93,25,0.05,NONE,258
4,68.0,93,25,0.05,NONE,258
4,68.0,93,25,0.05,NONE,252
4,68.0,93,25,0.05,NONE,252
4,68.0,93,25,0.05,NONE,252
4,68.0,93,25,0.05,NONE,252
4,68.0,93,25,0.05,NONE,252
4,68.0,93,25,0.05,NONE,252
4,68.0,93,25,0.05,NONE,252
4,68.0,93,25,0.05,NONE,252
4,68.0,93,25,0.05,NONE,246
4,68.0,93,25,0.05,NONE,240
4,68.0,93,25,0.05,NONE,234
4,68.0,93,25,0.05,NONE,228
4,68.0,93,25,0.05,NONE,222
4,68.0,93,25,0.05,NONE,228
4,68.0,93,25,0.05,NONE,222
4,68.0,93,25,0.05,NONE,228
4,68.0,93,25,0.05,NONE,222
4,68.0,93,25,0.05,NONE,228
4,68.0,93,25,0.05,NONE,234
4,68.0,93,25,0.05,NONE,228
4,68.0,93,25,0.05,NONE,222
4,68.0,93,25,0.05,NONE,216
4,68.0,93,25,0.05,NONE,210
4,68.0,93,25,0.05,NONE,204
4,68.0,93,25,0.05,NONE,198
4,68.0,93,25,0.05,NONE,192
4,68.0,93,25,0.05,NONE,186
4,68.0,93,25,0.05,NONE,186
4,68.0,93,25,0.05,NONE,186
4,68.0,93,25,0.05,NONE,186
4,68.0,93,25,0.05,NONE,186
4,68.0,93,25,0.05,NONE,180
4,68.0,93,25,0.05,NONE,174
4,68.0,93,25,0.05,NONE,168
4,68.0,93,25,0.05,NONE,162
4,68.0,93,25,0.05,NONE,156
4,68.0,93,25,0.05,NONE,150
4,68.0,93,25,0.05,NONE,150
4,68.0,93,25,0.05,NONE,150
4,68.0,93,25,0.05,NONE,150
4,68.0,93,25,0.05,NONE,150
4,68.0,93,25,0.05,NONE,150
4,68.0,93,25,0.05,NONE,150
4,68.0,93,25,0.05,NONE,150
4,68.0,93,25,0.05,NONE,150
4,68.0,93,25,0.05,NONE,150
4,68.0,93,25,0.05,NONE,150
4,68.0,93,25,0.05,NONE,150
4,68.0,93,25,0.05,NONE,150
4,68.0,93,25,0.05,NONE,150
4,68.0,93,25,0.05,NONE,150
4,68.0,93,25,0.05,NONE,150
4,68.0,93,25,0.05,NONE,144
4,68.0,93,25,0.05,NONE,144
4,68.0,93,25,0.05,NONE,150
4,68.0,93,25,0.05,NONE,156
4,68.0,93,25,0.05,NONE,150
4,68.0,93,25,0.05,NONE,156
4,68.0,93,25,0.05,NONE,150
4,68.0,93,25,0.05,NONE,156
4,68.0,93,25,0.05,NONE,150
4,68.0,93,25,0.05,NONE,156
4,68.0,93,25,0.05,NONE,150
4,68.0,93,25,0.05,NONE,156
4,68.0,93,25,0.05,NONE,150
4,68.0,93,25,0.05,NONE,156
4,68.0,93,25,0.05,NONE,150
4,68.0,93,25,0.05,NONE,144
4,68.0,93,25,0.05,NONE,138
4,68.0,93,25,0.05,NONE,132
4,68.0,93,25,0.05,NONE,126
4,68.0,93,25,0.05,NONE,120
4,68.0,93,25,0.05,NONE,114
4,68.0,93,25,0.05,NONE,108
4,68.0,93,25,0.05,NONE,102
4,68.0,93,25,0.05,NONE,96
4,68.0,93,25,0.05,NONE,90
4,68.0,93,25,0.05,NONE,84
4,68.0,93,25,0.05,NONE,90
4,68.0,93,25,0.05,NONE,84
4,68.0,93,25,0.05,NONE,78
4,68.0,93,25,0.05,NONE,84
4,68.0,93,25,0.05,NONE,78
4,68.0,93,25,0.05,NONE,84
4,68.0,93,25,0.05,NONE,78
4,68.0,93,25,0.05,NONE,84
4,68.0,93,25,0.05,NONE,78
4,68.0,93,25,0.05,NONE,84
4,68.0,93,25,0.05,NONE,78
4,68.0,93,25,0.05,NONE,84
4,68.0,93,25,0.05,NONE,78
4,68.0,93,25,0.05,NONE,84
4,68.0,93,25,0.05,NONE,78
4,68.0,93,25,0.05,NONE,84
4,68.0,93,25,0.05,NONE,78
4,68.0,93,25,0.05,NONE,84
4,68.0,93,25,0.05,NONE,78
4,68.0,93,25,0.05,NONE,84
4,68.0,93,25,0.05,NONE,78
4,68.0,93,25,0.05,NONE,84
4,68.0,93,25,0.05,NONE,78
4,68.0,93,25,0.05,NONE,84
4,68.0,93,25,0.05,NONE,84
4,68.0,93,25,0.05,NONE,84
4,68.0,93,25,0.05,NONE,90
4,68.0,93,25,0.05,NONE,96
4,68.0,93,25,0.05,NONE,102
4,68.0,93,25,0.05,NONE,102
4,68.0,93,25,0.05,NONE,108
4,68.0,93,25,0.05,NONE,108
4,68.0,93,25,0.05,NONE,108
4,68.0,93,25,0.05,NONE,108
4,68.0,93,25,0.05,NONE,114
4,68.0,93,25,0.05,NONE,120
4,68.0,93,25,0.05,NONE,120
4,68.0,93,25,0.05,NONE,114
4,68.0,93,25,0.05,NONE,120
4,68.0,93,25,0.05,NONE,120
4,68.0,93,25,0.05,NONE,120
4,68.0,93,25,0.05,NONE,120
4,68.0,93,25,0.05,NONE,120
4,68.0,93,25,0.05,NONE,120
4,68.0,93,25,0.05,NONE,120
4,68.0,93,25,0.05,NONE,114
4,68.0,93,25,0.05,NONE,120
4,68.0,93,25,0.05,NONE,120
4,68.0,93,25,0.05,NONE,120
4,68.0,93,25,0.05,NONE,120
4,68.0,93,25,0.05,NONE,120
4,68.0,93,25,0.05,NONE,120
4,68.0,93,25,0.05,NONE,120
4,68.0,93,25,0.05,NONE,126
4,68.0,93,25,0.05,NONE,132
4,68.0,93,25,0.05,NONE,138
4,68.0,93,25,0.05,NONE,144
4,68.0,93,25,0.05,NONE,150
4,68.0,93,25,0.05,NONE,156
4,68.0,93,25,0.05,NONE,156
4,68.0,93,25,0.05,NONE,156
4,68.0,93,25,0.05,NONE,156
4,68.0,93,25,0.05,NONE,162
4,68.0,93,25,0.05,NONE,168
4,68.0,93,25,0.05,NONE,174
4,68.0,93,25,0.05,NONE,180
4,68.0,93,25,0.05,NONE,186
4,68.0,93,25,0.05,NONE,192
4,68.0,93,25,0.05,NONE,198
4,68.0,93,25,0.05,NONE,192
4,68.0,93,25,0.05,NONE,186
4,68.0,93,25,0.05,NONE,192
4,68.0,93,25,0.05,NONE,192
4,68.0,93,25,0.05,NONE,192
4,68.0,93,25,0.05,NONE,198
4,68.0,93,25,0.05,NONE,204
4,68.0,93,25,0.05,NONE,210
4,68.0,93,25,0.05,NONE,216
4,68.0,93,25,0.05,NONE,222
4,68.0,93,25,0.05,NONE,222
4,68.0,93,25,0.05,NONE,216
4,68.0,93,25,0.05,NONE,210
4,68.0,93,25,0.05,NONE,204
4,68.0,93,25,0.05,NONE,198
4,68.0,93,25,0.05,NONE,192
4,68.0,93,25,0.05,NONE,186
4,68.0,93,25,0.05,NONE,186
4,68.0,93,25,0.05,NONE,186
4,68.0,93,25,0.05,NONE,192
4,68.0,93,25,0.05,NONE,186
4,68.0,93,25,0.05,NONE,192
4,68.0,93,25,0.05,NONE,198
4,68.0,93,25,0.05,NONE,204
4,68.0,93,25,0.05,NONE,210
4,68.0,93,25,0.05,NONE,216
4,68.0,93,25,0.05,NONE,222
4,68.0,93,25,0.05,NONE,228
4,68.0,93,25,0.05,NONE,222
4,68.0,93,25,0.05,NONE,228
4,68.0,93,25,0.05,NONE,234
4,68.0,93,25,0.05,NONE,234
4,68.0,93,25,0.05,NONE,234
4,68.0,93,25,0.05,NONE,228
4,68.0,93,25,0.05,NONE,222
4,68.0,93,25,0.05,NONE,222
4,68.0,93,25,0.05,NONE,222
4,68.0,93,25,0.05,NONE,222
4,68.0,93,25,0.05,NONE,222
4,68.0,93,25,0.05,NONE,222
4,68.0,93,25,0.05,NONE,222
4,68.0,93,25,0.05,NONE,222
4,68.0,93,25,0.05,NONE,222
4,68.0,93,25,0.05,NONE,222
4,68.0,93,25,0.05,NONE,222
4,68.0,93,25,0.05,NONE,228
4,68.0,93,25,0.05,NONE,234
4,68.0,93,25,0.05,NONE,240
4,68.0,93,25,0.05,NONE,234
4,68.0,93,25,0.05,NONE,228
4,68.0,93,25,0.05,NONE,222
4,68.0,93,25,0.05,NONE,222
4,68.0,93,25,0.05,NONE,216
4,68.0,93,25,0.05,NONE,210
4,68.0,93,25,0.05,NONE,204
4,68.0,93,25,0.05,NONE,198
4,68.0,93,25,0.05,NONE,192
4,68.0,93,25,0.05,NONE,198
4,68.0,93,25,0.05,NONE,204
4,68.0,93,25,0.05,NONE,210
4,68.0,93,25,0.05,NONE,216
4,68.0,93,25,0.05,NONE,222
4,68.0,93,25,0.05,NONE,228
4,68.0,93,25,0.05,NONE,234
4,68.0,93,25,0.05,NONE,240
4,68.0,93,25,0.05,NONE,246
4,68.0,93,25,0.05,NONE,246
4,68.0,93,25,0.05,NONE,252
4,68.0,93,25,0.05,NONE,258
4,68.0,93,25,0.05,NONE,264
4,68.0,93,25,0.05,NONE,270
4,68.0,93,25,0.05,NONE,276
4,68.0,93,25,0.05,NONE,282
4,68.0,93,25,0.05,NONE,288
4,68.0,93,25,0.05,NONE,288
4,68.0,93,25,0.05,NONE,288
4,68.0,93,25,0.05,NONE,288
4,68.0,93,25,0.05,NONE,294
4,68.0,93,25,0.05,NONE,300
4,68.0,93,25,0.05,NONE,306
4,68.0,93,25,0.05,NONE,312
4,68.0,93,25,0.05,NONE,318
4,68.0,93,25,0.05,NONE,324
4,68.0,93,25,0.05,NONE,330
4,68.0,93,25,0.05,NONE,330
4,68.0,93,25,0.05,NONE,330
4,68.0,93,25,0.05,NONE,330
4,68.0,93,25,0.05,NONE,330
4,68.0,93,25,0.05,NONE,330
4,68.0,93,25,0.05,NONE,336
4,68.0,93,25,0.05,NONE,330
4,68.0,93,25,0.05,NONE,330
4,68.0,93,25,0.05,NONE,330
4,68.0,93,25,0.05,NONE,324
4,68.0,93,25,0.05,NONE,318
4,68.0,93,25,0.05,NONE,312
4,68.0,93,25,0.05,NONE,306
4,68.0,93,25,0.05,NONE,300
4,68.0,93,25,0.05,NONE,294
4,68.0,93,25,0.05,NONE,300
4,68.0,93,25,0.05,NONE,294
4,68.0,93,25,0.05,NONE,300
4,69.0,94,25,0.05,NONE,294
4,69.0,94,25,0.05,NONE,288
4,69.0,94,25,0.05,NONE,282
4,69.0,94,25,0.05,NONE,276
4,69.0,94,25,0.05,NONE,270
4,69.0,94,25,0.05,NONE,270
4,69.0,94,25,0.05,NONE,264
4,69.0,94,25,0.05,NONE,258
4,69.0,94,25,0.05,NONE,252
4,69.0,94,25,0.05,NONE,246
4,69.0,94,25,0.05,NONE,240
4,69.0,94,25,0.05,NONE,234
4,69.0,94,25,0.05,NONE,228
4,69.0,94,25,0.05,NONE,222
4,69.0,94,25,0.05,NONE,216
4,69.0,94,25,0.05,NONE,210
4,69.0,94,25,0.05,NONE,204
4,69.0,94,25,0.05,NONE,198
4,69.0,94,25,0.05,NONE,192
4,69.0,94,25,0.05,NONE,186
4,69.0,94,25,0.05,NONE,180
4,69.0,94,25,0.05,NONE,174
4,69.0,94,25,0.05,NONE,168
4,69.0,94,25,0.05,NONE,162
4,69.0,94,25,0.05,NONE,156
4,69.0,94,25,0.05,NONE,150
4,69.0,94,25,0.05,NONE,144
4,69.0,94,25,0.05,NONE,138
4,69.0,94,25,0.05,NONE,132
4,69.0,94,25,0.05,NONE,126
4,69.0,94,25,0.05,NONE,120
4,69.0,94,25,0.05,NONE,114
4,69.0,94,25,0.05,NONE,108
4,69.0,94,25,0.05,NONE,102
4,69.0,94,25,0.05,NONE,96
4,69.0,94,25,0.05,NONE,96
4,69.0,94,25,0.05,NONE,90
4,69.0,94,25,0.05,NONE,84
4,69.0,94,25,0.05,NONE,78
4,69.0,94,25,0.05,NONE,72
4,69.0,94,25,0.05,NONE,66
4,69.0,94,25,0.05,NONE,60
4,69.0,94,25,0.05,NONE,54
4,69.0,94,25,0.05,NONE,48
4,69.0,94,25,0.05,NONE,42
4,69.0,94,25,0.05,NONE,36
4,69.0,94,25,0.05,NONE,30
4,69.0,94,25,0.05,NONE,24
4,69.0,94,25,0.05,NONE,18
4,69.0,94,25,0.05,NONE,12
4,69.0,94,25,0.05,NONE,6
4,69.0,94,25,0.05,NONE,6
4,69.0,94,25,0.05,NONE,6
4,69.0,94,25,0.05,NONE,12
4,69.0,94,25,0.05,NONE,6
4,69.0,94,25,0.05,NONE,12
4,69.0,94,25,0.05,NONE,12
4,69.0,94,25,0.05,NONE,12
4,69.0,94,25,0.05,NONE,18
4,69.0,94,25,0.05,NONE,24
4,69.0,94,25,0.05,NONE,30
4,69.0,94,25,0.05,NONE,36
4,69.0,94,25,0.05,NONE,42
4,69.0,94,25,0.05,NONE,36
4,69.0,94,25,0.05,NONE,42
4,69.0,94,25,0.05,NONE,36
4,69.0,94,25,0.05,NONE,42
4,69.0,94,25,0.05,NONE,48
4,69.0,94,25,0.05,NONE,42
4,69.0,94,25,0.05,NONE,48
4,69.0,94,25,0.05,NONE,48
4,69.0,94,25,0.05,NONE,48
4,69.0,94,25,0.05,NONE,54
4,69.0,94,25,0.05,NONE,60
4,69.0,94,25,0.05,NONE,54
4,69.0,94,25,0.05,NONE,48
4,69.0,94,25,0.05,NONE,42
4,69.0,94,25,0.05,NONE,48
4,69.0,94,25,0.05,NONE,48
4,69.0,94,25,0.05,NONE,48
4,69.0,94,25,0.05,NONE,54
4,69.0,94,25,0.05,NONE,60
4,69.0,94,25,0.05,NONE,66
4,69.0,94,25,0.05,NONE,66
4,69.0,94,25,0.05,NONE,66
4,69.0,94,25,0.05,NONE,66
4,69.0,94,25,0.05,NONE,72
4,69.0,94,25,0.05,NONE,78
4,69.0,94,25,0.05,NONE,84
4,69.0,94,25,0.05,NONE,90
4,69.0,94,25,0.05,NONE,96
4,69.0,94,25,0.05,NONE,102
4,69.0,94,25,0.05,NONE,108
4,69.0,94,25,0.05,NONE,114
4,69.0,94,25,0.05,NONE,120
4,69.0,94,25,0.05,NONE,126
4,69.0,94,25,0.05,NONE,132
4,69.0,94,25,0.05,NONE,138
4,69.0,94,25,0.05,NONE,138
4,69.0,94,25,0.05,NONE,138
4,69.0,94,25,0.05,NONE,138
4,69.0,94,25,0.05,NONE,144
4,69.0,94,25,0.05,NONE,150
4,69.0,94,25,0.05,NONE,150
4,69.0,94,25,0.05,NONE,150
4,69.0,94,25,0.05,NONE,156
4,69.0,94,25,0.05,NONE,162
4,69.0,94,25,0.05,NONE,156
4,69.0,94,25,0.05,NONE,150
4,69.0,94,25,0.05,NONE,156
4,69.0,94,25,0.05,NONE,156
4,69.0,94,25,0.05,NONE,156
4,69.0,94,25,0.05,NONE,162
4,69.0,94,25,0.05,NONE,168
4,69.0,94,25,0.05,NONE,174
4,69.0,94,25,0.05,NONE,180
4,69.0,94,25,0.05,NONE,186
4,69.0,94,25,0.05,NONE,192
4,69.0,94,25,0.05,NONE,192
4,69.0,94,25,0.05,NONE,186
4,69.0,94,25,0.05,NONE,180
4,69.0,94,25,0.05,NONE,174
4,69.0,94,25,0.05,NONE,168
4,69.0,94,25,0.05,NONE,162
4,69.0,94,25,0.05,NONE,156
4,69.0,94,25,0.05,NONE,150
4,69.0,94,25,0.05,NONE,150
4,69.0,94,25,0.05,NONE,150
4,69.0,94,25,0.05,NONE,156
4,69.0,94,25,0.05,NONE,156
4,69.0,94,25,0.05,NONE,150
4,69.0,94,25,0.05,NONE,150
4,69.0,94,25,0.05,NONE,150
4,69.0,94,25,0.05,NONE,144
4,69.0,94,25,0.05,NONE,138
4,69.0,94,25,0.05,NONE,132
4,69.0,94,25,0.05,NONE,126
4,69.0,94,25,0.05,NONE,120
4,69.0,94,25,0.05,NONE,114
4,69.0,94,25,0.05,NONE,108
4,69.0,94,25,0.05,NONE,108
4,69.0,94,25,0.05,NONE,102
4,69.0,94,25,0.05,NONE,96
4,69.0,94,25,0.05,NONE,90
4,69.0,94,25,0.05,NONE,84
4,69.0,94,25,0.05,NONE,78
4,69.0,94,25,0.05,NONE,78
4,69.0,94,25,0.05,NONE,78
4,69.0,94,25,0.05,NONE,84
4,69.0,94,25,0.05,NONE,78
4,69.0,94,25,0.05,NONE,84
4,69.0,94,25,0.05,NONE,84
4,69.0,94,25,0.05,NONE,78
4,69.0,94,25,0.05,NONE,72
4,69.0,94,25,0.05,NONE,66
4,69.0,94,25,0.05,NONE,72
4,69.0,94,25,0.05,NONE,66
4,69.0,94,25,0.05,NONE,60
4,69.0,94,25,0.05,NONE,54
4,69.0,94,25,0.05,NONE,48
4,69.0,94,25,0.05,NONE,42
4,69.0,94,25,0.05,NONE,36
4,69.0,94,25,0.05,NONE,30
4,69.0,94,25,0.05,NONE,24
4,69.0,94,25,0.05,NONE,24
4,69.0,94,25,0.05,NONE,18
4,69.0,94,25,0.05,NONE,12
4,69.0,94,25,0.05,NONE,6
4,69.0,94,25,0.05,NONE,0
4,69.0,94,25,0.05,NONE,0
4,69.0,94,25,0.05,NONE,0
4,69.0,94,25,0.05,NONE,0
4,69.0,94,25,0.05,NONE,0
4,69.0,94,25,0.05,NONE,0
4,69.0,94,25,0.05,NONE,0
4,69.0,94,25,0.05,NONE,0
4,69.0,94,25,0.05,NONE,0
4,69.0,94,25,0.05,NONE,0
4,69.0,94,25,0.05,NONE,0
4,69.0,94,25,0.05,NONE,0
4,69.0,94,25,0.05,NONE,0
4,69.0,94,25,0.05,NONE,6
4,69.0,94,25,0.05,NONE,0
4,69.0,94,25,0.05,NONE,0
4,69.0,94,25,0.05,NONE,0
4,69.0,94,25,0.05,NONE,0
4,69.0,94,25,0.05,NONE,0
4,69.0,94,25,0.05,NONE,0
4,69.0,94,25,0.05,NONE,0
4,69.0,94,25,0.05,NONE,0
4,69.0,94,25,0.05,NONE,0
4,69.0,94,25,0.05,NONE,0
4,69.0,94,25,0.05,NONE,0
4,69.0,94,25,0.05,NONE,0
4,69.0,94,25,0.05,NONE,0
4,69.0,94,25,0.05,NONE,0
4,69.0,94,25,0.05,NONE,0
4,69.0,94,25,0.05,NONE,0
4,69.0,94,25,0.05,NONE,0
4,69.0,94,25,0.05,NONE,0
4,69.0,94,25,0.05,NONE,0
4,69.0,94,25,0.05,NONE,0
4,69.0,94,25,0.05,NONE,0
4,69.0,94,25,0.05,NONE,0
4,69.0,94,25,0.05,NONE,0
4,69.0,94,25,0.05,NONE,0
4,69.0,94,25,0.05,NONE,0
4,69.0,94,25,0.05,NONE,0
4,69.0,94,25,0.05,NONE,0
4,69.0,94,25,0.05,NONE,0
4,69.0,94,25,0.05,NONE,0
4,69.0,94,25,0.05,NONE,0
4,69.0,94,25,0.05,NONE,0
4,69.0,94,25,0.05,NONE,0
4,69.0,94,25,0.05,NONE,0
4,69.0,94,25,0.05,NONE,0
4,69.0,94,25,0.05,NONE,0
4,69.0,94,25,0.05,NONE,0
4,69.0,94,25,0.05,NONE,0
4,69.0,94,25,0.05,NONE,0
4,69.0,94,25,0.05,NONE,0
4,69.0,94,25,0.05,NONE,0
4,69.0,94,25,0.05,NONE,0
4,69.0,94,25,0.05,NONE,0
4,69.0,94,25,0.05,NONE,0
4,69.0,94,25,0.05,NONE,0
4,69.0,94,25,0.05,NONE,0
4,69.0,94,25,0.05,NONE,0
4,69.0,94,25,0.05,NONE,0
4,69.0,94,25,0.05,NONE,0
4,69.0,94,25,0.05,NONE,0
4,69.0,94,25,0.05,NONE,0
4,69.0,94,25,0.05,NONE,0
4,69.0,94,25,0.05,NONE,0
4,69.0,94,25,0.05,NONE,0
4,69.0,94,25,0.05,NONE,0
4,69.0,94,25,0.05,NONE,6
4,69.0,94,25,0.05,NONE,0
4,69.0,94,25,0.05,NONE,0
4,69.0,94,25,0.05,NONE,0
4,69.0,94,25,0.05,NONE,0
4,69.0,94,25,0.05,NONE,0
4,69.0,94,25,0.05,NONE,0
4,69.0,94,25,0.05,NONE,0
4,69.0,94,25,0.05,NONE,0
4,69.0,94,25,0.05,NONE,0
4,69.0,94,25,0.05,NONE,0
4,69.0,94,25,0.05,NONE,0
4,69.0,94,25,0.05,NONE,0
4,69.0,94,25,0.05,NONE,0
4,69.0,94,25,0.05,NONE,0
4,69.0,94,25,0.05,NONE,0
4,69.0,94,25,0.05,NONE,0
4,69.0,94,25,0.05,NONE,0
4,69.0,94,25,0.05,NONE,0
4,69.0,94,25,0.05,NONE,0
4,69.0,94,25,0.05,NONE,0
4,69.0,94,25,0.05,NONE,0
4,69.0,94,25,0.05,NONE,0
4,69.0,94,25,0.05,NONE,0
4,69.0,94,25,0.05,NONE,0
4,69.0,94,25,0.05,NONE,0
4,69.0,94,25,0.05,NONE,0
4,69.0,94,25,0.05,NONE,0
4,69.0,94,25,0.05,NONE,0
4,69.0,94,25,0.05,NONE,0
4,69.0,94,25,0.05,NONE,0
4,69.0,94,25,0.05,NONE,0
4,69.0,94,25,0.05,NONE,0
4,69.0,94,25,0.05,NONE,0
4,69.0,94,25,0.05,NONE,0
4,69.0,94,25,0.05,NONE,0
4,69.0,94,25,0.05,NONE,0
4,69.0,94,25,0.05,NONE,0
4,69.0,94,25,0.05,NONE,0
4,69.0,94,25,0.05,NONE,0
4,69.0,94,25,0.05,NONE,0
4,69.0,94,25,0.05,NONE,0
4,69.0,94,25,0.05,NONE,0
4,69.0,94,25,0.05,NONE,0
4,69.0,94,25,0.05,NONE,0
4,69.0,94,25,0.05,NONE,0
4,69.0,94,25,0.05,NONE,0
4,69.0,94,25,0.05,NONE,0
4,69.0,94,25,0.05,NONE,0
4,69.0,94,25,0.05,NONE,6
4,69.0,94,25,0.05,NONE,12
4,69.0,94,25,0.05,NONE,6
4,69.0,94,25,0.05,NONE,12
4,69.0,94,25,0.05,NONE,12
4,69.0,94,25,0.05,NONE,12
4,69.0,94,25,0.05,NONE,18
4,69.0,94,25,0.05,NONE,12
4,69.0,94,25,0.05,NONE,6
4,69.0,94,25,0.05,NONE,12
4,69.0,94,25,0.05,NONE,18
4,69.0,94,25,0.05,NONE,12
4,69.0,94,25,0.05,NONE,18
4,69.0,94,25,0.05,NONE,24
4,69.0,94,25,0.05,NONE,30
4,69.0,94,25,0.05,NONE,36
4,69.0,94,25,0.05,NONE,42
4,69.0,94,25,0.05,NONE,48
4,69.0,94,25,0.05,NONE,48
4,69.0,94,25,0.05,NONE,48
4,69.0,94,25,0.05,NONE,54
4,69.0,94,25,0.05,NONE,60
4,69.0,94,25,0.05,NONE,60
4,69.0,94,25,0.05,NONE,60
4,69.0,94,25,0.05,NONE,60
4,69.0,94,25,0.05,NONE,66
4,69.0,94,25,0.05,NONE,72
4,69.0,94,25,0.05,NONE,78
4,69.0,94,25,0.05,NONE,78
4,69.0,94,25,0.05,NONE,84
4,69.0,94,25,0.05,NONE,84
4,69.0,94,25,0.05,NONE,84
4,69.0,94,25,0.05,NONE,84
4,69.0,94,25,0.05,NONE,90
4,69.0,94,25,0.05,NONE,90
4,69.0,94,25,0.05,NONE,96
4,69.0,94,25,0.05,NONE,102
4,69.0,94,25,0.05,NONE,102
4,69.0,94,25,0.05,NONE,102
4,69.0,94,25,0.05,NONE,108
4,69.0,94,25,0.05,NONE,102
4,69.0,94,25,0.05,NONE,108
4,69.0,94,25,0.05,NONE,114
4,69.0,94,25,0.05,NONE,108
4,69.0,94,25,0.05,NONE,102
4,69.0,94,25,0.05,NONE,108
4,69.0,94,25,0.05,NONE,114
4,69.0,94,25,0.05,NONE,120
4,69.0,94,25,0.05,NONE,114
4,69.0,94,25,0.05,NONE,120
4,69.0,94,25,0.05,NONE,114
4,69.0,94,25,0.05,NONE,120
4,69.0,94,25,0.05,NONE,114
4,69.0,94,25,0.05,NONE,114
4,69.0,94,25,0.05,NONE,120
4,69.0,94,25,0.05,NONE,126
4,69.0,94,25,0.05,NONE,132
4,69.0,94,25,0.05,NONE,138
4,69.0,94,25,0.05,NONE,144
4,69.0,94,25,0.05,NONE,144
4,69.0,94,25,0.05,NONE,144
4,69.0,94,25,0.05,NONE,144
4,69.0,94,25,0.05,NONE,150
4,69.0,94,25,0.05,NONE,156
4,69.0,94,25,0.05,NONE,162
4,69.0,94,25,0.05,NONE,168
4,69.0,94,25,0.05,NONE,174
4,69.0,94,25,0.05,NONE,180
4,69.0,94,25,0.05,NONE,186
4,69.0,94,25,0.05,NONE,180
4,69.0,94,25,0.05,NONE,174
4,69.0,94,25,0.05,NONE,168
4,69.0,94,25,0.05,NONE,162
4,69.0,94,25,0.05,NONE,156
4,69.0,94,25,0.05,NONE,150
4,69.0,94,25,0.05,NONE,156
4,69.0,94,25,0.05,NONE,162
4,69.0,94,25,0.05,NONE,162
4,69.0,94,25,0.05,NONE,168
4,69.0,94,25,0.05,NONE,168
4,69.0,94,25,0.05,NONE,168
4,69.0,94,25,0.05,NONE,168
4,69.0,94,25,0.05,NONE,168
4,69.0,94,25,0.05,NONE,162
4,69.0,94,25,0.05,NONE,162
4,69.0,94,25,0.05,NONE,162
4,69.0,94,25,0.05,NONE,162
4,69.0,94,25,0.05,NONE,168
4,69.0,94,25,0.05,NONE,174
4,69.0,94,25,0.05,NONE,180
4,69.0,94,25,0.05,NONE,186
4,69.0,94,25,0.05,NONE,192
4,69.0,94,25,0.05,NONE,198
4,69.0,94,25,0.05,NONE,204
4,69.0,94,25,0.05,NONE,210
4,69.0,94,25,0.05,NONE,216
4,69.0,94,25,0.05,NONE,222
4,69.0,94,25,0.05,NONE,228
4,69.0,94,25,0.05,NONE,228
4,69.0,94,25,0.05,NONE,228
4,69.0,94,25,0.05,NONE,234
4,69.0,94,25,0.05,NONE,240
4,69.0,94,25,0.05,NONE,246
4,69.0,94,25,0.05,NONE,252
4,69.0,94,25,0.05,NONE,252
4,69.0,94,25,0.05,NONE,246
4,69.0,94,25,0.05,NONE,246
4,69.0,94,25,0.05,NONE,246
4,69.0,94,25,0.05,NONE,252
4,69.0,94,25,0.05,NONE,258
4,69.0,94,25,0.05,NONE,258
4,69.0,94,25,0.05,NONE,258
4,69.0,94,25,0.05,NONE,264
4,69.0,94,25,0.05,NONE,270
4,69.0,94,25,0.05,NONE,276
4,69.0,94,25,0.05,NONE,282
4,69.0,94,25,0.05,NONE,288
4,69.0,94,25,0.05,NONE,294
4,69.0,94,25,0.05,NONE,300
4,69.0,94,25,0.05,NONE,306
4,69.0,94,25,0.05,NONE,312
4,69.0,94,25,0.05,NONE,318
4,69.0,94,25,0.05,NONE,324
4,69.0,94,25,0.05,NONE,330
4,69.0,94,25,0.05,NONE,324
4,69.0,94,25,0.05,NONE,318
4,69.0,94,25,0.05,NONE,312
4,69.0,94,25,0.05,NONE,306
4,69.0,94,25,0.05,NONE,300
4,69.0,94,25,0.05,NONE,294
4,69.0,94,25,0.05,NONE,300
4,69.0,94,25,0.05,NONE,294
4,69.0,94,25,0.05,NONE,300
4,69.0,94,25,0.05,NONE,294
4,69.0,94,25,0.05,NONE,300
4,69.0,94,25,0.05,NONE,294
4,69.0,94,25,0.05,NONE,300
4,69.0,94,25,0.05,NONE,300
4,69.0,94,25,0.05,NONE,300
4,69.0,94,25,0.05,NONE,300
4,69.0,94,25,0.05,NONE,300
4,69.0,94,25,0.05,NONE,300
4,69.0,94,25,0.05,NONE,300
4,69.0,94,25,0.05,NONE,306
4,69.0,94,25,0.05,NONE,312
4,69.0,94,25,0.05,NONE,318
4,69.0,94,25,0.05,NONE,324
4,69.0,94,25,0.05,NONE,318
4,69.0,94,25,0.05,NONE,312
4,69.0,94,25,0.05,NONE,306
4,69.0,94,25,0.05,NONE,300
4,69.0,94,25,0.05,NONE,294
4,69.0,94,25,0.05,NONE,288
4,69.0,94,25,0.05,NONE,282
4,69.0,94,25,0.05,NONE,276
4,69.0,94,25,0.05,NONE,270
4,69.0,94,25,0.05,NONE,264
4,69.0,94,25,0.05,NONE,258
4,69.0,94,25,0.05,NONE,264
4,69.0,94,25,0.05,NONE,270
4,69.0,94,25,0.05,NONE,264
4,69.0,94,25,0.05,NONE,258
4,69.0,94,25,0.05,NONE,252
4,69.0,94,25,0.05,NONE,246
4,69.0,94,25,0.05,NONE,240
4,69.0,94,25,0.05,NONE,234
4,69.0,94,25,0.05,NONE,228
4,69.0,94,25,0.05,NONE,222
4,69.0,94,25,0.05,NONE,216
4,69.0,94,25,0.05,NONE,210
4,69.0,94,25,0.05,NONE,204
4,69.0,94,25,0.05,NONE,198
4,69.0,94,25,0.05,NONE,192
4,69.0,94,25,0.05,NONE,186
4,69.0,94,25,0.05,NONE,180
4,69.0,94,25,0.05,NONE,174
4,69.0,94,25,0.05,NONE,168
4,69.0,94,25,0.05,NONE,162
4,69.0,94,25,0.05,NONE,156
4,69.0,94,25,0.05,NONE,150
4,69.0,94,25,0.05,NONE,144
4,69.0,94,25,0.05,NONE,138
4,69.0,94,25,0.05,NONE,132
4,69.0,94,25,0.05,NONE,126
4,69.0,94,25,0.05,NONE,120
4,69.0,94,25,0.05,NONE,114
4,69.0,94,25,0.05,NONE,108
4,69.0,94,25,0.05,NONE,102
4,69.0,94,25,0.05,NONE,96
4,69.0,94,25,0.05,NONE,90
4,69.0,94,25,0.05,NONE,84
4,69.0,94,25,0.05,NONE,78
4,69.0,94,25,0.05,NONE,72
4,69.0,94,25,0.05,NONE,66
4,69.0,94,25,0.05,NONE,60
4,69.0,94,25,0.05,NONE,54
4,69.0,94,25,0.05,NONE,48
4,69.0,94,25,0.05,NONE,42
4,69.0,94,25,0.05,NONE,48
4,69.0,94,25,0.05,NONE,42
4,69.0,94,25,0.05,NONE,42
4,69.0,94,25,0.05,NONE,48
4,69.0,94,25,0.05,NONE,42
4,69.0,94,25,0.05,NONE,48
4,69.0,94,25,0.05,NONE,48
4,69.0,94,25,0.05,NONE,48
4,69.0,94,25,0.05,NONE,54
4,69.0,94,25,0.05,NONE,48
4,69.0,94,25,0.05,NONE,42
4,69.0,94,25,0.05,NONE,42
4,69.0,94,25,0.05,NONE,42
4,69.0,94,25,0.05,NONE,42
4,69.0,94,25,0.05,NONE,42
4,69.0,94,25,0.05,NONE,36
4,69.0,94,25,0.05,NONE,30
4,69.0,94,25,0.05,NONE,24
4,69.0,94,25,0.05,NONE,30
4,69.0,94,25,0.05,NONE,36
4,69.0,94,25,0.05,NONE,42
4,69.0,94,25,0.05,NONE,48
4,69.0,94,25,0.05,NONE,54
4,69.0,94,25,0.05,NONE,60
4,69.0,94,25,0.05,NONE,66
4,69.0,94,25,0.05,NONE,72
4,69.0,94,25,0.05,NONE,78
4,69.0,94,25,0.05,NONE,84
4,69.0,94,25,0.05,NONE,84
4,69.0,94,25,0.05,NONE,84
4,69.0,94,25,0.05,NONE,84
4,69.0,94,25,0.05,NONE,84
4,69.0,94,25,0.05,NONE,84
4,69.0,94,25,0.05,NONE,84
4,69.0,94,25,0.05,NONE,84
4,69.0,94,25,0.05,NONE,84
4,69.0,94,25,0.05,NONE,84
4,69.0,94,25,0.05,NONE,84
4,69.0,94,25,0.05,NONE,84
4,69.0,94,25,0.05,NONE,84
4,69.0,94,25,0.05,NONE,90
4,69.0,94,25,0.05,NONE,96
4,69.0,94,25,0.05,NONE,102
4,69.0,94,25,0.05,NONE,102
4,69.0,94,25,0.05,NONE,102
4,69.0,94,25,0.05,NONE,102
4,69.0,94,25,0.05,NONE,102
4,69.0,94,25,0.05,NONE,96
4,69.0,94,25,0.05,NONE,102
4,69.0,94,25,0.05,NONE,108
4,69.0,94,25,0.05,NONE,108
4,69.0,94,25,0.05,NONE,108
4,69.0,94,25,0.05,NONE,102
4,69.0,94,25,0.05,NONE,96
4,69.0,94,25,0.05,NONE,90
4,69.0,94,25,0.05,NONE,84
4,69.0,94,25,0.05,NONE,78
4,69.0,94,25,0.05,NONE,84
4,69.0,94,25,0.05,NONE,78
4,69.0,94,25,0.05,NONE,84
4,69.0,94,25,0.05,NONE,78
4,69.0,94,25,0.05,NONE,84
4,69.0,94,25,0.05,NONE,78
4,69.0,94,25,0.05,NONE,84
4,69.0,94,25,0.05,NONE,84
4,69.0,94,25,0.05,NONE,84
4,69.0,94,25,0.05,NONE,84
4,69.0,94,25,0.05,NONE,84
4,69.0,94,25,0.05,NONE,84
4,69.0,94,25,0.05,NONE,84
4,69.0,94,25,0.05,NONE,84
4,69.0,94,25,0.05,NONE,84
4,69.0,94,25,0.05,NONE,84
4,69.0,94,25,0.05,NONE,84
4,69.0,94,25,0.05,NONE,84
4,69.0,94,25,0.05,NONE,78
4,69.0,94,25,0.05,NONE,72
4,69.0,94,25,0.05,NONE,66
4,69.0,94,25,0.05,NONE,60
4,69.0,94,25,0.05,NONE,54
4,69.0,94,25,0.05,NONE,48
4,69.0,94,25,0.05,NONE,42
4,69.0,94,25,0.05,NONE,42
4,69.0,94,25,0.05,NONE,42
4,69.0,94,25,0.05,NONE,42
4,69.0,94,25,0.05,NONE,42
4,69.0,94,25,0.05,NONE,42
4,69.0,94,25,0.05,NONE,36
4,69.0,94,25,0.05,NONE,30
4,69.0,94,25,0.05,NONE,24
4,69.0,94,25,0.05,NONE,18
4,69.0,94,25,0.05,NONE,12
4,69.0,94,25,0.05,NONE,6
4,69.0,94,25,0.05,NONE,12
4,69.0,94,25,0.05,NONE,12
4,69.0,94,25,0.05,NONE,12
4,69.0,94,25,0.05,NONE,12
4,69.0,94,25,0.05,NONE,6
4,69.0,94,25,0.05,NONE,6
4,69.0,94,25,0.05,NONE,12
4,69.0,94,25,0.05,NONE,18
4,69.0,94,25,0.05,NONE,24
4,69.0,94,25,0.05,NONE,30
4,69.0,94,25,0.05,NONE,30
4,69.0,94,25,0.05,NONE,30
4,69.0,94,25,0.05,NONE,30
4,69.0,94,25,0.05,NONE,30
4,69.0,94,25,0.05,NONE,30
4,69.0,94,25,0.05,NONE,36
4,69.0,94,25,0.05,NONE,42
4,69.0,94,25,0.05,NONE,48
4,69.0,94,25,0.05,NONE,42
4,69.0,94,25,0.05,NONE,42
4,69.0,94,25,0.05,NONE,42
4,69.0,94,25,0.05,NONE,48
4,69.0,94,25,0.05,NONE,54
4,69.0,94,25,0.05,NONE,60
4,69.0,94,25,0.05,NONE,66
4,69.0,94,25,0.05,NONE,72
4,69.0,94,25,0.05,NONE,78
4,69.0,94,25,0.05,NONE,72
4,69.0,94,25,0.05,NONE,66
4,69.0,94,25,0.05,NONE,60
4,68.0,94,26,0.05,NONE,66
4,68.0,94,26,0.05,NONE,60
4,68.0,94,26,0.05,NONE,54
4,68.0,94,26,0.05,NONE,48
4,68.0,94,26,0.05,NONE,42
4,68.0,94,26,0.05,NONE,36
4,68.0,94,26,0.05,NONE,30
4,68.0,94,26,0.05,NONE,24
4,68.0,94,26,0.05,NONE,24
4,68.0,94,26,0.05,NONE,18
4,68.0,94,26,0.05,NONE,12
4,68.0,94,26,0.05,NONE,6
4,68.0,94,26,0.05,NONE,0
4,68.0,94,26,0.05,NONE,0
4,68.0,94,26,0.05,NONE,0
4,68.0,94,26,0.05,NONE,0
4,68.0,94,26,0.05,NONE,0
4,68.0,94,26,0.05,NONE,0
4,68.0,94,26,0.05,NONE,0
4,68.0,94,26,0.05,NONE,0
4,68.0,94,26,0.05,NONE,0
4,68.0,94,26,0.05,NONE,0
4,68.0,94,26,0.05,NONE,0
4,68.0,94,26,0.05,NONE,0
4,68.0,94,26,0.05,NONE,0
4,68.0,94,26,0.05,NONE,0
4,68.0,94,26,0.05,NONE,0
4,68.0,94,26,0.05,NONE,0
4,68.0,94,26,0.05,NONE,0
4,68.0,94,26,0.05,NONE,0
4,68.0,94,26,0.05,NONE,0
4,68.0,94,26,0.05,NONE,0
4,68.0,94,26,0.05,NONE,0
4,68.0,94,26,0.05,NONE,0
4,68.0,94,26,0.05,NONE,0
4,68.0,94,26,0.05,NONE,0
4,68.0,94,26,0.05,NONE,0
4,68.0,94,26,0.05,NONE,0
4,68.0,94,26,0.05,NONE,0
4,68.0,94,26,0.05,NONE,0
4,68.0,94,26,0.05,NONE,0
4,68.0,94,26,0.05,NONE,0
4,68.0,94,26,0.05,NONE,0
4,68.0,94,26,0.05,NONE,0
4,68.0,94,26,0.05,NONE,0
4,68.0,94,26,0.05,NONE,0
4,68.0,94,26,0.05,NONE,0
4,68.0,94,26,0.05,NONE,0
4,68.0,94,26,0.05,NONE,0
4,68.0,94,26,0.05,NONE,0
4,68.0,94,26,0.05,NONE,0
4,68.0,94,26,0.05,NONE,0
4,68.0,94,26,0.05,NONE,0
4,68.0,94,26,0.05,NONE,0
4,68.0,94,26,0.05,NONE,0
4,68.0,94,26,0.05,NONE,0
4,68.0,94,26,0.05,NONE,0
4,68.0,94,26,0.05,NONE,0
4,68.0,94,26,0.05,NONE,0
4,68.0,94,26,0.05,NONE,0
4,68.0,94,26,0.05,NONE,6
4,68.0,94,26,0.05,NONE,0
4,68.0,94,26,0.05,NONE,0
4,68.0,94,26,0.05,NONE,0
4,68.0,94,26,0.05,NONE,0
4,68.0,94,26,0.05,NONE,0
4,68.0,94,26,0.05,NONE,0
4,68.0,94,26,0.05,NONE,0
4,68.0,94,26,0.05,NONE,0
4,68.0,94,26,0.05,NONE,0
4,68.0,94,26,0.05,NONE,0
4,68.0,94,26,0.05,NONE,0
4,68.0,94,26,0.05,NONE,0
4,68.0,94,26,0.05,NONE,0
4,68.0,94,26,0.05,NONE,6
4,68.0,94,26,0.05,NONE,12
4,68.0,94,26,0.05,NONE,12
4,68.0,94,26,0.05,NONE,12
4,68.0,94,26,0.05,NONE,12
4,68.0,94,26,0.05,NONE,12
4,68.0,94,26,0.05,NONE,12
4,68.0,94,26,0.05,NONE,12
4,68.0,94,26,0.05,NONE,18
4,68.0,94,26,0.05,NONE,18
4,68.0,94,26,0.05,NONE,24
4,68.0,94,26,0.05,NONE,30
4,68.0,94,26,0.05,NONE,36
4,68.0,94,26,0.05,NONE,42
4,68.0,94,26,0.05,NONE,48
4,68.0,94,26,0.05,NONE,48
4,68.0,94,26,0.05,NONE,48
4,68.0,94,26,0.05,NONE,48
4,68.0,94,26,0.05,NONE,48
4,68.0,94,26,0.05,NONE,48
4,68.0,94,26,0.05,NONE,54
4,68.0,94,26,0.05,NONE,60
4,68.0,94,26,0.05,NONE,60
4,68.0,94,26,0.05,NONE,60
4,68.0,94,26,0.05,NONE,60
4,68.0,94,26,0.05,NONE,60
4,68.0,94,26,0.05,NONE,60
4,68.0,94,26,0.05,NONE,60
4,68.0,94,26,0.05,NONE,60
4,68.0,94,26,0.05,NONE,60
4,68.0,94,26,0.05,NONE,60
4,68.0,94,26,0.05,NONE,60
4,68.0,94,26,0.05,NONE,66
4,68.0,94,26,0.05,NONE,72
4,68.0,94,26,0.05,NONE,72
4,68.0,94,26,0.05,NONE,72
4,68.0,94,26,0.05,NONE,72
4,68.0,94,26,0.05,NONE,72
4,68.0,94,26,0.05,NONE,78
4,68.0,94,26,0.05,NONE,84
4,68.0,94,26,0.05,NONE,90
4,68.0,94,26,0.05,NONE,96
4,68.0,94,26,0.05,NONE,102
4,68.0,94,26,0.05,NONE,108
4,68.0,94,26,0.05,NONE,108
4,68.0,94,26,0.05,NONE,108
4,68.0,94,26,0.05,NONE,108
4,68.0,94,26,0.05,NONE,108
4,68.0,94,26,0.05,NONE,108
4,68.0,94,26,0.05,NONE,114
4,68.0,94,26,0.05,NONE,120
4,68.0,94,26,0.05,NONE,126
4,68.0,94,26,0.05,NONE,132
4,68.0,94,26,0.05,NONE,138
4,68.0,94,26,0.05,NONE,144
4,68.0,94,26,0.05,NONE,150
4,68.0,94,26,0.05,NONE,150
4,68.0,94,26,0.05,NONE,150
4,68.0,94,26,0.05,NONE,150
4,68.0,94,26,0.05,NONE,150
4,68.0,94,26,0.05,NONE,150
4,68.0,94,26,0.05,NONE,156
4,68.0,94,26,0.05,NONE,162
4,68.0,94,26,0.05,NONE,168
4,68.0,94,26,0.05,NONE,168
4,68.0,94,26,0.05,NONE,168
4,68.0,94,26,0.05,NONE,162
4,68.0,94,26,0.05,NONE,162
4,68.0,94,26,0.05,NONE,162
4,68.0,94,26,0.05,NONE,168
4,68.0,94,26,0.05,NONE,174
4,68.0,94,26,0.05,NONE,180
4,68.0,94,26,0.05,NONE,186
4,68.0,94,26,0.05,NONE,192
4,68.0,94,26,0.05,NONE,198
4,68.0,94,26,0.05,NONE,192
4,68.0,94,26,0.05,NONE,186
4,68.0,94,26,0.05,NONE,192
4,68.0,94,26,0.05,NONE,186
4,68.0,94,26,0.05,NONE,186
4,68.0,94,26,0.05,NONE,186
4,68.0,94,26,0.05,NONE,192
4,68.0,94,26,0.05,NONE,192
4,68.0,94,26,0.05,NONE,192
4,68.0,94,26,0.05,NONE,192
4,68.0,94,26,0.05,NONE,192
4,68.0,94,26,0.05,NONE,192
4,68.0,94,26,0.05,NONE,198
4,68.0,94,26,0.05,NONE,204
4,68.0,94,26,0.05,NONE,204
4,68.0,94,26,0.05,NONE,204
4,68.0,94,26,0.05,NONE,210
4,68.0,94,26,0.05,NONE,216
4,68.0,94,26,0.05,NONE,216
4,68.0,94,26,0.05,NONE,216
4,68.0,94,26,0.05,NONE,216
4,68.0,94,26,0.05,NONE,216
4,68.0,94,26,0.05,NONE,222
4,68.0,94,26,0.05,NONE,228
4,68.0,94,26,0.05,NONE,228
4,68.0,94,26,0.05,NONE,228
4,68.0,94,26,0.05,NONE,234
4,68.0,94,26,0.05,NONE,240
4,68.0,94,26,0.05,NONE,246
4,68.0,94,26,0.05,NONE,252
4,68.0,94,26,0.05,NONE,258
4,68.0,94,26,0.05,NONE,264
4,68.0,94,26,0.05,NONE,270
4,68.0,94,26,0.05,NONE,276
4,68.0,94,26,0.05,NONE,282
4,68.0,94,26,0.05,NONE,288
4,68.0,94,26,0.05,NONE,288
4,68.0,94,26,0.05,NONE,282
4,68.0,94,26,0.05,NONE,282
4,68.0,94,26,0.05,NONE,282
4,68.0,94,26,0.05,NONE,282
4,68.0,94,26,0.05,NONE,282
4,68.0,94,26,0.05,NONE,282
4,68.0,94,26,0.05,NONE,288
4,68.0,94,26,0.05,NONE,294
4,68.0,94,26,0.05,NONE,300
4,68.0,94,26,0.05,NONE,300
4,68.0,94,26,0.05,NONE,294
4,68.0,94,26,0.05,NONE,300
4,68.0,94,26,0.05,NONE,300
4,68.0,94,26,0.05,NONE,306
4,68.0,94,26,0.05,NONE,300
4,68.0,94,26,0.05,NONE,294
4,68.0,94,26,0.05,NONE,288
4,68.0,94,26,0.05,NONE,282
4,68.0,94,26,0.05,NONE,276
4,68.0,94,26,0.05,NONE,270
4,68.0,94,26,0.05,NONE,264
4,68.0,94,26,0.05,NONE,258
4,68.0,94,26,0.05,NONE,252
4,68.0,94,26,0.05,NONE,246
4,68.0,94,26,0.05,NONE,240
4,68.0,94,26,0.05,NONE,234
4,68.0,94,26,0.05,NONE,228
4,68.0,94,26,0.05,NONE,222
4,68.0,94,26,0.05,NONE,216
4,68.0,94,26,0.05,NONE,210
4,68.0,94,26,0.05,NONE,204
4,68.0,94,26,0.05,NONE,198
4,68.0,94,26,0.05,NONE,192
4,68.0,94,26,0.05,NONE,186
4,68.0,94,26,0.05,NONE,186
4,68.0,94,26,0.05,NONE,186
4,68.0,94,26,0.05,NONE,186
4,68.0,94,26,0.05,NONE,180
4,68.0,94,26,0.05,NONE,174
4,68.0,94,26,0.05,NONE,168
4,68.0,94,26,0.05,NONE,162
4,68.0,94,26,0.05,NONE,156
4,68.0,94,26,0.05,NONE,150
4,68.0,94,26,0.05,NONE,150
4,68.0,94,26,0.05,NONE,150
4,68.0,94,26,0.05,NONE,150
4,68.0,94,26,0.05,NONE,150
4,68.0,94,26,0.05,NONE,150
4,68.0,94,26,0.05,NONE,150
4,68.0,94,26,0.05,NONE,150
4,68.0,94,26,0.05,NONE,150
4,68.0,94,26,0.05,NONE,150
4,68.0,94,26,0.05,NONE,150
4,68.0,94,26,0.05,NONE,144
4,68.0,94,26,0.05,NONE,144
4,68.0,94,26,0.05,NONE,144
4,68.0,94,26,0.05,NONE,144
4,68.0,94,26,0.05,NONE,144
4,68.0,94,26,0.05,NONE,144
4,68.0,94,26,0.05,NONE,144
4,68.0,94,26,0.05,NONE,150
4,68.0,94,26,0.05,NONE,156
4,68.0,94,26,0.05,NONE,150
4,68.0,94,26,0.05,NONE,156
4,68.0,94,26,0.05,NONE,150
4,68.0,94,26,0.05,NONE,156
4,68.0,94,26,0.05,NONE,150
4,68.0,94,26,0.05,NONE,156
4,68.0,94,26,0.05,NONE,150
4,68.0,94,26,0.05,NONE,156
5,68.0,94,26,0.05,NONE,150
5,68.0,94,26,0.05,NONE,156
5,68.0,94,26,0.05,NONE,150
5,68.0,94,26,0.05,NONE,144
5,68.0,94,26,0.05,NONE,138
5,68.0,94,26,0.05,NONE,132
5,68.0,94,26,0.05,NONE,126
5,68.0,94,26,0.05,NONE,120
5,68.0,94,26,0.05,NONE,114
5,68.0,94,26,0.05,NONE,108
5,68.0,94,26,0.05,NONE,102
5,68.0,94,26,0.05,NONE,96
5,68.0,94,26,0.05,NONE,90
5,68.0,94,26,0.05,NONE,84
5,68.0,94,26,0.05,NONE,78
5,68.0,94,26,0.05,NONE,84
5,68.0,94,26,0.05,NONE,78
5,68.0,94,26,0.05,NONE,84
5,68.0,94,26,0.05,NONE,78
5,68.0,94,26,0.05,NONE,84
5,68.0,94,26,0.05,NONE,78
5,68.0,94,26,0.05,NONE,84
5,68.0,94,26,0.05,NONE,78
5,68.0,94,26,0.05,NONE,84
5,68.0,94,26,0.05,NONE,78
5,68.0,94,26,0.05,NONE,84
5,68.0,94,26,0.05,NONE,78
5,68.0,94,26,0.05,NONE,84
5,68.0,94,26,0.05,NONE,78
5,68.0,94,26,0.05,NONE,84
5,68.0,94,26,0.05,NONE,78
5,68.0,94,26,0.05,NONE,84
5,68.0,94,26,0.05,NONE,78
5,68.0,94,26,0.05,NONE,84
5,68.0,94,26,0.05,NONE,78
5,68.0,94,26,0.05,NONE,72
5,68.0,94,26,0.05,NONE,78
5,68.0,94,26,0.05,NONE,84
5,68.0,94,26,0.05,NONE,90
5,68.0,94,26,0.05,NONE,96
5,68.0,94,26,0.05,NONE,96
5,68.0,94,26,0.05,NONE,96
5,68.0,94,26,0.05,NONE,102
5,68.0,94,26,0.05,NONE,108
5,68.0,94,26,0.05,NONE,114
5,68.0,94,26,0.05,NONE,120
5,68.0,94,26,0.05,NONE,120
5,68.0,94,26,0.05,NONE,114
5,68.0,94,26,0.05,NONE,120
5,68.0,94,26,0.05,NONE,120
5,68.0,94,26,0.05,NONE,126
5,68.0,94,26,0.05,NONE,132
5,68.0,94,26,0.05,NONE,132
5,68.0,94,26,0.05,NONE,132
5,68.0,94,26,0.05,NONE,132
5,68.0,94,26,0.05,NONE,138
5,68.0,94,26,0.05,NONE,144
5,68.0,94,26,0.05,NONE,150
5,68.0,94,26,0.05,NONE,150
5,68.0,94,26,0.05,NONE,150
5,68.0,94,26,0.05,NONE,150
5,68.0,94,26,0.05,NONE,150
5,68.0,94,26,0.05,NONE,150
5,68.0,94,26,0.05,NONE,150
5,68.0,94,26,0.05,NONE,150
5,68.0,94,26,0.05,NONE,144
5,68.0,94,26,0.05,NONE,144
5,68.0,94,26,0.05,NONE,144
5,68.0,94,26,0.05,NONE,144
5,68.0,94,26,0.05,NONE,150
5,68.0,94,26,0.05,NONE,156
5,68.0,94,26,0.05,NONE,162
5,68.0,94,26,0.05,NONE,168
5,68.0,94,26,0.05,NONE,174
5,68.0,94,26,0.05,NONE,180
5,68.0,94,26,0.05,NONE,180
5,68.0,94,26,0.05,NONE,180
5,68.0,94,26,0.05,NONE,180
5,68.0,94,26,0.05,NONE,186
5,68.0,94,26,0.05,NONE,192
5,68.0,94,26,0.05,NONE,192
5,68.0,94,26,0.05,NONE,192
5,68.0,94,26,0.05,NONE,192
5,68.0,94,26,0.05,NONE,198
5,68.0,94,26,0.05,NONE,204
5,68.0,94,26,0.05,NONE,210
5,68.0,94,26,0.05,NONE,210
5,68.0,94,26,0.05,NONE,210
5,68.0,94,26,0.05,NONE,216
5,68.0,94,26,0.05,NONE,222
5,68.0,94,26,0.05,NONE,228
5,68.0,94,26,0.05,NONE,234
5,68.0,94,26,0.05,NONE,228
5,68.0,94,26,0.05,NONE,228
5,68.0,94,26,0.05,NONE,222
5,68.0,94,26,0.05,NONE,216
5,68.0,94,26,0.05,NONE,210
5,68.0,94,26,0.05,NONE,204
5,68.0,94,26,0.05,NONE,198
5,68.0,94,26,0.05,NONE,192
5,68.0,94,26,0.05,NONE,186
5,68.0,94,26,0.05,NONE,192
5,68.0,94,26,0.05,NONE,186
5,68.0,94,26,0.05,NONE,192
5,68.0,94,26,0.05,NONE,192
5,68.0,94,26,0.05,NONE,198
5,68.0,94,26,0.05,NONE,204
5,68.0,94,26,0.05,NONE,210
5,68.0,94,26,0.05,NONE,216
5,68.0,94,26,0.05,NONE,216
5,68.0,94,26,0.05,NONE,216
5,68.0,94,26,0.05,NONE,222
5,68.0,94,26,0.05,NONE,222
5,68.0,94,26,0.05,NONE,222
5,68.0,94,26,0.05,NONE,222
5,68.0,94,26,0.05,NONE,228
5,68.0,94,26,0.05,NONE,228
5,68.0,94,26,0.05,NONE,228
5,68.0,94,26,0.05,NONE,234
5,68.0,94,26,0.05,NONE,234
5,68.0,94,26,0.05,NONE,240
5,68.0,94,26,0.05,NONE,246
5,68.0,94,26,0.05,NONE,252
5,68.0,94,26,0.05,NONE,258
5,68.0,94,26,0.05,NONE,264
5,68.0,94,26,0.05,NONE,258
5,68.0,94,26,0.05,NONE,264
5,68.0,94,26,0.05,NONE,264
5,68.0,94,26,0.05,NONE,264
5,68.0,94,26,0.05,NONE,258
5,68.0,94,26,0.05,NONE,252
5,68.0,94,26,0.05,NONE,246
5,68.0,94,26,0.05,NONE,252
5,68.0,94,26,0.05,NONE,258
5,68.0,94,26,0.05,NONE,252
5,68.0,94,26,0.05,NONE,246
5,68.0,94,26,0.05,NONE,240
5,68.0,94,26,0.05,NONE,246
5,68.0,94,26,0.05,NONE,252
5,68.0,94,26,0.05,NONE,258
5,68.0,94,26,0.05,NONE,252
5,68.0,94,26,0.05,NONE,246
5,68.0,94,26,0.05,NONE,240
5,68.0,94,26,0.05,NONE,234
5,68.0,94,26,0.05,NONE,228
5,68.0,94,26,0.05,NONE,222
5,68.0,94,26,0.05,NONE,228
5,68.0,94,26,0.05,NONE,234
5,68.0,94,26,0.05,NONE,240
5,68.0,94,26,0.05,NONE,246
5,68.0,94,26,0.05,NONE,252
5,68.0,94,26,0.05,NONE,258
5,68.0,94,26,0.05,NONE,264
5,68.0,94,26,0.05,NONE,264
5,68.0,94,26,0.05,NONE,264
5,68.0,94,26,0.05,NONE,270
5,68.0,94,26,0.05,NONE,276
5,68.0,94,26,0.05,NONE,282
5,68.0,94,26,0.05,NONE,282
5,68.0,94,26,0.05,NONE,282
5,68.0,94,26,0.05,NONE,282
5,68.0,94,26,0.05,NONE,288
5,68.0,94,26,0.05,NONE,294
5,68.0,94,26,0.05,NONE,300
5,68.0,94,26,0.05,NONE,306
5,68.0,94,26,0.05,NONE,312
5,68.0,94,26,0.05,NONE,318
5,68.0,94,26,0.05,NONE,324
5,68.0,94,26,0.05,NONE,330
5,68.0,94,26,0.05,NONE,336
5,68.0,94,26,0.05,NONE,336
5,68.0,94,26,0.05,NONE,336
5,68.0,94,26,0.05,NONE,336
5,68.0,94,26,0.05,NONE,342
5,68.0,94,26,0.05,NONE,348
5,68.0,94,26,0.05,NONE,354
5,68.0,94,26,0.05,NONE,354
5,68.0,94,26,0.05,NONE,348
5,68.0,94,26,0.05,NONE,342
5,68.0,94,26,0.05,NONE,336
5,68.0,94,26,0.05,NONE,330
5,68.0,94,26,0.05,NONE,324
5,68.0,94,26,0.05,NONE,318
5,68.0,94,26,0.05,NONE,312
5,68.0,94,26,0.05,NONE,306
5,69.0,95,26,0.05,NONE,300
5,69.0,95,26,0.05,NONE,300
5,69.0,95,26,0.05,NONE,294
5,69.0,95,26,0.05,NONE,300
5,69.0,95,26,0.05,NONE,300
5,69.0,95,26,0.05,NONE,294
5,69.0,95,26,0.05,NONE,288
5,69.0,95,26,0.05,NONE,282
5,69.0,95,26,0.05,NONE,276
5,69.0,95,26,0.05,NONE,270
5,69.0,95,26,0.05,NONE,264
5,69.0,95,26,0.05,NONE,264
5,69.0,95,26,0.05,NONE,258
5,69.0,95,26,0.05,NONE,252
5,69.0,95,26,0.05,NONE,246
5,69.0,95,26,0.05,NONE,240
5,69.0,95,26,0.05,NONE,234
5,69.0,95,26,0.05,NONE,228
5,69.0,95,26,0.05,NONE,222
5,69.0,95,26,0.05,NONE,216
5,69.0,95,26,0.05,NONE,210
5,69.0,95,26,0.05,NONE,216
5,69.0,95,26,0.05,NONE,210
5,69.0,95,26,0.05,NONE,204
5,69.0,95,26,0.05,NONE,198
5,69.0,95,26,0.05,NONE,192
5,69.0,95,26,0.05,NONE,186
5,69.0,95,26,0.05,NONE,186
5,69.0,95,26,0.05,NONE,180
5,69.0,95,26,0.05,NONE,174
5,69.0,95,26,0.05,NONE,168
5,69.0,95,26,0.05,NONE,162
5,69.0,95,26,0.05,NONE,156
5,69.0,95,26,0.05,NONE,150
5,69.0,95,26,0.05,NONE,144
5,69.0,95,26,0.05,NONE,138
5,69.0,95,26,0.05,NONE,132
5,69.0,95,26,0.05,NONE,126
5,69.0,95,26,0.05,NONE,132
5,69.0,95,26,0.05,NONE,126
5,69.0,95,26,0.05,NONE,120
5,69.0,95,26,0.05,NONE,114
5,69.0,95,26,0.05,NONE,108
5,69.0,95,26,0.05,NONE,102
5,69.0,95,26,0.05,NONE,96
5,69.0,95,26,0.05,NONE,90
5,69.0,95,26,0.05,NONE,96
5,69.0,95,26,0.05,NONE,90
5,69.0,95,26,0.05,NONE,84
5,69.0,95,26,0.05,NONE,78
5,69.0,95,26,0.05,NONE,78
5,69.0,95,26,0.05,NONE,72
5,69.0,95,26,0.05,NONE,66
5,69.0,95,26,0.05,NONE,60
5,69.0,95,26,0.05,NONE,54
5,69.0,95,26,0.05,NONE,48
5,69.0,95,26,0.05,NONE,42
5,69.0,95,26,0.05,NONE,48
5,69.0,95,26,0.05,NONE,48
5,69.0,95,26,0.05,NONE,48
5,69.0,95,26,0.05,NONE,54
5,69.0,95,26,0.05,NONE,60
5,69.0,95,26,0.05,NONE,60
5,69.0,95,26,0.05,NONE,60
5,69.0,95,26,0.05,NONE,60
5,69.0,95,26,0.05,NONE,60
5,69.0,95,26,0.05,NONE,60
5,69.0,95,26,0.05,NONE,60
5,69.0,95,26,0.05,NONE,60
5,69.0,95,26,0.05,NONE,60
5,69.0,95,26,0.05,NONE,60
5,69.0,95,26,0.05,NONE,60
5,69.0,95,26,0.05,NONE,60
5,69.0,95,26,0.05,NONE,60
5,69.0,95,26,0.05,NONE,54
5,69.0,95,26,0.05,NONE,48
5,69.0,95,26,0.05,NONE,54
5,69.0,95,26,0.05,NONE,60
5,69.0,95,26,0.05,NONE,54
5,69.0,95,26,0.05,NONE,48
5,69.0,95,26,0.05,NONE,42
5,69.0,95,26,0.05,NONE,48
5,69.0,95,26,0.05,NONE,48
5,69.0,95,26,0.05,NONE,54
5,69.0,95,26,0.05,NONE,60
5,69.0,95,26,0.05,NONE,60
5,69.0,95,26,0.05,NONE,60
5,69.0,95,26,0.05,NONE,60
5,69.0,95,26,0.05,NONE,66
5,69.0,95,26,0.05,NONE,72
5,69.0,95,26,0.05,NONE,78
5,69.0,95,26,0.05,NONE,78
5,69.0,95,26,0.05,NONE,78
5,69.0,95,26,0.05,NONE,84
5,69.0,95,26,0.05,NONE,90
5,69.0,95,26,0.05,NONE,96
5,69.0,95,26,0.05,NONE,102
5,69.0,95,26,0.05,NONE,102
5,69.0,95,26,0.05,NONE,102
5,69.0,95,26,0.05,NONE,102
5,69.0,95,26,0.05,NONE,108
5,69.0,95,26,0.05,NONE,114
5,69.0,95,26,0.05,NONE,120
5,69.0,95,26,0.05,NONE,120
5,69.0,95,26,0.05,NONE,120
5,69.0,95,26,0.05,NONE,126
5,69.0,95,26,0.05,NONE,132
5,69.0,95,26,0.05,NONE,132
5,69.0,95,26,0.05,NONE,132
5,69.0,95,26,0.05,NONE,132
5,69.0,95,26,0.05,NONE,138
5,69.0,95,26,0.05,NONE,138
5,69.0,95,26,0.05,NONE,138
5,69.0,95,26,0.05,NONE,138
5,69.0,95,26,0.05,NONE,138
5,69.0,95,26,0.05,NONE,138
5,69.0,95,26,0.05,NONE,144
5,69.0,95,26,0.05,NONE,150
5,69.0,95,26,0.05,NONE,156
5,69.0,95,26,0.05,NONE,156
5,69.0,95,26,0.05,NONE,156
5,69.0,95,26,0.05,NONE,156
5,69.0,95,26,0.05,NONE,156
5,69.0,95,26,0.05,NONE,162
5,69.0,95,26,0.05,NONE,168
5,69.0,95,26,0.05,NONE,168
5,69.0,95,26,0.05,NONE,174
5,69.0,95,26,0.05,NONE,180
5,69.0,95,26,0.05,NONE,186
5,69.0,95,26,0.05,NONE,180
5,69.0,95,26,0.05,NONE,174
5,69.0,95,26,0.05,NONE,168
5,69.0,95,26,0.05,NONE,162
5,69.0,95,26,0.05,NONE,156
5,69.0,95,26,0.05,NONE,150
5,69.0,95,26,0.05,NONE,144
5,69.0,95,26,0.05,NONE,138
5,69.0,95,26,0.05,NONE,132
5,69.0,95,26,0.05,NONE,126
5,69.0,95,26,0.05,NONE,120
5,69.0,95,26,0.05,NONE,126
5,69.0,95,26,0.05,NONE,120
5,69.0,95,26,0.05,NONE,114
5,69.0,95,26,0.05,NONE,114
5,69.0,95,26,0.05,NONE,114
5,69.0,95,26,0.05,NONE,114
5,69.0,95,26,0.05,NONE,120
5,69.0,95,26,0.05,NONE,120
5,69.0,95,26,0.05,NONE,120
5,69.0,95,26,0.05,NONE,126
5,69.0,95,26,0.05,NONE,132
5,69.0,95,26,0.05,NONE,138
5,69.0,95,26,0.05,NONE,138
5,69.0,95,26,0.05,NONE,132
5,69.0,95,26,0.05,NONE,126
5,69.0,95,26,0.05,NONE,120
5,69.0,95,26,0.05,NONE,114
5,69.0,95,26,0.05,NONE,108
5,69.0,95,26,0.05,NONE,102
5,69.0,95,26,0.05,NONE,96
5,69.0,95,26,0.05,NONE,90
5,69.0,95,26,0.05,NONE,84
5,69.0,95,26,0.05,NONE,78
5,69.0,95,26,0.05,NONE,72
5,69.0,95,26,0.05,NONE,78
5,69.0,95,26,0.05,NONE,72
5,69.0,95,26,0.05,NONE,66
5,69.0,95,26,0.05,NONE,60
5,69.0,95,26,0.05,NONE,54
5,69.0,95,26,0.05,NONE,48
5,69.0,95,26,0.05,NONE,42
5,69.0,95,26,0.05,NONE,36
5,69.0,95,26,0.05,NONE,30
5,69.0,95,26,0.05,NONE,24
5,69.0,95,26,0.05,NONE,18
5,69.0,95,26,0.05,NONE,12
5,69.0,95,26,0.05,NONE,6
5,69.0,95,26,0.05,NONE,0
5,69.0,95,26,0.05,NONE,0
5,69.0,95,26,0.05,NONE,0
5,69.0,95,26,0.05,NONE,0
5,69.0,95,26,0.05,NONE,0
5,69.0,95,26,0.05,NONE,0
5,69.0,95,26,0.05,NONE,0
5,69.0,95,26,0.05,NONE,0
5,69.0,95,26,0.05,NONE,0
5,69.0,95,26,0.05,NONE,0
5,69.0,95,26,0.05,NONE,0
5,69.0,95,26,0.05,NONE,0
5,69.0,95,26,0.05,NONE,0
5,69.0,95,26,0.05,NONE,0
5,69.0,95,26,0.05,NONE,0
5,69.0,95,26,0.05,NONE,0
5,69.0,95,26,0.05,NONE,0
5,69.0,95,26,0.05,NONE,0
5,69.0,95,26,0.05,NONE,0
5,69.0,95,26,0.05,NONE,0
5,69.0,95,26,0.05,NONE,0
5,69.0,95,26,0.05,NONE,0
5,69.0,95,26,0.05,NONE,0
5,69.0,95,26,0.05,NONE,0
5,69.0,95,26,0.05,NONE,0
5,69.0,95,26,0.05,NONE,0
5,69.0,95,26,0.05,NONE,0
5,69.0,95,26,0.05,NONE,0
5,69.0,95,26,0.05,NONE,0
5,69.0,95,26,0.05,NONE,0
5,69.0,95,26,0.05,NONE,0
5,69.0,95,26,0.05,NONE,0
5,69.0,95,26,0.05,NONE,0
5,69.0,95,26,0.05,NONE,0
5,69.0,95,26,0.05,NONE,0
5,69.0,95,26,0.05,NONE,0
5,69.0,95,26,0.05,NONE,0
5,69.0,95,26,0.05,NONE,0
5,69.0,95,26,0.05,NONE,0
5,69.0,95,26,0.05,NONE,0
5,69.0,95,26,0.05,NONE,6
5,69.0,95,26,0.05,NONE,0
5,69.0,95,26,0.05,NONE,0
5,69.0,95,26,0.05,NONE,0
5,69.0,95,26,0.05,NONE,0
5,69.0,95,26,0.05,NONE,0
5,69.0,95,26,0.05,NONE,0
5,69.0,95,26,0.05,NONE,0
5,69.0,95,26,0.05,NONE,0
5,69.0,95,26,0.05,NONE,0
5,69.0,95,26,0.05,NONE,0
5,69.0,95,26,0.05,NONE,0
5,69.0,95,26,0.05,NONE,0
5,69.0,95,26,0.05,NONE,0
5,69.0,95,26,0.05,NONE,0
5,69.0,95,26,0.05,NONE,0
5,69.0,95,26,0.05,NONE,0
5,69.0,95,26,0.05,NONE,0
5,69.0,95,26,0.05,NONE,0
5,69.0,95,26,0.05,NONE,0
5,69.0,95,26,0.05,NONE,0
5,69.0,95,26,0.05,NONE,0
5,69.0,95,26,0.05,NONE,0
5,69.0,95,26,0.05,NONE,0
5,69.0,95,26,0.05,NONE,0
5,69.0,95,26,0.05,NONE,0
5,69.0,95,26,0.05,NONE,0
5,69.0,95,26,0.05,NONE,0
5,69.0,95,26,0.05,NONE,0
5,69.0,95,26,0.05,NONE,0
5,69.0,95,26,0.05,NONE,0
5,69.0,95,26,0.05,NONE,0
5,69.0,95,26,0.05,NONE,0
5,69.0,95,26,0.05,NONE,0
5,69.0,95,26,0.05,NONE,0
5,69.0,95,26,0.05,NONE,0
5,69.0,95,26,0.05,NONE,0
5,69.0,95,26,0.05,NONE,0
5,69.0,95,26,0.05,NONE,0
5,69.0,95,26,0.05,NONE,0
5,69.0,95,26,0.05,NONE,0
5,69.0,95,26,0.05,NONE,6
5,69.0,95,26,0.05,NONE,0
5,69.0,95,26,0.05,NONE,0
5,69.0,95,26,0.05,NONE,0
5,69.0,95,26,0.05,NONE,0
5,69.0,95,26,0.05,NONE,0
5,69.0,95,26,0.05,NONE,0
5,69.0,95,26,0.05,NONE,0
5,69.0,95,26,0.05,NONE,0
5,69.0,95,26,0.05,NONE,0
5,69.0,95,26,0.05,NONE,0
5,69.0,95,26,0.05,NONE,0
5,69.0,95,26,0.05,NONE,0
5,69.0,95,26,0.05,NONE,0
5,69.0,95,26,0.05,NONE,0
5,69.0,95,26,0.05,NONE,0
5,69.0,95,26,0.05,NONE,0
5,69.0,95,26,0.05,NONE,0
5,69.0,95,26,0.05,NONE,0
5,69.0,95,26,0.05,NONE,0
5,69.0,95,26,0.05,NONE,0
5,69.0,95,26,0.05,NONE,0
5,69.0,95,26,0.05,NONE,0
5,69.0,95,26,0.05,NONE,0
5,69.0,95,26,0.05,NONE,0
5,69.0,95,26,0.05,NONE,6
5,69.0,95,26,0.05,NONE,12
5,69.0,95,26,0.05,NONE,18
5,69.0,95,26,0.05,NONE,24
5,69.0,95,26,0.05,NONE,30
5,69.0,95,26,0.05,NONE,30
5,69.0,95,26,0.05,NONE,30
5,69.0,95,26,0.05,NONE,30
5,69.0,95,26,0.05,NONE,36
5,69.0,95,26,0.05,NONE,30
5,69.0,95,26,0.05,NONE,24
5,69.0,95,26,0.05,NONE,18
5,69.0,95,26,0.05,NONE,12
5,69.0,95,26,0.05,NONE,6
5,69.0,95,26,0.05,NONE,12
5,69.0,95,26,0.05,NONE,12
5,69.0,95,26,0.05,NONE,12
5,69.0,95,26,0.05,NONE,12
5,69.0,95,26,0.05,NONE,12
5,69.0,95,26,0.05,NONE,18
5,69.0,95,26,0.05,NONE,24
5,69.0,95,26,0.05,NONE,30
5,69.0,95,26,0.05,NONE,36
5,69.0,95,26,0.05,NONE,36
5,69.0,95,26,0.05,NONE,36
5,69.0,95,26,0.05,NONE,36
5,69.0,95,26,0.05,NONE,36
5,69.0,95,26,0.05,NONE,42
5,69.0,95,26,0.05,NONE,48
5,69.0,95,26,0.05,NONE,54
5,69.0,95,26,0.05,NONE,60
5,69.0,95,26,0.05,NONE,66
5,69.0,95,26,0.05,NONE,72
5,69.0,95,26,0.05,NONE,78
5,69.0,95,26,0.05,NONE,84
5,69.0,95,26,0.05,NONE,90
5,69.0,95,26,0.05,NONE,96
5,69.0,95,26,0.05,NONE,102
5,69.0,95,26,0.05,NONE,102
5,69.0,95,26,0.05,NONE,102
5,69.0,95,26,0.05,NONE,102
5,69.0,95,26,0.05,NONE,102
5,69.0,95,26,0.05,NONE,108
5,69.0,95,26,0.05,NONE,114
5,69.0,95,26,0.05,NONE,120
5,69.0,95,26,0.05,NONE,120
5,69.0,95,26,0.05,NONE,120
5,69.0,95,26,0.05,NONE,126
5,69.0,95,26,0.05,NONE,126
5,69.0,95,26,0.05,NONE,132
5,69.0,95,26,0.05,NONE,138
5,69.0,95,26,0.05,NONE,144
5,69.0,95,26,0.05,NONE,144
5,69.0,95,26,0.05,NONE,144
5,69.0,95,26,0.05,NONE,144
5,69.0,95,26,0.05,NONE,150
5,69.0,95,26,0.05,NONE,156
5,69.0,95,26,0.05,NONE,162
5,69.0,95,26,0.05,NONE,168
5,69.0,95,26,0.05,NONE,174
5,69.0,95,26,0.05,NONE,180
5,69.0,95,26,0.05,NONE,180
5,69.0,95,26,0.05,NONE,180
5,69.0,95,26,0.05,NONE,180
5,69.0,95,26,0.05,NONE,180
5,69.0,95,26,0.05,NONE,180
5,69.0,95,26,0.05,NONE,186
5,69.0,95,26,0.05,NONE,192
5,69.0,95,26,0.05,NONE,192
5,69.0,95,26,0.05,NONE,192
5,69.0,95,26,0.05,NONE,186
5,69.0,95,26,0.05,NONE,192
5,69.0,95,26,0.05,NONE,192
5,69.0,95,26,0.05,NONE,192
5,69.0,95,26,0.05,NONE,192
5,69.0,95,26,0.05,NONE,192
5,69.0,95,26,0.05,NONE,192
5,69.0,95,26,0.05,NONE,192
5,69.0,95,26,0.05,NONE,198
5,69.0,95,26,0.05,NONE,204
5,69.0,95,26,0.05,NONE,210
5,69.0,95,26,0.05,NONE,216
5,69.0,95,26,0.05,NONE,222
5,69.0,95,26,0.05,NONE,228
5,69.0,95,26,0.05,NONE,222
5,69.0,95,26,0.05,NONE,228
5,69.0,95,26,0.05,NONE,228
5,69.0,95,26,0.05,NONE,228
5,69.0,95,26,0.05,NONE,228
5,69.0,95,26,0.05,NONE,228
5,69.0,95,26,0.05,NONE,222
5,69.0,95,26,0.05,NONE,228
5,69.0,95,26,0.05,NONE,228
5,69.0,95,26,0.05,NONE,228
5,69.0,95,26,0.05,NONE,228
5,69.0,95,26,0.05,NONE,228
5,69.0,95,26,0.05,NONE,228
5,69.0,95,26,0.05,NONE,234
5,69.0,95,26,0.05,NONE,240
5,69.0,95,26,0.05,NONE,240
5,69.0,95,26,0.05,NONE,240
5,69.0,95,26,0.05,NONE,240
5,69.0,95,26,0.05,NONE,246
5,69.0,95,26,0.05,NONE,240
5,69.0,95,26,0.05,NONE,246
5,69.0,95,26,0.05,NONE,252
5,69.0,95,26,0.05,NONE,246
5,69.0,95,26,0.05,NONE,252
5,69.0,95,26,0.05,NONE,258
5,69.0,95,26,0.05,NONE,264
5,69.0,95,26,0.05,NONE,270
5,69.0,95,26,0.05,NONE,276
5,69.0,95,26,0.05,NONE,282
5,69.0,95,26,0.05,NONE,288
5,69.0,95,26,0.05,NONE,288
5,69.0,95,26,0.05,NONE,288
5,69.0,95,26,0.05,NONE,294
5,69.0,95,26,0.05,NONE,300
5,69.0,95,26,0.05,NONE,306
5,69.0,95,26,0.05,NONE,312
5,69.0,95,26,0.05,NONE,318
5,69.0,95,26,0.05,NONE,324
5,69.0,95,26,0.05,NONE,330
5,69.0,95,26,0.05,NONE,336
5,69.0,95,26,0.05,NONE,342
5,69.0,95,26,0.05,NONE,348
5,69.0,95,26,0.05,NONE,342
5,69.0,95,26,0.05,NONE,336
5,69.0,95,26,0.05,NONE,330
5,69.0,95,26,0.05,NONE,324
5,69.0,95,26,0.05,NONE,318
5,69.0,95,26,0.05,NONE,312
5,69.0,95,26,0.05,NONE,306
5,69.0,95,26,0.05,NONE,300
5,69.0,95,26,0.05,NONE,294
5,69.0,95,26,0.05,NONE,300
5,69.0,95,26,0.05,NONE,294
5,69.0,95,26,0.05,NONE,300
5,69.0,95,26,0.05,NONE,306
5,69.0,95,26,0.05,NONE,312
5,69.0,95,26,0.05,NONE,318
5,69.0,95,26,0.05,NONE,318
5,69.0,95,26,0.05,NONE,318
5,69.0,95,26,0.05,NONE,318
5,69.0,95,26,0.05,NONE,318
5,69.0,95,26,0.05,NONE,318
5,69.0,95,26,0.05,NONE,324
5,69.0,95,26,0.05,NONE,330
5,69.0,95,26,0.05,NONE,336
5,69.0,95,26,0.05,NONE,342
5,69.0,95,26,0.05,NONE,336
5,69.0,95,26,0.05,NONE,330
5,69.0,95,26,0.05,NONE,324
5,69.0,95,26,0.05,NONE,318
5,69.0,95,26,0.05,NONE,312
5,69.0,95,26,0.05,NONE,306
5,69.0,95,26,0.05,NONE,300
5,69.0,95,26,0.05,NONE,294
5,69.0,95,26,0.05,NONE,288
5,69.0,95,26,0.05,NONE,282
5,69.0,95,26,0.05,NONE,276
5,69.0,95,26,0.05,NONE,270
5,69.0,95,26,0.05,NONE,264
5,69.0,95,26,0.05,NONE,258
5,69.0,95,26,0.05,NONE,252
5,69.0,95,26,0.05,NONE,246
5,69.0,95,26,0.05,NONE,240
5,69.0,95,26,0.05,NONE,234
5,69.0,95,26,0.05,NONE,228
5,69.0,95,26,0.05,NONE,222
5,69.0,95,26,0.05,NONE,216
5,69.0,95,26,0.05,NONE,210
5,69.0,95,26,0.05,NONE,210
5,69.0,95,26,0.05,NONE,204
5,69.0,95,26,0.05,NONE,198
5,69.0,95,26,0.05,NONE,192
5,69.0,95,26,0.05,NONE,186
5,69.0,95,26,0.05,NONE,180
5,69.0,95,26,0.05,NONE,174
5,69.0,95,26,0.05,NONE,168
5,69.0,95,26,0.05,NONE,162
5,69.0,95,26,0.05,NONE,156
5,69.0,95,26,0.05,NONE,150
5,69.0,95,26,0.05,NONE,144
5,69.0,95,26,0.05,NONE,138
5,69.0,95,26,0.05,NONE,132
5,69.0,95,26,0.05,NONE,126
5,69.0,95,26,0.05,NONE,120
5,69.0,95,26,0.05,NONE,114
5,69.0,95,26,0.05,NONE,108
5,69.0,95,26,0.05,NONE,102
5,69.0,95,26,0.05,NONE,96
5,69.0,95,26,0.05,NONE,90
5,69.0,95,26,0.05,NONE,96
5,69.0,95,26,0.05,NONE,90
5,69.0,95,26,0.05,NONE,84
5,69.0,95,26,0.05,NONE,78
5,69.0,95,26,0.05,NONE,84
5,69.0,95,26,0.05,NONE,84
5,69.0,95,26,0.05,NONE,78
5,69.0,95,26,0.05,NONE,84
5,69.0,95,26,0.05,NONE,84
5,69.0,95,26,0.05,NONE,84
5,69.0,95,26,0.05,NONE,90
5,69.0,95,26,0.05,NONE,96
5,69.0,95,26,0.05,NONE,102
5,69.0,95,26,0.05,NONE,108
5,69.0,95,26,0.05,NONE,114
5,69.0,95,26,0.05,NONE,120
5,69.0,95,26,0.05,NONE,114
5,69.0,95,26,0.05,NONE,120
5,69.0,95,26,0.05,NONE,114
5,69.0,95,26,0.05,NONE,108
5,69.0,95,26,0.05,NONE,102
5,69.0,95,26,0.05,NONE,96
5,69.0,95,26,0.05,NONE,90
5,69.0,95,26,0.05,NONE,84
5,69.0,95,26,0.05,NONE,78
5,69.0,95,26,0.05,NONE,84
5,69.0,95,26,0.05,NONE,78
5,69.0,95,26,0.05,NONE,84
5,69.0,95,26,0.05,NONE,84
5,69.0,95,26,0.05,NONE,84
5,69.0,95,26,0.05,NONE,84
5,69.0,95,26,0.05,NONE,90
5,69.0,95,26,0.05,NONE,96
5,69.0,95,26,0.05,NONE,102
5,69.0,95,26,0.05,NONE,102
5,69.0,95,26,0.05,NONE,108
5,69.0,95,26,0.05,NONE,114
5,69.0,95,26,0.05,NONE,120
5,69.0,95,26,0.05,NONE,126
5,69.0,95,26,0.05,NONE,120
5,69.0,95,26,0.05,NONE,114
5,69.0,95,26,0.05,NONE,120
5,69.0,95,26,0.05,NONE,120
5,69.0,95,26,0.05,NONE,120
5,69.0,95,26,0.05,NONE,126
5,69.0,95,26,0.05,NONE,132
5,69.0,95,26,0.05,NONE,138
5,69.0,95,26,0.05,NONE,138
5,69.0,95,26,0.05,NONE,138
5,69.0,95,26,0.05,NONE,138
5,69.0,95,26,0.05,NONE,138
5,69.0,95,26,0.05,NONE,138
5,69.0,95,26,0.05,NONE,144
5,69.0,95,26,0.05,NONE,150
5,69.0,95,26,0.05,NONE,156
5,69.0,95,26,0.05,NONE,150
5,69.0,95,26,0.05,NONE,150
5,69.0,95,26,0.05,NONE,150
5,69.0,95,26,0.05,NONE,150
5,69.0,95,26,0.05,NONE,144
5,69.0,95,26,0.05,NONE,138
5,69.0,95,26,0.05,NONE,138
5,69.0,95,26,0.05,NONE,138
5,69.0,95,26,0.05,NONE,138
5,69.0,95,26,0.05,NONE,132
5,69.0,95,26,0.05,NONE,126
5,69.0,95,26,0.05,NONE,120
5,69.0,95,26,0.05,NONE,120
5,69.0,95,26,0.05,NONE,120
5,69.0,95,26,0.05,NONE,120
5,69.0,95,26,0.05,NONE,120
5,69.0,95,26,0.05,NONE,126
5,69.0,95,26,0.05,NONE,132
5,69.0,95,26,0.05,NONE,138
5,69.0,95,26,0.05,NONE,138
5,69.0,95,26,0.05,NONE,138
5,69.0,95,26,0.05,NONE,138
5,69.0,95,26,0.05,NONE,144
5,69.0,95,26,0.05,NONE,150
5,69.0,95,26,0.05,NONE,156
5,69.0,95,26,0.05,NONE,162
5,69.0,95,26,0.05,NONE,168
5,69.0,95,26,0.05,NONE,174
5,69.0,95,26,0.05,NONE,180
5,69.0,95,26,0.05,NONE,174
5,69.0,95,26,0.05,NONE,180
5,69.0,95,26,0.05,NONE,186
5,69.0,95,26,0.05,NONE,192
5,69.0,95,26,0.05,NONE,198
5,69.0,95,26,0.05,NONE,204
5,69.0,95,26,0.05,NONE,198
5,69.0,95,26,0.05,NONE,198
5,69.0,95,26,0.05,NONE,204
5,69.0,95,26,0.05,NONE,210
5,69.0,95,26,0.05,NONE,216
5,69.0,95,26,0.05,NONE,222
5,69.0,95,26,0.05,NONE,222
5,69.0,95,26,0.05,NONE,222
5,69.0,95,26,0.05,NONE,222
5,69.0,95,26,0.05,NONE,222
5,69.0,95,26,0.05,NONE,222
5,69.0,95,26,0.05,NONE,222
5,69.0,95,26,0.05,NONE,222
5,69.0,95,26,0.05,NONE,228
5,69.0,95,26,0.05,NONE,234
5,69.0,95,26,0.05,NONE,240
5,69.0,95,26,0.05,NONE,240
5,69.0,95,26,0.05,NONE,240
5,69.0,95,26,0.05,NONE,240
5,69.0,95,26,0.05,NONE,240
5,69.0,95,26,0.05,NONE,240
5,69.0,95,26,0.05,NONE,240
5,69.0,95,26,0.05,NONE,240
5,70.0,96,26,0.05,NONE,240
5,70.0,96,26,0.05,NONE,234
5,70.0,96,26,0.05,NONE,228
5,70.0,96,26,0.05,NONE,222
5,70.0,96,26,0.05,NONE,222
5,70.0,96,26,0.05,NONE,216
5,70.0,96,26,0.05,NONE,210
5,70.0,96,26,0.05,NONE,204
5,70.0,96,26,0.05,NONE,198
5,70.0,96,26,0.05,NONE,192
5,70.0,96,26,0.05,NONE,186
5,70.0,96,26,0.05,NONE,180
5,70.0,96,26,0.05,NONE,174
5,70.0,96,26,0.05,NONE,168
5,70.0,96,26,0.05,NONE,162
5,70.0,96,26,0.05,NONE,156
5,70.0,96,26,0.05,NONE,156
5,70.0,96,26,0.05,NONE,150
5,70.0,96,26,0.05,NONE,144
5,70.0,96,26,0.05,NONE,138
5,70.0,96,26,0.05,NONE,132
5,70.0,96,26,0.05,NONE,126
5,70.0,96,26,0.05,NONE,120
5,70.0,96,26,0.05,NONE,114
5,70.0,96,26,0.05,NONE,108
5,70.0,96,26,0.05,NONE,102
5,70.0,96,26,0.05,NONE,96
5,70.0,96,26,0.05,NONE,90
5,70.0,96,26,0.05,NONE,84
5,70.0,96,26,0.05,NONE,78
5,70.0,96,26,0.05,NONE,72
5,70.0,96,26,0.05,NONE,66
5,70.0,96,26,0.05,NONE,60
5,70.0,96,26,0.05,NONE,54
5,70.0,96,26,0.05,NONE,48
5,70.0,96,26,0.05,NONE,42
5,70.0,96,26,0.05,NONE,36
5,70.0,96,26,0.05,NONE,30
5,70.0,96,26,0.05,NONE,24
5,70.0,96,26,0.05,NONE,18
5,70.0,96,26,0.05,NONE,12
5,70.0,96,26,0.05,NONE,6
5,70.0,96,26,0.05,NONE,0
5,70.0,96,26,0.05,NONE,0
5,70.0,96,26,0.05,NONE,0
5,70.0,96,26,0.05,NONE,0
5,70.0,96,26,0.05,NONE,0
5,70.0,96,26,0.05,NONE,0
5,70.0,96,26,0.05,NONE,0
5,70.0,96,26,0.05,NONE,0
5,70.0,96,26,0.05,NONE,0
5,70.0,96,26,0.05,NONE,0
5,70.0,96,26,0.05,NONE,0
5,70.0,96,26,0.05,NONE,0
5,70.0,96,26,0.05,NONE,0
5,70.0,96,26,0.05,NONE,0
5,70.0,96,26,0.05,NONE,0
5,70.0,96,26,0.05,NONE,0
5,70.0,96,26,0.05,NONE,0
5,70.0,96,26,0.05,NONE,0
5,70.0,96,26,0.05,NONE,0
5,70.0,96,26,0.05,NONE,0
5,70.0,96,26,0.05,NONE,0
5,70.0,96,26,0.05,NONE,0
5,70.0,96,26,0.05,NONE,0
5,70.0,96,26,0.05,NONE,0
5,70.0,96,26,0.05,NONE,0
5,70.0,96,26,0.05,NONE,0
5,70.0,96,26,0.05,NONE,0
5,70.0,96,26,0.05,NONE,0
5,70.0,96,26,0.05,NONE,0
5,70.0,96,26,0.05,NONE,0
5,70.0,96,26,0.05,NONE,0
5,70.0,96,26,0.05,NONE,0
5,70.0,96,26,0.05,NONE,0
5,70.0,96,26,0.05,NONE,0
5,70.0,96,26,0.05,NONE,0
5,70.0,96,26,0.05,NONE,6
5,70.0,96,26,0.05,NONE,0
5,70.0,96,26,0.05,NONE,0
5,70.0,96,26,0.05,NONE,0
5,70.0,96,26,0.05,NONE,0
5,70.0,96,26,0.05,NONE,0
5,70.0,96,26,0.05,NONE,0
5,70.0,96,26,0.05,NONE,0
5,70.0,96,26,0.05,NONE,0
5,70.0,96,26,0.05,NONE,0
5,70.0,96,26,0.05,NONE,0
5,70.0,96,26,0.05,NONE,0
5,70.0,96,26,0.05,NONE,0
5,70.0,96,26,0.05,NONE,0
5,70.0,96,26,0.05,NONE,0
5,70.0,96,26,0.05,NONE,0
5,70.0,96,26,0.05,NONE,0
5,70.0,96,26,0.05,NONE,0
5,70.0,96,26,0.05,NONE,0
5,70.0,96,26,0.05,NONE,0
5,70.0,96,26,0.05,NONE,0
5,70.0,96,26,0.05,NONE,6
5,70.0,96,26,0.05,NONE,0
5,70.0,96,26,0.05,NONE,0
5,70.0,96,26,0.05,NONE,0
5,70.0,96,26,0.05,NONE,6
5,70.0,96,26,0.05,NONE,12
5,70.0,96,26,0.05,NONE,6
5,70.0,96,26,0.05,NONE,12
5,70.0,96,26,0.05,NONE,12
5,70.0,96,26,0.05,NONE,12
5,70.0,96,26,0.05,NONE,12
5,70.0,96,26,0.05,NONE,18
5,70.0,96,26,0.05,NONE,24
5,70.0,96,26,0.05,NONE,30
5,70.0,96,26,0.05,NONE,36
5,70.0,96,26,0.05,NONE,42
5,70.0,96,26,0.05,NONE,48
5,70.0,96,26,0.05,NONE,42
5,70.0,96,26,0.05,NONE,48
5,70.0,96,26,0.05,NONE,48
5,70.0,96,26,0.05,NONE,48
5,70.0,96,26,0.05,NONE,48
5,70.0,96,26,0.05,NONE,48
5,70.0,96,26,0.05,NONE,42
5,70.0,96,26,0.05,NONE,42
5,70.0,96,26,0.05,NONE,42
5,70.0,96,26,0.05,NONE,42
5,70.0,96,26,0.05,NONE,42
5,70.0,96,26,0.05,NONE,42
5,70.0,96,26,0.05,NONE,42
5,70.0,96,26,0.05,NONE,48
5,70.0,96,26,0.05,NONE,42
5,70.0,96,26,0.05,NONE,48
5,70.0,96,26,0.05,NONE,48
5,70.0,96,26,0.05,NONE,48
5,70.0,96,26,0.05,NONE,54
5,70.0,96,26,0.05,NONE,60
5,70.0,96,26,0.05,NONE,66
5,70.0,96,26,0.05,NONE,72
5,70.0,96,26,0.05,NONE,72
5,70.0,96,26,0.05,NONE,72
5,70.0,96,26,0.05,NONE,72
5,70.0,96,26,0.05,NONE,78
5,70.0,96,26,0.05,NONE,84
5,70.0,96,26,0.05,NONE,78
5,70.0,96,26,0.05,NONE,84
5,70.0,96,26,0.05,NONE,78
5,70.0,96,26,0.05,NONE,84
5,70.0,96,26,0.05,NONE,84
5,70.0,96,26,0.05,NONE,84
5,70.0,96,26,0.05,NONE,84
5,70.0,96,26,0.05,NONE,84
5,70.0,96,26,0.05,NONE,90
5,70.0,96,26,0.05,NONE,96
5,70.0,96,26,0.05,NONE,102
5,70.0,96,26,0.05,NONE,108
5,70.0,96,26,0.05,NONE,108
5,70.0,96,26,0.05,NONE,114
5,70.0,96,26,0.05,NONE,120
5,70.0,96,26,0.05,NONE,114
5,70.0,96,26,0.05,NONE,114
5,70.0,96,26,0.05,NONE,114
5,70.0,96,26,0.05,NONE,114
5,70.0,96,26,0.05,NONE,120
5,70.0,96,26,0.05,NONE,120
5,70.0,96,26,0.05,NONE,120
5,70.0,96,26,0.05,NONE,126
5,70.0,96,26,0.05,NONE,132
5,70.0,96,26,0.05,NONE,138
5,70.0,96,26,0.05,NONE,138
5,70.0,96,26,0.05,NONE,132
5,70.0,96,26,0.05,NONE,126
5,70.0,96,26,0.05,NONE,120
5,70.0,96,26,0.05,NONE,114
5,70.0,96,26,0.05,NONE,108
5,70.0,96,26,0.05,NONE,102
5,70.0,96,26,0.05,NONE,96
5,70.0,96,26,0.05,NONE,90
5,70.0,96,26,0.05,NONE,84
5,70.0,96,26,0.05,NONE,78
5,70.0,96,26,0.05,NONE,84
5,70.0,96,26,0.05,NONE,84
5,70.0,96,26,0.05,NONE,78
5,70.0,96,26,0.05,NONE,72
5,70.0,96,26,0.05,NONE,66
5,70.0,96,26,0.05,NONE,60
5,70.0,96,26,0.05,NONE,54
5,70.0,96,26,0.05,NONE,48
5,70.0,96,26,0.05,NONE,42
5,70.0,96,26,0.05,NONE,36
5,70.0,96,26,0.05,NONE,30
5,70.0,96,26,0.05,NONE,24
5,70.0,96,26,0.05,NONE,30
5,70.0,96,26,0.05,NONE,24
5,70.0,96,26,0.05,NONE,18
5,70.0,96,26,0.05,NONE,12
5,70.0,96,26,0.05,NONE,6
5,70.0,96,26,0.05,NONE,0
5,70.0,96,26,0.05,NONE,0
5,70.0,96,26,0.05,NONE,0
5,70.0,96,26,0.05,NONE,0
5,70.0,96,26,0.05,NONE,0
5,70.0,96,26,0.05,NONE,0
5,70.0,96,26,0.05,NONE,0
5,70.0,96,26,0.05,NONE,0
5,70.0,96,26,0.05,NONE,0
5,70.0,96,26,0.05,NONE,0
5,70.0,96,26,0.05,NONE,0
5,70.0,96,26,0.05,NONE,0
5,70.0,96,26,0.05,NONE,0
5,70.0,96,26,0.05,NONE,0
5,70.0,96,26,0.05,NONE,0
5,70.0,96,26,0.05,NONE,0
5,70.0,96,26,0.05,NONE,0
5,70.0,96,26,0.05,NONE,0
5,70.0,96,26,0.05,NONE,6
5,70.0,96,26,0.05,NONE,0
5,70.0,96,26,0.05,NONE,0
5,70.0,96,26,0.05,NONE,0
5,70.0,96,26,0.05,NONE,0
5,70.0,96,26,0.05,NONE,0
5,70.0,96,26,0.05,NONE,0
5,70.0,96,26,0.05,NONE,0
5,70.0,96,26,0.05,NONE,0
5,70.0,96,26,0.05,NONE,0
5,70.0,96,26,0.05,NONE,0
5,70.0,96,26,0.05,NONE,0
5,70.0,96,26,0.05,NONE,0
5,70.0,96,26,0.05,NONE,0
5,70.0,96,26,0.05,NONE,0
5,70.0,96,26,0.05,NONE,0
5,70.0,96,26,0.05,NONE,0
5,70.0,96,26,0.05,NONE,0
5,70.0,96,26,0.05,NONE,0
5,70.0,96,26,0.05,NONE,0
5,70.0,96,26,0.05,NONE,0
5,70.0,96,26,0.05,NONE,0
5,70.0,96,26,0.05,NONE,0
5,70.0,96,26,0.05,NONE,0
5,70.0,96,26,0.05,NONE,0
5,70.0,96,26,0.05,NONE,0
5,70.0,96,26,0.05,NONE,0
5,70.0,96,26,0.05,NONE,0
5,70.0,96,26,0.05,NONE,0
5,70.0,96,26,0.05,NONE,0
5,70.0,96,26,0.05,NONE,0
5,70.0,96,26,0.05,NONE,0
5,70.0,96,26,0.05,NONE,0
5,70.0,96,26,0.05,NONE,0
5,70.0,96,26,0.05,NONE,0
5,70.0,96,26,0.05,NONE,0
5,70.0,96,26,0.05,NONE,0
5,70.0,96,26,0.05,NONE,0
5,70.0,96,26,0.05,NONE,0
5,70.0,96,26,0.05,NONE,0
5,70.0,96,26,0.05,NONE,0
5,70.0,96,26,0.05,NONE,0
5,70.0,96,26,0.05,NONE,0
5,70.0,96,26,0.05,NONE,0
5,70.0,96,26,0.05,NONE,0
5,70.0,96,26,0.05,NONE,0
5,70.0,96,26,0.05,NONE,0
5,70.0,96,26,0.05,NONE,0
5,70.0,96,26,0.05,NONE,0
5,70.0,96,26,0.05,NONE,0
5,70.0,96,26,0.05,NONE,0
5,70.0,96,26,0.05,NONE,0
5,70.0,96,26,0.05,NONE,0
5,70.0,96,26,0.05,NONE,0
5,70.0,96,26,0.05,NONE,0
5,70.0,96,26,0.05,NONE,0
5,70.0,96,26,0.05,NONE,0
5,70.0,96,26,0.05,NONE,0
5,70.0,96,26,0.05,NONE,0
5,70.0,96,26,0.05,NONE,0
5,70.0,96,26,0.05,NONE,0
5,70.0,96,26,0.05,NONE,0
5,70.0,96,26,0.05,NONE,0
5,70.0,96,26,0.05,NONE,0
5,70.0,96,26,0.05,NONE,0
5,70.0,96,26,0.05,NONE,0
5,70.0,96,26,0.05,NONE,0
5,70.0,96,26,0.05,NONE,0
5,70.0,96,26,0.05,NONE,0
5,70.0,96,26,0.05,NONE,0
5,70.0,96,26,0.05,NONE,0
5,70.0,96,26,0.05,NONE,0
5,70.0,96,26,0.05,NONE,0
5,70.0,96,26,0.05,NONE,0
5,70.0,96,26,0.05,NONE,0
5,70.0,96,26,0.05,NONE,6
5,70.0,96,26,0.05,NONE,12
5,70.0,96,26,0.05,NONE,6
5,70.0,96,26,0.05,NONE,12
5,70.0,96,26,0.05,NONE,12
5,70.0,96,26,0.05,NONE,12
5,70.0,96,26,0.05,NONE,18
5,70.0,96,26,0.05,NONE,24
5,70.0,96,26,0.05,NONE,18
5,70.0,96,26,0.05,NONE,12
5,70.0,96,26,0.05,NONE,6
5,70.0,96,26,0.05,NONE,0
5,70.0,96,26,0.05,NONE,0
5,70.0,96,26,0.05,NONE,0
5,70.0,96,26,0.05,NONE,0
5,70.0,96,26,0.05,NONE,0
5,70.0,96,26,0.05,NONE,0
5,70.0,96,26,0.05,NONE,0
5,70.0,96,26,0.05,NONE,0
5,70.0,96,26,0.05,NONE,0
5,70.0,96,26,0.05,NONE,0
5,70.0,96,26,0.05,NONE,6
5,70.0,96,26,0.05,NONE,12
5,70.0,96,26,0.05,NONE,18
5,70.0,96,26,0.05,NONE,24
5,70.0,96,26,0.05,NONE,30
5,70.0,96,26,0.05,NONE,36
5,70.0,96,26,0.05,NONE,42
5,70.0,96,26,0.05,NONE,48
5,70.0,96,26,0.05,NONE,54
5,70.0,96,26,0.05,NONE,60
5,70.0,96,26,0.05,NONE,66
5,70.0,96,26,0.05,NONE,66
5,70.0,96,26,0.05,NONE,66
5,70.0,96,26,0.05,NONE,66
5,70.0,96,26,0.05,NONE,66
5,70.0,96,26,0.05,NONE,66
5,70.0,96,26,0.05,NONE,72
5,70.0,96,26,0.05,NONE,78
5,70.0,96,26,0.05,NONE,84
5,70.0,96,26,0.05,NONE,84
5,70.0,96,26,0.05,NONE,84
5,70.0,96,26,0.05,NONE,90
5,70.0,96,26,0.05,NONE,96
5,70.0,96,26,0.05,NONE,102
5,70.0,96,26,0.05,NONE,108
5,70.0,96,26,0.05,NONE,114
5,70.0,96,26,0.05,NONE,120
5,70.0,96,26,0.05,NONE,120
5,70.0,96,26,0.05,NONE,114
5,70.0,96,26,0.05,NONE,120
5,70.0,96,26,0.05,NONE,120
5,70.0,96,26,0.05,NONE,120
5,70.0,96,26,0.05,NONE,120
5,70.0,96,26,0.05,NONE,126
5,70.0,96,26,0.05,NONE,132
5,70.0,96,26,0.05,NONE,132
5,70.0,96,26,0.05,NONE,138
5,70.0,96,26,0.05,NONE,138
5,70.0,96,26,0.05,NONE,138
5,70.0,96,26,0.05,NONE,138
5,70.0,96,26,0.05,NONE,138
5,70.0,96,26,0.05,NONE,144
5,70.0,96,26,0.05,NONE,150
5,70.0,96,26,0.05,NONE,156
5,70.0,96,26,0.05,NONE,156
5,70.0,96,26,0.05,NONE,156
5,70.0,96,26,0.05,NONE,162
5,70.0,96,26,0.05,NONE,168
5,70.0,96,26,0.05,NONE,174
5,70.0,96,26,0.05,NONE,174
5,70.0,96,26,0.05,NONE,180
5,70.0,96,26,0.05,NONE,180
5,70.0,96,26,0.05,NONE,180
5,70.0,96,26,0.05,NONE,180
5,70.0,96,26,0.05,NONE,180
5,70.0,96,26,0.05,NONE,186
5,70.0,96,26,0.05,NONE,192
5,70.0,96,26,0.05,NONE,186
5,70.0,96,26,0.05,NONE,192
5,70.0,96,26,0.05,NONE,192
5,70.0,96,26,0.05,NONE,192
5,70.0,96,26,0.05,NONE,198
5,70.0,96,26,0.05,NONE,204
5,70.0,96,26,0.05,NONE,210
5,70.0,96,26,0.05,NONE,216
5,70.0,96,26,0.05,NONE,222
5,70.0,96,26,0.05,NONE,222
5,70.0,96,26,0.05,NONE,222
5,70.0,96,26,0.05,NONE,222
5,70.0,96,26,0.05,NONE,222
5,70.0,96,26,0.05,NONE,222
5,70.0,96,26,0.05,NONE,222
5,70.0,96,26,0.05,NONE,222
5,70.0,96,26,0.05,NONE,222
5,70.0,96,26,0.05,NONE,216
5,70.0,96,26,0.05,NONE,210
5,70.0,96,26,0.05,NONE,204
5,70.0,96,26,0.05,NONE,204
5,70.0,96,26,0.05,NONE,204
5,70.0,96,26,0.05,NONE,204
5,70.0,96,26,0.05,NONE,210
5,70.0,96,26,0.05,NONE,216
5,70.0,96,26,0.05,NONE,222
5,70.0,96,26,0.05,NONE,222
5,70.0,96,26,0.05,NONE,222
5,70.0,96,26,0.05,NONE,222
5,70.0,96,26,0.05,NONE,228
5,70.0,96,26,0.05,NONE,234
5,70.0,96,26,0.05,NONE,240
5,70.0,96,26,0.05,NONE,246
5,70.0,96,26,0.05,NONE,246
5,70.0,96,26,0.05,NONE,246
5,70.0,96,26,0.05,NONE,240
5,70.0,96,26,0.05,NONE,234
5,70.0,96,26,0.05,NONE,228
5,70.0,96,26,0.05,NONE,222
5,70.0,96,26,0.05,NONE,228
5,70.0,96,26,0.05,NONE,228
5,70.0,96,26,0.05,NONE,228
5,70.0,96,26,0.05,NONE,222
5,70.0,96,26,0.05,NONE,228
5,70.0,96,26,0.05,NONE,222
5,70.0,96,26,0.05,NONE,228
5,70.0,96,26,0.05,NONE,228
5,70.0,96,26,0.05,NONE,228
5,70.0,96,26,0.05,NONE,228
5,70.0,96,26,0.05,NONE,228
5,70.0,96,26,0.05,NONE,222
5,70.0,96,26,0.05,NONE,228
5,70.0,96,26,0.05,NONE,228
5,70.0,96,26,0.05,NONE,234
5,70.0,96,26,0.05,NONE,234
5,70.0,96,26,0.05,NONE,234
5,70.0,96,26,0.05,NONE,234
5,70.0,96,26,0.05,NONE,228
5,70.0,96,26,0.05,NONE,222
5,70.0,96,26,0.05,NONE,228
5,70.0,96,26,0.05,NONE,222
5,70.0,96,26,0.05,NONE,228
5,70.0,96,26,0.05,NONE,222
5,70.0,96,26,0.05,NONE,228
5,70.0,96,26,0.05,NONE,222
5,70.0,96,26,0.05,NONE,228
5,70.0,96,26,0.05,NONE,222
5,70.0,96,26,0.05,NONE,228
5,70.0,96,26,0.05,NONE,222
5,70.0,96,26,0.05,NONE,216
5,70.0,96,26,0.05,NONE,210
5,70.0,96,26,0.05,NONE,204
5,70.0,96,26,0.05,NONE,198
5,70.0,96,26,0.05,NONE,192
5,70.0,96,26,0.05,NONE,186
5,70.0,96,26,0.05,NONE,186
5,70.0,96,26,0.05,NONE,186
5,70.0,96,26,0.05,NONE,186
5,70.0,96,26,0.05,NONE,186
5,70.0,96,26,0.05,NONE,186
5,70.0,96,26,0.05,NONE,186
5,70.0,96,26,0.05,NONE,180
5,70.0,96,26,0.05,NONE,174
5,70.0,96,26,0.05,NONE,168
5,70.0,96,26,0.05,NONE,162
5,70.0,96,26,0.05,NONE,156
5,70.0,96,26,0.05,NONE,150
5,70.0,96,26,0.05,NONE,150
5,70.0,96,26,0.05,NONE,156
5,70.0,96,26,0.05,NONE,150
5,70.0,96,26,0.05,NONE,150
5,70.0,96,26,0.05,NONE,150
5,70.0,96,26,0.05,NONE,150
5,70.0,96,26,0.05,NONE,150
5,70.0,96,26,0.05,NONE,156
5,70.0,96,26,0.05,NONE,150
5,70.0,96,26,0.05,NONE,150
5,70.0,96,26,0.05,NONE,150
5,70.0,96,26,0.05,NONE,150
5,70.0,96,26,0.05,NONE,150
5,70.0,96,26,0.05,NONE,150
5,70.0,96,26,0.05,NONE,150
5,70.0,96,26,0.05,NONE,150
5,70.0,96,26,0.05,NONE,150
5,70.0,96,26,0.05,NONE,156
5,70.0,96,26,0.05,NONE,150
5,70.0,96,26,0.05,NONE,156
5,70.0,96,26,0.05,NONE,150
5,70.0,96,26,0.05,NONE,156
5,70.0,96,26,0.05,NONE,150
5,70.0,96,26,0.05,NONE,156
5,70.0,96,26,0.05,NONE,150
5,70.0,96,26,0.05,NONE,156
5,70.0,96,26,0.05,NONE,150
5,70.0,96,26,0.05,NONE,156
5,70.0,96,26,0.05,NONE,150
5,70.0,96,26,0.05,NONE,144
5,70.0,96,26,0.05,NONE,138
5,70.0,96,26,0.05,NONE,132
5,70.0,96,26,0.05,NONE,126
5,70.0,96,26,0.05,NONE,120
5,70.0,96,26,0.05,NONE,114
5,70.0,96,26,0.05,NONE,108
5,70.0,96,26,0.05,NONE,102
5,70.0,96,26,0.05,NONE,96
5,70.0,96,26,0.05,NONE,90
5,70.0,96,26,0.05,NONE,84
5,70.0,96,26,0.05,NONE,78
5,70.0,96,26,0.05,NONE,84
5,70.0,96,26,0.05,NONE,78
5,70.0,96,26,0.05,NONE,84
5,70.0,96,26,0.05,NONE,78
5,70.0,96,26,0.05,NONE,84
5,70.0,96,26,0.05,NONE,78
5,70.0,96,26,0.05,NONE,84
5,70.0,96,26,0.05,NONE,78
5,70.0,96,26,0.05,NONE,84
5,70.0,96,26,0.05,NONE,78
5,70.0,96,26,0.05,NONE,84
5,70.0,96,26,0.05,NONE,78
5,70.0,96,26,0.05,NONE,84
5,70.0,96,26,0.05,NONE,90
5,70.0,96,26,0.05,NONE,84
5,70.0,96,26,0.05,NONE,78
5,70.0,96,26,0.05,NONE,84
5,70.0,96,26,0.05,NONE,78
5,70.0,96,26,0.05,NONE,84
5,70.0,96,26,0.05,NONE,78
5,70.0,96,26,0.05,NONE,84
5,70.0,96,26,0.05,NONE,78
5,70.0,96,26,0.05,NONE,84
5,70.0,96,26,0.05,NONE,78
5,70.0,96,26,0.05,NONE,72
5,70.0,96,26,0.05,NONE,66
5,70.0,96,26,0.05,NONE,60
5,70.0,96,26,0.05,NONE,54
5,70.0,96,26,0.05,NONE,48
5,70.0,96,26,0.05,NONE,42
5,70.0,96,26,0.05,NONE,48
5,70.0,96,26,0.05,NONE,42
5,70.0,96,26,0.05,NONE,48
5,70.0,96,26,0.05,NONE,42
5,70.0,96,26,0.05,NONE,48
5,70.0,96,26,0.05,NONE,54
5,70.0,96,26,0.05,NONE,54
5,70.0,96,26,0.05,NONE,54
5,70.0,96,26,0.05,NONE,60
5,70.0,96,26,0.05,NONE,66
5,70.0,96,26,0.05,NONE,72
5,70.0,96,26,0.05,NONE,72
5,70.0,96,26,0.05,NONE,72
5,70.0,96,26,0.05,NONE,72
5,70.0,96,26,0.05,NONE,78
5,70.0,96,26,0.05,NONE,84
5,70.0,96,26,0.05,NONE,90
5,70.0,96,26,0.05,NONE,96
5,70.0,96,26,0.05,NONE,102
5,70.0,96,26,0.05,NONE,108
5,70.0,96,26,0.05,NONE,114
5,70.0,96,26,0.05,NONE,120
5,70.0,96,26,0.05,NONE,126
5,70.0,96,26,0.05,NONE,132
5,70.0,96,26,0.05,NONE,138
5,70.0,96,26,0.05,NONE,138
5,70.0,96,26,0.05,NONE,138
5,70.0,96,26,0.05,NONE,138
5,70.0,96,26,0.05,NONE,138
5,70.0,96,26,0.05,NONE,138
5,70.0,96,26,0.05,NONE,138
5,70.0,96,26,0.05,NONE,138
5,70.0,96,26,0.05,NONE,138
5,70.0,96,26,0.05,NONE,138
5,70.0,96,26,0.05,NONE,138
5,70.0,96,26,0.05,NONE,138
5,70.0,96,26,0.05,NONE,138
5,70.0,96,26,0.05,NONE,144
5,70.0,96,26,0.05,NONE,150
5,70.0,96,26,0.05,NONE,156
5,70.0,96,26,0.05,NONE,162
5,70.0,96,26,0.05,NONE,168
5,70.0,96,26,0.05,NONE,168
5,70.0,96,26,0.05,NONE,168
5,70.0,96,26,0.05,NONE,174
5,70.0,96,26,0.05,NONE,180
5,70.0,96,26,0.05,NONE,186
5,70.0,96,26,0.05,NONE,192
5,70.0,96,26,0.05,NONE,198
5,70.0,96,26,0.05,NONE,204
5,70.0,96,26,0.05,NONE,210
5,70.0,96,26,0.05,NONE,216
5,70.0,96,26,0.05,NONE,216
5,70.0,96,26,0.05,NONE,222
5,70.0,96,26,0.05,NONE,228
5,70.0,96,26,0.05,NONE,222
5,70.0,96,26,0.05,NONE,222
5,70.0,96,26,0.05,NONE,222
5,70.0,96,26,0.05,NONE,222
5,70.0,96,26,0.05,NONE,228
5,70.0,96,26,0.05,NONE,228
5,70.0,96,26,0.05,NONE,228
5,70.0,96,26,0.05,NONE,228
5,70.0,96,26,0.05,NONE,234
5,70.0,96,26,0.05,NONE,240
5,70.0,96,26,0.05,NONE,246
5,70.0,96,26,0.05,NONE,246
5,70.0,96,26,0.05,NONE,246
5,70.0,96,26,0.05,NONE,246
5,70.0,96,26,0.05,NONE,252
5,70.0,96,26,0.05,NONE,258
5,70.0,96,26,0.05,NONE,264
5,70.0,96,26,0.05,NONE,264
5,70.0,96,26,0.05,NONE,258
5,70.0,96,26,0.05,NONE,264
5,70.0,96,26,0.05,NONE,264
5,70.0,96,26,0.05,NONE,264
5,70.0,96,26,0.05,NONE,264
5,70.0,96,26,0.05,NONE,270
5,70.0,96,26,0.05,NONE,276
5,70.0,96,26,0.05,NONE,282
5,70.0,96,26,0.05,NONE,282
5,70.0,96,26,0.05,NONE,282
5,69.0,96,27,0.05,NONE,282
5,69.0,96,27,0.05,NONE,282
5,69.0,96,27,0.05,NONE,282
5,69.0,96,27,0.05,NONE,276
5,69.0,96,27,0.05,NONE,270
5,69.0,96,27,0.05,NONE,264
5,69.0,96,27,0.05,NONE,258
5,69.0,96,27,0.05,NONE,264
5,69.0,96,27,0.05,NONE,258
5,69.0,96,27,0.05,NONE,252
5,69.0,96,27,0.05,NONE,246
5,69.0,96,27,0.05,NONE,240
5,69.0,96,27,0.05,NONE,234
5,69.0,96,27,0.05,NONE,240
5,69.0,96,27,0.05,NONE,234
5,69.0,96,27,0.05,NONE,228
5,69.0,96,27,0.05,NONE,222
5,69.0,96,27,0.05,NONE,228
5,69.0,96,27,0.05,NONE,222
5,69.0,96,27,0.05,NONE,216
5,69.0,96,27,0.05,NONE,210
5,69.0,96,27,0.05,NONE,204
5,69.0,96,27,0.05,NONE,198
5,69.0,96,27,0.05,NONE,192
5,69.0,96,27,0.05,NONE,186
5,69.0,96,27,0.05,NONE,180
5,69.0,96,27,0.05,NONE,174
5,69.0,96,27,0.05,NONE,168
5,69.0,96,27,0.05,NONE,162
5,69.0,96,27,0.05,NONE,156
5,69.0,96,27,0.05,NONE,150
5,69.0,96,27,0.05,NONE,150
5,69.0,96,27,0.05,NONE,150
5,69.0,96,27,0.05,NONE,150
5,69.0,96,27,0.05,NONE,150
5,69.0,96,27,0.05,NONE,150
5,69.0,96,27,0.05,NONE,150
5,69.0,96,27,0.05,NONE,156
5,69.0,96,27,0.05,NONE,150
5,69.0,96,27,0.05,NONE,156
5,69.0,96,27,0.05,NONE,150
5,69.0,96,27,0.05,NONE,156
5,69.0,96,27,0.05,NONE,150
5,69.0,96,27,0.05,NONE,156
5,69.0,96,27,0.05,NONE,150
5,69.0,96,27,0.05,NONE,156
5,69.0,96,27,0.05,NONE,150
5,69.0,96,27,0.05,NONE,156
5,69.0,96,27,0.05,NONE,150
5,69.0,96,27,0.05,NONE,156
5,69.0,96,27,0.05,NONE,150
5,69.0,96,27,0.05,NONE,156
5,69.0,96,27,0.05,NONE,150
5,69.0,96,27,0.05,NONE,156
5,69.0,96,27,0.05,NONE,150
5,69.0,96,27,0.05,NONE,156
5,69.0,96,27,0.05,NONE,150
5,69.0,96,27,0.05,NONE,156
5,69.0,96,27,0.05,NONE,150
5,69.0,96,27,0.05,NONE,156
5,69.0,96,27,0.05,NONE,150
5,69.0,96,27,0.05,NONE,144
5,69.0,96,27,0.05,NONE,138
5,69.0,96,27,0.05,NONE,132
5,69.0,96,27,0.05,NONE,126
5,69.0,96,27,0.05,NONE,120
5,69.0,96,27,0.05,NONE,114
5,69.0,96,27,0.05,NONE,108
5,69.0,96,27,0.05,NONE,114
5,69.0,96,27,0.05,NONE,108
5,69.0,96,27,0.05,NONE,102
5,69.0,96,27,0.05,NONE,96
5,69.0,96,27,0.05,NONE,90
5,69.0,96,27,0.05,NONE,84
5,69.0,96,27,0.05,NONE,90
5,69.0,96,27,0.05,NONE,90
5,69.0,96,27,0.05,NONE,96
5,69.0,96,27,0.05,NONE,102
5,69.0,96,27,0.05,NONE,108
5,69.0,96,27,0.05,NONE,114
5,69.0,96,27,0.05,NONE,120
5,69.0,96,27,0.05,NONE,114
5,69.0,96,27,0.05,NONE,120
5,69.0,96,27,0.05,NONE,114
5,69.0,96,27,0.05,NONE,108
5,69.0,96,27,0.05,NONE,102
5,69.0,96,27,0.05,NONE,96
5,69.0,96,27,0.05,NONE,90
5,69.0,96,27,0.05,NONE,84
5,69.0,96,27,0.05,NONE,84
5,69.0,96,27,0.05,NONE,78
5,69.0,96,27,0.05,NONE,72
5,69.0,96,27,0.05,NONE,66
5,69.0,96,27,0.05,NONE,60
5,69.0,96,27,0.05,NONE,54
5,69.0,96,27,0.05,NONE,48
5,69.0,96,27,0.05,NONE,48
5,69.0,96,27,0.05,NONE,48
5,69.0,96,27,0.05,NONE,54
5,69.0,96,27,0.05,NONE,60
5,69.0,96,27,0.05,NONE,66
5,69.0,96,27,0.05,NONE,72
5,69.0,96,27,0.05,NONE,78
5,69.0,96,27,0.05,NONE,84
5,69.0,96,27,0.05,NONE,84
5,69.0,96,27,0.05,NONE,78
5,69.0,96,27,0.05,NONE,72
5,69.0,96,27,0.05,NONE,72
5,69.0,96,27,0.05,NONE,72
5,69.0,96,27,0.05,NONE,72
5,69.0,96,27,0.05,NONE,72
5,69.0,96,27,0.05,NONE,72
5,69.0,96,27,0.05,NONE,72
5,69.0,96,27,0.05,NONE,72
5,69.0,96,27,0.05,NONE,78
5,69.0,96,27,0.05,NONE,78
5,69.0,96,27,0.05,NONE,84
5,69.0,96,27,0.05,NONE,84
5,69.0,96,27,0.05,NONE,84
5,69.0,96,27,0.05,NONE,84
5,69.0,96,27,0.05,NONE,90
5,69.0,96,27,0.05,NONE,96
5,69.0,96,27,0.05,NONE,102
5,69.0,96,27,0.05,NONE,108
5,69.0,96,27,0.05,NONE,108
5,69.0,96,27,0.05,NONE,108
5,69.0,96,27,0.05,NONE,108
5,69.0,96,27,0.05,NONE,114
5,69.0,96,27,0.05,NONE,120
5,69.0,96,27,0.05,NONE,120
5,69.0,96,27,0.05,NONE,114
5,69.0,96,27,0.05,NONE,120
5,69.0,96,27,0.05,NONE,120
5,69.0,96,27,0.05,NONE,120
5,69.0,96,27,0.05,NONE,120
5,69.0,96,27,0.05,NONE,126
5,69.0,96,27,0.05,NONE,132
5,69.0,96,27,0.05,NONE,138
5,69.0,96,27,0.05,NONE,144
5,69.0,96,27,0.05,NONE,150
5,69.0,96,27,0.05,NONE,156
5,69.0,96,27,0.05,NONE,150
5,69.0,96,27,0.05,NONE,156
5,69.0,96,27,0.05,NONE,156
5,69.0,96,27,0.05,NONE,156
5,69.0,96,27,0.05,NONE,156
5,69.0,96,27,0.05,NONE,162
5,69.0,96,27,0.05,NONE,168
5,69.0,96,27,0.05,NONE,174
5,69.0,96,27,0.05,NONE,180
5,69.0,96,27,0.05,NONE,186
5,69.0,96,27,0.05,NONE,180
5,69.0,96,27,0.05,NONE,186
5,69.0,96,27,0.05,NONE,192
5,69.0,96,27,0.05,NONE,192
5,69.0,96,27,0.05,NONE,198
5,69.0,96,27,0.05,NONE,204
5,69.0,96,27,0.05,NONE,210
5,69.0,96,27,0.05,NONE,216
5,69.0,96,27,0.05,NONE,222
5,69.0,96,27,0.05,NONE,228
5,69.0,96,27,0.05,NONE,228
5,69.0,96,27,0.05,NONE,228
5,69.0,96,27,0.05,NONE,234
5,69.0,96,27,0.05,NONE,240
5,69.0,96,27,0.05,NONE,240
5,69.0,96,27,0.05,NONE,240
5,69.0,96,27,0.05,NONE,246
5,69.0,96,27,0.05,NONE,252
5,69.0,96,27,0.05,NONE,258
5,69.0,96,27,0.05,NONE,258
5,69.0,96,27,0.05,NONE,258
5,69.0,96,27,0.05,NONE,258
5,69.0,96,27,0.05,NONE,258
5,69.0,96,27,0.05,NONE,264
5,69.0,96,27,0.05,NONE,264
5,69.0,96,27,0.05,NONE,264
5,69.0,96,27,0.05,NONE,270
5,69.0,96,27,0.05,NONE,276
5,69.0,96,27,0.05,NONE,282
5,69.0,96,27,0.05,NONE,288
5,69.0,96,27,0.05,NONE,294
5,69.0,96,27,0.05,NONE,300
5,69.0,96,27,0.05,NONE,306
5,69.0,96,27,0.05,NONE,300
5,69.0,96,27,0.05,NONE,294
5,69.0,96,27,0.05,NONE,300
5,69.0,96,27,0.05,NONE,300
5,69.0,96,27,0.05,NONE,294
5,69.0,96,27,0.05,NONE,294
5,69.0,96,27,0.05,NONE,294
5,69.0,96,27,0.05,NONE,300
5,69.0,96,27,0.05,NONE,300
5,69.0,96,27,0.05,NONE,300
5,69.0,96,27,0.05,NONE,306
5,69.0,96,27,0.05,NONE,312
5,69.0,96,27,0.05,NONE,318
5,69.0,96,27,0.05,NONE,318
5,69.0,96,27,0.05,NONE,318
5,69.0,96,27,0.05,NONE,318
5,69.0,96,27,0.05,NONE,318
5,69.0,96,27,0.05,NONE,318
5,69.0,96,27,0.05,NONE,318
5,69.0,96,27,0.05,NONE,312
5,69.0,96,27,0.05,NONE,312
5,69.0,96,27,0.05,NONE,318
5,69.0,96,27,0.05,NONE,312
5,69.0,96,27,0.05,NONE,306
5,69.0,96,27,0.05,NONE,300
5,69.0,96,27,0.05,NONE,294
5,69.0,96,27,0.05,NONE,300
5,69.0,96,27,0.05,NONE,306
5,69.0,96,27,0.05,NONE,312
5,69.0,96,27,0.05,NONE,318
5,69.0,96,27,0.05,NONE,324
5,69.0,96,27,0.05,NONE,330
5,69.0,96,27,0.05,NONE,336
5,69.0,96,27,0.05,NONE,342
5,69.0,96,27,0.05,NONE,348
5,69.0,96,27,0.05,NONE,348
5,69.0,96,27,0.05,NONE,342
5,69.0,96,27,0.05,NONE,342
5,69.0,96,27,0.05,NONE,342
5,69.0,96,27,0.05,NONE,336
5,69.0,96,27,0.05,NONE,330
5,69.0,96,27,0.05,NONE,336
5,69.0,96,27,0.05,NONE,330
5,69.0,96,27,0.05,NONE,324
5,69.0,96,27,0.05,NONE,318
5,69.0,96,27,0.05,NONE,312
5,69.0,96,27,0.05,NONE,306
5,69.0,96,27,0.05,NONE,300
5,69.0,96,27,0.05,NONE,294
5,69.0,96,27,0.05,NONE,300
5,69.0,96,27,0.05,NONE,294
5,69.0,96,27,0.05,NONE,300
5,69.0,96,27,0.05,NONE,300
5,69.0,96,27,0.05,NONE,300
5,69.0,96,27,0.05,NONE,306
5,69.0,96,27,0.05,NONE,312
5,69.0,96,27,0.05,NONE,318
5,69.0,96,27,0.05,NONE,324
5,69.0,96,27,0.05,NONE,324
5,69.0,96,27,0.05,NONE,330
5,69.0,96,27,0.05,NONE,330
5,69.0,96,27,0.05,NONE,330
5,69.0,96,27,0.05,NONE,324
5,69.0,96,27,0.05,NONE,318
5,69.0,96,27,0.05,NONE,312
5,69.0,96,27,0.05,NONE,306
5,69.0,96,27,0.05,NONE,300
5,69.0,96,27,0.05,NONE,294
5,69.0,96,27,0.05,NONE,294
5,69.0,96,27,0.05,NONE,288
5,69.0,96,27,0.05,NONE,282
5,69.0,96,27,0.05,NONE,276
5,69.0,96,27,0.05,NONE,270
5,69.0,96,27,0.05,NONE,264
5,69.0,96,27,0.05,NONE,258
5,69.0,96,27,0.05,NONE,252
5,69.0,96,27,0.05,NONE,246
5,69.0,96,27,0.05,NONE,240
5,69.0,96,27,0.05,NONE,234
5,69.0,96,27,0.05,NONE,228
5,69.0,96,27,0.05,NONE,222
5,69.0,96,27,0.05,NONE,216
5,69.0,96,27,0.05,NONE,210
5,69.0,96,27,0.05,NONE,204
5,69.0,96,27,0.05,NONE,198
5,69.0,96,27,0.05,NONE,192
5,69.0,96,27,0.05,NONE,186
5,69.0,96,27,0.05,NONE,192
5,69.0,96,27,0.05,NONE,186
5,69.0,96,27,0.05,NONE,180
5,69.0,96,27,0.05,NONE,174
5,69.0,96,27,0.05,NONE,168
5,69.0,96,27,0.05,NONE,174
5,69.0,96,27,0.05,NONE,168
5,69.0,96,27,0.05,NONE,162
5,69.0,96,27,0.05,NONE,156
5,69.0,96,27,0.05,NONE,150
5,69.0,96,27,0.05,NONE,144
5,69.0,96,27,0.05,NONE,138
5,69.0,96,27,0.05,NONE,132
5,69.0,96,27,0.05,NONE,126
5,69.0,96,27,0.05,NONE,120
5,69.0,96,27,0.05,NONE,114
5,69.0,96,27,0.05,NONE,114
5,69.0,96,27,0.05,NONE,114
5,69.0,96,27,0.05,NONE,114
5,69.0,96,27,0.05,NONE,120
5,69.0,96,27,0.05,NONE,120
5,69.0,96,27,0.05,NONE,120
5,69.0,96,27,0.05,NONE,120
5,69.0,96,27,0.05,NONE,114
5,69.0,96,27,0.05,NONE,120
5,69.0,96,27,0.05,NONE,120
5,69.0,96,27,0.05,NONE,120
5,69.0,96,27,0.05,NONE,126
5,69.0,96,27,0.05,NONE,132
5,69.0,96,27,0.05,NONE,138
5,69.0,96,27,0.05,NONE,144
5,69.0,96,27,0.05,NONE,150
5,69.0,96,27,0.05,NONE,150
5,69.0,96,27,0.05,NONE,150
5,69.0,96,27,0.05,NONE,150
5,69.0,96,27,0.05,NONE,144
5,69.0,96,27,0.05,NONE,138
5,69.0,96,27,0.05,NONE,144
5,69.0,96,27,0.05,NONE,138
5,69.0,96,27,0.05,NONE,132
5,69.0,96,27,0.05,NONE,126
5,69.0,96,27,0.05,NONE,120
5,69.0,96,27,0.05,NONE,114
5,69.0,96,27,0.05,NONE,120
5,69.0,96,27,0.05,NONE,126
5,69.0,96,27,0.05,NONE,132
5,69.0,96,27,0.05,NONE,138
5,69.0,96,27,0.05,NONE,144
5,69.0,96,27,0.05,NONE,150
5,69.0,96,27,0.05,NONE,144
5,69.0,96,27,0.05,NONE,150
5,69.0,96,27,0.05,NONE,156
5,69.0,96,27,0.05,NONE,150
5,69.0,96,27,0.05,NONE,156
5,69.0,96,27,0.05,NONE,150
5,69.0,96,27,0.05,NONE,150
5,69.0,96,27,0.05,NONE,150
5,69.0,96,27,0.05,NONE,150
5,69.0,96,27,0.05,NONE,150
5,69.0,96,27,0.05,NONE,150
5,69.0,96,27,0.05,NONE,150
5,69.0,96,27,0.05,NONE,150
5,69.0,96,27,0.05,NONE,150
5,69.0,96,27,0.05,NONE,150
5,69.0,96,27,0.05,NONE,150
5,69.0,96,27,0.05,NONE,150
5,69.0,96,27,0.05,NONE,156
5,69.0,96,27,0.05,NONE,162
5,69.0,96,27,0.05,NONE,168
5,69.0,96,27,0.05,NONE,174
5,69.0,96,27,0.05,NONE,174
5,69.0,96,27,0.05,NONE,174
5,69.0,96,27,0.05,NONE,180
5,69.0,96,27,0.05,NONE,186
5,69.0,96,27,0.05,NONE,192
5,69.0,96,27,0.05,NONE,198
5,69.0,96,27,0.05,NONE,192
5,69.0,96,27,0.05,NONE,186
5,69.0,96,27,0.05,NONE,192
5,69.0,96,27,0.05,NONE,198
5,69.0,96,27,0.05,NONE,204
5,69.0,96,27,0.05,NONE,210
5,69.0,96,27,0.05,NONE,216
5,69.0,96,27,0.05,NONE,222
5,69.0,96,27,0.05,NONE,228
5,69.0,96,27,0.05,NONE,234
5,69.0,96,27,0.05,NONE,228
5,69.0,96,27,0.05,NONE,222
5,69.0,96,27,0.05,NONE,228
5,69.0,96,27,0.05,NONE,228
5,69.0,96,27,0.05,NONE,228
5,69.0,96,27,0.05,NONE,222
5,69.0,96,27,0.05,NONE,216
5,69.0,96,27,0.05,NONE,210
5,69.0,96,27,0.05,NONE,204
5,69.0,96,27,0.05,NONE,198
5,69.0,96,27,0.05,NONE,192
5,69.0,96,27,0.05,NONE,186
5,69.0,96,27,0.05,NONE,192
5,69.0,96,27,0.05,NONE,192
5,69.0,96,27,0.05,NONE,192
5,69.0,96,27,0.05,NONE,198
5,69.0,96,27,0.05,NONE,204
5,69.0,96,27,0.05,NONE,210
5,69.0,96,27,0.05,NONE,210
5,69.0,96,27,0.05,NONE,210
5,69.0,96,27,0.05,NONE,210
5,69.0,96,27,0.05,NONE,216
5,69.0,96,27,0.05,NONE,222
5,69.0,96,27,0.05,NONE,228
5,69.0,96,27,0.05,NONE,228
5,69.0,96,27,0.05,NONE,228
5,69.0,96,27,0.05,NONE,228
5,69.0,96,27,0.05,NONE,222
5,69.0,96,27,0.05,NONE,228
5,69.0,96,27,0.05,NONE,222
5,69.0,96,27,0.05,NONE,222
5,69.0,96,27,0.05,NONE,222
5,69.0,96,27,0.05,NONE,228
5,69.0,96,27,0.05,NONE,228
5,69.0,96,27,0.05,NONE,228
5,69.0,96,27,0.05,NONE,228
5,69.0,96,27,0.05,NONE,222
5,69.0,96,27,0.05,NONE,222
5,69.0,96,27,0.05,NONE,222
5,69.0,96,27,0.05,NONE,228
5,69.0,96,27,0.05,NONE,228
5,69.0,96,27,0.05,NONE,228
5,69.0,96,27,0.05,NONE,228
5,69.0,96,27,0.05,NONE,228
5,69.0,96,27,0.05,NONE,228
5,69.0,96,27,0.05,NONE,228
5,69.0,96,27,0.05,NONE,228
5,69.0,96,27,0.05,NONE,228
5,69.0,96,27,0.05,NONE,228
5,69.0,96,27,0.05,NONE,228
5,69.0,96,27,0.05,NONE,228
5,69.0,96,27,0.05,NONE,222
5,69.0,96,27,0.05,NONE,228
5,69.0,96,27,0.05,NONE,222
5,69.0,96,27,0.05,NONE,228
5,69.0,96,27,0.05,NONE,222
5,69.0,96,27,0.05,NONE,222
5,69.0,96,27,0.05,NONE,228
5,69.0,96,27,0.05,NONE,222
5,69.0,96,27,0.05,NONE,228
5,69.0,96,27,0.05,NONE,222
5,69.0,96,27,0.05,NONE,228
5,69.0,96,27,0.05,NONE,222
5,69.0,96,27,0.05,NONE,216
5,69.0,96,27,0.05,NONE,210
5,69.0,96,27,0.05,NONE,204
5,69.0,96,27,0.05,NONE,198
5,69.0,96,27,0.05,NONE,192
5,69.0,96,27,0.05,NONE,186
5,69.0,96,27,0.05,NONE,186
5,69.0,96,27,0.05,NONE,186
5,69.0,96,27,0.05,NONE,186
5,69.0,96,27,0.05,NONE,186
5,69.0,96,27,0.05,NONE,186
5,69.0,96,27,0.05,NONE,186
5,69.0,96,27,0.05,NONE,180
5,69.0,96,27,0.05,NONE,174
5,69.0,96,27,0.05,NONE,168
5,69.0,96,27,0.05,NONE,162
5,69.0,96,27,0.05,NONE,156
5,69.0,96,27,0.05,NONE,150
5,69.0,96,27,0.05,NONE,150
5,69.0,96,27,0.05,NONE,150
5,69.0,96,27,0.05,NONE,150
5,70.0,97,27,0.05,NONE,150
5,70.0,97,27,0.05,NONE,144
5,70.0,97,27,0.05,NONE,138
5,70.0,97,27,0.05,NONE,138
5,70.0,97,27,0.05,NONE,132
5,70.0,97,27,0.05,NONE,132
5,70.0,97,27,0.05,NONE,132
5,70.0,97,27,0.05,NONE,132
5,70.0,97,27,0.05,NONE,132
5,70.0,97,27,0.05,NONE,132
5,70.0,97,27,0.05,NONE,132
5,70.0,97,27,0.05,NONE,132
5,70.0,97,27,0.05,NONE,132
5,70.0,97,27,0.05,NONE,132
5,70.0,97,27,0.05,NONE,138
5,70.0,97,27,0.05,NONE,144
5,70.0,97,27,0.05,NONE,150
5,70.0,97,27,0.05,NONE,156
5,70.0,97,27,0.05,NONE,150
5,70.0,97,27,0.05,NONE,156
5,70.0,97,27,0.05,NONE,150
5,70.0,97,27,0.05,NONE,156
5,70.0,97,27,0.05,NONE,150
5,70.0,97,27,0.05,NONE,156
5,70.0,97,27,0.05,NONE,150
5,70.0,97,27,0.05,NONE,156
5,70.0,97,27,0.05,NONE,150
5,70.0,97,27,0.05,NONE,156
5,70.0,97,27,0.05,NONE,150
5,70.0,97,27,0.05,NONE,156
5,70.0,97,27,0.05,NONE,150
5,70.0,97,27,0.05,NONE,156
5,70.0,97,27,0.05,NONE,150
5,70.0,97,27,0.05,NONE,156
5,70.0,97,27,0.05,NONE,150
5,70.0,97,27,0.05,NONE,156
5,70.0,97,27,0.05,NONE,156
5,70.0,97,27,0.05,NONE,150
5,70.0,97,27,0.05,NONE,144
5,70.0,97,27,0.05,NONE,138
5,70.0,97,27,0.05,NONE,132
5,70.0,97,27,0.05,NONE,138
5,70.0,97,27,0.05,NONE,132
5,70.0,97,27,0.05,NONE,126
5,70.0,97,27,0.05,NONE,120
5,70.0,97,27,0.05,NONE,114
5,70.0,97,27,0.05,NONE,114
5,70.0,97,27,0.05,NONE,108
5,70.0,97,27,0.05,NONE,102
5,70.0,97,27,0.05,NONE,102
5,70.0,97,27,0.05,NONE,108
5,70.0,97,27,0.05,NONE,114
5,70.0,97,27,0.05,NONE,120
5,70.0,97,27,0.05,NONE,114
5,70.0,97,27,0.05,NONE,120
5,70.0,97,27,0.05,NONE,114
5,70.0,97,27,0.05,NONE,120
5,70.0,97,27,0.05,NONE,114
5,70.0,97,27,0.05,NONE,120
5,70.0,97,27,0.05,NONE,114
5,70.0,97,27,0.05,NONE,120
5,70.0,97,27,0.05,NONE,114
5,70.0,97,27,0.05,NONE,108
5,70.0,97,27,0.05,NONE,102
5,70.0,97,27,0.05,NONE,96
5,70.0,97,27,0.05,NONE,90
5,70.0,97,27,0.05,NONE,84
5,70.0,97,27,0.05,NONE,78
5,70.0,97,27,0.05,NONE,78
5,70.0,97,27,0.05,NONE,78
5,70.0,97,27,0.05,NONE,78
5,70.0,97,27,0.05,NONE,78
5,70.0,97,27,0.05,NONE,84
5,70.0,97,27,0.05,NONE,84
5,70.0,97,27,0.05,NONE,84
5,70.0,97,27,0.05,NONE,84
5,70.0,97,27,0.05,NONE,90
5,70.0,97,27,0.05,NONE,96
5,70.0,97,27,0.05,NONE,102
5,70.0,97,27,0.05,NONE,108
5,70.0,97,27,0.05,NONE,114
5,70.0,97,27,0.05,NONE,120
5,70.0,97,27,0.05,NONE,120
5,70.0,97,27,0.05,NONE,120
5,70.0,97,27,0.05,NONE,114
5,70.0,97,27,0.05,NONE,114
5,70.0,97,27,0.05,NONE,108
5,70.0,97,27,0.05,NONE,102
5,70.0,97,27,0.05,NONE,96
5,70.0,97,27,0.05,NONE,90
5,70.0,97,27,0.05,NONE,84
5,70.0,97,27,0.05,NONE,78
5,70.0,97,27,0.05,NONE,84
5,70.0,97,27,0.05,NONE,90
5,70.0,97,27,0.05,NONE,96
5,70.0,97,27,0.05,NONE,96
5,70.0,97,27,0.05,NONE,96
5,70.0,97,27,0.05,NONE,96
5,70.0,97,27,0.05,NONE,102
5,70.0,97,27,0.05,NONE,108
5,70.0,97,27,0.05,NONE,114
5,70.0,97,27,0.05,NONE,114
5,70.0,97,27,0.05,NONE,114
5,70.0,97,27,0.05,NONE,114
5,70.0,97,27,0.05,NONE,120
5,70.0,97,27,0.05,NONE,120
5,70.0,97,27,0.05,NONE,120
5,70.0,97,27,0.05,NONE,114
5,70.0,97,27,0.05,NONE,120
5,70.0,97,27,0.05,NONE,126
5,70.0,97,27,0.05,NONE,132
5,70.0,97,27,0.05,NONE,132
5,70.0,97,27,0.05,NONE,132
5,70.0,97,27,0.05,NONE,138
5,70.0,97,27,0.05,NONE,144
5,70.0,97,27,0.05,NONE,150
5,70.0,97,27,0.05,NONE,150
5,70.0,97,27,0.05,NONE,156
5,70.0,97,27,0.05,NONE,162
5,70.0,97,27,0.05,NONE,168
5,70.0,97,27,0.05,NONE,168
5,70.0,97,27,0.05,NONE,168
5,70.0,97,27,0.05,NONE,168
5,70.0,97,27,0.05,NONE,168
5,70.0,97,27,0.05,NONE,168
5,70.0,97,27,0.05,NONE,174
5,70.0,97,27,0.05,NONE,180
5,70.0,97,27,0.05,NONE,186
5,70.0,97,27,0.05,NONE,192
5,70.0,97,27,0.05,NONE,198
5,70.0,97,27,0.05,NONE,192
5,70.0,97,27,0.05,NONE,186
5,70.0,97,27,0.05,NONE,180
5,70.0,97,27,0.05,NONE,174
5,70.0,97,27,0.05,NONE,168
5,70.0,97,27,0.05,NONE,162
5,70.0,97,27,0.05,NONE,156
5,70.0,97,27,0.05,NONE,150
5,70.0,97,27,0.05,NONE,144
5,70.0,97,27,0.05,NONE,138
5,70.0,97,27,0.05,NONE,132
5,70.0,97,27,0.05,NONE,126
5,70.0,97,27,0.05,NONE,120
5,70.0,97,27,0.05,NONE,114
5,70.0,97,27,0.05,NONE,108
5,70.0,97,27,0.05,NONE,102
5,70.0,97,27,0.05,NONE,96
5,70.0,97,27,0.05,NONE,90
5,70.0,97,27,0.05,NONE,84
5,70.0,97,27,0.05,NONE,78
5,70.0,97,27,0.05,NONE,72
5,70.0,97,27,0.05,NONE,78
5,70.0,97,27,0.05,NONE,84
5,70.0,97,27,0.05,NONE,84
5,70.0,97,27,0.05,NONE,78
5,70.0,97,27,0.05,NONE,78
5,70.0,97,27,0.05,NONE,72
5,70.0,97,27,0.05,NONE,66
5,70.0,97,27,0.05,NONE,60
5,70.0,97,27,0.05,NONE,54
5,70.0,97,27,0.05,NONE,48
5,70.0,97,27,0.05,NONE,42
5,70.0,97,27,0.05,NONE,36
5,70.0,97,27,0.05,NONE,30
5,70.0,97,27,0.05,NONE,30
5,70.0,97,27,0.05,NONE,24
5,70.0,97,27,0.05,NONE,18
5,70.0,97,27,0.05,NONE,12
5,70.0,97,27,0.05,NONE,6
5,70.0,97,27,0.05,NONE,0
5,70.0,97,27,0.05,NONE,0
5,70.0,97,27,0.05,NONE,0
5,70.0,97,27,0.05,NONE,0
5,70.0,97,27,0.05,NONE,0
5,70.0,97,27,0.05,NONE,0
5,70.0,97,27,0.05,NONE,0
5,70.0,97,27,0.05,NONE,0
5,70.0,97,27,0.05,NONE,0
5,70.0,97,27,0.05,NONE,0
5,70.0,97,27,0.05,NONE,0
5,70.0,97,27,0.05,NONE,0
5,70.0,97,27,0.05,NONE,0
5,70.0,97,27,0.05,NONE,0
5,70.0,97,27,0.05,NONE,0
5,70.0,97,27,0.05,NONE,0
5,70.0,97,27,0.05,NONE,0
5,70.0,97,27,0.05,NONE,0
5,70.0,97,27,0.05,NONE,0
5,70.0,97,27,0.05,NONE,0
5,70.0,97,27,0.05,NONE,0
5,70.0,97,27,0.05,NONE,0
5,70.0,97,27,0.05,NONE,0
5,70.0,97,27,0.05,NONE,0
5,70.0,97,27,0.05,NONE,0
5,70.0,97,27,0.05,NONE,0
5,70.0,97,27,0.05,NONE,0
5,70.0,97,27,0.05,NONE,0
5,70.0,97,27,0.05,NONE,0
5,70.0,97,27,0.05,NONE,0
5,70.0,97,27,0.05,NONE,0
5,70.0,97,27,0.05,NONE,0
5,70.0,97,27,0.05,NONE,0
5,70.0,97,27,0.05,NONE,0
5,70.0,97,27,0.05,NONE,0
5,70.0,97,27,0.05,NONE,0
5,70.0,97,27,0.05,NONE,0
5,70.0,97,27,0.05,NONE,0
5,70.0,97,27,0.05,NONE,0
5,70.0,97,27,0.05,NONE,0
5,70.0,97,27,0.05,NONE,0
5,70.0,97,27,0.05,NONE,0
5,70.0,97,27,0.05,NONE,0
5,70.0,97,27,0.05,NONE,0
5,70.0,97,27,0.05,NONE,0
5,70.0,97,27,0.05,NONE,0
5,70.0,97,27,0.05,NONE,0
5,70.0,97,27,0.05,NONE,0
5,70.0,97,27,0.05,NONE,0
5,70.0,97,27,0.05,NONE,0
5,70.0,97,27,0.05,NONE,0
5,70.0,97,27,0.05,NONE,0
5,70.0,97,27,0.05,NONE,0
5,70.0,97,27,0.05,NONE,0
5,70.0,97,27,0.05,NONE,6
5,70.0,97,27,0.05,NONE,0
5,70.0,97,27,0.05,NONE,0
5,70.0,97,27,0.05,NONE,0
5,70.0,97,27,0.05,NONE,0
5,70.0,97,27,0.05,NONE,0
5,70.0,97,27,0.05,NONE,0
5,70.0,97,27,0.05,NONE,0
5,70.0,97,27,0.05,NONE,0
5,70.0,97,27,0.05,NONE,0
5,70.0,97,27,0.05,NONE,0
5,70.0,97,27,0.05,NONE,0
5,70.0,97,27,0.05,NONE,0
5,70.0,97,27,0.05,NONE,0
5,70.0,97,27,0.05,NONE,0
5,70.0,97,27,0.05,NONE,0
5,70.0,97,27,0.05,NONE,0
5,70.0,97,27,0.05,NONE,0
5,70.0,97,27,0.05,NONE,0
5,70.0,97,27,0.05,NONE,0
5,70.0,97,27,0.05,NONE,0
5,70.0,97,27,0.05,NONE,0
5,70.0,97,27,0.05,NONE,0
5,70.0,97,27,0.05,NONE,0
5,70.0,97,27,0.05,NONE,6
5,70.0,97,27,0.05,NONE,12
5,70.0,97,27,0.05,NONE,18
5,70.0,97,27,0.05,NONE,24
5,70.0,97,27,0.05,NONE,24
5,70.0,97,27,0.05,NONE,24
5,70.0,97,27,0.05,NONE,24
5,70.0,97,27,0.05,NONE,30
5,70.0,97,27,0.05,NONE,36
5,70.0,97,27,0.05,NONE,42
5,70.0,97,27,0.05,NONE,48
5,70.0,97,27,0.05,NONE,42
5,70.0,97,27,0.05,NONE,36
5,70.0,97,27,0.05,NONE,30
5,70.0,97,27,0.05,NONE,24
5,70.0,97,27,0.05,NONE,18
5,70.0,97,27,0.05,NONE,12
5,70.0,97,27,0.05,NONE,6
5,70.0,97,27,0.05,NONE,12
5,70.0,97,27,0.05,NONE,6
5,70.0,97,27,0.05,NONE,12
5,70.0,97,27,0.05,NONE,18
5,70.0,97,27,0.05,NONE,24
5,70.0,97,27,0.05,NONE,30
5,70.0,97,27,0.05,NONE,36
5,70.0,97,27,0.05,NONE,42
5,70.0,97,27,0.05,NONE,48
5,70.0,97,27,0.05,NONE,42
5,70.0,97,27,0.05,NONE,48
5,70.0,97,27,0.05,NONE,42
5,70.0,97,27,0.05,NONE,48
5,70.0,97,27,0.05,NONE,54
5,70.0,97,27,0.05,NONE,60
5,70.0,97,27,0.05,NONE,66
5,70.0,97,27,0.05,NONE,72
5,70.0,97,27,0.05,NONE,66
5,70.0,97,27,0.05,NONE,72
5,70.0,97,27,0.05,NONE,78
5,70.0,97,27,0.05,NONE,84
5,70.0,97,27,0.05,NONE,84
5,70.0,97,27,0.05,NONE,78
5,70.0,97,27,0.05,NONE,84
5,70.0,97,27,0.05,NONE,84
5,70.0,97,27,0.05,NONE,84
5,70.0,97,27,0.05,NONE,90
5,70.0,97,27,0.05,NONE,84
5,70.0,97,27,0.05,NONE,78
5,70.0,97,27,0.05,NONE,78
5,70.0,97,27,0.05,NONE,84
5,70.0,97,27,0.05,NONE,90
5,70.0,97,27,0.05,NONE,96
5,70.0,97,27,0.05,NONE,102
5,70.0,97,27,0.05,NONE,108
5,70.0,97,27,0.05,NONE,114
5,70.0,97,27,0.05,NONE,120
5,70.0,97,27,0.05,NONE,114
5,70.0,97,27,0.05,NONE,120
5,70.0,97,27,0.05,NONE,114
5,70.0,97,27,0.05,NONE,120
5,70.0,97,27,0.05,NONE,114
5,70.0,97,27,0.05,NONE,120
5,70.0,97,27,0.05,NONE,114
5,70.0,97,27,0.05,NONE,120
5,70.0,97,27,0.05,NONE,114
5,70.0,97,27,0.05,NONE,120
5,70.0,97,27,0.05,NONE,114
5,70.0,97,27,0.05,NONE,120
5,70.0,97,27,0.05,NONE,126
5,70.0,97,27,0.05,NONE,132
5,70.0,97,27,0.05,NONE,138
5,70.0,97,27,0.05,NONE,144
5,70.0,97,27,0.05,NONE,150
5,70.0,97,27,0.05,NONE,156
5,70.0,97,27,0.05,NONE,162
5,70.0,97,27,0.05,NONE,168
5,70.0,97,27,0.05,NONE,168
5,70.0,97,27,0.05,NONE,168
5,70.0,97,27,0.05,NONE,174
5,70.0,97,27,0.05,NONE,180
5,70.0,97,27,0.05,NONE,186
5,70.0,97,27,0.05,NONE,192
5,70.0,97,27,0.05,NONE,198
5,70.0,97,27,0.05,NONE,204
5,70.0,97,27,0.05,NONE,210
5,70.0,97,27,0.05,NONE,216
5,70.0,97,27,0.05,NONE,216
5,70.0,97,27,0.05,NONE,222
5,70.0,97,27,0.05,NONE,228
5,70.0,97,27,0.05,NONE,228
5,70.0,97,27,0.05,NONE,228
5,70.0,97,27,0.05,NONE,228
5,70.0,97,27,0.05,NONE,228
5,70.0,97,27,0.05,NONE,228
5,70.0,97,27,0.05,NONE,228
5,70.0,97,27,0.05,NONE,234
5,70.0,97,27,0.05,NONE,240
5,70.0,97,27,0.05,NONE,246
5,70.0,97,27,0.05,NONE,246
5,70.0,97,27,0.05,NONE,246
5,70.0,97,27,0.05,NONE,246
5,70.0,97,27,0.05,NONE,252
5,70.0,97,27,0.05,NONE,258
5,70.0,97,27,0.05,NONE,252
5,70.0,97,27,0.05,NONE,246
5,70.0,97,27,0.05,NONE,252
5,70.0,97,27,0.05,NONE,252
5,70.0,97,27,0.05,NONE,258
5,70.0,97,27,0.05,NONE,264
5,70.0,97,27,0.05,NONE,264
5,70.0,97,27,0.05,NONE,258
5,70.0,97,27,0.05,NONE,252
5,70.0,97,27,0.05,NONE,246
5,70.0,97,27,0.05,NONE,240
5,70.0,97,27,0.05,NONE,234
5,70.0,97,27,0.05,NONE,228
5,70.0,97,27,0.05,NONE,222
5,70.0,97,27,0.05,NONE,228
5,70.0,97,27,0.05,NONE,228
5,70.0,97,27,0.05,NONE,228
5,70.0,97,27,0.05,NONE,228
5,70.0,97,27,0.05,NONE,222
5,70.0,97,27,0.05,NONE,228
5,70.0,97,27,0.05,NONE,228
5,70.0,97,27,0.05,NONE,228
5,70.0,97,27,0.05,NONE,222
5,70.0,97,27,0.05,NONE,222
5,70.0,97,27,0.05,NONE,228
5,70.0,97,27,0.05,NONE,228
5,70.0,97,27,0.05,NONE,228
5,70.0,97,27,0.05,NONE,228
5,70.0,97,27,0.05,NONE,228
5,70.0,97,27,0.05,NONE,228
5,70.0,97,27,0.05,NONE,228
5,70.0,97,27,0.05,NONE,228
5,70.0,97,27,0.05,NONE,228
5,70.0,97,27,0.05,NONE,228
5,70.0,97,27,0.05,NONE,228
5,70.0,97,27,0.05,NONE,228
5,70.0,97,27,0.05,NONE,222
5,70.0,97,27,0.05,NONE,228
5,70.0,97,27,0.05,NONE,222
5,70.0,97,27,0.05,NONE,228
5,70.0,97,27,0.05,NONE,222
5,70.0,97,27,0.05,NONE,228
5,70.0,97,27,0.05,NONE,222
5,70.0,97,27,0.05,NONE,228
5,70.0,97,27,0.05,NONE,222
5,70.0,97,27,0.05,NONE,228
5,70.0,97,27,0.05,NONE,222
5,70.0,97,27,0.05,NONE,228
5,70.0,97,27,0.05,NONE,222
5,70.0,97,27,0.05,NONE,216
5,70.0,97,27,0.05,NONE,210
5,70.0,97,27,0.05,NONE,204
5,70.0,97,27,0.05,NONE,198
5,70.0,97,27,0.05,NONE,192
5,70.0,97,27,0.05,NONE,186
5,70.0,97,27,0.05,NONE,186
5,70.0,97,27,0.05,NONE,186
5,70.0,97,27,0.05,NONE,186
5,70.0,97,27,0.05,NONE,186
5,70.0,97,27,0.05,NONE,186
5,70.0,97,27,0.05,NONE,180
5,70.0,97,27,0.05,NONE,174
5,70.0,97,27,0.05,NONE,168
5,70.0,97,27,0.05,NONE,162
5,70.0,97,27,0.05,NONE,156
5,70.0,97,27,0.05,NONE,150
5,70.0,97,27,0.05,NONE,150
5,70.0,97,27,0.05,NONE,150
5,70.0,97,27,0.05,NONE,150
5,70.0,97,27,0.05,NONE,150
5,70.0,97,27,0.05,NONE,150
5,70.0,97,27,0.05,NONE,150
5,70.0,97,27,0.05,NONE,150
5,70.0,97,27,0.05,NONE,150
5,70.0,97,27,0.05,NONE,150
5,70.0,97,27,0.05,NONE,150
5,70.0,97,27,0.05,NONE,150
5,70.0,97,27,0.05,NONE,150
5,70.0,97,27,0.05,NONE,150
5,70.0,97,27,0.05,NONE,150
5,70.0,97,27,0.05,NONE,150
5,70.0,97,27,0.05,NONE,150
5,70.0,97,27,0.05,NONE,150
5,70.0,97,27,0.05,NONE,156
5,70.0,97,27,0.05,NONE,150
5,70.0,97,27,0.05,NONE,156
5,70.0,97,27,0.05,NONE,150
5,70.0,97,27,0.05,NONE,156
5,70.0,97,27,0.05,NONE,150
5,70.0,97,27,0.05,NONE,156
5,70.0,97,27,0.05,NONE,150
5,70.0,97,27,0.05,NONE,156
5,70.0,97,27,0.05,NONE,150
5,70.0,97,27,0.05,NONE,156
5,70.0,97,27,0.05,NONE,150
5,70.0,97,27,0.05,NONE,144
5,70.0,97,27,0.05,NONE,138
5,70.0,97,27,0.05,NONE,132
5,70.0,97,27,0.05,NONE,126
5,70.0,97,27,0.05,NONE,120
5,70.0,97,27,0.05,NONE,114
5,70.0,97,27,0.05,NONE,108
5,70.0,97,27,0.05,NONE,102
5,70.0,97,27,0.05,NONE,96
5,70.0,97,27,0.05,NONE,102
5,70.0,97,27,0.05,NONE,96
5,70.0,97,27,0.05,NONE,90
5,70.0,97,27,0.05,NONE,84
5,70.0,97,27,0.05,NONE,78
5,70.0,97,27,0.05,NONE,84
5,70.0,97,27,0.05,NONE,78
5,70.0,97,27,0.05,NONE,84
5,70.0,97,27,0.05,NONE,78
5,70.0,97,27,0.05,NONE,84
5,70.0,97,27,0.05,NONE,78
5,70.0,97,27,0.05,NONE,84
5,70.0,97,27,0.05,NONE,78
5,70.0,97,27,0.05,NONE,84
5,70.0,97,27,0.05,NONE,78
5,70.0,97,27,0.05,NONE,84
5,70.0,97,27,0.05,NONE,78
5,70.0,97,27,0.05,NONE,84
5,70.0,97,27,0.05,NONE,78
5,70.0,97,27,0.05,NONE,84
5,70.0,97,27,0.05,NONE,78
5,70.0,97,27,0.05,NONE,84
5,70.0,97,27,0.05,NONE,78
5,70.0,97,27,0.05,NONE,84
5,70.0,97,27,0.05,NONE,78
5,70.0,97,27,0.05,NONE,84
5,70.0,97,27,0.05,NONE,78
5,70.0,97,27,0.05,NONE,72
5,70.0,97,27,0.05,NONE,66
5,70.0,97,27,0.05,NONE,60
5,70.0,97,27,0.05,NONE,54
5,70.0,97,27,0.05,NONE,48
5,70.0,97,27,0.05,NONE,42
5,70.0,97,27,0.05,NONE,48
5,70.0,97,27,0.05,NONE,42
5,70.0,97,27,0.05,NONE,48
5,70.0,97,27,0.05,NONE,42
5,70.0,97,27,0.05,NONE,48
5,70.0,97,27,0.05,NONE,42
5,70.0,97,27,0.05,NONE,48
5,70.0,97,27,0.05,NONE,54
5,70.0,97,27,0.05,NONE,60
5,70.0,97,27,0.05,NONE,54
5,70.0,97,27,0.05,NONE,54
5,70.0,97,27,0.05,NONE,54
5,70.0,97,27,0.05,NONE,54
5,70.0,97,27,0.05,NONE,60
5,70.0,97,27,0.05,NONE,66
5,70.0,97,27,0.05,NONE,72
5,70.0,97,27,0.05,NONE,78
5,70.0,97,27,0.05,NONE,84
5,70.0,97,27,0.05,NONE,84
5,70.0,97,27,0.05,NONE,90
5,70.0,97,27,0.05,NONE,96
5,70.0,97,27,0.05,NONE,102
5,70.0,97,27,0.05,NONE,108
5,70.0,97,27,0.05,NONE,114
5,70.0,97,27,0.05,NONE,120
5,70.0,97,27,0.05,NONE,126
5,70.0,97,27,0.05,NONE,132
5,70.0,97,27,0.05,NONE,126
5,70.0,97,27,0.05,NONE,120
5,70.0,97,27,0.05,NONE,114
5,70.0,97,27,0.05,NONE,114
5,70.0,97,27,0.05,NONE,114
5,70.0,97,27,0.05,NONE,114
5,70.0,97,27,0.05,NONE,114
5,70.0,97,27,0.05,NONE,114
5,70.0,97,27,0.05,NONE,114
5,70.0,97,27,0.05,NONE,114
5,70.0,97,27,0.05,NONE,120
5,70.0,97,27,0.05,NONE,120
5,70.0,97,27,0.05,NONE,120
5,70.0,97,27,0.05,NONE,120
5,70.0,97,27,0.05,NONE,120
5,70.0,97,27,0.05,NONE,126
5,70.0,97,27,0.05,NONE,132
5,70.0,97,27,0.05,NONE,138
5,70.0,97,27,0.05,NONE,138
5,70.0,97,27,0.05,NONE,138
5,70.0,97,27,0.05,NONE,138
5,70.0,97,27,0.05,NONE,138
5,70.0,97,27,0.05,NONE,144
5,70.0,97,27,0.05,NONE,150
5,70.0,97,27,0.05,NONE,156
5,70.0,97,27,0.05,NONE,162
5,70.0,97,27,0.05,NONE,168
5,70.0,97,27,0.05,NONE,174
5,70.0,97,27,0.05,NONE,180
5,70.0,97,27,0.05,NONE,186
5,70.0,97,27,0.05,NONE,192
5,70.0,97,27,0.05,NONE,198
5,70.0,97,27,0.05,NONE,204
5,70.0,97,27,0.05,NONE,210
5,70.0,97,27,0.05,NONE,216
5,70.0,97,27,0.05,NONE,222
5,70.0,97,27,0.05,NONE,222
5,70.0,97,27,0.05,NONE,222
5,70.0,97,27,0.05,NONE,222
5,70.0,97,27,0.05,NONE,222
5,70.0,97,27,0.05,NONE,228
5,70.0,97,27,0.05,NONE,234
5,70.0,97,27,0.05,NONE,240
5,70.0,97,27,0.05,NONE,246
5,70.0,97,27,0.05,NONE,246
5,70.0,97,27,0.05,NONE,246
5,70.0,97,27,0.05,NONE,252
5,70.0,97,27,0.05,NONE,258
5,70.0,97,27,0.05,NONE,264
5,70.0,97,27,0.05,NONE,270
5,70.0,97,27,0.05,NONE,276
5,70.0,97,27,0.05,NONE,282
5,70.0,97,27,0.05,NONE,288
5,70.0,97,27,0.05,NONE,294
5,70.0,97,27,0.05,NONE,300
5,70.0,97,27,0.05,NONE,300
5,70.0,97,27,0.05,NONE,294
5,70.0,97,27,0.05,NONE,300
5,70.0,97,27,0.05,NONE,300
5,70.0,97,27,0.05,NONE,300
5,70.0,97,27,0.05,NONE,300
5,70.0,97,27,0.05,NONE,306
5,70.0,97,27,0.05,NONE,312
5,70.0,97,27,0.05,NONE,318
5,70.0,97,27,0.05,NONE,324
5,70.0,97,27,0.05,NONE,330
5,70.0,97,27,0.05,NONE,336
5,70.0,97,27,0.05,NONE,342
5,70.0,97,27,0.05,NONE,336
5,70.0,97,27,0.05,NONE,330
5,70.0,97,27,0.05,NONE,336
5,70.0,97,27,0.05,NONE,336
5,70.0,97,27,0.05,NONE,336
5,70.0,97,27,0.05,NONE,342
5,70.0,97,27,0.05,NONE,348
5,70.0,97,27,0.05,NONE,354
5,70.0,97,27,0.05,NONE,354
5,70.0,97,27,0.05,NONE,354
5,70.0,97,27,0.05,NONE,360
5,70.0,97,27,0.05,NONE,366
5,70.0,97,27,0.05,NONE,372
5,70.0,97,27,0.05,NONE,378
5,70.0,97,27,0.05,NONE,372
5,70.0,97,27,0.05,NONE,366
5,70.0,97,27,0.05,NONE,360
5,70.0,97,27,0.05,NONE,354
5,70.0,97,27,0.05,NONE,348
5,70.0,97,27,0.05,NONE,342
5,70.0,97,27,0.05,NONE,336
5,70.0,97,27,0.05,NONE,330
5,70.0,97,27,0.05,NONE,330
5,70.0,97,27,0.05,NONE,330
5,70.0,97,27,0.05,NONE,330
5,69.0,97,28,0.05,NONE,336
5,69.0,97,28,0.05,NONE,330
5,69.0,97,28,0.05,NONE,324
5,69.0,97,28,0.05,NONE,318
5,69.0,97,28,0.05,NONE,312
5,69.0,97,28,0.05,NONE,306
5,69.0,97,28,0.05,NONE,300
5,69.0,97,28,0.05,NONE,294
5,69.0,97,28,0.05,NONE,288
5,69.0,97,28,0.05,NONE,282
5,69.0,97,28,0.05,NONE,276
5,69.0,97,28,0.05,NONE,270
5,69.0,97,28,0.05,NONE,264
5,69.0,97,28,0.05,NONE,258
5,69.0,97,28,0.05,NONE,252
5,69.0,97,28,0.05,NONE,252
5,69.0,97,28,0.05,NONE,246
5,69.0,97,28,0.05,NONE,240
5,69.0,97,28,0.05,NONE,234
5,69.0,97,28,0.05,NONE,228
5,69.0,97,28,0.05,NONE,222
5,69.0,97,28,0.05,NONE,216
5,69.0,97,28,0.05,NONE,210
5,69.0,97,28,0.05,NONE,204
5,69.0,97,28,0.05,NONE,198
5,69.0,97,28,0.05,NONE,192
5,69.0,97,28,0.05,NONE,186
5,69.0,97,28,0.05,NONE,180
5,69.0,97,28,0.05,NONE,186
5,69.0,97,28,0.05,NONE,180
5,69.0,97,28,0.05,NONE,174
5,69.0,97,28,0.05,NONE,168
5,69.0,97,28,0.05,NONE,162
5,69.0,97,28,0.05,NONE,156
5,69.0,97,28,0.05,NONE,150
5,69.0,97,28,0.05,NONE,150
5,69.0,97,28,0.05,NONE,150
5,69.0,97,28,0.05,NONE,156
5,69.0,97,28,0.05,NONE,150
5,69.0,97,28,0.05,NONE,156
5,69.0,97,28,0.05,NONE,150
5,69.0,97,28,0.05,NONE,150
5,69.0,97,28,0.05,NONE,156
5,69.0,97,28,0.05,NONE,150
5,69.0,97,28,0.05,NONE,156
5,69.0,97,28,0.05,NONE,150
5,69.0,97,28,0.05,NONE,156
5,69.0,97,28,0.05,NONE,150
5,69.0,97,28,0.05,NONE,156
5,69.0,97,28,0.05,NONE,150
5,69.0,97,28,0.05,NONE,156
5,69.0,97,28,0.05,NONE,150
5,69.0,97,28,0.05,NONE,156
5,69.0,97,28,0.05,NONE,150
5,69.0,97,28,0.05,NONE,156
5,69.0,97,28,0.05,NONE,150
5,69.0,97,28,0.05,NONE,156
5,69.0,97,28,0.05,NONE,150
5,69.0,97,28,0.05,NONE,156
5,69.0,97,28,0.05,NONE,150
5,69.0,97,28,0.05,NONE,156
5,69.0,97,28,0.05,NONE,150
5,69.0,97,28,0.05,NONE,144
5,69.0,97,28,0.05,NONE,138
5,69.0,97,28,0.05,NONE,132
5,69.0,97,28,0.05,NONE,126
5,69.0,97,28,0.05,NONE,126
5,69.0,97,28,0.05,NONE,126
5,69.0,97,28,0.05,NONE,120
5,69.0,97,28,0.05,NONE,126
5,69.0,97,28,0.05,NONE,132
5,69.0,97,28,0.05,NONE,132
5,69.0,97,28,0.05,NONE,132
5,69.0,97,28,0.05,NONE,126
5,69.0,97,28,0.05,NONE,120
5,69.0,97,28,0.05,NONE,114
5,69.0,97,28,0.05,NONE,120
5,69.0,97,28,0.05,NONE,114
5,69.0,97,28,0.05,NONE,120
5,69.0,97,28,0.05,NONE,114
5,69.0,97,28,0.05,NONE,120
5,69.0,97,28,0.05,NONE,114
5,69.0,97,28,0.05,NONE,120
5,69.0,97,28,0.05,NONE,114
5,69.0,97,28,0.05,NONE,114
5,69.0,97,28,0.05,NONE,114
5,69.0,97,28,0.05,NONE,120
5,69.0,97,28,0.05,NONE,114
5,69.0,97,28,0.05,NONE,120
5,69.0,97,28,0.05,NONE,120
5,69.0,97,28,0.05,NONE,120
5,69.0,97,28,0.05,NONE,120
5,69.0,97,28,0.05,NONE,120
5,69.0,97,28,0.05,NONE,120
5,69.0,97,28,0.05,NONE,120
5,69.0,97,28,0.05,NONE,120
5,69.0,97,28,0.05,NONE,114
5,69.0,97,28,0.05,NONE,120
5,69.0,97,28,0.05,NONE,120
5,69.0,97,28,0.05,NONE,120
5,69.0,97,28,0.05,NONE,126
5,69.0,97,28,0.05,NONE,132
5,69.0,97,28,0.05,NONE,138
5,69.0,97,28,0.05,NONE,144
5,69.0,97,28,0.05,NONE,150
5,69.0,97,28,0.05,NONE,156
5,69.0,97,28,0.05,NONE,156
5,69.0,97,28,0.05,NONE,150
5,69.0,97,28,0.05,NONE,144
5,69.0,97,28,0.05,NONE,138
5,69.0,97,28,0.05,NONE,132
5,69.0,97,28,0.05,NONE,126
5,69.0,97,28,0.05,NONE,120
5,69.0,97,28,0.05,NONE,114
5,69.0,97,28,0.05,NONE,114
5,69.0,97,28,0.05,NONE,114
5,69.0,97,28,0.05,NONE,120
5,69.0,97,28,0.05,NONE,126
5,69.0,97,28,0.05,NONE,120
5,69.0,97,28,0.05,NONE,114
5,69.0,97,28,0.05,NONE,120
5,69.0,97,28,0.05,NONE,120
5,69.0,97,28,0.05,NONE,120
5,69.0,97,28,0.05,NONE,126
5,69.0,97,28,0.05,NONE,132
5,69.0,97,28,0.05,NONE,138
5,69.0,97,28,0.05,NONE,144
5,69.0,97,28,0.05,NONE,150
5,69.0,97,28,0.05,NONE,156
5,69.0,97,28,0.05,NONE,162
5,69.0,97,28,0.05,NONE,156
5,69.0,97,28,0.05,NONE,150
5,69.0,97,28,0.05,NONE,156
5,69.0,97,28,0.05,NONE,156
5,69.0,97,28,0.05,NONE,156
5,69.0,97,28,0.05,NONE,162
5,69.0,97,28,0.05,NONE,168
5,69.0,97,28,0.05,NONE,174
5,69.0,97,28,0.05,NONE,180
5,69.0,97,28,0.05,NONE,180
5,69.0,97,28,0.05,NONE,180
5,69.0,97,28,0.05,NONE,180
5,69.0,97,28,0.05,NONE,186
5,69.0,97,28,0.05,NONE,192
5,69.0,97,28,0.05,NONE,192
5,69.0,97,28,0.05,NONE,186
5,69.0,97,28,0.05,NONE,192
5,69.0,97,28,0.05,NONE,192
5,69.0,97,28,0.05,NONE,192
5,69.0,97,28,0.05,NONE,192
5,69.0,97,28,0.05,NONE,192
5,69.0,97,28,0.05,NONE,192
5,69.0,97,28,0.05,NONE,198
5,69.0,97,28,0.05,NONE,204
5,69.0,97,28,0.05,NONE,204
5,69.0,97,28,0.05,NONE,204
5,69.0,97,28,0.05,NONE,210
5,69.0,97,28,0.05,NONE,216
5,69.0,97,28,0.05,NONE,222
5,69.0,97,28,0.05,NONE,228
5,69.0,97,28,0.05,NONE,234
5,69.0,97,28,0.05,NONE,240
5,69.0,97,28,0.05,NONE,246
5,69.0,97,28,0.05,NONE,252
5,69.0,97,28,0.05,NONE,258
5,69.0,97,28,0.05,NONE,258
5,69.0,97,28,0.05,NONE,258
5,69.0,97,28,0.05,NONE,258
5,69.0,97,28,0.05,NONE,258
5,69.0,97,28,0.05,NONE,264
5,69.0,97,28,0.05,NONE,270
5,69.0,97,28,0.05,NONE,276
5,69.0,97,28,0.05,NONE,282
5,69.0,97,28,0.05,NONE,288
5,69.0,97,28,0.05,NONE,294
5,69.0,97,28,0.05,NONE,300
5,69.0,97,28,0.05,NONE,300
5,69.0,97,28,0.05,NONE,300
5,69.0,97,28,0.05,NONE,300
5,69.0,97,28,0.05,NONE,306
5,69.0,97,28,0.05,NONE,312
5,69.0,97,28,0.05,NONE,318
5,69.0,97,28,0.05,NONE,324
5,69.0,97,28,0.05,NONE,330
5,69.0,97,28,0.05,NONE,330
5,69.0,97,28,0.05,NONE,324
5,69.0,97,28,0.05,NONE,330
5,69.0,97,28,0.05,NONE,336
5,69.0,97,28,0.05,NONE,336
5,69.0,97,28,0.05,NONE,336
5,69.0,97,28,0.05,NONE,342
5,69.0,97,28,0.05,NONE,348
5,69.0,97,28,0.05,NONE,354
5,69.0,97,28,0.05,NONE,354
5,69.0,97,28,0.05,NONE,354
5,69.0,97,28,0.05,NONE,354
5,69.0,97,28,0.05,NONE,360
5,69.0,97,28,0.05,NONE,366
5,69.0,97,28,0.05,NONE,372
5,69.0,97,28,0.05,NONE,366
5,69.0,97,28,0.05,NONE,366
5,69.0,97,28,0.05,NONE,366
5,69.0,97,28,0.05,NONE,366
5,69.0,97,28,0.05,NONE,366
5,69.0,97,28,0.05,NONE,366
5,69.0,97,28,0.05,NONE,372
5,69.0,97,28,0.05,NONE,366
5,69.0,97,28,0.05,NONE,372
5,69.0,97,28,0.05,NONE,372
5,69.0,97,28,0.05,NONE,372
5,69.0,97,28,0.05,NONE,372
5,69.0,97,28,0.05,NONE,378
5,69.0,97,28,0.05,NONE,372
5,69.0,97,28,0.05,NONE,366
5,69.0,97,28,0.05,NONE,366
5,69.0,97,28,0.05,NONE,366
5,69.0,97,28,0.05,NONE,366
5,69.0,97,28,0.05,NONE,366
5,69.0,97,28,0.05,NONE,366
5,69.0,97,28,0.05,NONE,366
5,69.0,97,28,0.05,NONE,366
5,69.0,97,28,0.05,NONE,366
5,69.0,97,28,0.05,NONE,366
5,69.0,97,28,0.05,NONE,360
5,69.0,97,28,0.05,NONE,354
5,69.0,97,28,0.05,NONE,360
5,69.0,97,28,0.05,NONE,354
5,69.0,97,28,0.05,NONE,348
5,69.0,97,28,0.05,NONE,342
5,69.0,97,28,0.05,NONE,336
5,69.0,97,28,0.05,NONE,330
5,69.0,97,28,0.05,NONE,324
5,69.0,97,28,0.05,NONE,318
5,69.0,97,28,0.05,NONE,312
5,69.0,97,28,0.05,NONE,306
5,69.0,97,28,0.05,NONE,306
5,69.0,97,28,0.05,NONE,306
5,69.0,97,28,0.05,NONE,306
5,69.0,97,28,0.05,NONE,312
5,69.0,97,28,0.05,NONE,318
5,69.0,97,28,0.05,NONE,324
5,69.0,97,28,0.05,NONE,324
5,69.0,97,28,0.05,NONE,324
5,69.0,97,28,0.05,NONE,324
5,69.0,97,28,0.05,NONE,330
5,69.0,97,28,0.05,NONE,336
5,69.0,97,28,0.05,NONE,330
5,69.0,97,28,0.05,NONE,324
5,69.0,97,28,0.05,NONE,318
5,69.0,97,28,0.05,NONE,312
5,69.0,97,28,0.05,NONE,306
5,69.0,97,28,0.05,NONE,300
5,69.0,97,28,0.05,NONE,294
5,69.0,97,28,0.05,NONE,288
5,69.0,97,28,0.05,NONE,282
5,69.0,97,28,0.05,NONE,276
5,69.0,97,28,0.05,NONE,270
5,69.0,97,28,0.05,NONE,264
5,69.0,97,28,0.05,NONE,258
5,69.0,97,28,0.05,NONE,252
5,69.0,97,28,0.05,NONE,246
5,69.0,97,28,0.05,NONE,240
5,69.0,97,28,0.05,NONE,234
5,69.0,97,28,0.05,NONE,228
5,69.0,97,28,0.05,NONE,222
5,69.0,97,28,0.05,NONE,216
5,69.0,97,28,0.05,NONE,210
5,69.0,97,28,0.05,NONE,204
5,69.0,97,28,0.05,NONE,198
5,69.0,97,28,0.05,NONE,192
5,69.0,97,28,0.05,NONE,186
5,69.0,97,28,0.05,NONE,180
5,69.0,97,28,0.05,NONE,174
5,69.0,97,28,0.05,NONE,168
5,69.0,97,28,0.05,NONE,162
5,69.0,97,28,0.05,NONE,156
5,69.0,97,28,0.05,NONE,150
5,69.0,97,28,0.05,NONE,144
5,69.0,97,28,0.05,NONE,138
5,69.0,97,28,0.05,NONE,132
5,69.0,97,28,0.05,NONE,126
5,69.0,97,28,0.05,NONE,120
5,69.0,97,28,0.05,NONE,126
5,69.0,97,28,0.05,NONE,132
5,69.0,97,28,0.05,NONE,138
5,69.0,97,28,0.05,NONE,138
5,69.0,97,28,0.05,NONE,138
5,69.0,97,28,0.05,NONE,138
5,69.0,97,28,0.05,NONE,138
5,69.0,97,28,0.05,NONE,144
5,69.0,97,28,0.05,NONE,150
5,69.0,97,28,0.05,NONE,150
5,69.0,97,28,0.05,NONE,150
5,69.0,97,28,0.05,NONE,150
5,69.0,97,28,0.05,NONE,156
5,69.0,97,28,0.05,NONE,150
5,69.0,97,28,0.05,NONE,156
5,69.0,97,28,0.05,NONE,156
5,69.0,97,28,0.05,NONE,156
5,69.0,97,28,0.05,NONE,156
5,69.0,97,28,0.05,NONE,162
5,69.0,97,28,0.05,NONE,168
5,69.0,97,28,0.05,NONE,174
5,69.0,97,28,0.05,NONE,180
5,69.0,97,28,0.05,NONE,186
5,69.0,97,28,0.05,NONE,186
5,69.0,97,28,0.05,NONE,180
5,69.0,97,28,0.05,NONE,174
5,69.0,97,28,0.05,NONE,168
5,69.0,97,28,0.05,NONE,162
5,69.0,97,28,0.05,NONE,156
5,69.0,97,28,0.05,NONE,150
5,69.0,97,28,0.05,NONE,150
5,69.0,97,28,0.05,NONE,150
5,69.0,97,28,0.05,NONE,156
5,69.0,97,28,0.05,NONE,156
5,69.0,97,28,0.05,NONE,156
5,69.0,97,28,0.05,NONE,162
5,69.0,97,28,0.05,NONE,168
5,69.0,97,28,0.05,NONE,174
5,69.0,97,28,0.05,NONE,174
5,69.0,97,28,0.05,NONE,174
5,69.0,97,28,0.05,NONE,174
5,69.0,97,28,0.05,NONE,180
5,69.0,97,28,0.05,NONE,186
5,69.0,97,28,0.05,NONE,186
5,69.0,97,28,0.05,NONE,186
5,69.0,97,28,0.05,NONE,192
5,69.0,97,28,0.05,NONE,186
5,69.0,97,28,0.05,NONE,192
5,69.0,97,28,0.05,NONE,186
5,69.0,97,28,0.05,NONE,192
5,69.0,97,28,0.05,NONE,186
5,69.0,97,28,0.05,NONE,192
5,69.0,97,28,0.05,NONE,186
5,69.0,97,28,0.05,NONE,192
5,69.0,97,28,0.05,NONE,192
5,69.0,97,28,0.05,NONE,192
5,69.0,97,28,0.05,NONE,192
5,69.0,97,28,0.05,NONE,198
5,69.0,97,28,0.05,NONE,204
5,69.0,97,28,0.05,NONE,210
5,69.0,97,28,0.05,NONE,216
5,69.0,97,28,0.05,NONE,222
5,69.0,97,28,0.05,NONE,228
5,69.0,97,28,0.05,NONE,234
5,69.0,97,28,0.05,NONE,228
5,69.0,97,28,0.05,NONE,222
5,69.0,97,28,0.05,NONE,228
5,69.0,97,28,0.05,NONE,234
5,69.0,97,28,0.05,NONE,240
5,69.0,97,28,0.05,NONE,246
5,69.0,97,28,0.05,NONE,252
5,69.0,97,28,0.05,NONE,258
5,69.0,97,28,0.05,NONE,264
5,69.0,97,28,0.05,NONE,264
5,69.0,97,28,0.05,NONE,258
5,69.0,97,28,0.05,NONE,258
5,69.0,97,28,0.05,NONE,264
5,69.0,97,28,0.05,NONE,264
5,69.0,97,28,0.05,NONE,264
5,69.0,97,28,0.05,NONE,270
5,69.0,97,28,0.05,NONE,264
5,69.0,97,28,0.05,NONE,270
5,69.0,97,28,0.05,NONE,264
5,69.0,97,28,0.05,NONE,258
5,69.0,97,28,0.05,NONE,264
5,69.0,97,28,0.05,NONE,264
5,69.0,97,28,0.05,NONE,264
5,69.0,97,28,0.05,NONE,270
5,69.0,97,28,0.05,NONE,276
5,69.0,97,28,0.05,NONE,282
5,69.0,97,28,0.05,NONE,282
5,69.0,97,28,0.05,NONE,282
5,69.0,97,28,0.05,NONE,282
5,69.0,97,28,0.05,NONE,282
5,69.0,97,28,0.05,NONE,282
5,69.0,97,28,0.05,NONE,288
5,69.0,97,28,0.05,NONE,294
5,69.0,97,28,0.05,NONE,300
5,69.0,97,28,0.05,NONE,300
5,69.0,97,28,0.05,NONE,294
5,69.0,97,28,0.05,NONE,294
5,69.0,97,28,0.05,NONE,294
5,69.0,97,28,0.05,NONE,288
5,69.0,97,28,0.05,NONE,288
5,69.0,97,28,0.05,NONE,288
5,69.0,97,28,0.05,NONE,294
5,69.0,97,28,0.05,NONE,300
5,69.0,97,28,0.05,NONE,294
5,69.0,97,28,0.05,NONE,294
5,69.0,97,28,0.05,NONE,300
5,69.0,97,28,0.05,NONE,300
5,69.0,97,28,0.05,NONE,300
5,69.0,97,28,0.05,NONE,306
5,69.0,97,28,0.05,NONE,312
5,69.0,97,28,0.05,NONE,312
5,69.0,97,28,0.05,NONE,312
5,69.0,97,28,0.05,NONE,318
5,69.0,97,28,0.05,NONE,324
5,69.0,97,28,0.05,NONE,330
5,69.0,97,28,0.05,NONE,336
5,69.0,97,28,0.05,NONE,330
5,69.0,97,28,0.05,NONE,336
5,69.0,97,28,0.05,NONE,336
5,69.0,97,28,0.05,NONE,336
5,69.0,97,28,0.05,NONE,336
5,69.0,97,28,0.05,NONE,342
5,69.0,97,28,0.05,NONE,342
5,69.0,97,28,0.05,NONE,336
5,69.0,97,28,0.05,NONE,330
5,69.0,97,28,0.05,NONE,324
5,69.0,97,28,0.05,NONE,318
5,69.0,97,28,0.05,NONE,312
5,69.0,97,28,0.05,NONE,306
5,69.0,97,28,0.05,NONE,300
5,69.0,97,28,0.05,NONE,294
5,69.0,97,28,0.05,NONE,288
5,69.0,97,28,0.05,NONE,288
5,69.0,97,28,0.05,NONE,282
5,69.0,97,28,0.05,NONE,282
5,69.0,97,28,0.05,NONE,276
5,69.0,97,28,0.05,NONE,270
5,69.0,97,28,0.05,NONE,264
5,69.0,97,28,0.05,NONE,258
5,69.0,97,28,0.05,NONE,252
5,69.0,97,28,0.05,NONE,246
5,69.0,97,28,0.05,NONE,240
5,69.0,97,28,0.05,NONE,234
5,69.0,97,28,0.05,NONE,228
5,69.0,97,28,0.05,NONE,222
5,69.0,97,28,0.05,NONE,216
5,69.0,97,28,0.05,NONE,210
5,69.0,97,28,0.05,NONE,204
5,69.0,97,28,0.05,NONE,198
5,69.0,97,28,0.05,NONE,192
5,69.0,97,28,0.05,NONE,186
5,69.0,97,28,0.05,NONE,180
5,69.0,97,28,0.05,NONE,174
5,69.0,97,28,0.05,NONE,168
5,69.0,97,28,0.05,NONE,162
5,70.0,98,28,0.05,NONE,156
5,70.0,98,28,0.05,NONE,150
5,70.0,98,28,0.05,NONE,144
5,70.0,98,28,0.05,NONE,144
5,70.0,98,28,0.05,NONE,144
5,70.0,98,28,0.05,NONE,144
5,70.0,98,28,0.05,NONE,144
5,70.0,98,28,0.05,NONE,144
5,70.0,98,28,0.05,NONE,138
5,70.0,98,28,0.05,NONE,138
5,70.0,98,28,0.05,NONE,138
5,70.0,98,28,0.05,NONE,138
5,70.0,98,28,0.05,NONE,144
5,70.0,98,28,0.05,NONE,144
5,70.0,98,28,0.05,NONE,150
5,70.0,98,28,0.05,NONE,156
5,70.0,98,28,0.05,NONE,150
5,70.0,98,28,0.05,NONE,156
5,70.0,98,28,0.05,NONE,150
5,70.0,98,28,0.05,NONE,156
5,70.0,98,28,0.05,NONE,150
5,70.0,98,28,0.05,NONE,156
5,70.0,98,28,0.05,NONE,150
5,70.0,98,28,0.05,NONE,156
5,70.0,98,28,0.05,NONE,150
5,70.0,98,28,0.05,NONE,156
5,70.0,98,28,0.05,NONE,150
5,70.0,98,28,0.05,NONE,156
5,70.0,98,28,0.05,NONE,150
5,70.0,98,28,0.05,NONE,156
5,70.0,98,28,0.05,NONE,150
5,70.0,98,28,0.05,NONE,156
5,70.0,98,28,0.05,NONE,150
5,70.0,98,28,0.05,NONE,150
5,70.0,98,28,0.05,NONE,156
5,70.0,98,28,0.05,NONE,150
5,70.0,98,28,0.05,NONE,156
5,70.0,98,28,0.05,NONE,150
5,70.0,98,28,0.05,NONE,144
5,70.0,98,28,0.05,NONE,138
5,70.0,98,28,0.05,NONE,132
5,70.0,98,28,0.05,NONE,132
5,70.0,98,28,0.05,NONE,132
5,70.0,98,28,0.05,NONE,132
5,70.0,98,28,0.05,NONE,132
5,70.0,98,28,0.05,NONE,132
5,70.0,98,28,0.05,NONE,132
5,70.0,98,28,0.05,NONE,132
5,70.0,98,28,0.05,NONE,126
5,70.0,98,28,0.05,NONE,126
5,70.0,98,28,0.05,NONE,126
5,70.0,98,28,0.05,NONE,126
5,70.0,98,28,0.05,NONE,132
5,70.0,98,28,0.05,NONE,138
5,70.0,98,28,0.05,NONE,144
5,70.0,98,28,0.05,NONE,150
5,70.0,98,28,0.05,NONE,150
5,70.0,98,28,0.05,NONE,150
5,70.0,98,28,0.05,NONE,150
5,70.0,98,28,0.05,NONE,156
5,70.0,98,28,0.05,NONE,150
5,70.0,98,28,0.05,NONE,156
5,70.0,98,28,0.05,NONE,162
5,70.0,98,28,0.05,NONE,156
5,70.0,98,28,0.05,NONE,150
5,70.0,98,28,0.05,NONE,156
5,70.0,98,28,0.05,NONE,156
5,70.0,98,28,0.05,NONE,156
5,70.0,98,28,0.05,NONE,162
5,70.0,98,28,0.05,NONE,168
5,70.0,98,28,0.05,NONE,174
5,70.0,98,28,0.05,NONE,174
5,70.0,98,28,0.05,NONE,174
5,70.0,98,28,0.05,NONE,174
5,70.0,98,28,0.05,NONE,174
5,70.0,98,28,0.05,NONE,168
5,70.0,98,28,0.05,NONE,162
5,70.0,98,28,0.05,NONE,156
5,70.0,98,28,0.05,NONE,150
5,70.0,98,28,0.05,NONE,156
5,70.0,98,28,0.05,NONE,156
5,70.0,98,28,0.05,NONE,156
5,70.0,98,28,0.05,NONE,156
5,70.0,98,28,0.05,NONE,150
5,70.0,98,28,0.05,NONE,150
5,70.0,98,28,0.05,NONE,150
5,70.0,98,28,0.05,NONE,156
5,70.0,98,28,0.05,NONE,156
5,70.0,98,28,0.05,NONE,156
5,70.0,98,28,0.05,NONE,156
5,70.0,98,28,0.05,NONE,162
5,70.0,98,28,0.05,NONE,168
5,70.0,98,28,0.05,NONE,174
5,70.0,98,28,0.05,NONE,174
5,70.0,98,28,0.05,NONE,168
5,70.0,98,28,0.05,NONE,162
5,70.0,98,28,0.05,NONE,156
5,70.0,98,28,0.05,NONE,150
5,70.0,98,28,0.05,NONE,156
5,70.0,98,28,0.05,NONE,156
5,70.0,98,28,0.05,NONE,156
5,70.0,98,28,0.05,NONE,162
5,70.0,98,28,0.05,NONE,168
5,70.0,98,28,0.05,NONE,174
5,70.0,98,28,0.05,NONE,180
5,70.0,98,28,0.05,NONE,180
5,70.0,98,28,0.05,NONE,180
5,70.0,98,28,0.05,NONE,186
5,70.0,98,28,0.05,NONE,192
5,70.0,98,28,0.05,NONE,198
5,70.0,98,28,0.05,NONE,192
5,70.0,98,28,0.05,NONE,186
5,70.0,98,28,0.05,NONE,192
5,70.0,98,28,0.05,NONE,192
5,70.0,98,28,0.05,NONE,192
5,70.0,98,28,0.05,NONE,192
5,70.0,98,28,0.05,NONE,198
5,70.0,98,28,0.05,NONE,204
5,70.0,98,28,0.05,NONE,210
5,70.0,98,28,0.05,NONE,204
5,70.0,98,28,0.05,NONE,198
5,70.0,98,28,0.05,NONE,204
5,70.0,98,28,0.05,NONE,210
5,70.0,98,28,0.05,NONE,216
5,70.0,98,28,0.05,NONE,210
5,70.0,98,28,0.05,NONE,204
5,70.0,98,28,0.05,NONE,198
5,70.0,98,28,0.05,NONE,204
5,70.0,98,28,0.05,NONE,210
5,70.0,98,28,0.05,NONE,204
5,70.0,98,28,0.05,NONE,198
5,70.0,98,28,0.05,NONE,192
5,70.0,98,28,0.05,NONE,198
5,70.0,98,28,0.05,NONE,204
5,70.0,98,28,0.05,NONE,198
5,70.0,98,28,0.05,NONE,192
5,70.0,98,28,0.05,NONE,186
5,70.0,98,28,0.05,NONE,180
5,70.0,98,28,0.05,NONE,174
5,70.0,98,28,0.05,NONE,168
5,70.0,98,28,0.05,NONE,162
5,70.0,98,28,0.05,NONE,156
5,70.0,98,28,0.05,NONE,150
5,70.0,98,28,0.05,NONE,144
5,70.0,98,28,0.05,NONE,138
5,70.0,98,28,0.05,NONE,132
5,70.0,98,28,0.05,NONE,126
5,70.0,98,28,0.05,NONE,120
5,70.0,98,28,0.05,NONE,114
5,70.0,98,28,0.05,NONE,108
5,70.0,98,28,0.05,NONE,102
5,70.0,98,28,0.05,NONE,96
5,70.0,98,28,0.05,NONE,90
5,70.0,98,28,0.05,NONE,84
5,70.0,98,28,0.05,NONE,78
5,70.0,98,28,0.05,NONE,72
5,70.0,98,28,0.05,NONE,66
5,70.0,98,28,0.05,NONE,60
5,70.0,98,28,0.05,NONE,54
5,70.0,98,28,0.05,NONE,48
5,70.0,98,28,0.05,NONE,42
5,70.0,98,28,0.05,NONE,36
5,70.0,98,28,0.05,NONE,30
5,70.0,98,28,0.05,NONE,24
5,70.0,98,28,0.05,NONE,18
5,70.0,98,28,0.05,NONE,12
5,70.0,98,28,0.05,NONE,6
5,70.0,98,28,0.05,NONE,0
5,70.0,98,28,0.05,NONE,0
5,70.0,98,28,0.05,NONE,0
5,70.0,98,28,0.05,NONE,0
5,70.0,98,28,0.05,NONE,0
5,70.0,98,28,0.05,NONE,0
5,70.0,98,28,0.05,NONE,0
5,70.0,98,28,0.05,NONE,0
5,70.0,98,28,0.05,NONE,0
5,70.0,98,28,0.05,NONE,0
5,70.0,98,28,0.05,NONE,0
5,70.0,98,28,0.05,NONE,0
5,70.0,98,28,0.05,NONE,0
5,70.0,98,28,0.05,NONE,0
5,70.0,98,28,0.05,NONE,0
5,70.0,98,28,0.05,NONE,0
5,70.0,98,28,0.05,NONE,0
5,70.0,98,28,0.05,NONE,0
5,70.0,98,28,0.05,NONE,0
5,70.0,98,28,0.05,NONE,0
5,70.0,98,28,0.05,NONE,0
5,70.0,98,28,0.05,NONE,0
5,70.0,98,28,0.05,NONE,0
5,70.0,98,28,0.05,NONE,0
5,70.0,98,28,0.05,NONE,0
5,70.0,98,28,0.05,NONE,0
5,70.0,98,28,0.05,NONE,0
5,70.0,98,28,0.05,NONE,0
5,70.0,98,28,0.05,NONE,0
5,70.0,98,28,0.05,NONE,0
5,70.0,98,28,0.05,NONE,0
5,70.0,98,28,0.05,NONE,0
5,70.0,98,28,0.05,NONE,0
5,70.0,98,28,0.05,NONE,0
5,70.0,98,28,0.05,NONE,0
5,70.0,98,28,0.05,NONE,0
5,70.0,98,28,0.05,NONE,0
5,70.0,98,28,0.05,NONE,0
5,70.0,98,28,0.05,NONE,0
5,70.0,98,28,0.05,NONE,0
5,70.0,98,28,0.05,NONE,0
5,70.0,98,28,0.05,NONE,0
5,70.0,98,28,0.05,NONE,0
5,70.0,98,28,0.05,NONE,0
5,70.0,98,28,0.05,NONE,0
5,70.0,98,28,0.05,NONE,0
5,70.0,98,28,0.05,NONE,0
5,70.0,98,28,0.05,NONE,0
5,70.0,98,28,0.05,NONE,0
5,70.0,98,28,0.05,NONE,0
5,70.0,98,28,0.05,NONE,0
5,70.0,98,28,0.05,NONE,0
5,70.0,98,28,0.05,NONE,0
5,70.0,98,28,0.05,NONE,0
5,70.0,98,28,0.05,NONE,0
5,70.0,98,28,0.05,NONE,0
5,70.0,98,28,0.05,NONE,0
5,70.0,98,28,0.05,NONE,0
5,70.0,98,28,0.05,NONE,0
5,70.0,98,28,0.05,NONE,0
5,70.0,98,28,0.05,NONE,0
5,70.0,98,28,0.05,NONE,0
5,70.0,98,28,0.05,NONE,0
5,70.0,98,28,0.05,NONE,0
5,70.0,98,28,0.05,NONE,0
5,70.0,98,28,0.05,NONE,0
5,70.0,98,28,0.05,NONE,0
5,70.0,98,28,0.05,NONE,0
5,70.0,98,28,0.05,NONE,0
5,70.0,98,28,0.05,NONE,0
5,70.0,98,28,0.05,NONE,0
5,70.0,98,28,0.05,NONE,6
5,70.0,98,28,0.05,NONE,12
5,70.0,98,28,0.05,NONE,6
5,70.0,98,28,0.05,NONE,12
5,70.0,98,28,0.05,NONE,6
5,70.0,98,28,0.05,NONE,12
5,70.0,98,28,0.05,NONE,12
5,70.0,98,28,0.05,NONE,12
5,70.0,98,28,0.05,NONE,18
5,70.0,98,28,0.05,NONE,24
5,70.0,98,28,0.05,NONE,30
5,70.0,98,28,0.05,NONE,36
5,70.0,98,28,0.05,NONE,36
5,70.0,98,28,0.05,NONE,36
5,70.0,98,28,0.05,NONE,36
5,70.0,98,28,0.05,NONE,42
5,70.0,98,28,0.05,NONE,48
5,70.0,98,28,0.05,NONE,48
5,70.0,98,28,0.05,NONE,48
5,70.0,98,28,0.05,NONE,54
5,70.0,98,28,0.05,NONE,60
5,70.0,98,28,0.05,NONE,60
5,70.0,98,28,0.05,NONE,60
5,70.0,98,28,0.05,NONE,66
5,70.0,98,28,0.05,NONE,66
5,70.0,98,28,0.05,NONE,66
5,70.0,98,28,0.05,NONE,66
5,70.0,98,28,0.05,NONE,66
5,70.0,98,28,0.05,NONE,66
5,70.0,98,28,0.05,NONE,60
5,70.0,98,28,0.05,NONE,54
5,70.0,98,28,0.05,NONE,54
5,70.0,98,28,0.05,NONE,54
5,70.0,98,28,0.05,NONE,60
5,70.0,98,28,0.05,NONE,66
5,70.0,98,28,0.05,NONE,72
5,70.0,98,28,0.05,NONE,78
5,70.0,98,28,0.05,NONE,84
5,70.0,98,28,0.05,NONE,78
5,70.0,98,28,0.05,NONE,84
5,70.0,98,28,0.05,NONE,84
5,70.0,98,28,0.05,NONE,84
5,70.0,98,28,0.05,NONE,90
5,70.0,98,28,0.05,NONE,96
5,70.0,98,28,0.05,NONE,102
5,70.0,98,28,0.05,NONE,96
5,70.0,98,28,0.05,NONE,96
5,70.0,98,28,0.05,NONE,96
5,70.0,98,28,0.05,NONE,96
5,70.0,98,28,0.05,NONE,96
5,70.0,98,28,0.05,NONE,96
5,70.0,98,28,0.05,NONE,96
5,70.0,98,28,0.05,NONE,96
5,70.0,98,28,0.05,NONE,90
5,70.0,98,28,0.05,NONE,84
5,70.0,98,28,0.05,NONE,78
5,70.0,98,28,0.05,NONE,84
5,70.0,98,28,0.05,NONE,78
5,70.0,98,28,0.05,NONE,84
5,70.0,98,28,0.05,NONE,90
5,70.0,98,28,0.05,NONE,96
5,70.0,98,28,0.05,NONE,102
5,70.0,98,28,0.05,NONE,108
5,70.0,98,28,0.05,NONE,114
5,70.0,98,28,0.05,NONE,120
5,70.0,98,28,0.05,NONE,114
5,70.0,98,28,0.05,NONE,120
5,70.0,98,28,0.05,NONE,114
5,70.0,98,28,0.05,NONE,120
5,70.0,98,28,0.05,NONE,114
5,70.0,98,28,0.05,NONE,120
5,70.0,98,28,0.05,NONE,114
5,70.0,98,28,0.05,NONE,120
5,70.0,98,28,0.05,NONE,126
5,70.0,98,28,0.05,NONE,132
5,70.0,98,28,0.05,NONE,132
5,70.0,98,28,0.05,NONE,138
5,70.0,98,28,0.05,NONE,144
5,70.0,98,28,0.05,NONE,138
5,70.0,98,28,0.05,NONE,132
5,70.0,98,28,0.05,NONE,126
5,70.0,98,28,0.05,NONE,132
5,70.0,98,28,0.05,NONE,138
5,70.0,98,28,0.05,NONE,144
5,70.0,98,28,0.05,NONE,138
5,70.0,98,28,0.05,NONE,132
5,70.0,98,28,0.05,NONE,126
5,70.0,98,28,0.05,NONE,132
5,70.0,98,28,0.05,NONE,126
5,70.0,98,28,0.05,NONE,120
5,70.0,98,28,0.05,NONE,114
5,70.0,98,28,0.05,NONE,108
5,70.0,98,28,0.05,NONE,102
5,70.0,98,28,0.05,NONE,96
5,70.0,98,28,0.05,NONE,90
5,70.0,98,28,0.05,NONE,84
5,70.0,98,28,0.05,NONE,78
5,70.0,98,28,0.05,NONE,72
5,70.0,98,28,0.05,NONE,66
5,70.0,98,28,0.05,NONE,72
5,70.0,98,28,0.05,NONE,66
5,70.0,98,28,0.05,NONE,60
5,70.0,98,28,0.05,NONE,54
5,70.0,98,28,0.05,NONE,48
5,70.0,98,28,0.05,NONE,42
5,70.0,98,28,0.05,NONE,42
5,70.0,98,28,0.05,NONE,42
5,70.0,98,28,0.05,NONE,42
5,70.0,98,28,0.05,NONE,42
5,70.0,98,28,0.05,NONE,42
5,70.0,98,28,0.05,NONE,42
5,70.0,98,28,0.05,NONE,36
5,70.0,98,28,0.05,NONE,30
5,70.0,98,28,0.05,NONE,24
5,70.0,98,28,0.05,NONE,18
5,70.0,98,28,0.05,NONE,12
5,70.0,98,28,0.05,NONE,6
5,70.0,98,28,0.05,NONE,12
5,70.0,98,28,0.05,NONE,6
5,70.0,98,28,0.05,NONE,6
5,70.0,98,28,0.05,NONE,6
5,70.0,98,28,0.05,NONE,6
5,70.0,98,28,0.05,NONE,6
5,70.0,98,28,0.05,NONE,12
5,70.0,98,28,0.05,NONE,12
5,70.0,98,28,0.05,NONE,12
5,70.0,98,28,0.05,NONE,12
5,70.0,98,28,0.05,NONE,6
5,70.0,98,28,0.05,NONE,12
5,70.0,98,28,0.05,NONE,12
5,70.0,98,28,0.05,NONE,12
5,70.0,98,28,0.05,NONE,12
5,70.0,98,28,0.05,NONE,6
5,70.0,98,28,0.05,NONE,0
5,70.0,98,28,0.05,NONE,6
5,70.0,98,28,0.05,NONE,12
5,70.0,98,28,0.05,NONE,6
5,70.0,98,28,0.05,NONE,12
5,70.0,98,28,0.05,NONE,6
5,70.0,98,28,0.05,NONE,12
5,70.0,98,28,0.05,NONE,6
5,70.0,98,28,0.05,NONE,12
5,70.0,98,28,0.05,NONE,12
5,70.0,98,28,0.05,NONE,12
5,70.0,98,28,0.05,NONE,12
5,70.0,98,28,0.05,NONE,12
5,70.0,98,28,0.05,NONE,18
5,70.0,98,28,0.05,NONE,24
5,70.0,98,28,0.05,NONE,30
5,70.0,98,28,0.05,NONE,36
5,70.0,98,28,0.05,NONE,42
5,70.0,98,28,0.05,NONE,42
5,70.0,98,28,0.05,NONE,42
5,70.0,98,28,0.05,NONE,48
5,70.0,98,28,0.05,NONE,54
5,70.0,98,28,0.05,NONE,60
5,70.0,98,28,0.05,NONE,66
5,70.0,98,28,0.05,NONE,72
5,70.0,98,28,0.05,NONE,78
5,70.0,98,28,0.05,NONE,84
5,70.0,98,28,0.05,NONE,90
5,70.0,98,28,0.05,NONE,96
5,70.0,98,28,0.05,NONE,102
5,70.0,98,28,0.05,NONE,108
5,70.0,98,28,0.05,NONE,114
5,70.0,98,28,0.05,NONE,120
5,70.0,98,28,0.05,NONE,126
5,70.0,98,28,0.05,NONE,132
5,70.0,98,28,0.05,NONE,138
5,70.0,98,28,0.05,NONE,144
5,70.0,98,28,0.05,NONE,150
5,70.0,98,28,0.05,NONE,150
5,70.0,98,28,0.05,NONE,150
5,70.0,98,28,0.05,NONE,150
5,70.0,98,28,0.05,NONE,150
5,70.0,98,28,0.05,NONE,150
5,70.0,98,28,0.05,NONE,150
5,70.0,98,28,0.05,NONE,150
5,70.0,98,28,0.05,NONE,150
5,70.0,98,28,0.05,NONE,150
5,70.0,98,28,0.05,NONE,150
5,70.0,98,28,0.05,NONE,150
5,70.0,98,28,0.05,NONE,150
5,70.0,98,28,0.05,NONE,150
5,70.0,98,28,0.05,NONE,150
5,70.0,98,28,0.05,NONE,150
5,70.0,98,28,0.05,NONE,150
5,70.0,98,28,0.05,NONE,150
5,70.0,98,28,0.05,NONE,150
5,70.0,98,28,0.05,NONE,150
5,70.0,98,28,0.05,NONE,150
5,70.0,98,28,0.05,NONE,150
5,70.0,98,28,0.05,NONE,150
5,70.0,98,28,0.05,NONE,150
5,70.0,98,28,0.05,NONE,156
5,70.0,98,28,0.05,NONE,150
5,70.0,98,28,0.05,NONE,156
5,70.0,98,28,0.05,NONE,150
5,70.0,98,28,0.05,NONE,156
5,70.0,98,28,0.05,NONE,150
5,70.0,98,28,0.05,NONE,156
5,70.0,98,28,0.05,NONE,150
5,70.0,98,28,0.05,NONE,156
5,70.0,98,28,0.05,NONE,150
5,70.0,98,28,0.05,NONE,156
5,70.0,98,28,0.05,NONE,150
5,70.0,98,28,0.05,NONE,144
5,70.0,98,28,0.05,NONE,138
5,70.0,98,28,0.05,NONE,132
5,70.0,98,28,0.05,NONE,126
5,70.0,98,28,0.05,NONE,120
5,70.0,98,28,0.05,NONE,114
5,70.0,98,28,0.05,NONE,108
5,70.0,98,28,0.05,NONE,102
5,70.0,98,28,0.05,NONE,96
5,70.0,98,28,0.05,NONE,90
5,70.0,98,28,0.05,NONE,84
5,70.0,98,28,0.05,NONE,78
5,70.0,98,28,0.05,NONE,84
5,70.0,98,28,0.05,NONE,78
5,70.0,98,28,0.05,NONE,84
5,70.0,98,28,0.05,NONE,78
5,70.0,98,28,0.05,NONE,84
5,70.0,98,28,0.05,NONE,78
5,70.0,98,28,0.05,NONE,84
5,70.0,98,28,0.05,NONE,78
5,70.0,98,28,0.05,NONE,84
5,70.0,98,28,0.05,NONE,78
5,70.0,98,28,0.05,NONE,84
5,70.0,98,28,0.05,NONE,78
5,70.0,98,28,0.05,NONE,84
5,70.0,98,28,0.05,NONE,78
5,70.0,98,28,0.05,NONE,84
5,70.0,98,28,0.05,NONE,78
5,70.0,98,28,0.05,NONE,84
5,70.0,98,28,0.05,NONE,78
5,70.0,98,28,0.05,NONE,84
5,70.0,98,28,0.05,NONE,78
5,70.0,98,28,0.05,NONE,84
5,70.0,98,28,0.05,NONE,78
5,70.0,98,28,0.05,NONE,78
5,70.0,98,28,0.05,NONE,84
5,70.0,98,28,0.05,NONE,90
5,70.0,98,28,0.05,NONE,96
5,70.0,98,28,0.05,NONE,96
5,70.0,98,28,0.05,NONE,96
5,70.0,98,28,0.05,NONE,96
5,70.0,98,28,0.05,NONE,102
5,70.0,98,28,0.05,NONE,108
5,70.0,98,28,0.05,NONE,114
5,70.0,98,28,0.05,NONE,120
5,70.0,98,28,0.05,NONE,126
5,70.0,98,28,0.05,NONE,132
5,70.0,98,28,0.05,NONE,138
5,70.0,98,28,0.05,NONE,144
5,70.0,98,28,0.05,NONE,150
5,70.0,98,28,0.05,NONE,156
5,70.0,98,28,0.05,NONE,156
5,70.0,98,28,0.05,NONE,150
5,70.0,98,28,0.05,NONE,156
5,70.0,98,28,0.05,NONE,156
5,70.0,98,28,0.05,NONE,156
5,70.0,98,28,0.05,NONE,162
5,70.0,98,28,0.05,NONE,156
5,70.0,98,28,0.05,NONE,150
5,70.0,98,28,0.05,NONE,156
5,70.0,98,28,0.05,NONE,156
5,70.0,98,28,0.05,NONE,156
5,70.0,98,28,0.05,NONE,162
5,70.0,98,28,0.05,NONE,168
5,70.0,98,28,0.05,NONE,174
5,70.0,98,28,0.05,NONE,180
5,70.0,98,28,0.05,NONE,180
5,70.0,98,28,0.05,NONE,180
5,70.0,98,28,0.05,NONE,180
5,70.0,98,28,0.05,NONE,180
5,70.0,98,28,0.05,NONE,186
5,70.0,98,28,0.05,NONE,192
5,70.0,98,28,0.05,NONE,186
5,70.0,98,28,0.05,NONE,186
5,70.0,98,28,0.05,NONE,186
5,70.0,98,28,0.05,NONE,186
5,70.0,98,28,0.05,NONE,180
5,70.0,98,28,0.05,NONE,186
5,70.0,98,28,0.05,NONE,192
5,70.0,98,28,0.05,NONE,192
5,70.0,98,28,0.05,NONE,192
5,70.0,98,28,0.05,NONE,192
5,70.0,98,28,0.05,NONE,192
5,70.0,98,28,0.05,NONE,192
5,70.0,98,28,0.05,NONE,192
5,70.0,98,28,0.05,NONE,192
5,70.0,98,28,0.05,NONE,192
5,70.0,98,28,0.05,NONE,192
5,70.0,98,28,0.05,NONE,192
5,70.0,98,28,0.05,NONE,192
5,70.0,98,28,0.05,NONE,192
5,70.0,98,28,0.05,NONE,192
5,70.0,98,28,0.05,NONE,198
5,70.0,98,28,0.05,NONE,198
5,70.0,98,28,0.05,NONE,198
5,70.0,98,28,0.05,NONE,198
5,70.0,98,28,0.05,NONE,198
5,70.0,98,28,0.05,NONE,198
5,70.0,98,28,0.05,NONE,192
5,70.0,98,28,0.05,NONE,186
5,70.0,98,28,0.05,NONE,192
5,70.0,98,28,0.05,NONE,192
5,70.0,98,28,0.05,NONE,192
5,70.0,98,28,0.05,NONE,198
5,70.0,98,28,0.05,NONE,204
5,70.0,98,28,0.05,NONE,210
5,70.0,98,28,0.05,NONE,216
5,70.0,98,28,0.05,NONE,222
5,70.0,98,28,0.05,NONE,222
5,70.0,98,28,0.05,NONE,222
5,70.0,98,28,0.05,NONE,222
5,70.0,98,28,0.05,NONE,228
5,70.0,98,28,0.05,NONE,234
5,70.0,98,28,0.05,NONE,240
5,70.0,98,28,0.05,NONE,246
5,70.0,98,28,0.05,NONE,252
5,70.0,98,28,0.05,NONE,258
5,70.0,98,28,0.05,NONE,264
5,70.0,98,28,0.05,NONE,258
5,70.0,98,28,0.05,NONE,264
5,70.0,98,28,0.05,NONE,258
5,70.0,98,28,0.05,NONE,258
5,70.0,98,28,0.05,NONE,258
5,70.0,98,28,0.05,NONE,252
5,70.0,98,28,0.05,NONE,246
5,70.0,98,28,0.05,NONE,240
5,70.0,98,28,0.05,NONE,246
5,70.0,98,28,0.05,NONE,252
5,70.0,98,28,0.05,NONE,246
5,70.0,98,28,0.05,NONE,240
5,70.0,98,28,0.05,NONE,246
5,70.0,98,28,0.05,NONE,252
5,70.0,98,28,0.05,NONE,258
5,70.0,98,28,0.05,NONE,264
5,70.0,98,28,0.05,NONE,270
5,70.0,98,28,0.05,NONE,276
5,70.0,98,28,0.05,NONE,282
5,70.0,98,28,0.05,NONE,288
5,70.0,98,28,0.05,NONE,294
5,70.0,98,28,0.05,NONE,300
5,70.0,98,28,0.05,NONE,306
5,70.0,98,28,0.05,NONE,312
5,70.0,98,28,0.05,NONE,318
5,70.0,98,28,0.05,NONE,324
5,70.0,98,28,0.05,NONE,330
5,70.0,98,28,0.05,NONE,336
5,70.0,98,28,0.05,NONE,342
5,70.0,98,28,0.05,NONE,348
5,70.0,98,28,0.05,NONE,348
5,70.0,98,28,0.05,NONE,348
5,70.0,98,28,0.05,NONE,354
5,70.0,98,28,0.05,NONE,360
5,70.0,98,28,0.05,NONE,366
5,70.0,98,28,0.05,NONE,372
5,70.0,98,28,0.05,NONE,372
5,70.0,98,28,0.05,NONE,372
5,70.0,98,28,0.05,NONE,378
5,70.0,98,28,0.05,NONE,384
5,70.0,98,28,0.05,NONE,390
5,70.0,98,28,0.05,NONE,396
5,70.0,98,28,0.05,NONE,402
5,70.0,98,28,0.05,NONE,402
5,69.0,98,29,0.05,NONE,402
5,69.0,98,29,0.05,NONE,408
5,69.0,98,29,0.05,NONE,402
5,69.0,98,29,0.05,NONE,396
5,69.0,98,29,0.05,NONE,390
5,69.0,98,29,0.05,NONE,384
5,69.0,98,29,0.05,NONE,378
5,69.0,98,29,0.05,NONE,372
5,69.0,98,29,0.05,NONE,366
5,69.0,98,29,0.05,NONE,372
5,69.0,98,29,0.05,NONE,366
5,69.0,98,29,0.05,NONE,360
5,69.0,98,29,0.05,NONE,354
5,69.0,98,29,0.05,NONE,348
5,69.0,98,29,0.05,NONE,342
5,69.0,98,29,0.05,NONE,336
5,69.0,98,29,0.05,NONE,330
5,69.0,98,29,0.05,NONE,336
5,69.0,98,29,0.05,NONE,330
5,69.0,98,29,0.05,NONE,324
5,69.0,98,29,0.05,NONE,318
5,69.0,98,29,0.05,NONE,312
5,69.0,98,29,0.05,NONE,306
5,69.0,98,29,0.05,NONE,300
5,69.0,98,29,0.05,NONE,294
5,69.0,98,29,0.05,NONE,300
5,69.0,98,29,0.05,NONE,294
5,69.0,98,29,0.05,NONE,288
5,69.0,98,29,0.05,NONE,282
5,69.0,98,29,0.05,NONE,276
5,69.0,98,29,0.05,NONE,270
5,69.0,98,29,0.05,NONE,264
5,69.0,98,29,0.05,NONE,258
5,69.0,98,29,0.05,NONE,264
5,69.0,98,29,0.05,NONE,258
5,69.0,98,29,0.05,NONE,252
5,69.0,98,29,0.05,NONE,246
5,69.0,98,29,0.05,NONE,240
5,69.0,98,29,0.05,NONE,234
5,69.0,98,29,0.05,NONE,228
5,69.0,98,29,0.05,NONE,222
5,69.0,98,29,0.05,NONE,216
5,69.0,98,29,0.05,NONE,210
5,69.0,98,29,0.05,NONE,204
5,69.0,98,29,0.05,NONE,198
5,69.0,98,29,0.05,NONE,192
5,69.0,98,29,0.05,NONE,186
5,69.0,98,29,0.05,NONE,180
5,69.0,98,29,0.05,NONE,174
5,69.0,98,29,0.05,NONE,168
5,69.0,98,29,0.05,NONE,162
5,69.0,98,29,0.05,NONE,156
5,69.0,98,29,0.05,NONE,150
5,69.0,98,29,0.05,NONE,156
5,69.0,98,29,0.05,NONE,156
5,69.0,98,29,0.05,NONE,150
5,69.0,98,29,0.05,NONE,156
5,69.0,98,29,0.05,NONE,150
5,69.0,98,29,0.05,NONE,156
5,69.0,98,29,0.05,NONE,162
5,69.0,98,29,0.05,NONE,156
5,69.0,98,29,0.05,NONE,150
5,69.0,98,29,0.05,NONE,150
5,69.0,98,29,0.05,NONE,150
5,69.0,98,29,0.05,NONE,150
5,69.0,98,29,0.05,NONE,144
5,69.0,98,29,0.05,NONE,138
5,69.0,98,29,0.05,NONE,144
5,69.0,98,29,0.05,NONE,138
5,69.0,98,29,0.05,NONE,132
5,69.0,98,29,0.05,NONE,126
5,69.0,98,29,0.05,NONE,120
5,69.0,98,29,0.05,NONE,120
5,69.0,98,29,0.05,NONE,126
5,69.0,98,29,0.05,NONE,132
5,69.0,98,29,0.05,NONE,138
5,69.0,98,29,0.05,NONE,144
5,69.0,98,29,0.05,NONE,150
5,69.0,98,29,0.05,NONE,150
5,69.0,98,29,0.05,NONE,144
5,69.0,98,29,0.05,NONE,144
5,69.0,98,29,0.05,NONE,144
5,69.0,98,29,0.05,NONE,150
5,69.0,98,29,0.05,NONE,156
5,69.0,98,29,0.05,NONE,156
5,69.0,98,29,0.05,NONE,156
5,69.0,98,29,0.05,NONE,156
5,69.0,98,29,0.05,NONE,162
5,69.0,98,29,0.05,NONE,168
5,69.0,98,29,0.05,NONE,168
5,69.0,98,29,0.05,NONE,168
5,69.0,98,29,0.05,NONE,168
5,69.0,98,29,0.05,NONE,174
5,69.0,98,29,0.05,NONE,180
5,69.0,98,29,0.05,NONE,186
5,69.0,98,29,0.05,NONE,186
5,69.0,98,29,0.05,NONE,192
5,69.0,98,29,0.05,NONE,198
5,69.0,98,29,0.05,NONE,192
5,69.0,98,29,0.05,NONE,186
5,69.0,98,29,0.05,NONE,192
5,69.0,98,29,0.05,NONE,192
5,69.0,98,29,0.05,NONE,192
5,69.0,98,29,0.05,NONE,192
5,69.0,98,29,0.05,NONE,192
5,69.0,98,29,0.05,NONE,192
5,69.0,98,29,0.05,NONE,198
5,69.0,98,29,0.05,NONE,192
5,69.0,98,29,0.05,NONE,186
5,69.0,98,29,0.05,NONE,192
5,69.0,98,29,0.05,NONE,192
5,69.0,98,29,0.05,NONE,192
5,69.0,98,29,0.05,NONE,192
5,69.0,98,29,0.05,NONE,198
5,69.0,98,29,0.05,NONE,204
5,69.0,98,29,0.05,NONE,210
5,69.0,98,29,0.05,NONE,210
5,69.0,98,29,0.05,NONE,204
5,69.0,98,29,0.05,NONE,198
5,69.0,98,29,0.05,NONE,192
5,69.0,98,29,0.05,NONE,186
5,69.0,98,29,0.05,NONE,192
5,69.0,98,29,0.05,NONE,192
5,69.0,98,29,0.05,NONE,192
5,69.0,98,29,0.05,NONE,198
5,69.0,98,29,0.05,NONE,204
5,69.0,98,29,0.05,NONE,210
5,69.0,98,29,0.05,NONE,216
5,69.0,98,29,0.05,NONE,216
5,69.0,98,29,0.05,NONE,216
5,69.0,98,29,0.05,NONE,210
5,69.0,98,29,0.05,NONE,204
6,69.0,98,29,0.05,NONE,198
6,69.0,98,29,0.05,NONE,192
6,69.0,98,29,0.05,NONE,192
6,69.0,98,29,0.05,NONE,192
6,69.0,98,29,0.05,NONE,186
6,69.0,98,29,0.05,NONE,192
6,69.0,98,29,0.05,NONE,186
6,69.0,98,29,0.05,NONE,186
6,69.0,98,29,0.05,NONE,192
6,69.0,98,29,0.05,NONE,198
6,69.0,98,29,0.05,NONE,204
6,69.0,98,29,0.05,NONE,198
6,69.0,98,29,0.05,NONE,192
6,69.0,98,29,0.05,NONE,186
6,69.0,98,29,0.05,NONE,186
6,69.0,98,29,0.05,NONE,186
6,69.0,98,29,0.05,NONE,192
6,69.0,98,29,0.05,NONE,198
6,69.0,98,29,0.05,NONE,204
6,69.0,98,29,0.05,NONE,198
6,69.0,98,29,0.05,NONE,204
6,69.0,98,29,0.05,NONE,210
6,69.0,98,29,0.05,NONE,216
6,69.0,98,29,0.05,NONE,222
6,69.0,98,29,0.05,NONE,228
6,69.0,98,29,0.05,NONE,228
6,69.0,98,29,0.05,NONE,228
6,69.0,98,29,0.05,NONE,234
6,69.0,98,29,0.05,NONE,240
6,69.0,98,29,0.05,NONE,246
6,69.0,98,29,0.05,NONE,246
6,69.0,98,29,0.05,NONE,240
6,69.0,98,29,0.05,NONE,234
6,69.0,98,29,0.05,NONE,228
6,69.0,98,29,0.05,NONE,222
6,69.0,98,29,0.05,NONE,216
6,69.0,98,29,0.05,NONE,210
6,69.0,98,29,0.05,NONE,204
6,69.0,98,29,0.05,NONE,198
6,69.0,98,29,0.05,NONE,192
6,69.0,98,29,0.05,NONE,192
6,69.0,98,29,0.05,NONE,192
6,69.0,98,29,0.05,NONE,192
6,69.0,98,29,0.05,NONE,198
6,69.0,98,29,0.05,NONE,204
6,69.0,98,29,0.05,NONE,210
6,69.0,98,29,0.05,NONE,216
6,69.0,98,29,0.05,NONE,222
6,69.0,98,29,0.05,NONE,216
6,69.0,98,29,0.05,NONE,222
6,69.0,98,29,0.05,NONE,228
6,69.0,98,29,0.05,NONE,234
6,69.0,98,29,0.05,NONE,240
6,69.0,98,29,0.05,NONE,246
6,69.0,98,29,0.05,NONE,252
6,69.0,98,29,0.05,NONE,258
6,69.0,98,29,0.05,NONE,264
6,69.0,98,29,0.05,NONE,264
6,69.0,98,29,0.05,NONE,264
6,69.0,98,29,0.05,NONE,264
6,69.0,98,29,0.05,NONE,270
6,69.0,98,29,0.05,NONE,276
6,69.0,98,29,0.05,NONE,276
6,69.0,98,29,0.05,NONE,276
6,69.0,98,29,0.05,NONE,276
6,69.0,98,29,0.05,NONE,282
6,69.0,98,29,0.05,NONE,288
6,69.0,98,29,0.05,NONE,294
6,69.0,98,29,0.05,NONE,300
6,69.0,98,29,0.05,NONE,306
6,69.0,98,29,0.05,NONE,312
6,69.0,98,29,0.05,NONE,318
6,69.0,98,29,0.05,NONE,324
6,69.0,98,29,0.05,NONE,330
6,69.0,98,29,0.05,NONE,336
6,69.0,98,29,0.05,NONE,342
6,69.0,98,29,0.05,NONE,348
6,69.0,98,29,0.05,NONE,354
6,69.0,98,29,0.05,NONE,354
6,69.0,98,29,0.05,NONE,354
6,69.0,98,29,0.05,NONE,354
6,69.0,98,29,0.05,NONE,354
6,69.0,98,29,0.05,NONE,354
6,69.0,98,29,0.05,NONE,354
6,69.0,98,29,0.05,NONE,354
6,69.0,98,29,0.05,NONE,354
6,69.0,98,29,0.05,NONE,354
6,69.0,98,29,0.05,NONE,354
6,69.0,98,29,0.05,NONE,354
6,69.0,98,29,0.05,NONE,354
6,69.0,98,29,0.05,NONE,354
6,69.0,98,29,0.05,NONE,348
6,69.0,98,29,0.05,NONE,348
6,69.0,98,29,0.05,NONE,342
6,69.0,98,29,0.05,NONE,336
6,69.0,98,29,0.05,NONE,330
6,69.0,98,29,0.05,NONE,324
6,69.0,98,29,0.05,NONE,318
6,69.0,98,29,0.05,NONE,312
6,69.0,98,29,0.05,NONE,306
6,69.0,98,29,0.05,NONE,300
6,69.0,98,29,0.05,NONE,294
6,69.0,98,29,0.05,NONE,300
6,69.0,98,29,0.05,NONE,306
6,69.0,98,29,0.05,NONE,312
6,69.0,98,29,0.05,NONE,318
6,69.0,98,29,0.05,NONE,318
6,69.0,98,29,0.05,NONE,318
6,69.0,98,29,0.05,NONE,318
6,69.0,98,29,0.05,NONE,318
6,69.0,98,29,0.05,NONE,324
6,69.0,98,29,0.05,NONE,330
6,69.0,98,29,0.05,NONE,336
6,69.0,98,29,0.05,NONE,336
6,69.0,98,29,0.05,NONE,330
6,69.0,98,29,0.05,NONE,324
6,69.0,98,29,0.05,NONE,318
6,69.0,98,29,0.05,NONE,312
6,69.0,98,29,0.05,NONE,306
6,69.0,98,29,0.05,NONE,300
6,69.0,98,29,0.05,NONE,294
6,69.0,98,29,0.05,NONE,288
6,69.0,98,29,0.05,NONE,282
6,69.0,98,29,0.05,NONE,276
6,69.0,98,29,0.05,NONE,270
6,69.0,98,29,0.05,NONE,264
6,69.0,98,29,0.05,NONE,258
6,69.0,98,29,0.05,NONE,252
6,69.0,98,29,0.05,NONE,246
6,69.0,98,29,0.05,NONE,240
6,69.0,98,29,0.05,NONE,234
6,69.0,98,29,0.05,NONE,228
6,69.0,98,29,0.05,NONE,222
6,69.0,98,29,0.05,NONE,216
6,69.0,98,29,0.05,NONE,210
6,69.0,98,29,0.05,NONE,204
6,69.0,98,29,0.05,NONE,198
6,69.0,98,29,0.05,NONE,192
6,69.0,98,29,0.05,NONE,186
6,69.0,98,29,0.05,NONE,180
6,69.0,98,29,0.05,NONE,174
6,69.0,98,29,0.05,NONE,168
6,69.0,98,29,0.05,NONE,174
6,69.0,98,29,0.05,NONE,168
6,69.0,98,29,0.05,NONE,162
6,69.0,98,29,0.05,NONE,156
6,69.0,98,29,0.05,NONE,162
6,69.0,98,29,0.05,NONE,156
6,69.0,98,29,0.05,NONE,150
6,69.0,98,29,0.05,NONE,150
6,69.0,98,29,0.05,NONE,150
6,69.0,98,29,0.05,NONE,150
6,69.0,98,29,0.05,NONE,150
6,69.0,98,29,0.05,NONE,150
6,69.0,98,29,0.05,NONE,150
6,69.0,98,29,0.05,NONE,150
6,69.0,98,29,0.05,NONE,156
6,69.0,98,29,0.05,NONE,150
6,69.0,98,29,0.05,NONE,156
6,69.0,98,29,0.05,NONE,156
6,69.0,98,29,0.05,NONE,150
6,69.0,98,29,0.05,NONE,156
6,69.0,98,29,0.05,NONE,162
6,69.0,98,29,0.05,NONE,162
6,69.0,98,29,0.05,NONE,162
6,69.0,98,29,0.05,NONE,162
6,69.0,98,29,0.05,NONE,162
6,69.0,98,29,0.05,NONE,168
6,69.0,98,29,0.05,NONE,174
6,69.0,98,29,0.05,NONE,180
6,69.0,98,29,0.05,NONE,186
6,69.0,98,29,0.05,NONE,192
6,69.0,98,29,0.05,NONE,186
6,69.0,98,29,0.05,NONE,186
6,69.0,98,29,0.05,NONE,180
6,69.0,98,29,0.05,NONE,174
6,69.0,98,29,0.05,NONE,168
6,69.0,98,29,0.05,NONE,162
6,69.0,98,29,0.05,NONE,156
6,69.0,98,29,0.05,NONE,150
6,69.0,98,29,0.05,NONE,156
6,69.0,98,29,0.05,NONE,150
6,69.0,98,29,0.05,NONE,156
6,69.0,98,29,0.05,NONE,156
6,69.0,98,29,0.05,NONE,156
6,69.0,98,29,0.05,NONE,156
6,69.0,98,29,0.05,NONE,156
6,69.0,98,29,0.05,NONE,156
6,69.0,98,29,0.05,NONE,156
6,69.0,98,29,0.05,NONE,162
6,69.0,98,29,0.05,NONE,162
6,69.0,98,29,0.05,NONE,162
6,69.0,98,29,0.05,NONE,162
6,69.0,98,29,0.05,NONE,168
6,69.0,98,29,0.05,NONE,174
6,69.0,98,29,0.05,NONE,180
6,69.0,98,29,0.05,NONE,180
6,69.0,98,29,0.05,NONE,180
6,69.0,98,29,0.05,NONE,186
6,69.0,98,29,0.05,NONE,192
6,69.0,98,29,0.05,NONE,198
6,69.0,98,29,0.05,NONE,204
6,69.0,98,29,0.05,NONE,210
6,69.0,98,29,0.05,NONE,216
6,69.0,98,29,0.05,NONE,222
6,69.0,98,29,0.05,NONE,228
6,69.0,98,29,0.05,NONE,228
6,69.0,98,29,0.05,NONE,228
6,69.0,98,29,0.05,NONE,228
6,69.0,98,29,0.05,NONE,222
6,69.0,98,29,0.05,NONE,228
6,69.0,98,29,0.05,NONE,234
6,69.0,98,29,0.05,NONE,240
6,69.0,98,29,0.05,NONE,246
6,69.0,98,29,0.05,NONE,252
6,69.0,98,29,0.05,NONE,246
6,69.0,98,29,0.05,NONE,252
6,69.0,98,29,0.05,NONE,258
6,69.0,98,29,0.05,NONE,264
6,69.0,98,29,0.05,NONE,264
6,69.0,98,29,0.05,NONE,264
6,69.0,98,29,0.05,NONE,270
6,69.0,98,29,0.05,NONE,276
6,69.0,98,29,0.05,NONE,282
6,69.0,98,29,0.05,NONE,282
6,69.0,98,29,0.05,NONE,282
6,69.0,98,29,0.05,NONE,282
6,69.0,98,29,0.05,NONE,288
6,69.0,98,29,0.05,NONE,294
6,69.0,98,29,0.05,NONE,294
6,69.0,98,29,0.05,NONE,294
6,69.0,98,29,0.05,NONE,294
6,69.0,98,29,0.05,NONE,294
6,69.0,98,29,0.05,NONE,294
6,69.0,98,29,0.05,NONE,294
6,69.0,98,29,0.05,NONE,294
6,69.0,98,29,0.05,NONE,294
6,69.0,98,29,0.05,NONE,288
6,69.0,98,29,0.05,NONE,282
6,69.0,98,29,0.05,NONE,276
6,69.0,98,29,0.05,NONE,276
6,69.0,98,29,0.05,NONE,276
6,69.0,98,29,0.05,NONE,276
6,69.0,98,29,0.05,NONE,276
6,69.0,98,29,0.05,NONE,276
6,69.0,98,29,0.05,NONE,276
6,69.0,98,29,0.05,NONE,276
6,69.0,98,29,0.05,NONE,282
6,69.0,98,29,0.05,NONE,288
6,69.0,98,29,0.05,NONE,294
6,69.0,98,29,0.05,NONE,294
6,69.0,98,29,0.05,NONE,294
6,69.0,98,29,0.05,NONE,300
6,69.0,98,29,0.05,NONE,300
6,69.0,98,29,0.05,NONE,300
6,69.0,98,29,0.05,NONE,300
6,69.0,98,29,0.05,NONE,300
6,69.0,98,29,0.05,NONE,300
6,69.0,98,29,0.05,NONE,300
6,69.0,98,29,0.05,NONE,300
6,69.0,98,29,0.05,NONE,300
6,69.0,98,29,0.05,NONE,300
6,69.0,98,29,0.05,NONE,300
6,69.0,98,29,0.05,NONE,300
6,69.0,98,29,0.05,NONE,306
6,69.0,98,29,0.05,NONE,306
6,69.0,98,29,0.05,NONE,306
6,69.0,98,29,0.05,NONE,312
6,69.0,98,29,0.05,NONE,318
6,69.0,98,29,0.05,NONE,324
6,69.0,98,29,0.05,NONE,324
6,69.0,98,29,0.05,NONE,324
6,69.0,98,29,0.05,NONE,324
6,69.0,98,29,0.05,NONE,324
6,69.0,98,29,0.05,NONE,330
6,69.0,98,29,0.05,NONE,336
6,69.0,98,29,0.05,NONE,330
6,69.0,98,29,0.05,NONE,324
6,69.0,98,29,0.05,NONE,318
6,69.0,98,29,0.05,NONE,312
6,69.0,98,29,0.05,NONE,306
6,69.0,98,29,0.05,NONE,300
6,69.0,98,29,0.05,NONE,306
6,69.0,98,29,0.05,NONE,300
6,69.0,98,29,0.05,NONE,294
6,69.0,98,29,0.05,NONE,288
6,69.0,98,29,0.05,NONE,282
6,69.0,98,29,0.05,NONE,276
6,69.0,98,29,0.05,NONE,270
6,69.0,98,29,0.05,NONE,264
6,69.0,98,29,0.05,NONE,258
6,69.0,98,29,0.05,NONE,252
6,69.0,98,29,0.05,NONE,246
6,69.0,98,29,0.05,NONE,240
6,69.0,98,29,0.05,NONE,234
6,69.0,98,29,0.05,NONE,228
6,69.0,98,29,0.05,NONE,222
6,69.0,98,29,0.05,NONE,216
6,69.0,98,29,0.05,NONE,210
6,69.0,98,29,0.05,NONE,204
6,69.0,98,29,0.05,NONE,198
6,69.0,98,29,0.05,NONE,192
6,69.0,98,29,0.05,NONE,186
6,69.0,98,29,0.05,NONE,180
6,69.0,98,29,0.05,NONE,174
6,69.0,98,29,0.05,NONE,168
6,69.0,98,29,0.05,NONE,162
6,69.0,98,29,0.05,NONE,156
6,69.0,98,29,0.05,NONE,150
6,70.0,99,29,0.05,NONE,150
6,70.0,99,29,0.05,NONE,144
6,70.0,99,29,0.05,NONE,150
6,70.0,99,29,0.05,NONE,150
6,70.0,99,29,0.05,NONE,150
6,70.0,99,29,0.05,NONE,150
6,70.0,99,29,0.05,NONE,150
6,70.0,99,29,0.05,NONE,150
6,70.0,99,29,0.05,NONE,150
6,70.0,99,29,0.05,NONE,150
6,70.0,99,29,0.05,NONE,144
6,70.0,99,29,0.05,NONE,144
6,70.0,99,29,0.05,NONE,144
6,70.0,99,29,0.05,NONE,144
6,70.0,99,29,0.05,NONE,150
6,70.0,99,29,0.05,NONE,156
6,70.0,99,29,0.05,NONE,150
6,70.0,99,29,0.05,NONE,144
6,70.0,99,29,0.05,NONE,150
6,70.0,99,29,0.05,NONE,156
6,70.0,99,29,0.05,NONE,150
6,70.0,99,29,0.05,NONE,150
6,70.0,99,29,0.05,NONE,150
6,70.0,99,29,0.05,NONE,156
6,70.0,99,29,0.05,NONE,150
6,70.0,99,29,0.05,NONE,156
6,70.0,99,29,0.05,NONE,150
6,70.0,99,29,0.05,NONE,156
6,70.0,99,29,0.05,NONE,150
6,70.0,99,29,0.05,NONE,156
6,70.0,99,29,0.05,NONE,150
6,70.0,99,29,0.05,NONE,156
6,70.0,99,29,0.05,NONE,162
6,70.0,99,29,0.05,NONE,156
6,70.0,99,29,0.05,NONE,150
6,70.0,99,29,0.05,NONE,156
6,70.0,99,29,0.05,NONE,150
6,70.0,99,29,0.05,NONE,156
6,70.0,99,29,0.05,NONE,150
6,70.0,99,29,0.05,NONE,144
6,70.0,99,29,0.05,NONE,138
6,70.0,99,29,0.05,NONE,138
6,70.0,99,29,0.05,NONE,138
6,70.0,99,29,0.05,NONE,138
6,70.0,99,29,0.05,NONE,138
6,70.0,99,29,0.05,NONE,132
6,70.0,99,29,0.05,NONE,126
6,70.0,99,29,0.05,NONE,120
6,70.0,99,29,0.05,NONE,114
6,70.0,99,29,0.05,NONE,114
6,70.0,99,29,0.05,NONE,120
6,70.0,99,29,0.05,NONE,126
6,70.0,99,29,0.05,NONE,132
6,70.0,99,29,0.05,NONE,138
6,70.0,99,29,0.05,NONE,138
6,70.0,99,29,0.05,NONE,138
6,70.0,99,29,0.05,NONE,138
6,70.0,99,29,0.05,NONE,144
6,70.0,99,29,0.05,NONE,150
6,70.0,99,29,0.05,NONE,156
6,70.0,99,29,0.05,NONE,156
6,70.0,99,29,0.05,NONE,156
6,70.0,99,29,0.05,NONE,162
6,70.0,99,29,0.05,NONE,168
6,70.0,99,29,0.05,NONE,174
6,70.0,99,29,0.05,NONE,180
6,70.0,99,29,0.05,NONE,186
6,70.0,99,29,0.05,NONE,192
6,70.0,99,29,0.05,NONE,198
6,70.0,99,29,0.05,NONE,192
6,70.0,99,29,0.05,NONE,186
6,70.0,99,29,0.05,NONE,192
6,70.0,99,29,0.05,NONE,192
6,70.0,99,29,0.05,NONE,192
6,70.0,99,29,0.05,NONE,198
6,70.0,99,29,0.05,NONE,204
6,70.0,99,29,0.05,NONE,204
6,70.0,99,29,0.05,NONE,204
6,70.0,99,29,0.05,NONE,204
6,70.0,99,29,0.05,NONE,210
6,70.0,99,29,0.05,NONE,216
6,70.0,99,29,0.05,NONE,222
6,70.0,99,29,0.05,NONE,222
6,70.0,99,29,0.05,NONE,228
6,70.0,99,29,0.05,NONE,222
6,70.0,99,29,0.05,NONE,228
6,70.0,99,29,0.05,NONE,228
6,70.0,99,29,0.05,NONE,228
6,70.0,99,29,0.05,NONE,234
6,70.0,99,29,0.05,NONE,240
6,70.0,99,29,0.05,NONE,246
6,70.0,99,29,0.05,NONE,240
6,70.0,99,29,0.05,NONE,246
6,70.0,99,29,0.05,NONE,252
6,70.0,99,29,0.05,NONE,246
6,70.0,99,29,0.05,NONE,240
6,70.0,99,29,0.05,NONE,234
6,70.0,99,29,0.05,NONE,228
6,70.0,99,29,0.05,NONE,222
6,70.0,99,29,0.05,NONE,222
6,70.0,99,29,0.05,NONE,222
6,70.0,99,29,0.05,NONE,222
6,70.0,99,29,0.05,NONE,222
6,70.0,99,29,0.05,NONE,222
6,70.0,99,29,0.05,NONE,222
6,70.0,99,29,0.05,NONE,216
6,70.0,99,29,0.05,NONE,210
6,70.0,99,29,0.05,NONE,204
6,70.0,99,29,0.05,NONE,198
6,70.0,99,29,0.05,NONE,192
6,70.0,99,29,0.05,NONE,192
6,70.0,99,29,0.05,NONE,192
6,70.0,99,29,0.05,NONE,192
6,70.0,99,29,0.05,NONE,186
6,70.0,99,29,0.05,NONE,186
6,70.0,99,29,0.05,NONE,186
6,70.0,99,29,0.05,NONE,186
6,70.0,99,29,0.05,NONE,180
6,70.0,99,29,0.05,NONE,174
6,70.0,99,29,0.05,NONE,168
6,70.0,99,29,0.05,NONE,162
6,70.0,99,29,0.05,NONE,156
6,70.0,99,29,0.05,NONE,150
6,70.0,99,29,0.05,NONE,156
6,70.0,99,29,0.05,NONE,150
6,70.0,99,29,0.05,NONE,156
6,70.0,99,29,0.05,NONE,150
6,70.0,99,29,0.05,NONE,150
6,70.0,99,29,0.05,NONE,150
6,70.0,99,29,0.05,NONE,144
6,70.0,99,29,0.05,NONE,138
6,70.0,99,29,0.05,NONE,132
6,70.0,99,29,0.05,NONE,138
6,70.0,99,29,0.05,NONE,132
6,70.0,99,29,0.05,NONE,126
6,70.0,99,29,0.05,NONE,120
6,70.0,99,29,0.05,NONE,114
6,70.0,99,29,0.05,NONE,108
6,70.0,99,29,0.05,NONE,102
6,70.0,99,29,0.05,NONE,96
6,70.0,99,29,0.05,NONE,90
6,70.0,99,29,0.05,NONE,84
6,70.0,99,29,0.05,NONE,78
6,70.0,99,29,0.05,NONE,72
6,70.0,99,29,0.05,NONE,66
6,70.0,99,29,0.05,NONE,60
6,70.0,99,29,0.05,NONE,60
6,70.0,99,29,0.05,NONE,54
6,70.0,99,29,0.05,NONE,48
6,70.0,99,29,0.05,NONE,42
6,70.0,99,29,0.05,NONE,36
6,70.0,99,29,0.05,NONE,30
6,70.0,99,29,0.05,NONE,24
6,70.0,99,29,0.05,NONE,18
6,70.0,99,29,0.05,NONE,12
6,70.0,99,29,0.05,NONE,6
6,70.0,99,29,0.05,NONE,0
6,70.0,99,29,0.05,NONE,0
6,70.0,99,29,0.05,NONE,0
6,70.0,99,29,0.05,NONE,0
6,70.0,99,29,0.05,NONE,0
6,70.0,99,29,0.05,NONE,0
6,70.0,99,29,0.05,NONE,0
6,70.0,99,29,0.05,NONE,0
6,70.0,99,29,0.05,NONE,0
6,70.0,99,29,0.05,NONE,0
6,70.0,99,29,0.05,NONE,6
6,70.0,99,29,0.05,NONE,6
6,70.0,99,29,0.05,NONE,0
6,70.0,99,29,0.05,NONE,0
6,70.0,99,29,0.05,NONE,0
6,70.0,99,29,0.05,NONE,0
6,70.0,99,29,0.05,NONE,0
6,70.0,99,29,0.05,NONE,6
6,70.0,99,29,0.05,NONE,0
6,70.0,99,29,0.05,NONE,0
6,70.0,99,29,0.05,NONE,0
6,70.0,99,29,0.05,NONE,0
6,70.0,99,29,0.05,NONE,0
6,70.0,99,29,0.05,NONE,0
6,70.0,99,29,0.05,NONE,0
6,70.0,99,29,0.05,NONE,0
6,70.0,99,29,0.05,NONE,0
6,70.0,99,29,0.05,NONE,0
6,70.0,99,29,0.05,NONE,0
6,70.0,99,29,0.05,NONE,0
6,70.0,99,29,0.05,NONE,0
6,70.0,99,29,0.05,NONE,0
6,70.0,99,29,0.05,NONE,0
6,70.0,99,29,0.05,NONE,0
6,70.0,99,29,0.05,NONE,0
6,70.0,99,29,0.05,NONE,0
6,70.0,99,29,0.05,NONE,0
6,70.0,99,29,0.05,NONE,0
6,70.0,99,29,0.05,NONE,0
6,70.0,99,29,0.05,NONE,0
6,70.0,99,29,0.05,NONE,0
6,70.0,99,29,0.05,NONE,0
6,70.0,99,29,0.05,NONE,0
6,70.0,99,29,0.05,NONE,0
6,70.0,99,29,0.05,NONE,0
6,70.0,99,29,0.05,NONE,0
6,70.0,99,29,0.05,NONE,0
6,70.0,99,29,0.05,NONE,0
6,70.0,99,29,0.05,NONE,0
6,70.0,99,29,0.05,NONE,0
6,70.0,99,29,0.05,NONE,0
6,70.0,99,29,0.05,NONE,0
6,70.0,99,29,0.05,NONE,0
6,70.0,99,29,0.05,NONE,0
6,70.0,99,29,0.05,NONE,0
6,70.0,99,29,0.05,NONE,0
6,70.0,99,29,0.05,NONE,6
6,70.0,99,29,0.05,NONE,0
6,70.0,99,29,0.05,NONE,0
6,70.0,99,29,0.05,NONE,0
6,70.0,99,29,0.05,NONE,0
6,70.0,99,29,0.05,NONE,0
6,70.0,99,29,0.05,NONE,0
6,70.0,99,29,0.05,NONE,0
6,70.0,99,29,0.05,NONE,0
6,70.0,99,29,0.05,NONE,0
6,70.0,99,29,0.05,NONE,0
6,70.0,99,29,0.05,NONE,0
6,70.0,99,29,0.05,NONE,0
6,70.0,99,29,0.05,NONE,6
6,70.0,99,29,0.05,NONE,12
6,70.0,99,29,0.05,NONE,6
6,70.0,99,29,0.05,NONE,12
6,70.0,99,29,0.05,NONE,12
6,70.0,99,29,0.05,NONE,12
6,70.0,99,29,0.05,NONE,12
6,70.0,99,29,0.05,NONE,18
6,70.0,99,29,0.05,NONE,24
6,70.0,99,29,0.05,NONE,30
6,70.0,99,29,0.05,NONE,30
6,70.0,99,29,0.05,NONE,30
6,70.0,99,29,0.05,NONE,30
6,70.0,99,29,0.05,NONE,24
6,70.0,99,29,0.05,NONE,18
6,70.0,99,29,0.05,NONE,12
6,70.0,99,29,0.05,NONE,6
6,70.0,99,29,0.05,NONE,12
6,70.0,99,29,0.05,NONE,6
6,70.0,99,29,0.05,NONE,6
6,70.0,99,29,0.05,NONE,6
6,70.0,99,29,0.05,NONE,12
6,70.0,99,29,0.05,NONE,12
6,70.0,99,29,0.05,NONE,12
6,70.0,99,29,0.05,NONE,18
6,70.0,99,29,0.05,NONE,24
6,70.0,99,29,0.05,NONE,24
6,70.0,99,29,0.05,NONE,24
6,70.0,99,29,0.05,NONE,24
6,70.0,99,29,0.05,NONE,30
6,70.0,99,29,0.05,NONE,36
6,70.0,99,29,0.05,NONE,42
6,70.0,99,29,0.05,NONE,42
6,70.0,99,29,0.05,NONE,42
6,70.0,99,29,0.05,NONE,48
6,70.0,99,29,0.05,NONE,42
6,70.0,99,29,0.05,NONE,48
6,70.0,99,29,0.05,NONE,54
6,70.0,99,29,0.05,NONE,60
6,70.0,99,29,0.05,NONE,60
6,70.0,99,29,0.05,NONE,66
6,70.0,99,29,0.05,NONE,72
6,70.0,99,29,0.05,NONE,78
6,70.0,99,29,0.05,NONE,84
6,70.0,99,29,0.05,NONE,78
6,70.0,99,29,0.05,NONE,84
6,70.0,99,29,0.05,NONE,84
6,70.0,99,29,0.05,NONE,84
6,70.0,99,29,0.05,NONE,84
6,70.0,99,29,0.05,NONE,90
6,70.0,99,29,0.05,NONE,96
6,70.0,99,29,0.05,NONE,102
6,70.0,99,29,0.05,NONE,108
6,70.0,99,29,0.05,NONE,108
6,70.0,99,29,0.05,NONE,108
6,70.0,99,29,0.05,NONE,108
6,70.0,99,29,0.05,NONE,108
6,70.0,99,29,0.05,NONE,114
6,70.0,99,29,0.05,NONE,120
6,70.0,99,29,0.05,NONE,120
6,70.0,99,29,0.05,NONE,114
6,70.0,99,29,0.05,NONE,114
6,70.0,99,29,0.05,NONE,114
6,70.0,99,29,0.05,NONE,114
6,70.0,99,29,0.05,NONE,114
6,70.0,99,29,0.05,NONE,114
6,70.0,99,29,0.05,NONE,114
6,70.0,99,29,0.05,NONE,108
6,70.0,99,29,0.05,NONE,102
6,70.0,99,29,0.05,NONE,96
6,70.0,99,29,0.05,NONE,90
6,70.0,99,29,0.05,NONE,84
6,70.0,99,29,0.05,NONE,78
6,70.0,99,29,0.05,NONE,84
6,70.0,99,29,0.05,NONE,84
6,70.0,99,29,0.05,NONE,84
6,70.0,99,29,0.05,NONE,90
6,70.0,99,29,0.05,NONE,96
6,70.0,99,29,0.05,NONE,102
6,70.0,99,29,0.05,NONE,96
6,70.0,99,29,0.05,NONE,90
6,70.0,99,29,0.05,NONE,84
6,70.0,99,29,0.05,NONE,90
6,70.0,99,29,0.05,NONE,96
6,70.0,99,29,0.05,NONE,102
6,70.0,99,29,0.05,NONE,96
6,70.0,99,29,0.05,NONE,90
6,70.0,99,29,0.05,NONE,84
6,70.0,99,29,0.05,NONE,90
6,70.0,99,29,0.05,NONE,96
6,70.0,99,29,0.05,NONE,102
6,70.0,99,29,0.05,NONE,108
6,70.0,99,29,0.05,NONE,108
6,70.0,99,29,0.05,NONE,108
6,70.0,99,29,0.05,NONE,108
6,70.0,99,29,0.05,NONE,114
6,70.0,99,29,0.05,NONE,120
6,70.0,99,29,0.05,NONE,114
6,70.0,99,29,0.05,NONE,120
6,70.0,99,29,0.05,NONE,126
6,70.0,99,29,0.05,NONE,132
6,70.0,99,29,0.05,NONE,126
6,70.0,99,29,0.05,NONE,120
6,70.0,99,29,0.05,NONE,114
6,70.0,99,29,0.05,NONE,108
6,70.0,99,29,0.05,NONE,102
6,70.0,99,29,0.05,NONE,96
6,70.0,99,29,0.05,NONE,90
6,70.0,99,29,0.05,NONE,84
6,70.0,99,29,0.05,NONE,78
6,70.0,99,29,0.05,NONE,72
6,70.0,99,29,0.05,NONE,66
6,70.0,99,29,0.05,NONE,66
6,70.0,99,29,0.05,NONE,60
6,70.0,99,29,0.05,NONE,54
6,70.0,99,29,0.05,NONE,48
6,70.0,99,29,0.05,NONE,42
6,70.0,99,29,0.05,NONE,48
6,70.0,99,29,0.05,NONE,42
6,70.0,99,29,0.05,NONE,36
6,70.0,99,29,0.05,NONE,42
6,70.0,99,29,0.05,NONE,36
6,70.0,99,29,0.05,NONE,30
6,70.0,99,29,0.05,NONE,24
6,70.0,99,29,0.05,NONE,18
6,70.0,99,29,0.05,NONE,12
6,70.0,99,29,0.05,NONE,12
6,70.0,99,29,0.05,NONE,12
6,70.0,99,29,0.05,NONE,12
6,70.0,99,29,0.05,NONE,6
6,70.0,99,29,0.05,NONE,0
6,70.0,99,29,0.05,NONE,0
6,70.0,99,29,0.05,NONE,0
6,70.0,99,29,0.05,NONE,0
6,70.0,99,29,0.05,NONE,0
6,70.0,99,29,0.05,NONE,0
6,70.0,99,29,0.05,NONE,0
6,70.0,99,29,0.05,NONE,0
6,70.0,99,29,0.05,NONE,0
6,70.0,99,29,0.05,NONE,0
6,70.0,99,29,0.05,NONE,0
6,70.0,99,29,0.05,NONE,0
6,70.0,99,29,0.05,NONE,0
6,70.0,99,29,0.05,NONE,0
6,70.0,99,29,0.05,NONE,0
6,70.0,99,29,0.05,NONE,0
6,70.0,99,29,0.05,NONE,6
6,70.0,99,29,0.05,NONE,0
6,70.0,99,29,0.05,NONE,6
6,70.0,99,29,0.05,NONE,12
6,70.0,99,29,0.05,NONE,6
6,70.0,99,29,0.05,NONE,12
6,70.0,99,29,0.05,NONE,12
6,70.0,99,29,0.05,NONE,12
6,70.0,99,29,0.05,NONE,12
6,70.0,99,29,0.05,NONE,12
6,70.0,99,29,0.05,NONE,6
6,70.0,99,29,0.05,NONE,6
6,70.0,99,29,0.05,NONE,12
6,70.0,99,29,0.05,NONE,6
6,70.0,99,29,0.05,NONE,12
6,70.0,99,29,0.05,NONE,18
6,70.0,99,29,0.05,NONE,24
6,70.0,99,29,0.05,NONE,24
6,70.0,99,29,0.05,NONE,24
6,70.0,99,29,0.05,NONE,18
6,70.0,99,29,0.05,NONE,12
6,70.0,99,29,0.05,NONE,6
6,70.0,99,29,0.05,NONE,12
6,70.0,99,29,0.05,NONE,18
6,70.0,99,29,0.05,NONE,24
6,70.0,99,29,0.05,NONE,30
6,70.0,99,29,0.05,NONE,24
6,70.0,99,29,0.05,NONE,18
6,70.0,99,29,0.05,NONE,12
6,70.0,99,29,0.05,NONE,6
6,70.0,99,29,0.05,NONE,12
6,70.0,99,29,0.05,NONE,6
6,70.0,99,29,0.05,NONE,12
6,70.0,99,29,0.05,NONE,18
6,70.0,99,29,0.05,NONE,12
6,70.0,99,29,0.05,NONE,6
6,70.0,99,29,0.05,NONE,12
6,70.0,99,29,0.05,NONE,6
6,70.0,99,29,0.05,NONE,12
6,70.0,99,29,0.05,NONE,18
6,70.0,99,29,0.05,NONE,24
6,70.0,99,29,0.05,NONE,30
6,70.0,99,29,0.05,NONE,36
6,70.0,99,29,0.05,NONE,36
6,70.0,99,29,0.05,NONE,36
6,70.0,99,29,0.05,NONE,36
6,70.0,99,29,0.05,NONE,42
6,70.0,99,29,0.05,NONE,48
6,70.0,99,29,0.05,NONE,48
6,70.0,99,29,0.05,NONE,48
6,70.0,99,29,0.05,NONE,54
6,70.0,99,29,0.05,NONE,60
6,70.0,99,29,0.05,NONE,66
6,70.0,99,29,0.05,NONE,72
6,70.0,99,29,0.05,NONE,78
6,70.0,99,29,0.05,NONE,84
6,70.0,99,29,0.05,NONE,90
6,70.0,99,29,0.05,NONE,96
6,70.0,99,29,0.05,NONE,102
6,70.0,99,29,0.05,NONE,108
6,70.0,99,29,0.05,NONE,114
6,70.0,99,29,0.05,NONE,120
6,70.0,99,29,0.05,NONE,126
6,70.0,99,29,0.05,NONE,132
6,70.0,99,29,0.05,NONE,138
6,70.0,99,29,0.05,NONE,144
6,70.0,99,29,0.05,NONE,150
6,70.0,99,29,0.05,NONE,156
6,70.0,99,29,0.05,NONE,150
6,70.0,99,29,0.05,NONE,156
6,70.0,99,29,0.05,NONE,150
6,70.0,99,29,0.05,NONE,156
6,70.0,99,29,0.05,NONE,150
6,70.0,99,29,0.05,NONE,144
6,70.0,99,29,0.05,NONE,138
6,70.0,99,29,0.05,NONE,132
6,70.0,99,29,0.05,NONE,126
6,70.0,99,29,0.05,NONE,120
6,70.0,99,29,0.05,NONE,114
6,70.0,99,29,0.05,NONE,108
6,70.0,99,29,0.05,NONE,102
6,70.0,99,29,0.05,NONE,96
6,70.0,99,29,0.05,NONE,90
6,70.0,99,29,0.05,NONE,84
6,70.0,99,29,0.05,NONE,78
6,70.0,99,29,0.05,NONE,84
6,70.0,99,29,0.05,NONE,90
6,70.0,99,29,0.05,NONE,96
6,70.0,99,29,0.05,NONE,90
6,70.0,99,29,0.05,NONE,84
6,70.0,99,29,0.05,NONE,78
6,70.0,99,29,0.05,NONE,84
6,70.0,99,29,0.05,NONE,78
6,70.0,99,29,0.05,NONE,84
6,70.0,99,29,0.05,NONE,78
6,70.0,99,29,0.05,NONE,84
6,70.0,99,29,0.05,NONE,78
6,70.0,99,29,0.05,NONE,84
6,70.0,99,29,0.05,NONE,78
6,70.0,99,29,0.05,NONE,84
6,70.0,99,29,0.05,NONE,78
6,70.0,99,29,0.05,NONE,84
6,70.0,99,29,0.05,NONE,78
6,70.0,99,29,0.05,NONE,84
6,70.0,99,29,0.05,NONE,78
6,70.0,99,29,0.05,NONE,72
6,70.0,99,29,0.05,NONE,78
6,70.0,99,29,0.05,NONE,84
6,70.0,99,29,0.05,NONE,78
6,70.0,99,29,0.05,NONE,78
6,70.0,99,29,0.05,NONE,78
6,70.0,99,29,0.05,NONE,72
6,70.0,99,29,0.05,NONE,72
6,70.0,99,29,0.05,NONE,66
6,70.0,99,29,0.05,NONE,60
6,70.0,99,29,0.05,NONE,54
6,70.0,99,29,0.05,NONE,54
6,70.0,99,29,0.05,NONE,54
6,70.0,99,29,0.05,NONE,54
6,70.0,99,29,0.05,NONE,54
6,70.0,99,29,0.05,NONE,48
6,70.0,99,29,0.05,NONE,48
6,70.0,99,29,0.05,NONE,48
6,70.0,99,29,0.05,NONE,54
6,70.0,99,29,0.05,NONE,60
6,70.0,99,29,0.05,NONE,66
6,70.0,99,29,0.05,NONE,66
6,70.0,99,29,0.05,NONE,66
6,70.0,99,29,0.05,NONE,66
6,70.0,99,29,0.05,NONE,72
6,70.0,99,29,0.05,NONE,78
6,70.0,99,29,0.05,NONE,84
6,70.0,99,29,0.05,NONE,84
6,70.0,99,29,0.05,NONE,84
6,70.0,99,29,0.05,NONE,84
6,70.0,99,29,0.05,NONE,84
6,70.0,99,29,0.05,NONE,84
6,70.0,99,29,0.05,NONE,84
6,70.0,99,29,0.05,NONE,84
6,70.0,99,29,0.05,NONE,84
6,70.0,99,29,0.05,NONE,90
6,70.0,99,29,0.05,NONE,96
6,70.0,99,29,0.05,NONE,102
6,70.0,99,29,0.05,NONE,108
6,70.0,99,29,0.05,NONE,114
6,70.0,99,29,0.05,NONE,114
6,70.0,99,29,0.05,NONE,120
6,70.0,99,29,0.05,NONE,126
6,70.0,99,29,0.05,NONE,132
6,70.0,99,29,0.05,NONE,138
6,70.0,99,29,0.05,NONE,144
6,70.0,99,29,0.05,NONE,150
6,70.0,99,29,0.05,NONE,156
6,70.0,99,29,0.05,NONE,156
6,70.0,99,29,0.05,NONE,156
6,70.0,99,29,0.05,NONE,156
6,70.0,99,29,0.05,NONE,162
6,70.0,99,29,0.05,NONE,168
6,70.0,99,29,0.05,NONE,174
6,70.0,99,29,0.05,NONE,174
6,70.0,99,29,0.05,NONE,174
6,70.0,99,29,0.05,NONE,180
6,70.0,99,29,0.05,NONE,186
6,70.0,99,29,0.05,NONE,186
6,70.0,99,29,0.05,NONE,192
6,70.0,99,29,0.05,NONE,198
6,70.0,99,29,0.05,NONE,204
6,70.0,99,29,0.05,NONE,210
6,70.0,99,29,0.05,NONE,210
6,70.0,99,29,0.05,NONE,210
6,70.0,99,29,0.05,NONE,210
6,70.0,99,29,0.05,NONE,210
6,70.0,99,29,0.05,NONE,216
6,70.0,99,29,0.05,NONE,222
6,70.0,99,29,0.05,NONE,228
6,70.0,99,29,0.05,NONE,234
6,70.0,99,29,0.05,NONE,240
6,70.0,99,29,0.05,NONE,246
6,70.0,99,29,0.05,NONE,252
6,70.0,99,29,0.05,NONE,258
6,70.0,99,29,0.05,NONE,264
6,70.0,99,29,0.05,NONE,270
6,70.0,99,29,0.05,NONE,264
6,70.0,99,29,0.05,NONE,258
6,70.0,99,29,0.05,NONE,264
6,70.0,99,29,0.05,NONE,264
6,70.0,99,29,0.05,NONE,264
6,70.0,99,29,0.05,NONE,270
6,70.0,99,29,0.05,NONE,276
6,70.0,99,29,0.05,NONE,282
6,70.0,99,29,0.05,NONE,288
6,70.0,99,29,0.05,NONE,282
6,70.0,99,29,0.05,NONE,276
6,70.0,99,29,0.05,NONE,270
6,70.0,99,29,0.05,NONE,264
6,70.0,99,29,0.05,NONE,258
6,70.0,99,29,0.05,NONE,252
6,70.0,99,29,0.05,NONE,246
6,70.0,99,29,0.05,NONE,240
6,70.0,99,29,0.05,NONE,246
6,70.0,99,29,0.05,NONE,240
6,70.0,99,29,0.05,NONE,234
6,70.0,99,29,0.05,NONE,228
6,70.0,99,29,0.05,NONE,222
6,70.0,99,29,0.05,NONE,228
6,70.0,99,29,0.05,NONE,228
6,70.0,99,29,0.05,NONE,228
6,70.0,99,29,0.05,NONE,228
6,70.0,99,29,0.05,NONE,228
6,70.0,99,29,0.05,NONE,228
6,70.0,99,29,0.05,NONE,228
6,70.0,99,29,0.05,NONE,234
6,70.0,99,29,0.05,NONE,240
6,70.0,99,29,0.05,NONE,246
6,70.0,99,29,0.05,NONE,252
6,70.0,99,29,0.05,NONE,258
6,70.0,99,29,0.05,NONE,264
6,71.0,100,29,0.05,NONE,264
6,71.0,100,29,0.05,NONE,270
6,71.0,100,29,0.05,NONE,264
6,71.0,100,29,0.05,NONE,258
6,71.0,100,29,0.05,NONE,252
6,71.0,100,29,0.05,NONE,246
6,71.0,100,29,0.05,NONE,252
6,71.0,100,29,0.05,NONE,246
6,71.0,100,29,0.05,NONE,240
6,71.0,100,29,0.05,NONE,234
6,71.0,100,29,0.05,NONE,228
6,71.0,100,29,0.05,NONE,222
6,71.0,100,29,0.05,NONE,216
6,71.0,100,29,0.05,NONE,210
6,71.0,100,29,0.05,NONE,204
6,71.0,100,29,0.05,NONE,198
6,71.0,100,29,0.05,NONE,204
6,71.0,100,29,0.05,NONE,198
6,71.0,100,29,0.05,NONE,192
6,71.0,100,29,0.05,NONE,186
6,71.0,100,29,0.05,NONE,180
6,71.0,100,29,0.05,NONE,174
6,71.0,100,29,0.05,NONE,168
6,71.0,100,29,0.05,NONE,162
6,71.0,100,29,0.05,NONE,156
6,71.0,100,29,0.05,NONE,150
6,71.0,100,29,0.05,NONE,144
6,71.0,100,29,0.05,NONE,138
6,71.0,100,29,0.05,NONE,132
6,71.0,100,29,0.05,NONE,126
6,71.0,100,29,0.05,NONE,120
6,71.0,100,29,0.05,NONE,114
6,71.0,100,29,0.05,NONE,108
6,71.0,100,29,0.05,NONE,102
6,71.0,100,29,0.05,NONE,96
6,71.0,100,29,0.05,NONE,90
6,71.0,100,29,0.05,NONE,84
6,71.0,100,29,0.05,NONE,78
6,71.0,100,29,0.05,NONE,72
6,71.0,100,29,0.05,NONE,66
6,71.0,100,29,0.05,NONE,60
6,71.0,100,29,0.05,NONE,54
6,71.0,100,29,0.05,NONE,48
6,71.0,100,29,0.05,NONE,42
6,71.0,100,29,0.05,NONE,36
6,71.0,100,29,0.05,NONE,30
6,71.0,100,29,0.05,NONE,24
6,71.0,100,29,0.05,NONE,18
6,71.0,100,29,0.05,NONE,12
6,71.0,100,29,0.05,NONE,6
6,71.0,100,29,0.05,NONE,0
6,71.0,100,29,0.05,NONE,6
6,71.0,100,29,0.05,NONE,0
6,71.0,100,29,0.05,NONE,6
6,71.0,100,29,0.05,NONE,12
6,71.0,100,29,0.05,NONE,12
6,71.0,100,29,0.05,NONE,12
6,71.0,100,29,0.05,NONE,12
6,71.0,100,29,0.05,NONE,12
6,71.0,100,29,0.05,NONE,12
6,71.0,100,29,0.05,NONE,12
6,71.0,100,29,0.05,NONE,6
6,71.0,100,29,0.05,NONE,12
6,71.0,100,29,0.05,NONE,12
6,71.0,100,29,0.05,NONE,12
6,71.0,100,29,0.05,NONE,18
6,71.0,100,29,0.05,NONE,18
6,71.0,100,29,0.05,NONE,12
6,71.0,100,29,0.05,NONE,12
6,71.0,100,29,0.05,NONE,12
6,71.0,100,29,0.05,NONE,12
6,71.0,100,29,0.05,NONE,6
6,71.0,100,29,0.05,NONE,6
6,71.0,100,29,0.05,NONE,6
6,71.0,100,29,0.05,NONE,6
6,71.0,100,29,0.05,NONE,6
6,71.0,100,29,0.05,NONE,6
6,71.0,100,29,0.05,NONE,0
6,71.0,100,29,0.05,NONE,6
6,71.0,100,29,0.05,NONE,12
6,71.0,100,29,0.05,NONE,18
6,71.0,100,29,0.05,NONE,24
6,71.0,100,29,0.05,NONE,30
6,71.0,100,29,0.05,NONE,36
6,71.0,100,29,0.05,NONE,42
6,71.0,100,29,0.05,NONE,48
6,71.0,100,29,0.05,NONE,54
6,71.0,100,29,0.05,NONE,60
6,71.0,100,29,0.05,NONE,60
6,71.0,100,29,0.05,NONE,66
6,71.0,100,29,0.05,NONE,72
6,71.0,100,29,0.05,NONE,72
6,71.0,100,29,0.05,NONE,78
6,71.0,100,29,0.05,NONE,84
6,71.0,100,29,0.05,NONE,84
6,71.0,100,29,0.05,NONE,84
6,71.0,100,29,0.05,NONE,84
6,71.0,100,29,0.05,NONE,90
6,71.0,100,29,0.05,NONE,96
6,71.0,100,29,0.05,NONE,102
6,71.0,100,29,0.05,NONE,102
6,71.0,100,29,0.05,NONE,102
6,71.0,100,29,0.05,NONE,102
6,71.0,100,29,0.05,NONE,102
6,71.0,100,29,0.05,NONE,102
6,71.0,100,29,0.05,NONE,108
6,71.0,100,29,0.05,NONE,114
6,71.0,100,29,0.05,NONE,114
6,71.0,100,29,0.05,NONE,114
6,71.0,100,29,0.05,NONE,114
6,71.0,100,29,0.05,NONE,120
6,71.0,100,29,0.05,NONE,114
6,71.0,100,29,0.05,NONE,120
6,71.0,100,29,0.05,NONE,120
6,71.0,100,29,0.05,NONE,120
6,71.0,100,29,0.05,NONE,126
6,71.0,100,29,0.05,NONE,132
6,71.0,100,29,0.05,NONE,138
6,71.0,100,29,0.05,NONE,138
6,71.0,100,29,0.05,NONE,138
6,71.0,100,29,0.05,NONE,138
6,71.0,100,29,0.05,NONE,138
6,71.0,100,29,0.05,NONE,144
6,71.0,100,29,0.05,NONE,138
6,71.0,100,29,0.05,NONE,132
6,71.0,100,29,0.05,NONE,126
6,71.0,100,29,0.05,NONE,120
6,71.0,100,29,0.05,NONE,114
6,71.0,100,29,0.05,NONE,114
6,71.0,100,29,0.05,NONE,114
6,71.0,100,29,0.05,NONE,114
6,71.0,100,29,0.05,NONE,114
6,71.0,100,29,0.05,NONE,114
6,71.0,100,29,0.05,NONE,114
6,71.0,100,29,0.05,NONE,120
6,71.0,100,29,0.05,NONE,120
6,71.0,100,29,0.05,NONE,126
6,71.0,100,29,0.05,NONE,132
6,71.0,100,29,0.05,NONE,132
6,71.0,100,29,0.05,NONE,132
6,71.0,100,29,0.05,NONE,132
6,71.0,100,29,0.05,NONE,132
6,71.0,100,29,0.05,NONE,138
6,71.0,100,29,0.05,NONE,144
6,71.0,100,29,0.05,NONE,150
6,71.0,100,29,0.05,NONE,156
6,71.0,100,29,0.05,NONE,162
6,71.0,100,29,0.05,NONE,168
6,71.0,100,29,0.05,NONE,174
6,71.0,100,29,0.05,NONE,180
6,71.0,100,29,0.05,NONE,186
6,71.0,100,29,0.05,NONE,192
6,71.0,100,29,0.05,NONE,186
6,71.0,100,29,0.05,NONE,192
6,71.0,100,29,0.05,NONE,192
6,71.0,100,29,0.05,NONE,192
6,71.0,100,29,0.05,NONE,186
6,71.0,100,29,0.05,NONE,186
6,71.0,100,29,0.05,NONE,186
6,71.0,100,29,0.05,NONE,192
6,71.0,100,29,0.05,NONE,192
6,71.0,100,29,0.05,NONE,192
6,71.0,100,29,0.05,NONE,192
6,71.0,100,29,0.05,NONE,192
6,71.0,100,29,0.05,NONE,198
6,71.0,100,29,0.05,NONE,204
6,71.0,100,29,0.05,NONE,210
6,71.0,100,29,0.05,NONE,216
6,71.0,100,29,0.05,NONE,222
6,71.0,100,29,0.05,NONE,216
6,71.0,100,29,0.05,NONE,210
6,71.0,100,29,0.05,NONE,204
6,71.0,100,29,0.05,NONE,198
6,71.0,100,29,0.05,NONE,192
6,71.0,100,29,0.05,NONE,186
6,71.0,100,29,0.05,NONE,180
6,71.0,100,29,0.05,NONE,174
6,71.0,100,29,0.05,NONE,168
6,71.0,100,29,0.05,NONE,162
6,71.0,100,29,0.05,NONE,156
6,71.0,100,29,0.05,NONE,150
6,71.0,100,29,0.05,NONE,156
6,71.0,100,29,0.05,NONE,156
6,71.0,100,29,0.05,NONE,156
6,71.0,100,29,0.05,NONE,162
6,71.0,100,29,0.05,NONE,168
6,71.0,100,29,0.05,NONE,174
6,71.0,100,29,0.05,NONE,180
6,71.0,100,29,0.05,NONE,180
6,71.0,100,29,0.05,NONE,180
6,71.0,100,29,0.05,NONE,180
6,71.0,100,29,0.05,NONE,174
6,71.0,100,29,0.05,NONE,168
6,71.0,100,29,0.05,NONE,162
6,71.0,100,29,0.05,NONE,156
6,71.0,100,29,0.05,NONE,150
6,71.0,100,29,0.05,NONE,144
6,71.0,100,29,0.05,NONE,138
6,71.0,100,29,0.05,NONE,132
6,71.0,100,29,0.05,NONE,126
6,71.0,100,29,0.05,NONE,120
6,71.0,100,29,0.05,NONE,114
6,71.0,100,29,0.05,NONE,108
6,71.0,100,29,0.05,NONE,114
6,71.0,100,29,0.05,NONE,108
6,71.0,100,29,0.05,NONE,102
6,71.0,100,29,0.05,NONE,96
6,71.0,100,29,0.05,NONE,90
6,71.0,100,29,0.05,NONE,84
6,71.0,100,29,0.05,NONE,78
6,71.0,100,29,0.05,NONE,72
6,71.0,100,29,0.05,NONE,66
6,71.0,100,29,0.05,NONE,60
6,71.0,100,29,0.05,NONE,54
6,71.0,100,29,0.05,NONE,48
6,71.0,100,29,0.05,NONE,42
6,71.0,100,29,0.05,NONE,36
6,71.0,100,29,0.05,NONE,30
6,71.0,100,29,0.05,NONE,24
6,71.0,100,29,0.05,NONE,18
6,71.0,100,29,0.05,NONE,12
6,71.0,100,29,0.05,NONE,6
6,71.0,100,29,0.05,NONE,0
6,71.0,100,29,0.05,NONE,6
6,71.0,100,29,0.05,NONE,0
6,71.0,100,29,0.05,NONE,0
6,71.0,100,29,0.05,NONE,0
6,71.0,100,29,0.05,NONE,0
6,71.0,100,29,0.05,NONE,0
6,71.0,100,29,0.05,NONE,0
6,71.0,100,29,0.05,NONE,0
6,71.0,100,29,0.05,NONE,0
6,71.0,100,29,0.05,NONE,0
6,71.0,100,29,0.05,NONE,0
6,71.0,100,29,0.05,NONE,0
6,71.0,100,29,0.05,NONE,0
6,71.0,100,29,0.05,NONE,0
6,71.0,100,29,0.05,NONE,0
6,71.0,100,29,0.05,NONE,0
6,71.0,100,29,0.05,NONE,0
6,71.0,100,29,0.05,NONE,0
6,71.0,100,29,0.05,NONE,0
6,71.0,100,29,0.05,NONE,0
6,71.0,100,29,0.05,NONE,0
6,71.0,100,29,0.05,NONE,0
6,71.0,100,29,0.05,NONE,0
6,71.0,100,29,0.05,NONE,0
6,71.0,100,29,0.05,NONE,0
6,71.0,100,29,0.05,NONE,0
6,71.0,100,29,0.05,NONE,0
6,71.0,100,29,0.05,NONE,0
6,71.0,100,29,0.05,NONE,0
6,71.0,100,29,0.05,NONE,0
6,71.0,100,29,0.05,NONE,0
6,71.0,100,29,0.05,NONE,0
6,71.0,100,29,0.05,NONE,0
6,71.0,100,29,0.05,NONE,0
6,71.0,100,29,0.05,NONE,0
6,71.0,100,29,0.05,NONE,0
6,71.0,100,29,0.05,NONE,0
6,71.0,100,29,0.05,NONE,0
6,71.0,100,29,0.05,NONE,0
6,71.0,100,29,0.05,NONE,0
6,71.0,100,29,0.05,NONE,0
6,71.0,100,29,0.05,NONE,0
6,71.0,100,29,0.05,NONE,0
6,71.0,100,29,0.05,NONE,0
6,71.0,100,29,0.05,NONE,0
6,71.0,100,29,0.05,NONE,0
6,71.0,100,29,0.05,NONE,0
6,71.0,100,29,0.05,NONE,0
6,71.0,100,29,0.05,NONE,0
6,71.0,100,29,0.05,NONE,0
6,71.0,100,29,0.05,NONE,0
6,71.0,100,29,0.05,NONE,6
6,71.0,100,29,0.05,NONE,0
6,71.0,100,29,0.05,NONE,0
6,71.0,100,29,0.05,NONE,0
6,71.0,100,29,0.05,NONE,0
6,71.0,100,29,0.05,NONE,0
6,71.0,100,29,0.05,NONE,0
6,71.0,100,29,0.05,NONE,0
6,71.0,100,29,0.05,NONE,0
6,71.0,100,29,0.05,NONE,6
6,71.0,100,29,0.05,NONE,6
6,71.0,100,29,0.05,NONE,0
6,71.0,100,29,0.05,NONE,0
6,71.0,100,29,0.05,NONE,0
6,71.0,100,29,0.05,NONE,0
6,71.0,100,29,0.05,NONE,0
6,71.0,100,29,0.05,NONE,0
6,71.0,100,29,0.05,NONE,0
6,71.0,100,29,0.05,NONE,0
6,71.0,100,29,0.05,NONE,0
6,71.0,100,29,0.05,NONE,0
6,71.0,100,29,0.05,NONE,0
6,71.0,100,29,0.05,NONE,0
6,71.0,100,29,0.05,NONE,6
6,71.0,100,29,0.05,NONE,6
6,71.0,100,29,0.05,NONE,6
6,71.0,100,29,0.05,NONE,6
6,71.0,100,29,0.05,NONE,6
6,71.0,100,29,0.05,NONE,6
6,71.0,100,29,0.05,NONE,6
6,71.0,100,29,0.05,NONE,6
6,71.0,100,29,0.05,NONE,6
6,71.0,100,29,0.05,NONE,6
6,71.0,100,29,0.05,NONE,6
6,71.0,100,29,0.05,NONE,6
6,71.0,100,29,0.05,NONE,6
6,71.0,100,29,0.05,NONE,12
6,71.0,100,29,0.05,NONE,18
6,71.0,100,29,0.05,NONE,24
6,71.0,100,29,0.05,NONE,30
6,71.0,100,29,0.05,NONE,36
6,71.0,100,29,0.05,NONE,42
6,71.0,100,29,0.05,NONE,48
6,71.0,100,29,0.05,NONE,48
6,71.0,100,29,0.05,NONE,48
6,71.0,100,29,0.05,NONE,48
6,71.0,100,29,0.05,NONE,48
6,71.0,100,29,0.05,NONE,48
6,71.0,100,29,0.05,NONE,54
6,71.0,100,29,0.05,NONE,60
6,71.0,100,29,0.05,NONE,66
6,71.0,100,29,0.05,NONE,66
6,71.0,100,29,0.05,NONE,66
6,71.0,100,29,0.05,NONE,60
6,71.0,100,29,0.05,NONE,54
6,71.0,100,29,0.05,NONE,48
6,71.0,100,29,0.05,NONE,54
6,71.0,100,29,0.05,NONE,60
6,71.0,100,29,0.05,NONE,66
6,71.0,100,29,0.05,NONE,72
6,71.0,100,29,0.05,NONE,78
6,71.0,100,29,0.05,NONE,84
6,71.0,100,29,0.05,NONE,78
6,71.0,100,29,0.05,NONE,84
6,71.0,100,29,0.05,NONE,78
6,71.0,100,29,0.05,NONE,78
6,71.0,100,29,0.05,NONE,78
6,71.0,100,29,0.05,NONE,78
6,71.0,100,29,0.05,NONE,72
6,71.0,100,29,0.05,NONE,66
6,71.0,100,29,0.05,NONE,60
6,71.0,100,29,0.05,NONE,54
6,71.0,100,29,0.05,NONE,48
6,71.0,100,29,0.05,NONE,42
6,71.0,100,29,0.05,NONE,48
6,71.0,100,29,0.05,NONE,42
6,71.0,100,29,0.05,NONE,42
6,71.0,100,29,0.05,NONE,42
6,71.0,100,29,0.05,NONE,48
6,71.0,100,29,0.05,NONE,48
6,71.0,100,29,0.05,NONE,48
6,71.0,100,29,0.05,NONE,48
6,71.0,100,29,0.05,NONE,54
6,71.0,100,29,0.05,NONE,60
6,71.0,100,29,0.05,NONE,66
6,71.0,100,29,0.05,NONE,60
6,71.0,100,29,0.05,NONE,54
6,71.0,100,29,0.05,NONE,54
6,71.0,100,29,0.05,NONE,54
6,71.0,100,29,0.05,NONE,54
6,71.0,100,29,0.05,NONE,54
6,71.0,100,29,0.05,NONE,60
6,71.0,100,29,0.05,NONE,66
6,71.0,100,29,0.05,NONE,72
6,71.0,100,29,0.05,NONE,78
6,71.0,100,29,0.05,NONE,78
6,71.0,100,29,0.05,NONE,78
6,71.0,100,29,0.05,NONE,78
6,71.0,100,29,0.05,NONE,78
6,71.0,100,29,0.05,NONE,84
6,71.0,100,29,0.05,NONE,78
6,71.0,100,29,0.05,NONE,84
6,71.0,100,29,0.05,NONE,90
6,71.0,100,29,0.05,NONE,96
6,71.0,100,29,0.05,NONE,102
6,71.0,100,29,0.05,NONE,108
6,71.0,100,29,0.05,NONE,114
6,71.0,100,29,0.05,NONE,114
6,71.0,100,29,0.05,NONE,114
6,71.0,100,29,0.05,NONE,114
6,71.0,100,29,0.05,NONE,120
6,71.0,100,29,0.05,NONE,120
6,71.0,100,29,0.05,NONE,126
6,71.0,100,29,0.05,NONE,132
6,71.0,100,29,0.05,NONE,132
6,71.0,100,29,0.05,NONE,132
6,71.0,100,29,0.05,NONE,138
6,71.0,100,29,0.05,NONE,138
6,71.0,100,29,0.05,NONE,138
6,71.0,100,29,0.05,NONE,138
6,71.0,100,29,0.05,NONE,138
6,71.0,100,29,0.05,NONE,138
6,71.0,100,29,0.05,NONE,138
6,71.0,100,29,0.05,NONE,144
6,71.0,100,29,0.05,NONE,144
6,71.0,100,29,0.05,NONE,150
6,71.0,100,29,0.05,NONE,144
6,71.0,100,29,0.05,NONE,138
6,71.0,100,29,0.05,NONE,132
6,71.0,100,29,0.05,NONE,138
6,71.0,100,29,0.05,NONE,144
6,71.0,100,29,0.05,NONE,150
6,71.0,100,29,0.05,NONE,144
6,71.0,100,29,0.05,NONE,138
6,71.0,100,29,0.05,NONE,132
6,71.0,100,29,0.05,NONE,138
6,71.0,100,29,0.05,NONE,144
6,71.0,100,29,0.05,NONE,150
6,71.0,100,29,0.05,NONE,156
6,71.0,100,29,0.05,NONE,162
6,71.0,100,29,0.05,NONE,168
6,71.0,100,29,0.05,NONE,174
6,71.0,100,29,0.05,NONE,180
6,71.0,100,29,0.05,NONE,186
6,71.0,100,29,0.05,NONE,192
6,71.0,100,29,0.05,NONE,198
6,71.0,100,29,0.05,NONE,204
6,71.0,100,29,0.05,NONE,210
6,71.0,100,29,0.05,NONE,216
6,71.0,100,29,0.05,NONE,222
6,71.0,100,29,0.05,NONE,222
6,71.0,100,29,0.05,NONE,222
6,71.0,100,29,0.05,NONE,228
6,71.0,100,29,0.05,NONE,222
6,71.0,100,29,0.05,NONE,222
6,71.0,100,29,0.05,NONE,228
6,71.0,100,29,0.05,NONE,222
6,71.0,100,29,0.05,NONE,222
6,71.0,100,29,0.05,NONE,222
6,71.0,100,29,0.05,NONE,228
6,71.0,100,29,0.05,NONE,222
6,71.0,100,29,0.05,NONE,216
6,71.0,100,29,0.05,NONE,210
6,71.0,100,29,0.05,NONE,204
6,71.0,100,29,0.05,NONE,198
6,71.0,100,29,0.05,NONE,192
6,71.0,100,29,0.05,NONE,186
6,71.0,100,29,0.05,NONE,186
6,71.0,100,29,0.05,NONE,186
6,71.0,100,29,0.05,NONE,186
6,71.0,100,29,0.05,NONE,186
6,71.0,100,29,0.05,NONE,186
6,71.0,100,29,0.05,NONE,192
6,71.0,100,29,0.05,NONE,198
6,71.0,100,29,0.05,NONE,204
6,71.0,100,29,0.05,NONE,210
6,71.0,100,29,0.05,NONE,216
6,71.0,100,29,0.05,NONE,222
6,71.0,100,29,0.05,NONE,228
6,71.0,100,29,0.05,NONE,234
6,71.0,100,29,0.05,NONE,234
6,71.0,100,29,0.05,NONE,240
6,71.0,100,29,0.05,NONE,246
6,71.0,100,29,0.05,NONE,252
6,71.0,100,29,0.05,NONE,258
6,71.0,100,29,0.05,NONE,264
6,71.0,100,29,0.05,NONE,264
6,71.0,100,29,0.05,NONE,270
6,71.0,100,29,0.05,NONE,276
6,71.0,100,29,0.05,NONE,282
6,71.0,100,29,0.05,NONE,288
6,71.0,100,29,0.05,NONE,288
6,71.0,100,29,0.05,NONE,288
6,71.0,100,29,0.05,NONE,288
6,71.0,100,29,0.05,NONE,288
6,71.0,100,29,0.05,NONE,288
6,71.0,100,29,0.05,NONE,294
6,71.0,100,29,0.05,NONE,288
6,71.0,100,29,0.05,NONE,282
6,71.0,100,29,0.05,NONE,276
6,71.0,100,29,0.05,NONE,270
6,71.0,100,29,0.05,NONE,264
6,71.0,100,29,0.05,NONE,258
6,71.0,100,29,0.05,NONE,264
6,71.0,100,29,0.05,NONE,264
6,71.0,100,29,0.05,NONE,264
6,71.0,100,29,0.05,NONE,264
6,71.0,100,29,0.05,NONE,264
6,71.0,100,29,0.05,NONE,270
6,71.0,100,29,0.05,NONE,264
6,71.0,100,29,0.05,NONE,258
6,71.0,100,29,0.05,NONE,252
6,71.0,100,29,0.05,NONE,246
6,71.0,100,29,0.05,NONE,240
6,71.0,100,29,0.05,NONE,234
6,71.0,100,29,0.05,NONE,228
6,71.0,100,29,0.05,NONE,222
6,71.0,100,29,0.05,NONE,216
6,71.0,100,29,0.05,NONE,210
6,71.0,100,29,0.05,NONE,204
6,71.0,100,29,0.05,NONE,198
6,71.0,100,29,0.05,NONE,192
6,71.0,100,29,0.05,NONE,186
6,71.0,100,29,0.05,NONE,186
6,71.0,100,29,0.05,NONE,186
6,71.0,100,29,0.05,NONE,186
6,71.0,100,29,0.05,NONE,186
6,71.0,100,29,0.05,NONE,186
6,71.0,100,29,0.05,NONE,192
6,71.0,100,29,0.05,NONE,192
6,71.0,100,29,0.05,NONE,192
6,71.0,100,29,0.05,NONE,192
6,71.0,100,29,0.05,NONE,192
6,71.0,100,29,0.05,NONE,186
6,71.0,100,29,0.05,NONE,192
6,71.0,100,29,0.05,NONE,192
6,71.0,100,29,0.05,NONE,192
6,71.0,100,29,0.05,NONE,186
6,71.0,100,29,0.05,NONE,192
6,71.0,100,29,0.05,NONE,198
6,71.0,100,29,0.05,NONE,204
6,71.0,100,29,0.05,NONE,210
6,71.0,100,29,0.05,NONE,216
6,71.0,100,29,0.05,NONE,222
6,71.0,100,29,0.05,NONE,228
6,71.0,100,29,0.05,NONE,222
6,71.0,100,29,0.05,NONE,222
6,71.0,100,29,0.05,NONE,222
6,71.0,100,29,0.05,NONE,228
6,71.0,100,29,0.05,NONE,228
6,71.0,100,29,0.05,NONE,228
6,71.0,100,29,0.05,NONE,228
6,71.0,100,29,0.05,NONE,234
6,71.0,100,29,0.05,NONE,240
6,71.0,100,29,0.05,NONE,246
6,71.0,100,29,0.05,NONE,252
6,71.0,100,29,0.05,NONE,258
6,71.0,100,29,0.05,NONE,252
6,71.0,100,29,0.05,NONE,246
6,71.0,100,29,0.05,NONE,240
6,71.0,100,29,0.05,NONE,234
6,71.0,100,29,0.05,NONE,228
6,71.0,100,29,0.05,NONE,222
6,71.0,100,29,0.05,NONE,216
6,71.0,100,29,0.05,NONE,210
6,71.0,100,29,0.05,NONE,204
6,71.0,100,29,0.05,NONE,210
6,71.0,100,29,0.05,NONE,204
6,71.0,100,29,0.05,NONE,198
6,71.0,100,29,0.05,NONE,192
6,71.0,100,29,0.05,NONE,186
6,71.0,100,29,0.05,NONE,186
6,71.0,100,29,0.05,NONE,186
6,71.0,100,29,0.05,NONE,186
6,71.0,100,29,0.05,NONE,186
6,71.0,100,29,0.05,NONE,186
6,71.0,100,29,0.05,NONE,192
6,71.0,100,29,0.05,NONE,192
6,71.0,100,29,0.05,NONE,192
6,71.0,100,29,0.05,NONE,198
6,71.0,100,29,0.05,NONE,204
6,71.0,100,29,0.05,NONE,204
6,71.0,100,29,0.05,NONE,204
6,71.0,100,29,0.05,NONE,204
6,71.0,100,29,0.05,NONE,210
6,71.0,100,29,0.05,NONE,216
6,71.0,100,29,0.05,NONE,222
6,71.0,100,29,0.05,NONE,222
6,71.0,100,29,0.05,NONE,228
6,71.0,100,29,0.05,NONE,228
6,71.0,100,29,0.05,NONE,228
6,71.0,100,29,0.05,NONE,228
6,71.0,100,29,0.05,NONE,234
6,71.0,100,29,0.05,NONE,240
6,71.0,100,29,0.05,NONE,246
6,71.0,100,29,0.05,NONE,246
6,71.0,100,29,0.05,NONE,246
6,71.0,100,29,0.05,NONE,246
6,71.0,100,29,0.05,NONE,252
6,71.0,100,29,0.05,NONE,258
6,71.0,100,29,0.05,NONE,264
6,71.0,100,29,0.05,NONE,264
6,71.0,100,29,0.05,NONE,264
6,71.0,100,29,0.05,NONE,258
6,71.0,100,29,0.05,NONE,252
6,71.0,100,29,0.05,NONE,246
6,71.0,100,29,0.05,NONE,252
6,71.0,100,29,0.05,NONE,246
6,71.0,100,29,0.05,NONE,240
6,71.0,100,29,0.05,NONE,234
6,71.0,100,29,0.05,NONE,240
6,71.0,100,29,0.05,NONE,246
6,71.0,100,29,0.05,NONE,252
6,71.0,100,29,0.05,NONE,258
6,71.0,100,29,0.05,NONE,264
6,71.0,100,29,0.05,NONE,264
6,71.0,100,29,0.05,NONE,264
6,71.0,100,29,0.05,NONE,264
6,71.0,100,29,0.05,NONE,270
6,71.0,100,29,0.05,NONE,270
6,71.0,100,29,0.05,NONE,270
6,71.0,100,29,0.05,NONE,270
6,71.0,100,29,0.05,NONE,270
6,71.0,100,29,0.05,NONE,270
6,71.0,100,29,0.05,NONE,270
6,71.0,100,29,0.05,NONE,270
6,71.0,100,29,0.05,NONE,276
6,71.0,100,29,0.05,NONE,282
6,71.0,100,29,0.05,NONE,288
6,71.0,100,29,0.05,NONE,294
6,71.0,100,29,0.05,NONE,294
6,71.0,100,29,0.05,NONE,294
6,70.0,100,30,0.05,NONE,294
6,70.0,100,30,0.05,NONE,300
6,70.0,100,30,0.05,NONE,294
6,70.0,100,30,0.05,NONE,288
6,70.0,100,30,0.05,NONE,282
6,70.0,100,30,0.05,NONE,276
6,70.0,100,30,0.05,NONE,270
6,70.0,100,30,0.05,NONE,264
6,70.0,100,30,0.05,NONE,258
6,70.0,100,30,0.05,NONE,252
6,70.0,100,30,0.05,NONE,246
6,70.0,100,30,0.05,NONE,240
6,70.0,100,30,0.05,NONE,234
6,70.0,100,30,0.05,NONE,228
6,70.0,100,30,0.05,NONE,222
6,70.0,100,30,0.05,NONE,216
6,70.0,100,30,0.05,NONE,210
6,70.0,100,30,0.05,NONE,216
6,70.0,100,30,0.05,NONE,210
6,70.0,100,30,0.05,NONE,210
6,70.0,100,30,0.05,NONE,204
6,70.0,100,30,0.05,NONE,198
6,70.0,100,30,0.05,NONE,192
6,70.0,100,30,0.05,NONE,186
6,70.0,100,30,0.05,NONE,180
6,70.0,100,30,0.05,NONE,174
6,70.0,100,30,0.05,NONE,168
6,70.0,100,30,0.05,NONE,162
6,70.0,100,30,0.05,NONE,156
6,70.0,100,30,0.05,NONE,150
6,70.0,100,30,0.05,NONE,150
6,70.0,100,30,0.05,NONE,150
6,70.0,100,30,0.05,NONE,150
6,70.0,100,30,0.05,NONE,150
6,70.0,100,30,0.05,NONE,150
6,70.0,100,30,0.05,NONE,150
6,70.0,100,30,0.05,NONE,150
6,70.0,100,30,0.05,NONE,156
6,70.0,100,30,0.05,NONE,150
6,70.0,100,30,0.05,NONE,156
6,70.0,100,30,0.05,NONE,150
6,70.0,100,30,0.05,NONE,156
6,70.0,100,30,0.05,NONE,150
6,70.0,100,30,0.05,NONE,156
6,70.0,100,30,0.05,NONE,150
6,70.0,100,30,0.05,NONE,156
6,70.0,100,30,0.05,NONE,150
6,70.0,100,30,0.05,NONE,156
6,70.0,100,30,0.05,NONE,150
6,70.0,100,30,0.05,NONE,156
6,70.0,100,30,0.05,NONE,150
6,70.0,100,30,0.05,NONE,156
6,70.0,100,30,0.05,NONE,150
6,70.0,100,30,0.05,NONE,156
6,70.0,100,30,0.05,NONE,150
6,70.0,100,30,0.05,NONE,156
6,70.0,100,30,0.05,NONE,150
6,70.0,100,30,0.05,NONE,156
6,70.0,100,30,0.05,NONE,150
6,70.0,100,30,0.05,NONE,156
6,70.0,100,30,0.05,NONE,150
6,70.0,100,30,0.05,NONE,144
6,70.0,100,30,0.05,NONE,138
6,70.0,100,30,0.05,NONE,138
6,70.0,100,30,0.05,NONE,132
6,70.0,100,30,0.05,NONE,126
6,70.0,100,30,0.05,NONE,120
6,70.0,100,30,0.05,NONE,114
6,70.0,100,30,0.05,NONE,114
6,70.0,100,30,0.05,NONE,114
6,70.0,100,30,0.05,NONE,114
6,70.0,100,30,0.05,NONE,108
6,70.0,100,30,0.05,NONE,102
6,70.0,100,30,0.05,NONE,108
6,70.0,100,30,0.05,NONE,114
6,70.0,100,30,0.05,NONE,120
6,70.0,100,30,0.05,NONE,126
6,70.0,100,30,0.05,NONE,132
6,70.0,100,30,0.05,NONE,132
6,70.0,100,30,0.05,NONE,132
6,70.0,100,30,0.05,NONE,138
6,70.0,100,30,0.05,NONE,144
6,70.0,100,30,0.05,NONE,150
6,70.0,100,30,0.05,NONE,156
6,70.0,100,30,0.05,NONE,162
6,70.0,100,30,0.05,NONE,168
6,70.0,100,30,0.05,NONE,174
6,70.0,100,30,0.05,NONE,168
6,70.0,100,30,0.05,NONE,162
6,70.0,100,30,0.05,NONE,156
6,70.0,100,30,0.05,NONE,162
6,70.0,100,30,0.05,NONE,168
6,70.0,100,30,0.05,NONE,174
6,70.0,100,30,0.05,NONE,168
6,70.0,100,30,0.05,NONE,162
6,70.0,100,30,0.05,NONE,156
6,70.0,100,30,0.05,NONE,162
6,70.0,100,30,0.05,NONE,168
6,70.0,100,30,0.05,NONE,168
6,70.0,100,30,0.05,NONE,168
6,70.0,100,30,0.05,NONE,168
6,70.0,100,30,0.05,NONE,168
6,70.0,100,30,0.05,NONE,168
6,70.0,100,30,0.05,NONE,174
6,70.0,100,30,0.05,NONE,180
6,70.0,100,30,0.05,NONE,186
6,70.0,100,30,0.05,NONE,192
6,70.0,100,30,0.05,NONE,198
6,70.0,100,30,0.05,NONE,204
6,70.0,100,30,0.05,NONE,204
6,70.0,100,30,0.05,NONE,204
6,70.0,100,30,0.05,NONE,210
6,70.0,100,30,0.05,NONE,216
6,70.0,100,30,0.05,NONE,222
6,70.0,100,30,0.05,NONE,222
6,70.0,100,30,0.05,NONE,222
6,70.0,100,30,0.05,NONE,216
6,70.0,100,30,0.05,NONE,210
6,70.0,100,30,0.05,NONE,204
6,70.0,100,30,0.05,NONE,198
6,70.0,100,30,0.05,NONE,192
6,70.0,100,30,0.05,NONE,186
6,70.0,100,30,0.05,NONE,192
6,70.0,100,30,0.05,NONE,186
6,70.0,100,30,0.05,NONE,186
6,70.0,100,30,0.05,NONE,186
6,70.0,100,30,0.05,NONE,192
6,70.0,100,30,0.05,NONE,186
6,70.0,100,30,0.05,NONE,186
6,70.0,100,30,0.05,NONE,186
6,70.0,100,30,0.05,NONE,186
6,70.0,100,30,0.05,NONE,186
6,70.0,100,30,0.05,NONE,186
6,70.0,100,30,0.05,NONE,186
6,70.0,100,30,0.05,NONE,186
6,70.0,100,30,0.05,NONE,180
6,70.0,100,30,0.05,NONE,174
6,70.0,100,30,0.05,NONE,168
6,70.0,100,30,0.05,NONE,162
6,70.0,100,30,0.05,NONE,162
6,70.0,100,30,0.05,NONE,156
6,70.0,100,30,0.05,NONE,150
6,70.0,100,30,0.05,NONE,156
6,70.0,100,30,0.05,NONE,150
6,70.0,100,30,0.05,NONE,156
6,70.0,100,30,0.05,NONE,150
6,70.0,100,30,0.05,NONE,156
6,70.0,100,30,0.05,NONE,150
6,70.0,100,30,0.05,NONE,156
6,70.0,100,30,0.05,NONE,162
6,70.0,100,30,0.05,NONE,168
6,70.0,100,30,0.05,NONE,174
6,70.0,100,30,0.05,NONE,180
6,70.0,100,30,0.05,NONE,174
6,70.0,100,30,0.05,NONE,180
6,70.0,100,30,0.05,NONE,186
6,70.0,100,30,0.05,NONE,192
6,70.0,100,30,0.05,NONE,198
6,70.0,100,30,0.05,NONE,204
6,70.0,100,30,0.05,NONE,210
6,70.0,100,30,0.05,NONE,210
6,70.0,100,30,0.05,NONE,210
6,70.0,100,30,0.05,NONE,210
6,70.0,100,30,0.05,NONE,210
6,70.0,100,30,0.05,NONE,210
6,70.0,100,30,0.05,NONE,204
6,70.0,100,30,0.05,NONE,198
6,70.0,100,30,0.05,NONE,198
6,70.0,100,30,0.05,NONE,198
6,70.0,100,30,0.05,NONE,192
6,70.0,100,30,0.05,NONE,186
6,70.0,100,30,0.05,NONE,192
6,70.0,100,30,0.05,NONE,186
6,70.0,100,30,0.05,NONE,180
6,70.0,100,30,0.05,NONE,174
6,70.0,100,30,0.05,NONE,174
6,70.0,100,30,0.05,NONE,174
6,70.0,100,30,0.05,NONE,174
6,70.0,100,30,0.05,NONE,174
6,70.0,100,30,0.05,NONE,174
6,70.0,100,30,0.05,NONE,174
6,70.0,100,30,0.05,NONE,174
6,70.0,100,30,0.05,NONE,174
6,70.0,100,30,0.05,NONE,174
6,70.0,100,30,0.05,NONE,174
6,70.0,100,30,0.05,NONE,174
6,70.0,100,30,0.05,NONE,174
6,70.0,100,30,0.05,NONE,180
6,70.0,100,30,0.05,NONE,186
6,70.0,100,30,0.05,NONE,192
6,70.0,100,30,0.05,NONE,186
6,70.0,100,30,0.05,NONE,186
6,70.0,100,30,0.05,NONE,186
6,70.0,100,30,0.05,NONE,192
6,70.0,100,30,0.05,NONE,192
6,70.0,100,30,0.05,NONE,192
6,70.0,100,30,0.05,NONE,192
6,70.0,100,30,0.05,NONE,192
6,70.0,100,30,0.05,NONE,192
6,70.0,100,30,0.05,NONE,186
6,70.0,100,30,0.05,NONE,186
6,70.0,100,30,0.05,NONE,186
6,70.0,100,30,0.05,NONE,186
6,70.0,100,30,0.05,NONE,186
6,70.0,100,30,0.05,NONE,186
6,70.0,100,30,0.05,NONE,186
6,70.0,100,30,0.05,NONE,186
6,70.0,100,30,0.05,NONE,186
6,70.0,100,30,0.05,NONE,180
6,70.0,100,30,0.05,NONE,180
6,70.0,100,30,0.05,NONE,180
6,70.0,100,30,0.05,NONE,186
6,70.0,100,30,0.05,NONE,192
6,70.0,100,30,0.05,NONE,192
6,70.0,100,30,0.05,NONE,192
6,70.0,100,30,0.05,NONE,198
6,70.0,100,30,0.05,NONE,204
6,70.0,100,30,0.05,NONE,210
6,70.0,100,30,0.05,NONE,216
6,70.0,100,30,0.05,NONE,216
6,70.0,100,30,0.05,NONE,216
6,70.0,100,30,0.05,NONE,222
6,70.0,100,30,0.05,NONE,228
6,70.0,100,30,0.05,NONE,228
6,70.0,100,30,0.05,NONE,228
6,70.0,100,30,0.05,NONE,228
6,70.0,100,30,0.05,NONE,228
6,70.0,100,30,0.05,NONE,228
6,70.0,100,30,0.05,NONE,228
6,70.0,100,30,0.05,NONE,228
6,70.0,100,30,0.05,NONE,228
6,70.0,100,30,0.05,NONE,228
6,70.0,100,30,0.05,NONE,228
6,70.0,100,30,0.05,NONE,228
6,70.0,100,30,0.05,NONE,228
6,70.0,100,30,0.05,NONE,228
6,70.0,100,30,0.05,NONE,228
6,70.0,100,30,0.05,NONE,234
6,70.0,100,30,0.05,NONE,240
6,70.0,100,30,0.05,NONE,246
6,70.0,100,30,0.05,NONE,246
6,70.0,100,30,0.05,NONE,246
6,70.0,100,30,0.05,NONE,246
6,70.0,100,30,0.05,NONE,246
6,70.0,100,30,0.05,NONE,246
6,70.0,100,30,0.05,NONE,252
6,70.0,100,30,0.05,NONE,258
6,70.0,100,30,0.05,NONE,264
6,70.0,100,30,0.05,NONE,270
6,70.0,100,30,0.05,NONE,276
6,70.0,100,30,0.05,NONE,282
6,70.0,100,30,0.05,NONE,288
6,70.0,100,30,0.05,NONE,294
6,70.0,100,30,0.05,NONE,300
6,70.0,100,30,0.05,NONE,294
6,70.0,100,30,0.05,NONE,294
6,70.0,100,30,0.05,NONE,294
6,70.0,100,30,0.05,NONE,294
6,70.0,100,30,0.05,NONE,288
6,70.0,100,30,0.05,NONE,282
6,70.0,100,30,0.05,NONE,276
6,70.0,100,30,0.05,NONE,270
6,70.0,100,30,0.05,NONE,264
6,70.0,100,30,0.05,NONE,258
6,70.0,100,30,0.05,NONE,252
6,70.0,100,30,0.05,NONE,246
6,70.0,100,30,0.05,NONE,246
6,70.0,100,30,0.05,NONE,240
6,70.0,100,30,0.05,NONE,234
6,70.0,100,30,0.05,NONE,240
6,70.0,100,30,0.05,NONE,240
6,70.0,100,30,0.05,NONE,234
6,70.0,100,30,0.05,NONE,228
6,70.0,100,30,0.05,NONE,222
6,70.0,100,30,0.05,NONE,228
6,70.0,100,30,0.05,NONE,228
6,70.0,100,30,0.05,NONE,228
6,70.0,100,30,0.05,NONE,234
6,70.0,100,30,0.05,NONE,240
6,70.0,100,30,0.05,NONE,246
6,70.0,100,30,0.05,NONE,246
6,70.0,100,30,0.05,NONE,246
6,70.0,100,30,0.05,NONE,240
6,70.0,100,30,0.05,NONE,246
6,70.0,100,30,0.05,NONE,240
6,70.0,100,30,0.05,NONE,234
6,70.0,100,30,0.05,NONE,228
6,70.0,100,30,0.05,NONE,222
6,70.0,100,30,0.05,NONE,228
6,70.0,100,30,0.05,NONE,228
6,70.0,100,30,0.05,NONE,228
6,70.0,100,30,0.05,NONE,234
6,70.0,100,30,0.05,NONE,240
6,70.0,100,30,0.05,NONE,246
6,70.0,100,30,0.05,NONE,252
6,70.0,100,30,0.05,NONE,258
6,70.0,100,30,0.05,NONE,264
6,70.0,100,30,0.05,NONE,270
6,70.0,100,30,0.05,NONE,264
6,70.0,100,30,0.05,NONE,258
6,70.0,100,30,0.05,NONE,264
6,70.0,100,30,0.05,NONE,264
6,70.0,100,30,0.05,NONE,258
6,70.0,100,30,0.05,NONE,264
6,70.0,100,30,0.05,NONE,270
6,70.0,100,30,0.05,NONE,276
6,70.0,100,30,0.05,NONE,282
6,70.0,100,30,0.05,NONE,276
6,70.0,100,30,0.05,NONE,270
6,70.0,100,30,0.05,NONE,264
6,70.0,100,30,0.05,NONE,258
6,70.0,100,30,0.05,NONE,252
6,70.0,100,30,0.05,NONE,246
6,70.0,100,30,0.05,NONE,240
6,70.0,100,30,0.05,NONE,234
6,70.0,100,30,0.05,NONE,228
6,70.0,100,30,0.05,NONE,222
6,70.0,100,30,0.05,NONE,222
6,70.0,100,30,0.05,NONE,222
6,70.0,100,30,0.05,NONE,228
6,70.0,100,30,0.05,NONE,228
6,70.0,100,30,0.05,NONE,228
6,70.0,100,30,0.05,NONE,234
6,70.0,100,30,0.05,NONE,240
6,70.0,100,30,0.05,NONE,246
6,70.0,100,30,0.05,NONE,252
6,70.0,100,30,0.05,NONE,246
6,70.0,100,30,0.05,NONE,252
6,70.0,100,30,0.05,NONE,246
6,70.0,100,30,0.05,NONE,240
6,70.0,100,30,0.05,NONE,234
6,70.0,100,30,0.05,NONE,228
6,70.0,100,30,0.05,NONE,222
6,70.0,100,30,0.05,NONE,228
6,70.0,100,30,0.05,NONE,228
6,70.0,100,30,0.05,NONE,228
6,70.0,100,30,0.05,NONE,228
6,70.0,100,30,0.05,NONE,228
6,70.0,100,30,0.05,NONE,228
6,70.0,100,30,0.05,NONE,228
6,70.0,100,30,0.05,NONE,228
6,70.0,100,30,0.05,NONE,228
6,70.0,100,30,0.05,NONE,234
6,70.0,100,30,0.05,NONE,240
6,70.0,100,30,0.05,NONE,246
6,70.0,100,30,0.05,NONE,246
6,70.0,100,30,0.05,NONE,246
6,70.0,100,30,0.05,NONE,246
6,70.0,100,30,0.05,NONE,252
6,70.0,100,30,0.05,NONE,246
6,70.0,100,30,0.05,NONE,240
6,70.0,100,30,0.05,NONE,234
6,70.0,100,30,0.05,NONE,228
6,70.0,100,30,0.05,NONE,222
6,70.0,100,30,0.05,NONE,228
6,70.0,100,30,0.05,NONE,222
6,70.0,100,30,0.05,NONE,216
6,70.0,100,30,0.05,NONE,210
6,70.0,100,30,0.05,NONE,204
6,70.0,100,30,0.05,NONE,198
6,70.0,100,30,0.05,NONE,192
6,70.0,100,30,0.05,NONE,198
6,70.0,100,30,0.05,NONE,204
6,70.0,100,30,0.05,NONE,210
6,70.0,100,30,0.05,NONE,204
6,70.0,100,30,0.05,NONE,210
6,70.0,100,30,0.05,NONE,216
6,70.0,100,30,0.05,NONE,222
6,70.0,100,30,0.05,NONE,216
6,70.0,100,30,0.05,NONE,210
6,70.0,100,30,0.05,NONE,204
6,70.0,100,30,0.05,NONE,198
6,70.0,100,30,0.05,NONE,198
6,70.0,100,30,0.05,NONE,198
6,70.0,100,30,0.05,NONE,204
6,70.0,100,30,0.05,NONE,210
6,70.0,100,30,0.05,NONE,216
6,70.0,100,30,0.05,NONE,210
6,70.0,100,30,0.05,NONE,210
6,70.0,100,30,0.05,NONE,216
6,70.0,100,30,0.05,NONE,216
6,70.0,100,30,0.05,NONE,216
6,70.0,100,30,0.05,NONE,210
6,70.0,100,30,0.05,NONE,204
6,70.0,100,30,0.05,NONE,210
6,70.0,100,30,0.05,NONE,216
6,70.0,100,30,0.05,NONE,222
6,70.0,100,30,0.05,NONE,222
6,70.0,100,30,0.05,NONE,222
6,70.0,100,30,0.05,NONE,222
6,70.0,100,30,0.05,NONE,228
6,70.0,100,30,0.05,NONE,222
6,70.0,100,30,0.05,NONE,228
6,70.0,100,30,0.05,NONE,228
6,70.0,100,30,0.05,NONE,228
6,70.0,100,30,0.05,NONE,222
6,70.0,100,30,0.05,NONE,228
6,70.0,100,30,0.05,NONE,228
6,70.0,100,30,0.05,NONE,228
6,70.0,100,30,0.05,NONE,228
6,70.0,100,30,0.05,NONE,228
6,70.0,100,30,0.05,NONE,228
6,70.0,100,30,0.05,NONE,228
6,70.0,100,30,0.05,NONE,228
6,70.0,100,30,0.05,NONE,228
6,70.0,100,30,0.05,NONE,228
6,70.0,100,30,0.05,NONE,228
6,70.0,100,30,0.05,NONE,228
6,70.0,100,30,0.05,NONE,222
6,70.0,100,30,0.05,NONE,228
6,70.0,100,30,0.05,NONE,222
6,70.0,100,30,0.05,NONE,228
6,70.0,100,30,0.05,NONE,222
6,70.0,100,30,0.05,NONE,228
6,70.0,100,30,0.05,NONE,222
6,70.0,100,30,0.05,NONE,228
6,70.0,100,30,0.05,NONE,222
6,70.0,100,30,0.05,NONE,228
6,70.0,100,30,0.05,NONE,222
6,70.0,100,30,0.05,NONE,228
6,70.0,100,30,0.05,NONE,222
6,70.0,100,30,0.05,NONE,216
6,70.0,100,30,0.05,NONE,210
6,70.0,100,30,0.05,NONE,204
6,70.0,100,30,0.05,NONE,210
6,70.0,100,30,0.05,NONE,204
6,70.0,100,30,0.05,NONE,198
6,70.0,100,30,0.05,NONE,192
6,70.0,100,30,0.05,NONE,186
6,70.0,100,30,0.05,NONE,186
6,70.0,100,30,0.05,NONE,186
6,70.0,100,30,0.05,NONE,186
6,70.0,100,30,0.05,NONE,180
6,70.0,100,30,0.05,NONE,174
6,70.0,100,30,0.05,NONE,168
6,70.0,100,30,0.05,NONE,162
6,70.0,100,30,0.05,NONE,156
6,70.0,100,30,0.05,NONE,150
6,70.0,100,30,0.05,NONE,150
6,70.0,100,30,0.05,NONE,150
6,70.0,100,30,0.05,NONE,150
6,71.0,101,30,0.05,NONE,150
6,71.0,101,30,0.05,NONE,144
6,71.0,101,30,0.05,NONE,138
6,71.0,101,30,0.05,NONE,138
6,71.0,101,30,0.05,NONE,138
6,71.0,101,30,0.05,NONE,138
6,71.0,101,30,0.05,NONE,138
6,71.0,101,30,0.05,NONE,138
6,71.0,101,30,0.05,NONE,138
6,71.0,101,30,0.05,NONE,138
6,71.0,101,30,0.05,NONE,138
6,71.0,101,30,0.05,NONE,138
6,71.0,101,30,0.05,NONE,138
6,71.0,101,30,0.05,NONE,138
6,71.0,101,30,0.05,NONE,144
6,71.0,101,30,0.05,NONE,150
6,71.0,101,30,0.05,NONE,156
6,71.0,101,30,0.05,NONE,156
6,71.0,101,30,0.05,NONE,150
6,71.0,101,30,0.05,NONE,156
6,71.0,101,30,0.05,NONE,150
6,71.0,101,30,0.05,NONE,156
6,71.0,101,30,0.05,NONE,150
6,71.0,101,30,0.05,NONE,156
6,71.0,101,30,0.05,NONE,150
6,71.0,101,30,0.05,NONE,156
6,71.0,101,30,0.05,NONE,150
6,71.0,101,30,0.05,NONE,156
6,71.0,101,30,0.05,NONE,150
6,71.0,101,30,0.05,NONE,156
6,71.0,101,30,0.05,NONE,150
6,71.0,101,30,0.05,NONE,156
6,71.0,101,30,0.05,NONE,150
6,71.0,101,30,0.05,NONE,156
6,71.0,101,30,0.05,NONE,150
6,71.0,101,30,0.05,NONE,156
6,71.0,101,30,0.05,NONE,150
6,71.0,101,30,0.05,NONE,156
6,71.0,101,30,0.05,NONE,150
6,71.0,101,30,0.05,NONE,150
6,71.0,101,30,0.05,NONE,156
6,71.0,101,30,0.05,NONE,150
6,71.0,101,30,0.05,NONE,150
6,71.0,101,30,0.05,NONE,150
6,71.0,101,30,0.05,NONE,150
6,71.0,101,30,0.05,NONE,144
6,71.0,101,30,0.05,NONE,138
6,71.0,101,30,0.05,NONE,138
6,71.0,101,30,0.05,NONE,138
6,71.0,101,30,0.05,NONE,138
6,71.0,101,30,0.05,NONE,144
6,71.0,101,30,0.05,NONE,150
6,71.0,101,30,0.05,NONE,150
6,71.0,101,30,0.05,NONE,150
6,71.0,101,30,0.05,NONE,156
6,71.0,101,30,0.05,NONE,162
6,71.0,101,30,0.05,NONE,168
6,71.0,101,30,0.05,NONE,168
6,71.0,101,30,0.05,NONE,168
6,71.0,101,30,0.05,NONE,168
6,71.0,101,30,0.05,NONE,174
6,71.0,101,30,0.05,NONE,180
6,71.0,101,30,0.05,NONE,186
6,71.0,101,30,0.05,NONE,192
6,71.0,101,30,0.05,NONE,198
6,71.0,101,30,0.05,NONE,204
6,71.0,101,30,0.05,NONE,210
6,71.0,101,30,0.05,NONE,216
6,71.0,101,30,0.05,NONE,222
6,71.0,101,30,0.05,NONE,228
6,71.0,101,30,0.05,NONE,228
6,71.0,101,30,0.05,NONE,222
6,71.0,101,30,0.05,NONE,228
6,71.0,101,30,0.05,NONE,228
6,71.0,101,30,0.05,NONE,228
6,71.0,101,30,0.05,NONE,222
6,71.0,101,30,0.05,NONE,228
6,71.0,101,30,0.05,NONE,228
6,71.0,101,30,0.05,NONE,228
6,71.0,101,30,0.05,NONE,228
6,71.0,101,30,0.05,NONE,234
6,71.0,101,30,0.05,NONE,240
6,71.0,101,30,0.05,NONE,246
6,71.0,101,30,0.05,NONE,252
6,71.0,101,30,0.05,NONE,258
6,71.0,101,30,0.05,NONE,264
6,71.0,101,30,0.05,NONE,264
6,71.0,101,30,0.05,NONE,258
6,71.0,101,30,0.05,NONE,264
6,71.0,101,30,0.05,NONE,264
6,71.0,101,30,0.05,NONE,264
6,71.0,101,30,0.05,NONE,270
6,71.0,101,30,0.05,NONE,276
6,71.0,101,30,0.05,NONE,282
6,71.0,101,30,0.05,NONE,276
6,71.0,101,30,0.05,NONE,270
6,71.0,101,30,0.05,NONE,264
6,71.0,101,30,0.05,NONE,258
6,71.0,101,30,0.05,NONE,258
6,71.0,101,30,0.05,NONE,258
6,71.0,101,30,0.05,NONE,258
6,71.0,101,30,0.05,NONE,258
6,71.0,101,30,0.05,NONE,258
6,71.0,101,30,0.05,NONE,252
6,71.0,101,30,0.05,NONE,258
6,71.0,101,30,0.05,NONE,252
6,71.0,101,30,0.05,NONE,246
6,71.0,101,30,0.05,NONE,240
6,71.0,101,30,0.05,NONE,234
6,71.0,101,30,0.05,NONE,228
6,71.0,101,30,0.05,NONE,222
6,71.0,101,30,0.05,NONE,216
6,71.0,101,30,0.05,NONE,210
6,71.0,101,30,0.05,NONE,210
6,71.0,101,30,0.05,NONE,210
6,71.0,101,30,0.05,NONE,210
6,71.0,101,30,0.05,NONE,210
6,71.0,101,30,0.05,NONE,204
6,71.0,101,30,0.05,NONE,198
6,71.0,101,30,0.05,NONE,204
6,71.0,101,30,0.05,NONE,210
6,71.0,101,30,0.05,NONE,216
6,71.0,101,30,0.05,NONE,210
6,71.0,101,30,0.05,NONE,204
6,71.0,101,30,0.05,NONE,198
6,71.0,101,30,0.05,NONE,204
6,71.0,101,30,0.05,NONE,210
6,71.0,101,30,0.05,NONE,216
6,71.0,101,30,0.05,NONE,222
6,71.0,101,30,0.05,NONE,216
6,71.0,101,30,0.05,NONE,210
6,71.0,101,30,0.05,NONE,204
6,71.0,101,30,0.05,NONE,198
6,71.0,101,30,0.05,NONE,192
6,71.0,101,30,0.05,NONE,186
6,71.0,101,30,0.05,NONE,180
6,71.0,101,30,0.05,NONE,174
6,71.0,101,30,0.05,NONE,168
6,71.0,101,30,0.05,NONE,162
6,71.0,101,30,0.05,NONE,156
6,71.0,101,30,0.05,NONE,150
6,71.0,101,30,0.05,NONE,144
6,71.0,101,30,0.05,NONE,138
6,71.0,101,30,0.05,NONE,132
6,71.0,101,30,0.05,NONE,138
6,71.0,101,30,0.05,NONE,132
6,71.0,101,30,0.05,NONE,126
6,71.0,101,30,0.05,NONE,120
6,71.0,101,30,0.05,NONE,114
6,71.0,101,30,0.05,NONE,108
6,71.0,101,30,0.05,NONE,102
6,71.0,101,30,0.05,NONE,96
6,71.0,101,30,0.05,NONE,90
6,71.0,101,30,0.05,NONE,84
6,71.0,101,30,0.05,NONE,78
6,71.0,101,30,0.05,NONE,72
6,71.0,101,30,0.05,NONE,66
6,71.0,101,30,0.05,NONE,60
6,71.0,101,30,0.05,NONE,54
6,71.0,101,30,0.05,NONE,48
6,71.0,101,30,0.05,NONE,42
6,71.0,101,30,0.05,NONE,36
6,71.0,101,30,0.05,NONE,30
6,71.0,101,30,0.05,NONE,30
6,71.0,101,30,0.05,NONE,24
6,71.0,101,30,0.05,NONE,18
6,71.0,101,30,0.05,NONE,12
6,71.0,101,30,0.05,NONE,6
6,71.0,101,30,0.05,NONE,0
6,71.0,101,30,0.05,NONE,0
6,71.0,101,30,0.05,NONE,0
6,71.0,101,30,0.05,NONE,0
6,71.0,101,30,0.05,NONE,0
6,71.0,101,30,0.05,NONE,0
6,71.0,101,30,0.05,NONE,0
6,71.0,101,30,0.05,NONE,0
6,71.0,101,30,0.05,NONE,0
6,71.0,101,30,0.05,NONE,0
6,71.0,101,30,0.05,NONE,0
6,71.0,101,30,0.05,NONE,0
6,71.0,101,30,0.05,NONE,0
6,71.0,101,30,0.05,NONE,0
6,71.0,101,30,0.05,NONE,0
6,71.0,101,30,0.05,NONE,0
6,71.0,101,30,0.05,NONE,0
6,71.0,101,30,0.05,NONE,0
6,71.0,101,30,0.05,NONE,0
6,71.0,101,30,0.05,NONE,0
6,71.0,101,30,0.05,NONE,0
6,71.0,101,30,0.05,NONE,0
6,71.0,101,30,0.05,NONE,0
6,71.0,101,30,0.05,NONE,0
6,71.0,101,30,0.05,NONE,0
6,71.0,101,30,0.05,NONE,0
6,71.0,101,30,0.05,NONE,0
6,71.0,101,30,0.05,NONE,0
6,71.0,101,30,0.05,NONE,0
6,71.0,101,30,0.05,NONE,0
6,71.0,101,30,0.05,NONE,0
6,71.0,101,30,0.05,NONE,0
6,71.0,101,30,0.05,NONE,0
6,71.0,101,30,0.05,NONE,0
6,71.0,101,30,0.05,NONE,0
6,71.0,101,30,0.05,NONE,0
6,71.0,101,30,0.05,NONE,0
6,71.0,101,30,0.05,NONE,0
6,71.0,101,30,0.05,NONE,0
6,71.0,101,30,0.05,NONE,0
6,71.0,101,30,0.05,NONE,0
6,71.0,101,30,0.05,NONE,0
6,71.0,101,30,0.05,NONE,0
6,71.0,101,30,0.05,NONE,0
6,71.0,101,30,0.05,NONE,0
6,71.0,101,30,0.05,NONE,0
6,71.0,101,30,0.05,NONE,0
6,71.0,101,30,0.05,NONE,0
6,71.0,101,30,0.05,NONE,6
6,71.0,101,30,0.05,NONE,12
6,71.0,101,30,0.05,NONE,6
6,71.0,101,30,0.05,NONE,12
6,71.0,101,30,0.05,NONE,12
6,71.0,101,30,0.05,NONE,12
6,71.0,101,30,0.05,NONE,12
6,71.0,101,30,0.05,NONE,6
6,71.0,101,30,0.05,NONE,12
6,71.0,101,30,0.05,NONE,6
6,71.0,101,30,0.05,NONE,6
6,71.0,101,30,0.05,NONE,12
6,71.0,101,30,0.05,NONE,6
6,71.0,101,30,0.05,NONE,12
6,71.0,101,30,0.05,NONE,6
6,71.0,101,30,0.05,NONE,6
6,71.0,101,30,0.05,NONE,6
6,71.0,101,30,0.05,NONE,12
6,71.0,101,30,0.05,NONE,6
6,71.0,101,30,0.05,NONE,0
6,71.0,101,30,0.05,NONE,0
6,71.0,101,30,0.05,NONE,6
6,71.0,101,30,0.05,NONE,12
6,71.0,101,30,0.05,NONE,6
6,71.0,101,30,0.05,NONE,12
6,71.0,101,30,0.05,NONE,12
6,71.0,101,30,0.05,NONE,12
6,71.0,101,30,0.05,NONE,12
6,71.0,101,30,0.05,NONE,12
6,71.0,101,30,0.05,NONE,12
6,71.0,101,30,0.05,NONE,12
6,71.0,101,30,0.05,NONE,18
6,71.0,101,30,0.05,NONE,24
6,71.0,101,30,0.05,NONE,30
6,71.0,101,30,0.05,NONE,36
6,71.0,101,30,0.05,NONE,42
6,71.0,101,30,0.05,NONE,42
6,71.0,101,30,0.05,NONE,36
6,71.0,101,30,0.05,NONE,30
6,71.0,101,30,0.05,NONE,24
6,71.0,101,30,0.05,NONE,30
6,71.0,101,30,0.05,NONE,24
6,71.0,101,30,0.05,NONE,18
6,71.0,101,30,0.05,NONE,24
6,71.0,101,30,0.05,NONE,30
6,71.0,101,30,0.05,NONE,36
6,71.0,101,30,0.05,NONE,42
6,71.0,101,30,0.05,NONE,48
6,71.0,101,30,0.05,NONE,54
6,71.0,101,30,0.05,NONE,60
6,71.0,101,30,0.05,NONE,66
6,71.0,101,30,0.05,NONE,72
6,71.0,101,30,0.05,NONE,78
6,71.0,101,30,0.05,NONE,84
6,71.0,101,30,0.05,NONE,90
6,71.0,101,30,0.05,NONE,96
6,71.0,101,30,0.05,NONE,102
6,71.0,101,30,0.05,NONE,108
6,71.0,101,30,0.05,NONE,108
6,71.0,101,30,0.05,NONE,108
6,71.0,101,30,0.05,NONE,108
6,71.0,101,30,0.05,NONE,114
6,71.0,101,30,0.05,NONE,120
6,71.0,101,30,0.05,NONE,120
6,71.0,101,30,0.05,NONE,120
6,71.0,101,30,0.05,NONE,120
6,71.0,101,30,0.05,NONE,126
6,71.0,101,30,0.05,NONE,132
6,71.0,101,30,0.05,NONE,138
6,71.0,101,30,0.05,NONE,138
6,71.0,101,30,0.05,NONE,138
6,71.0,101,30,0.05,NONE,138
6,71.0,101,30,0.05,NONE,144
6,71.0,101,30,0.05,NONE,138
6,71.0,101,30,0.05,NONE,144
6,71.0,101,30,0.05,NONE,150
6,71.0,101,30,0.05,NONE,150
6,71.0,101,30,0.05,NONE,150
6,71.0,101,30,0.05,NONE,150
6,71.0,101,30,0.05,NONE,156
6,71.0,101,30,0.05,NONE,150
6,71.0,101,30,0.05,NONE,156
6,71.0,101,30,0.05,NONE,156
6,71.0,101,30,0.05,NONE,156
6,71.0,101,30,0.05,NONE,156
6,71.0,101,30,0.05,NONE,156
6,71.0,101,30,0.05,NONE,162
6,71.0,101,30,0.05,NONE,168
6,71.0,101,30,0.05,NONE,174
6,71.0,101,30,0.05,NONE,174
6,71.0,101,30,0.05,NONE,174
6,71.0,101,30,0.05,NONE,174
6,71.0,101,30,0.05,NONE,180
6,71.0,101,30,0.05,NONE,186
6,71.0,101,30,0.05,NONE,192
6,71.0,101,30,0.05,NONE,198
6,71.0,101,30,0.05,NONE,204
6,71.0,101,30,0.05,NONE,210
6,71.0,101,30,0.05,NONE,216
6,71.0,101,30,0.05,NONE,222
6,71.0,101,30,0.05,NONE,228
6,71.0,101,30,0.05,NONE,228
6,71.0,101,30,0.05,NONE,228
6,71.0,101,30,0.05,NONE,228
6,71.0,101,30,0.05,NONE,228
6,71.0,101,30,0.05,NONE,222
6,71.0,101,30,0.05,NONE,228
6,71.0,101,30,0.05,NONE,222
6,71.0,101,30,0.05,NONE,222
6,71.0,101,30,0.05,NONE,222
6,71.0,101,30,0.05,NONE,216
6,71.0,101,30,0.05,NONE,222
6,71.0,101,30,0.05,NONE,228
6,71.0,101,30,0.05,NONE,222
6,71.0,101,30,0.05,NONE,222
6,71.0,101,30,0.05,NONE,222
6,71.0,101,30,0.05,NONE,222
6,71.0,101,30,0.05,NONE,222
6,71.0,101,30,0.05,NONE,228
6,71.0,101,30,0.05,NONE,228
6,71.0,101,30,0.05,NONE,228
6,71.0,101,30,0.05,NONE,228
6,71.0,101,30,0.05,NONE,228
6,71.0,101,30,0.05,NONE,228
6,71.0,101,30,0.05,NONE,228
6,71.0,101,30,0.05,NONE,234
6,71.0,101,30,0.05,NONE,240
6,71.0,101,30,0.05,NONE,246
6,71.0,101,30,0.05,NONE,246
6,71.0,101,30,0.05,NONE,246
6,71.0,101,30,0.05,NONE,246
6,71.0,101,30,0.05,NONE,252
6,71.0,101,30,0.05,NONE,258
6,71.0,101,30,0.05,NONE,264
6,71.0,101,30,0.05,NONE,270
6,71.0,101,30,0.05,NONE,276
6,71.0,101,30,0.05,NONE,282
6,71.0,101,30,0.05,NONE,288
6,71.0,101,30,0.05,NONE,294
6,71.0,101,30,0.05,NONE,300
6,71.0,101,30,0.05,NONE,300
6,71.0,101,30,0.05,NONE,300
6,71.0,101,30,0.05,NONE,300
6,71.0,101,30,0.05,NONE,300
6,71.0,101,30,0.05,NONE,306
6,71.0,101,30,0.05,NONE,306
6,71.0,101,30,0.05,NONE,300
6,71.0,101,30,0.05,NONE,294
6,71.0,101,30,0.05,NONE,300
6,71.0,101,30,0.05,NONE,294
6,71.0,101,30,0.05,NONE,300
6,71.0,101,30,0.05,NONE,294
6,71.0,101,30,0.05,NONE,294
6,71.0,101,30,0.05,NONE,294
6,71.0,101,30,0.05,NONE,294
6,71.0,101,30,0.05,NONE,294
6,71.0,101,30,0.05,NONE,294
6,71.0,101,30,0.05,NONE,300
6,71.0,101,30,0.05,NONE,306
6,71.0,101,30,0.05,NONE,312
6,71.0,101,30,0.05,NONE,312
6,71.0,101,30,0.05,NONE,312
6,71.0,101,30,0.05,NONE,318
6,71.0,101,30,0.05,NONE,324
6,71.0,101,30,0.05,NONE,330
6,71.0,101,30,0.05,NONE,336
6,71.0,101,30,0.05,NONE,342
6,71.0,101,30,0.05,NONE,348
6,71.0,101,30,0.05,NONE,354
6,71.0,101,30,0.05,NONE,348
6,71.0,101,30,0.05,NONE,342
6,71.0,101,30,0.05,NONE,336
6,71.0,101,30,0.05,NONE,330
6,71.0,101,30,0.05,NONE,324
6,71.0,101,30,0.05,NONE,318
6,71.0,101,30,0.05,NONE,312
6,71.0,101,30,0.05,NONE,306
6,71.0,101,30,0.05,NONE,300
6,71.0,101,30,0.05,NONE,294
6,71.0,101,30,0.05,NONE,294
6,71.0,101,30,0.05,NONE,288
6,71.0,101,30,0.05,NONE,282
6,71.0,101,30,0.05,NONE,276
6,71.0,101,30,0.05,NONE,270
6,71.0,101,30,0.05,NONE,264
6,71.0,101,30,0.05,NONE,258
6,71.0,101,30,0.05,NONE,252
6,71.0,101,30,0.05,NONE,246
6,71.0,101,30,0.05,NONE,240
6,71.0,101,30,0.05,NONE,234
6,71.0,101,30,0.05,NONE,228
6,71.0,101,30,0.05,NONE,222
6,71.0,101,30,0.05,NONE,216
6,71.0,101,30,0.05,NONE,210
6,71.0,101,30,0.05,NONE,204
6,71.0,101,30,0.05,NONE,198
6,71.0,101,30,0.05,NONE,192
6,71.0,101,30,0.05,NONE,186
6,71.0,101,30,0.05,NONE,180
6,71.0,101,30,0.05,NONE,180
6,71.0,101,30,0.05,NONE,174
6,71.0,101,30,0.05,NONE,168
6,71.0,101,30,0.05,NONE,162
6,71.0,101,30,0.05,NONE,156
6,71.0,101,30,0.05,NONE,150
6,71.0,101,30,0.05,NONE,150
6,71.0,101,30,0.05,NONE,150
6,71.0,101,30,0.05,NONE,150
6,71.0,101,30,0.05,NONE,150
6,71.0,101,30,0.05,NONE,150
6,71.0,101,30,0.05,NONE,150
6,71.0,101,30,0.05,NONE,150
6,71.0,101,30,0.05,NONE,150
6,71.0,101,30,0.05,NONE,150
6,71.0,101,30,0.05,NONE,150
6,71.0,101,30,0.05,NONE,150
6,71.0,101,30,0.05,NONE,156
6,71.0,101,30,0.05,NONE,150
6,71.0,101,30,0.05,NONE,156
6,71.0,101,30,0.05,NONE,150
6,71.0,101,30,0.05,NONE,156
6,71.0,101,30,0.05,NONE,150
6,71.0,101,30,0.05,NONE,156
6,71.0,101,30,0.05,NONE,150
6,71.0,101,30,0.05,NONE,156
6,71.0,101,30,0.05,NONE,150
6,71.0,101,30,0.05,NONE,156
6,71.0,101,30,0.05,NONE,150
6,71.0,101,30,0.05,NONE,144
6,71.0,101,30,0.05,NONE,138
6,71.0,101,30,0.05,NONE,132
6,71.0,101,30,0.05,NONE,126
6,71.0,101,30,0.05,NONE,120
6,71.0,101,30,0.05,NONE,114
6,71.0,101,30,0.05,NONE,108
6,71.0,101,30,0.05,NONE,102
6,71.0,101,30,0.05,NONE,96
6,71.0,101,30,0.05,NONE,90
6,71.0,101,30,0.05,NONE,84
6,71.0,101,30,0.05,NONE,78
6,71.0,101,30,0.05,NONE,84
6,71.0,101,30,0.05,NONE,90
6,71.0,101,30,0.05,NONE,96
6,71.0,101,30,0.05,NONE,102
6,71.0,101,30,0.05,NONE,96
6,71.0,101,30,0.05,NONE,90
6,71.0,101,30,0.05,NONE,84
6,71.0,101,30,0.05,NONE,78
6,71.0,101,30,0.05,NONE,84
6,71.0,101,30,0.05,NONE,78
6,71.0,101,30,0.05,NONE,84
6,71.0,101,30,0.05,NONE,78
6,71.0,101,30,0.05,NONE,84
6,71.0,101,30,0.05,NONE,78
6,71.0,101,30,0.05,NONE,84
6,71.0,101,30,0.05,NONE,84
6,71.0,101,30,0.05,NONE,78
6,71.0,101,30,0.05,NONE,84
6,71.0,101,30,0.05,NONE,78
6,71.0,101,30,0.05,NONE,84
6,71.0,101,30,0.05,NONE,78
6,71.0,101,30,0.05,NONE,84
6,71.0,101,30,0.05,NONE,78
6,71.0,101,30,0.05,NONE,84
6,71.0,101,30,0.05,NONE,84
6,71.0,101,30,0.05,NONE,84
6,71.0,101,30,0.05,NONE,84
6,71.0,101,30,0.05,NONE,90
6,71.0,101,30,0.05,NONE,96
6,71.0,101,30,0.05,NONE,102
6,71.0,101,30,0.05,NONE,102
6,71.0,101,30,0.05,NONE,102
6,71.0,101,30,0.05,NONE,102
6,71.0,101,30,0.05,NONE,108
6,71.0,101,30,0.05,NONE,114
6,71.0,101,30,0.05,NONE,120
6,71.0,101,30,0.05,NONE,126
6,71.0,101,30,0.05,NONE,132
6,71.0,101,30,0.05,NONE,138
6,71.0,101,30,0.05,NONE,144
6,71.0,101,30,0.05,NONE,150
6,71.0,101,30,0.05,NONE,156
6,71.0,101,30,0.05,NONE,162
6,71.0,101,30,0.05,NONE,168
6,71.0,101,30,0.05,NONE,174
6,71.0,101,30,0.05,NONE,180
6,71.0,101,30,0.05,NONE,186
6,71.0,101,30,0.05,NONE,180
6,71.0,101,30,0.05,NONE,174
6,71.0,101,30,0.05,NONE,168
6,71.0,101,30,0.05,NONE,162
6,71.0,101,30,0.05,NONE,168
6,71.0,101,30,0.05,NONE,174
6,71.0,101,30,0.05,NONE,180
6,71.0,101,30,0.05,NONE,174
6,71.0,101,30,0.05,NONE,180
6,71.0,101,30,0.05,NONE,186
6,71.0,101,30,0.05,NONE,186
6,71.0,101,30,0.05,NONE,186
6,71.0,101,30,0.05,NONE,186
6,71.0,101,30,0.05,NONE,192
6,71.0,101,30,0.05,NONE,198
6,71.0,101,30,0.05,NONE,192
6,71.0,101,30,0.05,NONE,198
6,71.0,101,30,0.05,NONE,204
6,71.0,101,30,0.05,NONE,210
6,71.0,101,30,0.05,NONE,210
6,71.0,101,30,0.05,NONE,204
6,71.0,101,30,0.05,NONE,198
6,71.0,101,30,0.05,NONE,192
6,71.0,101,30,0.05,NONE,186
6,71.0,101,30,0.05,NONE,186
6,71.0,101,30,0.05,NONE,186
6,71.0,101,30,0.05,NONE,192
6,71.0,101,30,0.05,NONE,192
6,71.0,101,30,0.05,NONE,198
6,71.0,101,30,0.05,NONE,204
6,71.0,101,30,0.05,NONE,210
6,71.0,101,30,0.05,NONE,210
6,71.0,101,30,0.05,NONE,216
6,71.0,101,30,0.05,NONE,222
6,71.0,101,30,0.05,NONE,228
6,71.0,101,30,0.05,NONE,234
6,71.0,101,30,0.05,NONE,234
6,71.0,101,30,0.05,NONE,234
6,71.0,101,30,0.05,NONE,234
6,71.0,101,30,0.05,NONE,234
6,71.0,101,30,0.05,NONE,234
6,71.0,101,30,0.05,NONE,234
6,71.0,101,30,0.05,NONE,234
6,71.0,101,30,0.05,NONE,234
6,71.0,101,30,0.05,NONE,240
6,71.0,101,30,0.05,NONE,246
6,71.0,101,30,0.05,NONE,246
6,71.0,101,30,0.05,NONE,252
6,71.0,101,30,0.05,NONE,258
6,71.0,101,30,0.05,NONE,252
6,71.0,101,30,0.05,NONE,246
6,71.0,101,30,0.05,NONE,240
6,71.0,101,30,0.05,NONE,246
6,71.0,101,30,0.05,NONE,252
6,71.0,101,30,0.05,NONE,258
6,71.0,101,30,0.05,NONE,252
6,71.0,101,30,0.05,NONE,246
6,71.0,101,30,0.05,NONE,240
6,71.0,101,30,0.05,NONE,240
6,71.0,101,30,0.05,NONE,240
6,71.0,101,30,0.05,NONE,234
6,71.0,101,30,0.05,NONE,228
6,71.0,101,30,0.05,NONE,222
6,71.0,101,30,0.05,NONE,216
6,71.0,101,30,0.05,NONE,210
6,71.0,101,30,0.05,NONE,210
6,71.0,101,30,0.05,NONE,210
6,71.0,101,30,0.05,NONE,216
6,71.0,101,30,0.05,NONE,222
6,71.0,101,30,0.05,NONE,228
6,71.0,101,30,0.05,NONE,222
6,71.0,101,30,0.05,NONE,228
6,71.0,101,30,0.05,NONE,234
6,71.0,101,30,0.05,NONE,240
6,71.0,101,30,0.05,NONE,246
6,71.0,101,30,0.05,NONE,252
6,71.0,101,30,0.05,NONE,246
6,71.0,101,30,0.05,NONE,252
6,71.0,101,30,0.05,NONE,246
6,71.0,101,30,0.05,NONE,252
6,71.0,101,30,0.05,NONE,258
6,71.0,101,30,0.05,NONE,264
6,71.0,101,30,0.05,NONE,264
6,71.0,101,30,0.05,NONE,264
6,71.0,101,30,0.05,NONE,270
6,72.0,102,30,0.05,NONE,276
6,72.0,102,30,0.05,NONE,270
6,72.0,102,30,0.05,NONE,264
6,72.0,102,30,0.05,NONE,258
6,72.0,102,30,0.05,NONE,252
6,72.0,102,30,0.05,NONE,246
6,72.0,102,30,0.05,NONE,240
6,72.0,102,30,0.05,NONE,234
6,72.0,102,30,0.05,NONE,228
6,72.0,102,30,0.05,NONE,222
6,72.0,102,30,0.05,NONE,216
6,72.0,102,30,0.05,NONE,216
6,72.0,102,30,0.05,NONE,210
6,72.0,102,30,0.05,NONE,204
6,72.0,102,30,0.05,NONE,198
6,72.0,102,30,0.05,NONE,192
6,72.0,102,30,0.05,NONE,186
6,72.0,102,30,0.05,NONE,180
6,72.0,102,30,0.05,NONE,174
6,72.0,102,30,0.05,NONE,168
6,72.0,102,30,0.05,NONE,162
6,72.0,102,30,0.05,NONE,156
6,72.0,102,30,0.05,NONE,150
6,72.0,102,30,0.05,NONE,144
6,72.0,102,30,0.05,NONE,138
6,72.0,102,30,0.05,NONE,132
6,72.0,102,30,0.05,NONE,126
6,72.0,102,30,0.05,NONE,120
6,72.0,102,30,0.05,NONE,114
6,72.0,102,30,0.05,NONE,108
6,72.0,102,30,0.05,NONE,102
6,72.0,102,30,0.05,NONE,96
6,72.0,102,30,0.05,NONE,90
6,72.0,102,30,0.05,NONE,84
6,72.0,102,30,0.05,NONE,78
6,72.0,102,30,0.05,NONE,72
6,72.0,102,30,0.05,NONE,66
6,72.0,102,30,0.05,NONE,60
6,72.0,102,30,0.05,NONE,54
6,72.0,102,30,0.05,NONE,48
6,72.0,102,30,0.05,NONE,42
6,72.0,102,30,0.05,NONE,36
6,72.0,102,30,0.05,NONE,42
6,72.0,102,30,0.05,NONE,48
6,72.0,102,30,0.05,NONE,48
6,72.0,102,30,0.05,NONE,42
6,72.0,102,30,0.05,NONE,48
6,72.0,102,30,0.05,NONE,48
6,72.0,102,30,0.05,NONE,48
6,72.0,102,30,0.05,NONE,48
6,72.0,102,30,0.05,NONE,54
6,72.0,102,30,0.05,NONE,60
6,72.0,102,30,0.05,NONE,66
6,72.0,102,30,0.05,NONE,72
6,72.0,102,30,0.05,NONE,66
6,72.0,102,30,0.05,NONE,72
6,72.0,102,30,0.05,NONE,66
6,72.0,102,30,0.05,NONE,60
6,72.0,102,30,0.05,NONE,54
6,72.0,102,30,0.05,NONE,48
6,72.0,102,30,0.05,NONE,42
6,72.0,102,30,0.05,NONE,48
6,72.0,102,30,0.05,NONE,48
6,72.0,102,30,0.05,NONE,48
6,72.0,102,30,0.05,NONE,54
6,72.0,102,30,0.05,NONE,60
6,72.0,102,30,0.05,NONE,54
6,72.0,102,30,0.05,NONE,48
6,72.0,102,30,0.05,NONE,42
6,72.0,102,30,0.05,NONE,48
6,72.0,102,30,0.05,NONE,48
6,72.0,102,30,0.05,NONE,48
6,72.0,102,30,0.05,NONE,48
6,72.0,102,30,0.05,NONE,48
6,72.0,102,30,0.05,NONE,54
6,72.0,102,30,0.05,NONE,60
6,72.0,102,30,0.05,NONE,66
6,72.0,102,30,0.05,NONE,66
6,72.0,102,30,0.05,NONE,66
6,72.0,102,30,0.05,NONE,72
6,72.0,102,30,0.05,NONE,78
6,72.0,102,30,0.05,NONE,84
6,72.0,102,30,0.05,NONE,78
6,72.0,102,30,0.05,NONE,78
6,72.0,102,30,0.05,NONE,78
6,72.0,102,30,0.05,NONE,84
6,72.0,102,30,0.05,NONE,84
6,72.0,102,30,0.05,NONE,84
6,72.0,102,30,0.05,NONE,84
6,72.0,102,30,0.05,NONE,84
6,72.0,102,30,0.05,NONE,84
6,72.0,102,30,0.05,NONE,84
6,72.0,102,30,0.05,NONE,84
6,72.0,102,30,0.05,NONE,84
6,72.0,102,30,0.05,NONE,78
6,72.0,102,30,0.05,NONE,84
6,72.0,102,30,0.05,NONE,84
6,72.0,102,30,0.05,NONE,84
6,72.0,102,30,0.05,NONE,84
6,72.0,102,30,0.05,NONE,84
6,72.0,102,30,0.05,NONE,84
6,72.0,102,30,0.05,NONE,90
6,72.0,102,30,0.05,NONE,96
6,72.0,102,30,0.05,NONE,102
6,72.0,102,30,0.05,NONE,102
6,72.0,102,30,0.05,NONE,102
6,72.0,102,30,0.05,NONE,102
6,72.0,102,30,0.05,NONE,102
6,72.0,102,30,0.05,NONE,108
6,72.0,102,30,0.05,NONE,114
6,72.0,102,30,0.05,NONE,114
6,72.0,102,30,0.05,NONE,114
6,72.0,102,30,0.05,NONE,120
6,72.0,102,30,0.05,NONE,120
6,72.0,102,30,0.05,NONE,120
6,72.0,102,30,0.05,NONE,120
6,72.0,102,30,0.05,NONE,120
6,72.0,102,30,0.05,NONE,120
6,72.0,102,30,0.05,NONE,120
6,72.0,102,30,0.05,NONE,120
6,72.0,102,30,0.05,NONE,120
6,72.0,102,30,0.05,NONE,120
6,72.0,102,30,0.05,NONE,126
6,72.0,102,30,0.05,NONE,132
6,72.0,102,30,0.05,NONE,126
6,72.0,102,30,0.05,NONE,126
6,72.0,102,30,0.05,NONE,126
6,72.0,102,30,0.05,NONE,126
6,72.0,102,30,0.05,NONE,126
6,72.0,102,30,0.05,NONE,132
6,72.0,102,30,0.05,NONE,138
6,72.0,102,30,0.05,NONE,144
6,72.0,102,30,0.05,NONE,144
6,72.0,102,30,0.05,NONE,144
6,72.0,102,30,0.05,NONE,144
6,72.0,102,30,0.05,NONE,144
6,72.0,102,30,0.05,NONE,144
6,72.0,102,30,0.05,NONE,144
6,72.0,102,30,0.05,NONE,144
6,72.0,102,30,0.05,NONE,144
6,72.0,102,30,0.05,NONE,144
6,72.0,102,30,0.05,NONE,144
6,72.0,102,30,0.05,NONE,150
6,72.0,102,30,0.05,NONE,156
6,72.0,102,30,0.05,NONE,162
6,72.0,102,30,0.05,NONE,168
6,72.0,102,30,0.05,NONE,174
6,72.0,102,30,0.05,NONE,180
6,72.0,102,30,0.05,NONE,180
6,72.0,102,30,0.05,NONE,180
6,72.0,102,30,0.05,NONE,180
6,72.0,102,30,0.05,NONE,186
6,72.0,102,30,0.05,NONE,192
6,72.0,102,30,0.05,NONE,192
6,72.0,102,30,0.05,NONE,192
6,72.0,102,30,0.05,NONE,198
6,72.0,102,30,0.05,NONE,204
6,72.0,102,30,0.05,NONE,210
6,72.0,102,30,0.05,NONE,210
6,72.0,102,30,0.05,NONE,210
6,72.0,102,30,0.05,NONE,210
6,72.0,102,30,0.05,NONE,210
6,72.0,102,30,0.05,NONE,210
6,72.0,102,30,0.05,NONE,210
6,72.0,102,30,0.05,NONE,210
6,72.0,102,30,0.05,NONE,216
6,72.0,102,30,0.05,NONE,222
6,72.0,102,30,0.05,NONE,228
6,72.0,102,30,0.05,NONE,222
6,72.0,102,30,0.05,NONE,216
6,72.0,102,30,0.05,NONE,216
6,72.0,102,30,0.05,NONE,210
6,72.0,102,30,0.05,NONE,204
6,72.0,102,30,0.05,NONE,198
6,72.0,102,30,0.05,NONE,192
6,72.0,102,30,0.05,NONE,186
6,72.0,102,30,0.05,NONE,180
6,72.0,102,30,0.05,NONE,174
6,72.0,102,30,0.05,NONE,168
6,72.0,102,30,0.05,NONE,168
6,72.0,102,30,0.05,NONE,162
6,72.0,102,30,0.05,NONE,168
6,72.0,102,30,0.05,NONE,174
6,72.0,102,30,0.05,NONE,174
6,72.0,102,30,0.05,NONE,168
6,72.0,102,30,0.05,NONE,168
6,72.0,102,30,0.05,NONE,168
6,72.0,102,30,0.05,NONE,168
6,72.0,102,30,0.05,NONE,168
6,72.0,102,30,0.05,NONE,174
6,72.0,102,30,0.05,NONE,180
6,72.0,102,30,0.05,NONE,174
6,72.0,102,30,0.05,NONE,168
6,72.0,102,30,0.05,NONE,162
6,72.0,102,30,0.05,NONE,156
6,72.0,102,30,0.05,NONE,150
6,72.0,102,30,0.05,NONE,144
6,72.0,102,30,0.05,NONE,138
6,72.0,102,30,0.05,NONE,132
6,72.0,102,30,0.05,NONE,126
6,72.0,102,30,0.05,NONE,120
6,72.0,102,30,0.05,NONE,114
6,72.0,102,30,0.05,NONE,108
6,72.0,102,30,0.05,NONE,102
6,72.0,102,30,0.05,NONE,102
6,72.0,102,30,0.05,NONE,96
6,72.0,102,30,0.05,NONE,90
6,72.0,102,30,0.05,NONE,84
6,72.0,102,30,0.05,NONE,78
6,72.0,102,30,0.05,NONE,72
6,72.0,102,30,0.05,NONE,66
6,72.0,102,30,0.05,NONE,60
6,72.0,102,30,0.05,NONE,54
6,72.0,102,30,0.05,NONE,48
6,72.0,102,30,0.05,NONE,42
6,72.0,102,30,0.05,NONE,36
6,72.0,102,30,0.05,NONE,30
6,72.0,102,30,0.05,NONE,24
6,72.0,102,30,0.05,NONE,18
6,72.0,102,30,0.05,NONE,12
6,72.0,102,30,0.05,NONE,6
6,72.0,102,30,0.05,NONE,0
6,72.0,102,30,0.05,NONE,0
6,72.0,102,30,0.05,NONE,0
6,72.0,102,30,0.05,NONE,0
6,72.0,102,30,0.05,NONE,0
6,72.0,102,30,0.05,NONE,0
6,72.0,102,30,0.05,NONE,0
6,72.0,102,30,0.05,NONE,0
6,72.0,102,30,0.05,NONE,0
6,72.0,102,30,0.05,NONE,0
6,72.0,102,30,0.05,NONE,0
6,72.0,102,30,0.05,NONE,0
6,72.0,102,30,0.05,NONE,0
6,72.0,102,30,0.05,NONE,0
6,72.0,102,30,0.05,NONE,0
6,72.0,102,30,0.05,NONE,0
6,72.0,102,30,0.05,NONE,0
6,72.0,102,30,0.05,NONE,0
6,72.0,102,30,0.05,NONE,0
6,72.0,102,30,0.05,NONE,0
6,72.0,102,30,0.05,NONE,0
6,72.0,102,30,0.05,NONE,0
6,72.0,102,30,0.05,NONE,0
6,72.0,102,30,0.05,NONE,0
6,72.0,102,30,0.05,NONE,0
6,72.0,102,30,0.05,NONE,0
6,72.0,102,30,0.05,NONE,0
6,72.0,102,30,0.05,NONE,0
6,72.0,102,30,0.05,NONE,0
6,72.0,102,30,0.05,NONE,0
6,72.0,102,30,0.05,NONE,0
6,72.0,102,30,0.05,NONE,0
6,72.0,102,30,0.05,NONE,0
6,72.0,102,30,0.05,NONE,0
6,72.0,102,30,0.05,NONE,0
6,72.0,102,30,0.05,NONE,0
6,72.0,102,30,0.05,NONE,0
6,72.0,102,30,0.05,NONE,0
6,72.0,102,30,0.05,NONE,0
6,72.0,102,30,0.05,NONE,6
6,72.0,102,30,0.05,NONE,0
6,72.0,102,30,0.05,NONE,0
6,72.0,102,30,0.05,NONE,0
6,72.0,102,30,0.05,NONE,0
6,72.0,102,30,0.05,NONE,0
6,72.0,102,30,0.05,NONE,0
6,72.0,102,30,0.05,NONE,0
6,72.0,102,30,0.05,NONE,0
6,72.0,102,30,0.05,NONE,0
6,72.0,102,30,0.05,NONE,0
6,72.0,102,30,0.05,NONE,0
6,72.0,102,30,0.05,NONE,0
6,72.0,102,30,0.05,NONE,0
6,72.0,102,30,0.05,NONE,0
6,72.0,102,30,0.05,NONE,0
6,72.0,102,30,0.05,NONE,0
6,72.0,102,30,0.05,NONE,0
6,72.0,102,30,0.05,NONE,0
6,72.0,102,30,0.05,NONE,0
6,72.0,102,30,0.05,NONE,0
6,72.0,102,30,0.05,NONE,0
6,72.0,102,30,0.05,NONE,0
6,72.0,102,30,0.05,NONE,0
6,72.0,102,30,0.05,NONE,0
6,72.0,102,30,0.05,NONE,0
6,72.0,102,30,0.05,NONE,0
6,72.0,102,30,0.05,NONE,0
6,72.0,102,30,0.05,NONE,0
6,72.0,102,30,0.05,NONE,6
6,72.0,102,30,0.05,NONE,12
6,72.0,102,30,0.05,NONE,6
6,72.0,102,30,0.05,NONE,12
6,72.0,102,30,0.05,NONE,12
6,72.0,102,30,0.05,NONE,12
6,72.0,102,30,0.05,NONE,6
6,72.0,102,30,0.05,NONE,6
6,72.0,102,30,0.05,NONE,6
6,72.0,102,30,0.05,NONE,6
6,72.0,102,30,0.05,NONE,6
6,72.0,102,30,0.05,NONE,6
6,72.0,102,30,0.05,NONE,6
6,72.0,102,30,0.05,NONE,0
6,72.0,102,30,0.05,NONE,0
6,72.0,102,30,0.05,NONE,6
6,72.0,102,30,0.05,NONE,12
6,72.0,102,30,0.05,NONE,6
6,72.0,102,30,0.05,NONE,12
6,72.0,102,30,0.05,NONE,12
6,72.0,102,30,0.05,NONE,12
6,72.0,102,30,0.05,NONE,18
6,72.0,102,30,0.05,NONE,24
6,72.0,102,30,0.05,NONE,30
6,72.0,102,30,0.05,NONE,36
6,72.0,102,30,0.05,NONE,42
6,72.0,102,30,0.05,NONE,48
6,72.0,102,30,0.05,NONE,54
6,72.0,102,30,0.05,NONE,60
6,72.0,102,30,0.05,NONE,66
6,72.0,102,30,0.05,NONE,72
6,72.0,102,30,0.05,NONE,78
6,72.0,102,30,0.05,NONE,84
6,72.0,102,30,0.05,NONE,90
6,72.0,102,30,0.05,NONE,96
6,72.0,102,30,0.05,NONE,102
6,72.0,102,30,0.05,NONE,108
6,72.0,102,30,0.05,NONE,102
6,72.0,102,30,0.05,NONE,108
6,72.0,102,30,0.05,NONE,114
6,72.0,102,30,0.05,NONE,120
6,72.0,102,30,0.05,NONE,126
6,72.0,102,30,0.05,NONE,132
6,72.0,102,30,0.05,NONE,138
6,72.0,102,30,0.05,NONE,144
6,72.0,102,30,0.05,NONE,150
6,72.0,102,30,0.05,NONE,156
6,72.0,102,30,0.05,NONE,162
6,72.0,102,30,0.05,NONE,168
6,72.0,102,30,0.05,NONE,174
6,72.0,102,30,0.05,NONE,180
6,72.0,102,30,0.05,NONE,186
6,72.0,102,30,0.05,NONE,192
6,72.0,102,30,0.05,NONE,192
6,72.0,102,30,0.05,NONE,192
6,72.0,102,30,0.05,NONE,192
6,72.0,102,30,0.05,NONE,198
6,72.0,102,30,0.05,NONE,204
6,72.0,102,30,0.05,NONE,210
6,72.0,102,30,0.05,NONE,210
6,72.0,102,30,0.05,NONE,210
6,72.0,102,30,0.05,NONE,210
6,72.0,102,30,0.05,NONE,216
6,72.0,102,30,0.05,NONE,222
6,72.0,102,30,0.05,NONE,228
6,72.0,102,30,0.05,NONE,222
6,72.0,102,30,0.05,NONE,228
6,72.0,102,30,0.05,NONE,228
6,72.0,102,30,0.05,NONE,234
6,72.0,102,30,0.05,NONE,228
6,72.0,102,30,0.05,NONE,228
6,72.0,102,30,0.05,NONE,228
6,72.0,102,30,0.05,NONE,234
6,72.0,102,30,0.05,NONE,240
6,72.0,102,30,0.05,NONE,246
6,72.0,102,30,0.05,NONE,246
6,72.0,102,30,0.05,NONE,240
6,72.0,102,30,0.05,NONE,234
6,72.0,102,30,0.05,NONE,228
6,72.0,102,30,0.05,NONE,222
6,72.0,102,30,0.05,NONE,228
6,72.0,102,30,0.05,NONE,234
6,72.0,102,30,0.05,NONE,240
6,72.0,102,30,0.05,NONE,240
6,72.0,102,30,0.05,NONE,240
6,72.0,102,30,0.05,NONE,240
6,72.0,102,30,0.05,NONE,240
6,72.0,102,30,0.05,NONE,240
6,72.0,102,30,0.05,NONE,234
6,72.0,102,30,0.05,NONE,228
6,72.0,102,30,0.05,NONE,222
6,72.0,102,30,0.05,NONE,228
6,72.0,102,30,0.05,NONE,222
6,72.0,102,30,0.05,NONE,216
6,72.0,102,30,0.05,NONE,210
6,72.0,102,30,0.05,NONE,204
6,72.0,102,30,0.05,NONE,198
6,72.0,102,30,0.05,NONE,192
6,72.0,102,30,0.05,NONE,186
6,72.0,102,30,0.05,NONE,192
6,72.0,102,30,0.05,NONE,192
6,72.0,102,30,0.05,NONE,192
6,72.0,102,30,0.05,NONE,186
6,72.0,102,30,0.05,NONE,186
6,72.0,102,30,0.05,NONE,186
6,72.0,102,30,0.05,NONE,180
6,72.0,102,30,0.05,NONE,174
6,72.0,102,30,0.05,NONE,168
6,72.0,102,30,0.05,NONE,162
6,72.0,102,30,0.05,NONE,162
6,72.0,102,30,0.05,NONE,162
6,72.0,102,30,0.05,NONE,156
6,72.0,102,30,0.05,NONE,150
6,72.0,102,30,0.05,NONE,144
6,72.0,102,30,0.05,NONE,138
6,72.0,102,30,0.05,NONE,132
6,72.0,102,30,0.05,NONE,126
6,72.0,102,30,0.05,NONE,120
6,72.0,102,30,0.05,NONE,114
6,72.0,102,30,0.05,NONE,120
6,72.0,102,30,0.05,NONE,114
6,72.0,102,30,0.05,NONE,120
6,72.0,102,30,0.05,NONE,114
6,72.0,102,30,0.05,NONE,108
6,72.0,102,30,0.05,NONE,102
6,72.0,102,30,0.05,NONE,102
6,72.0,102,30,0.05,NONE,102
6,72.0,102,30,0.05,NONE,102
6,72.0,102,30,0.05,NONE,96
6,72.0,102,30,0.05,NONE,96
6,72.0,102,30,0.05,NONE,96
6,72.0,102,30,0.05,NONE,96
6,72.0,102,30,0.05,NONE,90
6,72.0,102,30,0.05,NONE,84
6,72.0,102,30,0.05,NONE,78
6,72.0,102,30,0.05,NONE,84
6,72.0,102,30,0.05,NONE,90
6,72.0,102,30,0.05,NONE,96
6,72.0,102,30,0.05,NONE,102
6,72.0,102,30,0.05,NONE,108
6,72.0,102,30,0.05,NONE,114
6,72.0,102,30,0.05,NONE,120
6,72.0,102,30,0.05,NONE,126
6,72.0,102,30,0.05,NONE,132
6,72.0,102,30,0.05,NONE,138
6,72.0,102,30,0.05,NONE,144
6,72.0,102,30,0.05,NONE,150
6,72.0,102,30,0.05,NONE,150
6,72.0,102,30,0.05,NONE,150
6,72.0,102,30,0.05,NONE,150
6,72.0,102,30,0.05,NONE,156
6,72.0,102,30,0.05,NONE,162
6,72.0,102,30,0.05,NONE,168
6,72.0,102,30,0.05,NONE,174
6,72.0,102,30,0.05,NONE,174
6,72.0,102,30,0.05,NONE,174
6,72.0,102,30,0.05,NONE,174
6,72.0,102,30,0.05,NONE,180
6,72.0,102,30,0.05,NONE,186
6,72.0,102,30,0.05,NONE,186
6,72.0,102,30,0.05,NONE,186
6,72.0,102,30,0.05,NONE,192
6,72.0,102,30,0.05,NONE,192
6,72.0,102,30,0.05,NONE,192
6,72.0,102,30,0.05,NONE,198
6,72.0,102,30,0.05,NONE,204
6,72.0,102,30,0.05,NONE,210
6,72.0,102,30,0.05,NONE,210
6,72.0,102,30,0.05,NONE,210
6,72.0,102,30,0.05,NONE,204
6,72.0,102,30,0.05,NONE,210
6,72.0,102,30,0.05,NONE,216
6,72.0,102,30,0.05,NONE,222
6,72.0,102,30,0.05,NONE,228
6,72.0,102,30,0.05,NONE,228
6,72.0,102,30,0.05,NONE,234
6,72.0,102,30,0.05,NONE,240
6,72.0,102,30,0.05,NONE,246
6,72.0,102,30,0.05,NONE,246
6,72.0,102,30,0.05,NONE,246
6,72.0,102,30,0.05,NONE,252
6,72.0,102,30,0.05,NONE,258
6,72.0,102,30,0.05,NONE,258
6,72.0,102,30,0.05,NONE,258
6,72.0,102,30,0.05,NONE,258
6,72.0,102,30,0.05,NONE,264
6,72.0,102,30,0.05,NONE,270
6,72.0,102,30,0.05,NONE,276
6,72.0,102,30,0.05,NONE,276
6,72.0,102,30,0.05,NONE,276
6,72.0,102,30,0.05,NONE,282
6,72.0,102,30,0.05,NONE,288
6,72.0,102,30,0.05,NONE,288
6,72.0,102,30,0.05,NONE,288
6,72.0,102,30,0.05,NONE,282
6,72.0,102,30,0.05,NONE,276
6,72.0,102,30,0.05,NONE,270
6,72.0,102,30,0.05,NONE,264
6,72.0,102,30,0.05,NONE,258
6,72.0,102,30,0.05,NONE,252
6,72.0,102,30,0.05,NONE,246
6,72.0,102,30,0.05,NONE,240
6,72.0,102,30,0.05,NONE,234
6,72.0,102,30,0.05,NONE,240
6,72.0,102,30,0.05,NONE,234
6,72.0,102,30,0.05,NONE,228
6,72.0,102,30,0.05,NONE,228
6,72.0,102,30,0.05,NONE,228
6,72.0,102,30,0.05,NONE,228
6,72.0,102,30,0.05,NONE,234
6,72.0,102,30,0.05,NONE,240
6,72.0,102,30,0.05,NONE,246
6,72.0,102,30,0.05,NONE,246
6,72.0,102,30,0.05,NONE,246
6,72.0,102,30,0.05,NONE,246
6,72.0,102,30,0.05,NONE,246
6,72.0,102,30,0.05,NONE,252
6,72.0,102,30,0.05,NONE,258
6,72.0,102,30,0.05,NONE,258
6,72.0,102,30,0.05,NONE,258
6,72.0,102,30,0.05,NONE,264
6,72.0,102,30,0.05,NONE,264
6,72.0,102,30,0.05,NONE,264
6,72.0,102,30,0.05,NONE,258
6,72.0,102,30,0.05,NONE,252
6,72.0,102,30,0.05,NONE,246
6,72.0,102,30,0.05,NONE,246
6,72.0,102,30,0.05,NONE,246
6,72.0,102,30,0.05,NONE,246
6,72.0,102,30,0.05,NONE,246
6,72.0,102,30,0.05,NONE,252
6,72.0,102,30,0.05,NONE,258
6,72.0,102,30,0.05,NONE,264
6,72.0,102,30,0.05,NONE,270
6,72.0,102,30,0.05,NONE,276
6,72.0,102,30,0.05,NONE,282
6,72.0,102,30,0.05,NONE,288
6,72.0,102,30,0.05,NONE,294
6,72.0,102,30,0.05,NONE,288
6,72.0,102,30,0.05,NONE,294
6,72.0,102,30,0.05,NONE,300
6,72.0,102,30,0.05,NONE,294
6,72.0,102,30,0.05,NONE,288
6,72.0,102,30,0.05,NONE,282
6,72.0,102,30,0.05,NONE,276
6,72.0,102,30,0.05,NONE,270
6,72.0,102,30,0.05,NONE,264
6,72.0,102,30,0.05,NONE,258
6,72.0,102,30,0.05,NONE,252
6,72.0,102,30,0.05,NONE,246
6,72.0,102,30,0.05,NONE,240
6,72.0,102,30,0.05,NONE,246
6,72.0,102,30,0.05,NONE,252
6,72.0,102,30,0.05,NONE,252
6,72.0,102,30,0.05,NONE,252
6,72.0,102,30,0.05,NONE,252
6,72.0,102,30,0.05,NONE,252
6,72.0,102,30,0.05,NONE,252
6,72.0,102,30,0.05,NONE,258
6,72.0,102,30,0.05,NONE,264
6,72.0,102,30,0.05,NONE,264
6,72.0,102,30,0.05,NONE,258
6,72.0,102,30,0.05,NONE,264
6,72.0,102,30,0.05,NONE,264
6,72.0,102,30,0.05,NONE,264
6,72.0,102,30,0.05,NONE,264
6,72.0,102,30,0.05,NONE,264
6,72.0,102,30,0.05,NONE,264
6,72.0,102,30,0.05,NONE,264
6,72.0,102,30,0.05,NONE,264
6,72.0,102,30,0.05,NONE,264
6,72.0,102,30,0.05,NONE,264
6,72.0,102,30,0.05,NONE,270
6,72.0,102,30,0.05,NONE,276
6,72.0,102,30,0.05,NONE,270
6,72.0,102,30,0.05,NONE,264
6,72.0,102,30,0.05,NONE,258
6,72.0,102,30,0.05,NONE,252
6,72.0,102,30,0.05,NONE,246
6,72.0,102,30,0.05,NONE,240
6,72.0,102,30,0.05,NONE,240
6,72.0,102,30,0.05,NONE,240
6,72.0,102,30,0.05,NONE,240
6,72.0,102,30,0.05,NONE,234
6,72.0,102,30,0.05,NONE,228
6,72.0,102,30,0.05,NONE,234
6,72.0,102,30,0.05,NONE,240
6,72.0,102,30,0.05,NONE,246
6,72.0,102,30,0.05,NONE,252
6,72.0,102,30,0.05,NONE,258
6,72.0,102,30,0.05,NONE,264
6,72.0,102,30,0.05,NONE,270
6,72.0,102,30,0.05,NONE,264
6,72.0,102,30,0.05,NONE,258
6,72.0,102,30,0.05,NONE,264
6,72.0,102,30,0.05,NONE,264
6,72.0,102,30,0.05,NONE,264
6,72.0,102,30,0.05,NONE,264
6,72.0,102,30,0.05,NONE,264
6,72.0,102,30,0.05,NONE,264
6,72.0,102,30,0.05,NONE,264
6,72.0,102,30,0.05,NONE,264
6,72.0,102,30,0.05,NONE,264
6,72.0,102,30,0.05,NONE,264
6,72.0,102,30,0.05,NONE,264
6,72.0,102,30,0.05,NONE,270
6,72.0,102,30,0.05,NONE,276
6,72.0,102,30,0.05,NONE,276
6,72.0,102,30,0.05,NONE,282
6,72.0,102,30,0.05,NONE,288
6,72.0,102,30,0.05,NONE,294
6,72.0,102,30,0.05,NONE,294
6,72.0,102,30,0.05,NONE,300
6,72.0,102,30,0.05,NONE,306
6,72.0,102,30,0.05,NONE,312
6,72.0,102,30,0.05,NONE,318
6,72.0,102,30,0.05,NONE,324
6,71.0,102,31,0.05,NONE,330
6,71.0,102,31,0.05,NONE,336
6,71.0,102,31,0.05,NONE,330
6,71.0,102,31,0.05,NONE,324
6,71.0,102,31,0.05,NONE,324
6,71.0,102,31,0.05,NONE,318
6,71.0,102,31,0.05,NONE,312
6,71.0,102,31,0.05,NONE,306
6,71.0,102,31,0.05,NONE,300
6,71.0,102,31,0.05,NONE,294
6,71.0,102,31,0.05,NONE,288
6,71.0,102,31,0.05,NONE,282
6,71.0,102,31,0.05,NONE,276
6,71.0,102,31,0.05,NONE,282
6,71.0,102,31,0.05,NONE,276
6,71.0,102,31,0.05,NONE,270
6,71.0,102,31,0.05,NONE,264
6,71.0,102,31,0.05,NONE,258
6,71.0,102,31,0.05,NONE,252
6,71.0,102,31,0.05,NONE,246
6,71.0,102,31,0.05,NONE,240
6,71.0,102,31,0.05,NONE,234
6,71.0,102,31,0.05,NONE,228
6,71.0,102,31,0.05,NONE,222
6,71.0,102,31,0.05,NONE,216
6,71.0,102,31,0.05,NONE,210
6,71.0,102,31,0.05,NONE,204
6,71.0,102,31,0.05,NONE,198
6,71.0,102,31,0.05,NONE,192
6,71.0,102,31,0.05,NONE,186
6,71.0,102,31,0.05,NONE,180
6,71.0,102,31,0.05,NONE,174
6,71.0,102,31,0.05,NONE,168
6,71.0,102,31,0.05,NONE,162
6,71.0,102,31,0.05,NONE,156
6,71.0,102,31,0.05,NONE,150
6,71.0,102,31,0.05,NONE,150
6,71.0,102,31,0.05,NONE,156
6,71.0,102,31,0.05,NONE,150
6,71.0,102,31,0.05,NONE,156
6,71.0,102,31,0.05,NONE,150
6,71.0,102,31,0.05,NONE,156
6,71.0,102,31,0.05,NONE,150
6,71.0,102,31,0.05,NONE,156
6,71.0,102,31,0.05,NONE,150
6,71.0,102,31,0.05,NONE,156
6,71.0,102,31,0.05,NONE,150
6,71.0,102,31,0.05,NONE,156
6,71.0,102,31,0.05,NONE,150
6,71.0,102,31,0.05,NONE,156
6,71.0,102,31,0.05,NONE,150
6,71.0,102,31,0.05,NONE,156
6,71.0,102,31,0.05,NONE,150
6,71.0,102,31,0.05,NONE,156
6,71.0,102,31,0.05,NONE,150
6,71.0,102,31,0.05,NONE,156
6,71.0,102,31,0.05,NONE,150
6,71.0,102,31,0.05,NONE,156
6,71.0,102,31,0.05,NONE,150
6,71.0,102,31,0.05,NONE,156
6,71.0,102,31,0.05,NONE,150
6,71.0,102,31,0.05,NONE,144
6,71.0,102,31,0.05,NONE,138
6,71.0,102,31,0.05,NONE,144
6,71.0,102,31,0.05,NONE,144
6,71.0,102,31,0.05,NONE,150
6,71.0,102,31,0.05,NONE,150
6,71.0,102,31,0.05,NONE,150
6,71.0,102,31,0.05,NONE,150
6,71.0,102,31,0.05,NONE,150
6,71.0,102,31,0.05,NONE,144
6,71.0,102,31,0.05,NONE,138
6,71.0,102,31,0.05,NONE,132
6,71.0,102,31,0.05,NONE,138
6,71.0,102,31,0.05,NONE,144
6,71.0,102,31,0.05,NONE,150
6,71.0,102,31,0.05,NONE,156
6,71.0,102,31,0.05,NONE,156
6,71.0,102,31,0.05,NONE,156
6,71.0,102,31,0.05,NONE,156
6,71.0,102,31,0.05,NONE,156
6,71.0,102,31,0.05,NONE,156
6,71.0,102,31,0.05,NONE,156
6,71.0,102,31,0.05,NONE,156
6,71.0,102,31,0.05,NONE,156
6,71.0,102,31,0.05,NONE,162
6,71.0,102,31,0.05,NONE,168
6,71.0,102,31,0.05,NONE,168
6,71.0,102,31,0.05,NONE,168
6,71.0,102,31,0.05,NONE,168
6,71.0,102,31,0.05,NONE,168
6,71.0,102,31,0.05,NONE,174
6,71.0,102,31,0.05,NONE,180
6,71.0,102,31,0.05,NONE,186
6,71.0,102,31,0.05,NONE,186
6,71.0,102,31,0.05,NONE,186
6,71.0,102,31,0.05,NONE,186
6,71.0,102,31,0.05,NONE,186
6,71.0,102,31,0.05,NONE,186
6,71.0,102,31,0.05,NONE,186
6,71.0,102,31,0.05,NONE,186
6,71.0,102,31,0.05,NONE,186
6,71.0,102,31,0.05,NONE,186
6,71.0,102,31,0.05,NONE,186
6,71.0,102,31,0.05,NONE,186
6,71.0,102,31,0.05,NONE,186
6,71.0,102,31,0.05,NONE,192
6,71.0,102,31,0.05,NONE,198
6,71.0,102,31,0.05,NONE,204
6,71.0,102,31,0.05,NONE,198
6,71.0,102,31,0.05,NONE,204
6,71.0,102,31,0.05,NONE,198
6,71.0,102,31,0.05,NONE,192
6,71.0,102,31,0.05,NONE,186
6,71.0,102,31,0.05,NONE,192
6,71.0,102,31,0.05,NONE,186
6,71.0,102,31,0.05,NONE,186
6,71.0,102,31,0.05,NONE,186
6,71.0,102,31,0.05,NONE,186
6,71.0,102,31,0.05,NONE,186
6,71.0,102,31,0.05,NONE,186
6,71.0,102,31,0.05,NONE,192
6,71.0,102,31,0.05,NONE,186
6,71.0,102,31,0.05,NONE,192
6,71.0,102,31,0.05,NONE,186
6,71.0,102,31,0.05,NONE,186
6,71.0,102,31,0.05,NONE,186
6,71.0,102,31,0.05,NONE,192
6,71.0,102,31,0.05,NONE,186
6,71.0,102,31,0.05,NONE,186
6,71.0,102,31,0.05,NONE,186
6,71.0,102,31,0.05,NONE,180
6,71.0,102,31,0.05,NONE,174
6,71.0,102,31,0.05,NONE,168
6,71.0,102,31,0.05,NONE,162
6,71.0,102,31,0.05,NONE,156
6,71.0,102,31,0.05,NONE,156
6,71.0,102,31,0.05,NONE,156
6,71.0,102,31,0.05,NONE,156
6,71.0,102,31,0.05,NONE,150
6,71.0,102,31,0.05,NONE,156
6,71.0,102,31,0.05,NONE,162
6,71.0,102,31,0.05,NONE,168
6,71.0,102,31,0.05,NONE,168
6,71.0,102,31,0.05,NONE,168
6,71.0,102,31,0.05,NONE,168
6,71.0,102,31,0.05,NONE,174
6,71.0,102,31,0.05,NONE,180
6,71.0,102,31,0.05,NONE,180
6,71.0,102,31,0.05,NONE,180
6,71.0,102,31,0.05,NONE,180
6,71.0,102,31,0.05,NONE,180
6,71.0,102,31,0.05,NONE,186
6,71.0,102,31,0.05,NONE,192
6,71.0,102,31,0.05,NONE,198
6,71.0,102,31,0.05,NONE,204
6,71.0,102,31,0.05,NONE,210
6,71.0,102,31,0.05,NONE,216
6,71.0,102,31,0.05,NONE,222
6,71.0,102,31,0.05,NONE,228
6,71.0,102,31,0.05,NONE,222
6,71.0,102,31,0.05,NONE,216
6,71.0,102,31,0.05,NONE,222
6,71.0,102,31,0.05,NONE,216
6,71.0,102,31,0.05,NONE,210
6,71.0,102,31,0.05,NONE,204
6,71.0,102,31,0.05,NONE,210
6,71.0,102,31,0.05,NONE,210
6,71.0,102,31,0.05,NONE,210
6,71.0,102,31,0.05,NONE,210
6,71.0,102,31,0.05,NONE,204
6,71.0,102,31,0.05,NONE,198
6,71.0,102,31,0.05,NONE,192
6,71.0,102,31,0.05,NONE,186
6,71.0,102,31,0.05,NONE,186
6,71.0,102,31,0.05,NONE,180
6,71.0,102,31,0.05,NONE,174
6,71.0,102,31,0.05,NONE,168
6,71.0,102,31,0.05,NONE,162
6,71.0,102,31,0.05,NONE,156
6,71.0,102,31,0.05,NONE,150
6,71.0,102,31,0.05,NONE,156
6,71.0,102,31,0.05,NONE,162
6,71.0,102,31,0.05,NONE,168
6,71.0,102,31,0.05,NONE,174
6,71.0,102,31,0.05,NONE,180
6,71.0,102,31,0.05,NONE,186
6,71.0,102,31,0.05,NONE,192
6,71.0,102,31,0.05,NONE,198
6,71.0,102,31,0.05,NONE,204
6,71.0,102,31,0.05,NONE,210
6,71.0,102,31,0.05,NONE,216
6,71.0,102,31,0.05,NONE,222
6,71.0,102,31,0.05,NONE,216
6,71.0,102,31,0.05,NONE,210
6,71.0,102,31,0.05,NONE,204
6,71.0,102,31,0.05,NONE,198
6,71.0,102,31,0.05,NONE,192
6,71.0,102,31,0.05,NONE,186
6,71.0,102,31,0.05,NONE,180
6,71.0,102,31,0.05,NONE,174
6,71.0,102,31,0.05,NONE,168
6,71.0,102,31,0.05,NONE,162
6,71.0,102,31,0.05,NONE,156
6,71.0,102,31,0.05,NONE,156
6,71.0,102,31,0.05,NONE,156
6,71.0,102,31,0.05,NONE,156
6,71.0,102,31,0.05,NONE,156
6,71.0,102,31,0.05,NONE,156
6,71.0,102,31,0.05,NONE,150
6,71.0,102,31,0.05,NONE,144
6,71.0,102,31,0.05,NONE,144
6,71.0,102,31,0.05,NONE,144
6,71.0,102,31,0.05,NONE,144
6,71.0,102,31,0.05,NONE,138
6,71.0,102,31,0.05,NONE,138
6,71.0,102,31,0.05,NONE,132
6,71.0,102,31,0.05,NONE,132
6,71.0,102,31,0.05,NONE,132
6,71.0,102,31,0.05,NONE,132
6,71.0,102,31,0.05,NONE,132
6,71.0,102,31,0.05,NONE,132
6,71.0,102,31,0.05,NONE,132
6,71.0,102,31,0.05,NONE,132
6,71.0,102,31,0.05,NONE,132
6,71.0,102,31,0.05,NONE,132
6,71.0,102,31,0.05,NONE,132
6,71.0,102,31,0.05,NONE,132
6,71.0,102,31,0.05,NONE,138
6,71.0,102,31,0.05,NONE,138
6,71.0,102,31,0.05,NONE,138
6,71.0,102,31,0.05,NONE,132
6,71.0,102,31,0.05,NONE,138
6,71.0,102,31,0.05,NONE,144
6,71.0,102,31,0.05,NONE,144
6,71.0,102,31,0.05,NONE,138
6,71.0,102,31,0.05,NONE,132
6,71.0,102,31,0.05,NONE,126
6,71.0,102,31,0.05,NONE,120
6,71.0,102,31,0.05,NONE,114
6,71.0,102,31,0.05,NONE,108
6,71.0,102,31,0.05,NONE,102
6,71.0,102,31,0.05,NONE,102
6,71.0,102,31,0.05,NONE,102
6,71.0,102,31,0.05,NONE,102
6,71.0,102,31,0.05,NONE,102
6,71.0,102,31,0.05,NONE,96
6,71.0,102,31,0.05,NONE,90
6,71.0,102,31,0.05,NONE,84
6,71.0,102,31,0.05,NONE,78
6,71.0,102,31,0.05,NONE,84
6,71.0,102,31,0.05,NONE,78
6,71.0,102,31,0.05,NONE,78
6,71.0,102,31,0.05,NONE,78
6,71.0,102,31,0.05,NONE,84
6,71.0,102,31,0.05,NONE,78
6,71.0,102,31,0.05,NONE,84
6,71.0,102,31,0.05,NONE,78
6,71.0,102,31,0.05,NONE,84
6,71.0,102,31,0.05,NONE,84
6,71.0,102,31,0.05,NONE,84
6,71.0,102,31,0.05,NONE,90
6,71.0,102,31,0.05,NONE,96
6,71.0,102,31,0.05,NONE,102
6,71.0,102,31,0.05,NONE,108
6,71.0,102,31,0.05,NONE,108
6,71.0,102,31,0.05,NONE,108
6,71.0,102,31,0.05,NONE,108
6,71.0,102,31,0.05,NONE,114
6,71.0,102,31,0.05,NONE,120
6,71.0,102,31,0.05,NONE,126
6,71.0,102,31,0.05,NONE,132
6,71.0,102,31,0.05,NONE,138
6,71.0,102,31,0.05,NONE,144
6,71.0,102,31,0.05,NONE,150
6,71.0,102,31,0.05,NONE,156
6,71.0,102,31,0.05,NONE,162
6,71.0,102,31,0.05,NONE,162
6,71.0,102,31,0.05,NONE,168
6,71.0,102,31,0.05,NONE,174
6,71.0,102,31,0.05,NONE,180
6,71.0,102,31,0.05,NONE,180
6,71.0,102,31,0.05,NONE,186
6,71.0,102,31,0.05,NONE,192
6,71.0,102,31,0.05,NONE,198
6,71.0,102,31,0.05,NONE,204
6,71.0,102,31,0.05,NONE,210
6,71.0,102,31,0.05,NONE,216
6,71.0,102,31,0.05,NONE,222
6,71.0,102,31,0.05,NONE,228
6,71.0,102,31,0.05,NONE,222
6,71.0,102,31,0.05,NONE,228
6,71.0,102,31,0.05,NONE,222
6,71.0,102,31,0.05,NONE,228
6,71.0,102,31,0.05,NONE,234
6,71.0,102,31,0.05,NONE,240
6,71.0,102,31,0.05,NONE,240
6,71.0,102,31,0.05,NONE,240
6,71.0,102,31,0.05,NONE,234
6,71.0,102,31,0.05,NONE,240
6,71.0,102,31,0.05,NONE,246
6,71.0,102,31,0.05,NONE,246
6,71.0,102,31,0.05,NONE,246
6,71.0,102,31,0.05,NONE,246
6,71.0,102,31,0.05,NONE,252
6,71.0,102,31,0.05,NONE,258
6,71.0,102,31,0.05,NONE,252
6,71.0,102,31,0.05,NONE,252
6,71.0,102,31,0.05,NONE,252
6,71.0,102,31,0.05,NONE,258
6,71.0,102,31,0.05,NONE,264
6,71.0,102,31,0.05,NONE,258
6,71.0,102,31,0.05,NONE,264
6,71.0,102,31,0.05,NONE,264
6,71.0,102,31,0.05,NONE,270
6,71.0,102,31,0.05,NONE,264
6,71.0,102,31,0.05,NONE,258
6,71.0,102,31,0.05,NONE,264
6,71.0,102,31,0.05,NONE,264
6,71.0,102,31,0.05,NONE,264
6,71.0,102,31,0.05,NONE,264
6,71.0,102,31,0.05,NONE,264
6,71.0,102,31,0.05,NONE,270
6,71.0,102,31,0.05,NONE,276
6,71.0,102,31,0.05,NONE,282
6,71.0,102,31,0.05,NONE,288
6,71.0,102,31,0.05,NONE,294
6,71.0,102,31,0.05,NONE,300
6,71.0,102,31,0.05,NONE,300
6,71.0,102,31,0.05,NONE,294
6,71.0,102,31,0.05,NONE,294
6,71.0,102,31,0.05,NONE,294
6,71.0,102,31,0.05,NONE,300
6,71.0,102,31,0.05,NONE,300
6,71.0,102,31,0.05,NONE,300
6,71.0,102,31,0.05,NONE,300
6,71.0,102,31,0.05,NONE,306
6,71.0,102,31,0.05,NONE,300
6,71.0,102,31,0.05,NONE,294
6,71.0,102,31,0.05,NONE,294
6,71.0,102,31,0.05,NONE,294
6,71.0,102,31,0.05,NONE,300
6,71.0,102,31,0.05,NONE,294
6,71.0,102,31,0.05,NONE,300
6,71.0,102,31,0.05,NONE,300
6,71.0,102,31,0.05,NONE,300
6,71.0,102,31,0.05,NONE,300
6,71.0,102,31,0.05,NONE,306
6,71.0,102,31,0.05,NONE,312
6,71.0,102,31,0.05,NONE,306
6,71.0,102,31,0.05,NONE,300
6,71.0,102,31,0.05,NONE,294
6,71.0,102,31,0.05,NONE,300
6,71.0,102,31,0.05,NONE,300
6,71.0,102,31,0.05,NONE,300
6,71.0,102,31,0.05,NONE,300
6,71.0,102,31,0.05,NONE,306
6,71.0,102,31,0.05,NONE,312
6,71.0,102,31,0.05,NONE,318
6,71.0,102,31,0.05,NONE,324
6,71.0,102,31,0.05,NONE,330
6,71.0,102,31,0.05,NONE,336
6,71.0,102,31,0.05,NONE,336
6,71.0,102,31,0.05,NONE,330
6,71.0,102,31,0.05,NONE,324
6,71.0,102,31,0.05,NONE,318
6,71.0,102,31,0.05,NONE,312
6,71.0,102,31,0.05,NONE,306
6,71.0,102,31,0.05,NONE,300
6,71.0,102,31,0.05,NONE,294
6,71.0,102,31,0.05,NONE,300
6,71.0,102,31,0.05,NONE,300
6,71.0,102,31,0.05,NONE,300
6,71.0,102,31,0.05,NONE,300
6,71.0,102,31,0.05,NONE,300
6,71.0,102,31,0.05,NONE,300
6,71.0,102,31,0.05,NONE,300
6,71.0,102,31,0.05,NONE,300
6,71.0,102,31,0.05,NONE,300
6,71.0,102,31,0.05,NONE,300
6,71.0,102,31,0.05,NONE,300
6,71.0,102,31,0.05,NONE,300
6,71.0,102,31,0.05,NONE,300
6,71.0,102,31,0.05,NONE,300
6,71.0,102,31,0.05,NONE,294
6,71.0,102,31,0.05,NONE,300
6,71.0,102,31,0.05,NONE,300
6,71.0,102,31,0.05,NONE,300
6,71.0,102,31,0.05,NONE,300
6,71.0,102,31,0.05,NONE,300
6,71.0,102,31,0.05,NONE,300
6,71.0,102,31,0.05,NONE,300
6,71.0,102,31,0.05,NONE,300
6,71.0,102,31,0.05,NONE,300
6,71.0,102,31,0.05,NONE,300
6,71.0,102,31,0.05,NONE,300
6,71.0,102,31,0.05,NONE,300
6,71.0,102,31,0.05,NONE,300
6,71.0,102,31,0.05,NONE,306
6,71.0,102,31,0.05,NONE,312
6,71.0,102,31,0.05,NONE,318
6,71.0,102,31,0.05,NONE,324
6,71.0,102,31,0.05,NONE,324
6,71.0,102,31,0.05,NONE,324
6,71.0,102,31,0.05,NONE,324
6,71.0,102,31,0.05,NONE,330
6,71.0,102,31,0.05,NONE,336
6,71.0,102,31,0.05,NONE,342
6,71.0,102,31,0.05,NONE,336
6,71.0,102,31,0.05,NONE,330
6,71.0,102,31,0.05,NONE,324
6,71.0,102,31,0.05,NONE,318
6,71.0,102,31,0.05,NONE,312
6,71.0,102,31,0.05,NONE,306
6,71.0,102,31,0.05,NONE,300
6,71.0,102,31,0.05,NONE,294
6,71.0,102,31,0.05,NONE,288
6,71.0,102,31,0.05,NONE,282
6,71.0,102,31,0.05,NONE,276
6,71.0,102,31,0.05,NONE,270
6,71.0,102,31,0.05,NONE,264
6,71.0,102,31,0.05,NONE,258
6,71.0,102,31,0.05,NONE,252
6,71.0,102,31,0.05,NONE,246
6,71.0,102,31,0.05,NONE,240
6,71.0,102,31,0.05,NONE,234
6,71.0,102,31,0.05,NONE,228
6,71.0,102,31,0.05,NONE,222
6,71.0,102,31,0.05,NONE,216
6,71.0,102,31,0.05,NONE,210
6,71.0,102,31,0.05,NONE,204
6,71.0,102,31,0.05,NONE,198
6,71.0,102,31,0.05,NONE,192
6,71.0,102,31,0.05,NONE,186
6,71.0,102,31,0.05,NONE,180
6,71.0,102,31,0.05,NONE,174
6,71.0,102,31,0.05,NONE,168
6,71.0,102,31,0.05,NONE,162
6,71.0,102,31,0.05,NONE,156
6,71.0,102,31,0.05,NONE,150
6,71.0,102,31,0.05,NONE,144
6,72.0,103,31,0.05,NONE,144
6,72.0,103,31,0.05,NONE,138
6,72.0,103,31,0.05,NONE,132
6,72.0,103,31,0.05,NONE,132
6,72.0,103,31,0.05,NONE,132
6,72.0,103,31,0.05,NONE,132
6,72.0,103,31,0.05,NONE,132
6,72.0,103,31,0.05,NONE,132
6,72.0,103,31,0.05,NONE,132
6,72.0,103,31,0.05,NONE,132
6,72.0,103,31,0.05,NONE,132
6,72.0,103,31,0.05,NONE,132
6,72.0,103,31,0.05,NONE,132
6,72.0,103,31,0.05,NONE,132
7,72.0,103,31,0.05,NONE,138
7,72.0,103,31,0.05,NONE,144
7,72.0,103,31,0.05,NONE,150
7,72.0,103,31,0.05,NONE,156
7,72.0,103,31,0.05,NONE,150
7,72.0,103,31,0.05,NONE,144
7,72.0,103,31,0.05,NONE,150
7,72.0,103,31,0.05,NONE,156
7,72.0,103,31,0.05,NONE,150
7,72.0,103,31,0.05,NONE,156
7,72.0,103,31,0.05,NONE,150
7,72.0,103,31,0.05,NONE,156
7,72.0,103,31,0.05,NONE,150
7,72.0,103,31,0.05,NONE,156
7,72.0,103,31,0.05,NONE,150
7,72.0,103,31,0.05,NONE,156
7,72.0,103,31,0.05,NONE,150
7,72.0,103,31,0.05,NONE,156
7,72.0,103,31,0.05,NONE,150
7,72.0,103,31,0.05,NONE,156
7,72.0,103,31,0.05,NONE,150
7,72.0,103,31,0.05,NONE,156
7,72.0,103,31,0.05,NONE,150
7,72.0,103,31,0.05,NONE,156
7,72.0,103,31,0.05,NONE,150
7,72.0,103,31,0.05,NONE,150
7,72.0,103,31,0.05,NONE,150
7,72.0,103,31,0.05,NONE,150
7,72.0,103,31,0.05,NONE,150
7,72.0,103,31,0.05,NONE,150
7,72.0,103,31,0.05,NONE,150
7,72.0,103,31,0.05,NONE,150
7,72.0,103,31,0.05,NONE,150
7,72.0,103,31,0.05,NONE,144
7,72.0,103,31,0.05,NONE,138
7,72.0,103,31,0.05,NONE,132
7,72.0,103,31,0.05,NONE,138
7,72.0,103,31,0.05,NONE,144
7,72.0,103,31,0.05,NONE,144
7,72.0,103,31,0.05,NONE,144
7,72.0,103,31,0.05,NONE,144
7,72.0,103,31,0.05,NONE,144
7,72.0,103,31,0.05,NONE,150
7,72.0,103,31,0.05,NONE,156
7,72.0,103,31,0.05,NONE,162
7,72.0,103,31,0.05,NONE,168
7,72.0,103,31,0.05,NONE,174
7,72.0,103,31,0.05,NONE,180
7,72.0,103,31,0.05,NONE,186
7,72.0,103,31,0.05,NONE,192
7,72.0,103,31,0.05,NONE,198
7,72.0,103,31,0.05,NONE,204
7,72.0,103,31,0.05,NONE,210
7,72.0,103,31,0.05,NONE,216
7,72.0,103,31,0.05,NONE,222
7,72.0,103,31,0.05,NONE,228
7,72.0,103,31,0.05,NONE,228
7,72.0,103,31,0.05,NONE,228
7,72.0,103,31,0.05,NONE,228
7,72.0,103,31,0.05,NONE,234
7,72.0,103,31,0.05,NONE,240
7,72.0,103,31,0.05,NONE,246
7,72.0,103,31,0.05,NONE,252
7,72.0,103,31,0.05,NONE,258
7,72.0,103,31,0.05,NONE,264
7,72.0,103,31,0.05,NONE,264
7,72.0,103,31,0.05,NONE,258
7,72.0,103,31,0.05,NONE,258
7,72.0,103,31,0.05,NONE,258
7,72.0,103,31,0.05,NONE,264
7,72.0,103,31,0.05,NONE,270
7,72.0,103,31,0.05,NONE,276
7,72.0,103,31,0.05,NONE,282
7,72.0,103,31,0.05,NONE,288
7,72.0,103,31,0.05,NONE,294
7,72.0,103,31,0.05,NONE,300
7,72.0,103,31,0.05,NONE,300
7,72.0,103,31,0.05,NONE,294
7,72.0,103,31,0.05,NONE,294
7,72.0,103,31,0.05,NONE,294
7,72.0,103,31,0.05,NONE,294
7,72.0,103,31,0.05,NONE,300
7,72.0,103,31,0.05,NONE,300
7,72.0,103,31,0.05,NONE,294
7,72.0,103,31,0.05,NONE,300
7,72.0,103,31,0.05,NONE,300
7,72.0,103,31,0.05,NONE,300
7,72.0,103,31,0.05,NONE,306
7,72.0,103,31,0.05,NONE,312
7,72.0,103,31,0.05,NONE,318
7,72.0,103,31,0.05,NONE,324
7,72.0,103,31,0.05,NONE,318
7,72.0,103,31,0.05,NONE,312
7,72.0,103,31,0.05,NONE,306
7,72.0,103,31,0.05,NONE,300
7,72.0,103,31,0.05,NONE,294
7,72.0,103,31,0.05,NONE,294
7,72.0,103,31,0.05,NONE,288
7,72.0,103,31,0.05,NONE,282
7,72.0,103,31,0.05,NONE,276
7,72.0,103,31,0.05,NONE,270
7,72.0,103,31,0.05,NONE,264
7,72.0,103,31,0.05,NONE,258
7,72.0,103,31,0.05,NONE,258
7,72.0,103,31,0.05,NONE,252
7,72.0,103,31,0.05,NONE,246
7,72.0,103,31,0.05,NONE,240
7,72.0,103,31,0.05,NONE,234
7,72.0,103,31,0.05,NONE,228
7,72.0,103,31,0.05,NONE,222
7,72.0,103,31,0.05,NONE,216
7,72.0,103,31,0.05,NONE,210
7,72.0,103,31,0.05,NONE,204
7,72.0,103,31,0.05,NONE,210
7,72.0,103,31,0.05,NONE,216
7,72.0,103,31,0.05,NONE,210
7,72.0,103,31,0.05,NONE,204
7,72.0,103,31,0.05,NONE,198
7,72.0,103,31,0.05,NONE,192
7,72.0,103,31,0.05,NONE,186
7,72.0,103,31,0.05,NONE,180
7,72.0,103,31,0.05,NONE,174
7,72.0,103,31,0.05,NONE,168
7,72.0,103,31,0.05,NONE,162
7,72.0,103,31,0.05,NONE,156
7,72.0,103,31,0.05,NONE,150
7,72.0,103,31,0.05,NONE,144
7,72.0,103,31,0.05,NONE,138
7,72.0,103,31,0.05,NONE,132
7,72.0,103,31,0.05,NONE,126
7,72.0,103,31,0.05,NONE,120
7,72.0,103,31,0.05,NONE,114
7,72.0,103,31,0.05,NONE,108
7,72.0,103,31,0.05,NONE,108
7,72.0,103,31,0.05,NONE,102
7,72.0,103,31,0.05,NONE,96
7,72.0,103,31,0.05,NONE,90
7,72.0,103,31,0.05,NONE,84
7,72.0,103,31,0.05,NONE,78
7,72.0,103,31,0.05,NONE,72
7,72.0,103,31,0.05,NONE,66
7,72.0,103,31,0.05,NONE,60
7,72.0,103,31,0.05,NONE,54
7,72.0,103,31,0.05,NONE,48
7,72.0,103,31,0.05,NONE,42
7,72.0,103,31,0.05,NONE,36
7,72.0,103,31,0.05,NONE,30
7,72.0,103,31,0.05,NONE,24
7,72.0,103,31,0.05,NONE,18
7,72.0,103,31,0.05,NONE,12
7,72.0,103,31,0.05,NONE,6
7,72.0,103,31,0.05,NONE,0
7,72.0,103,31,0.05,NONE,0
7,72.0,103,31,0.05,NONE,0
7,72.0,103,31,0.05,NONE,0
7,72.0,103,31,0.05,NONE,0
7,72.0,103,31,0.05,NONE,0
7,72.0,103,31,0.05,NONE,0
7,72.0,103,31,0.05,NONE,0
7,72.0,103,31,0.05,NONE,0
7,72.0,103,31,0.05,NONE,0
7,72.0,103,31,0.05,NONE,0
7,72.0,103,31,0.05,NONE,0
7,72.0,103,31,0.05,NONE,0
7,72.0,103,31,0.05,NONE,0
7,72.0,103,31,0.05,NONE,0
7,72.0,103,31,0.05,NONE,0
7,72.0,103,31,0.05,NONE,0
7,72.0,103,31,0.05,NONE,0
7,72.0,103,31,0.05,NONE,0
7,72.0,103,31,0.05,NONE,0
7,72.0,103,31,0.05,NONE,0
7,72.0,103,31,0.05,NONE,0
7,72.0,103,31,0.05,NONE,0
7,72.0,103,31,0.05,NONE,0
7,72.0,103,31,0.05,NONE,0
7,72.0,103,31,0.05,NONE,0
7,72.0,103,31,0.05,NONE,0
7,72.0,103,31,0.05,NONE,0
7,72.0,103,31,0.05,NONE,0
7,72.0,103,31,0.05,NONE,0
7,72.0,103,31,0.05,NONE,0
7,72.0,103,31,0.05,NONE,0
7,72.0,103,31,0.05,NONE,0
7,72.0,103,31,0.05,NONE,0
7,72.0,103,31,0.05,NONE,0
7,72.0,103,31,0.05,NONE,0
7,72.0,103,31,0.05,NONE,0
7,72.0,103,31,0.05,NONE,0
7,72.0,103,31,0.05,NONE,0
7,72.0,103,31,0.05,NONE,0
7,72.0,103,31,0.05,NONE,0
7,72.0,103,31,0.05,NONE,0
7,72.0,103,31,0.05,NONE,0
7,72.0,103,31,0.05,NONE,0
7,72.0,103,31,0.05,NONE,0
7,72.0,103,31,0.05,NONE,0
7,72.0,103,31,0.05,NONE,0
7,72.0,103,31,0.05,NONE,6
7,72.0,103,31,0.05,NONE,12
7,72.0,103,31,0.05,NONE,6
7,72.0,103,31,0.05,NONE,6
7,72.0,103,31,0.05,NONE,0
7,72.0,103,31,0.05,NONE,0
7,72.0,103,31,0.05,NONE,0
7,72.0,103,31,0.05,NONE,0
7,72.0,103,31,0.05,NONE,0
7,72.0,103,31,0.05,NONE,0
7,72.0,103,31,0.05,NONE,0
7,72.0,103,31,0.05,NONE,6
7,72.0,103,31,0.05,NONE,12
7,72.0,103,31,0.05,NONE,18
7,72.0,103,31,0.05,NONE,24
7,72.0,103,31,0.05,NONE,24
7,72.0,103,31,0.05,NONE,24
7,72.0,103,31,0.05,NONE,24
7,72.0,103,31,0.05,NONE,24
7,72.0,103,31,0.05,NONE,24
7,72.0,103,31,0.05,NONE,24
7,72.0,103,31,0.05,NONE,24
7,72.0,103,31,0.05,NONE,30
7,72.0,103,31,0.05,NONE,36
7,72.0,103,31,0.05,NONE,42
7,72.0,103,31,0.05,NONE,48
7,72.0,103,31,0.05,NONE,48
7,72.0,103,31,0.05,NONE,48
7,72.0,103,31,0.05,NONE,48
7,72.0,103,31,0.05,NONE,48
7,72.0,103,31,0.05,NONE,48
7,72.0,103,31,0.05,NONE,48
7,72.0,103,31,0.05,NONE,48
7,72.0,103,31,0.05,NONE,48
7,72.0,103,31,0.05,NONE,48
7,72.0,103,31,0.05,NONE,54
7,72.0,103,31,0.05,NONE,60
7,72.0,103,31,0.05,NONE,66
7,72.0,103,31,0.05,NONE,66
7,72.0,103,31,0.05,NONE,66
7,72.0,103,31,0.05,NONE,66
7,72.0,103,31,0.05,NONE,72
7,72.0,103,31,0.05,NONE,78
7,72.0,103,31,0.05,NONE,84
7,72.0,103,31,0.05,NONE,90
7,72.0,103,31,0.05,NONE,96
7,72.0,103,31,0.05,NONE,102
7,72.0,103,31,0.05,NONE,96
7,72.0,103,31,0.05,NONE,90
7,72.0,103,31,0.05,NONE,84
7,72.0,103,31,0.05,NONE,78
7,72.0,103,31,0.05,NONE,84
7,72.0,103,31,0.05,NONE,90
7,72.0,103,31,0.05,NONE,96
7,72.0,103,31,0.05,NONE,102
7,72.0,103,31,0.05,NONE,108
7,72.0,103,31,0.05,NONE,108
7,72.0,103,31,0.05,NONE,108
7,72.0,103,31,0.05,NONE,114
7,72.0,103,31,0.05,NONE,120
7,72.0,103,31,0.05,NONE,120
7,72.0,103,31,0.05,NONE,120
7,72.0,103,31,0.05,NONE,120
7,72.0,103,31,0.05,NONE,120
7,72.0,103,31,0.05,NONE,120
7,72.0,103,31,0.05,NONE,126
7,72.0,103,31,0.05,NONE,132
7,72.0,103,31,0.05,NONE,138
7,72.0,103,31,0.05,NONE,144
7,72.0,103,31,0.05,NONE,150
7,72.0,103,31,0.05,NONE,150
7,72.0,103,31,0.05,NONE,144
7,72.0,103,31,0.05,NONE,138
7,72.0,103,31,0.05,NONE,132
7,72.0,103,31,0.05,NONE,132
7,72.0,103,31,0.05,NONE,132
7,72.0,103,31,0.05,NONE,132
7,72.0,103,31,0.05,NONE,132
7,72.0,103,31,0.05,NONE,132
7,72.0,103,31,0.05,NONE,132
7,72.0,103,31,0.05,NONE,132
7,72.0,103,31,0.05,NONE,132
7,72.0,103,31,0.05,NONE,126
7,72.0,103,31,0.05,NONE,132
7,72.0,103,31,0.05,NONE,138
7,72.0,103,31,0.05,NONE,132
7,72.0,103,31,0.05,NONE,126
7,72.0,103,31,0.05,NONE,120
7,72.0,103,31,0.05,NONE,126
7,72.0,103,31,0.05,NONE,132
7,72.0,103,31,0.05,NONE,132
7,72.0,103,31,0.05,NONE,132
7,72.0,103,31,0.05,NONE,132
7,72.0,103,31,0.05,NONE,138
7,72.0,103,31,0.05,NONE,144
7,72.0,103,31,0.05,NONE,150
7,72.0,103,31,0.05,NONE,156
7,72.0,103,31,0.05,NONE,162
7,72.0,103,31,0.05,NONE,168
7,72.0,103,31,0.05,NONE,168
7,72.0,103,31,0.05,NONE,168
7,72.0,103,31,0.05,NONE,168
7,72.0,103,31,0.05,NONE,174
7,72.0,103,31,0.05,NONE,180
7,72.0,103,31,0.05,NONE,180
7,72.0,103,31,0.05,NONE,180
7,72.0,103,31,0.05,NONE,180
7,72.0,103,31,0.05,NONE,186
7,72.0,103,31,0.05,NONE,192
7,72.0,103,31,0.05,NONE,186
7,72.0,103,31,0.05,NONE,192
7,72.0,103,31,0.05,NONE,198
7,72.0,103,31,0.05,NONE,204
7,72.0,103,31,0.05,NONE,210
7,72.0,103,31,0.05,NONE,216
7,72.0,103,31,0.05,NONE,222
7,72.0,103,31,0.05,NONE,228
7,72.0,103,31,0.05,NONE,234
7,72.0,103,31,0.05,NONE,240
7,72.0,103,31,0.05,NONE,246
7,72.0,103,31,0.05,NONE,240
7,72.0,103,31,0.05,NONE,246
7,72.0,103,31,0.05,NONE,240
7,72.0,103,31,0.05,NONE,234
7,72.0,103,31,0.05,NONE,228
7,72.0,103,31,0.05,NONE,222
7,72.0,103,31,0.05,NONE,228
7,72.0,103,31,0.05,NONE,228
7,72.0,103,31,0.05,NONE,228
7,72.0,103,31,0.05,NONE,228
7,72.0,103,31,0.05,NONE,228
7,72.0,103,31,0.05,NONE,222
7,72.0,103,31,0.05,NONE,228
7,72.0,103,31,0.05,NONE,234
7,72.0,103,31,0.05,NONE,240
7,72.0,103,31,0.05,NONE,240
7,72.0,103,31,0.05,NONE,240
7,72.0,103,31,0.05,NONE,246
7,72.0,103,31,0.05,NONE,252
7,72.0,103,31,0.05,NONE,258
7,72.0,103,31,0.05,NONE,264
7,72.0,103,31,0.05,NONE,270
7,72.0,103,31,0.05,NONE,276
7,72.0,103,31,0.05,NONE,282
7,72.0,103,31,0.05,NONE,288
7,72.0,103,31,0.05,NONE,294
7,72.0,103,31,0.05,NONE,300
7,72.0,103,31,0.05,NONE,300
7,72.0,103,31,0.05,NONE,300
7,72.0,103,31,0.05,NONE,306
7,72.0,103,31,0.05,NONE,312
7,72.0,103,31,0.05,NONE,318
7,72.0,103,31,0.05,NONE,324
7,72.0,103,31,0.05,NONE,324
7,72.0,103,31,0.05,NONE,324
7,72.0,103,31,0.05,NONE,330
7,72.0,103,31,0.05,NONE,336
7,72.0,103,31,0.05,NONE,336
7,72.0,103,31,0.05,NONE,330
7,72.0,103,31,0.05,NONE,336
7,72.0,103,31,0.05,NONE,336
7,72.0,103,31,0.05,NONE,342
7,72.0,103,31,0.05,NONE,348
7,72.0,103,31,0.05,NONE,354
7,72.0,103,31,0.05,NONE,354
7,72.0,103,31,0.05,NONE,360
7,72.0,103,31,0.05,NONE,366
7,72.0,103,31,0.05,NONE,372
7,72.0,103,31,0.05,NONE,366
7,72.0,103,31,0.05,NONE,372
7,72.0,103,31,0.05,NONE,372
7,72.0,103,31,0.05,NONE,372
7,72.0,103,31,0.05,NONE,378
7,72.0,103,31,0.05,NONE,378
7,72.0,103,31,0.05,NONE,372
7,72.0,103,31,0.05,NONE,366
7,72.0,103,31,0.05,NONE,360
7,72.0,103,31,0.05,NONE,354
7,72.0,103,31,0.05,NONE,348
7,72.0,103,31,0.05,NONE,342
7,72.0,103,31,0.05,NONE,336
7,72.0,103,31,0.05,NONE,330
7,72.0,103,31,0.05,NONE,324
7,72.0,103,31,0.05,NONE,318
7,72.0,103,31,0.05,NONE,312
7,72.0,103,31,0.05,NONE,312
7,72.0,103,31,0.05,NONE,306
7,72.0,103,31,0.05,NONE,300
7,72.0,103,31,0.05,NONE,294
7,72.0,103,31,0.05,NONE,288
7,72.0,103,31,0.05,NONE,282
7,72.0,103,31,0.05,NONE,276
7,72.0,103,31,0.05,NONE,270
7,72.0,103,31,0.05,NONE,264
7,72.0,103,31,0.05,NONE,258
7,72.0,103,31,0.05,NONE,252
7,72.0,103,31,0.05,NONE,246
7,72.0,103,31,0.05,NONE,240
7,72.0,103,31,0.05,NONE,234
7,72.0,103,31,0.05,NONE,228
7,72.0,103,31,0.05,NONE,222
7,72.0,103,31,0.05,NONE,216
7,72.0,103,31,0.05,NONE,210
7,72.0,103,31,0.05,NONE,204
7,72.0,103,31,0.05,NONE,198
7,72.0,103,31,0.05,NONE,204
7,72.0,103,31,0.05,NONE,198
7,72.0,103,31,0.05,NONE,192
7,72.0,103,31,0.05,NONE,186
7,72.0,103,31,0.05,NONE,180
7,72.0,103,31,0.05,NONE,174
7,72.0,103,31,0.05,NONE,168
7,72.0,103,31,0.05,NONE,162
7,72.0,103,31,0.05,NONE,156
7,72.0,103,31,0.05,NONE,150
7,72.0,103,31,0.05,NONE,150
7,72.0,103,31,0.05,NONE,150
7,72.0,103,31,0.05,NONE,150
7,72.0,103,31,0.05,NONE,150
7,72.0,103,31,0.05,NONE,150
7,72.0,103,31,0.05,NONE,156
7,72.0,103,31,0.05,NONE,150
7,72.0,103,31,0.05,NONE,156
7,72.0,103,31,0.05,NONE,162
7,72.0,103,31,0.05,NONE,156
7,72.0,103,31,0.05,NONE,150
7,72.0,103,31,0.05,NONE,156
7,72.0,103,31,0.05,NONE,150
7,72.0,103,31,0.05,NONE,156
7,72.0,103,31,0.05,NONE,150
7,72.0,103,31,0.05,NONE,156
7,72.0,103,31,0.05,NONE,150
7,72.0,103,31,0.05,NONE,144
7,72.0,103,31,0.05,NONE,138
7,72.0,103,31,0.05,NONE,138
7,72.0,103,31,0.05,NONE,132
7,72.0,103,31,0.05,NONE,126
7,72.0,103,31,0.05,NONE,120
7,72.0,103,31,0.05,NONE,114
7,72.0,103,31,0.05,NONE,108
7,72.0,103,31,0.05,NONE,102
7,72.0,103,31,0.05,NONE,96
7,72.0,103,31,0.05,NONE,90
7,72.0,103,31,0.05,NONE,84
7,72.0,103,31,0.05,NONE,90
7,72.0,103,31,0.05,NONE,96
7,72.0,103,31,0.05,NONE,102
7,72.0,103,31,0.05,NONE,108
7,72.0,103,31,0.05,NONE,102
7,72.0,103,31,0.05,NONE,96
7,72.0,103,31,0.05,NONE,102
7,72.0,103,31,0.05,NONE,108
7,72.0,103,31,0.05,NONE,102
7,72.0,103,31,0.05,NONE,96
7,72.0,103,31,0.05,NONE,90
7,72.0,103,31,0.05,NONE,96
7,72.0,103,31,0.05,NONE,90
7,72.0,103,31,0.05,NONE,84
7,72.0,103,31,0.05,NONE,78
7,72.0,103,31,0.05,NONE,84
7,72.0,103,31,0.05,NONE,78
7,72.0,103,31,0.05,NONE,84
7,72.0,103,31,0.05,NONE,84
7,72.0,103,31,0.05,NONE,84
7,72.0,103,31,0.05,NONE,84
7,72.0,103,31,0.05,NONE,84
7,72.0,103,31,0.05,NONE,84
7,72.0,103,31,0.05,NONE,84
7,72.0,103,31,0.05,NONE,84
7,72.0,103,31,0.05,NONE,84
7,72.0,103,31,0.05,NONE,84
7,72.0,103,31,0.05,NONE,84
7,72.0,103,31,0.05,NONE,90
7,72.0,103,31,0.05,NONE,96
7,72.0,103,31,0.05,NONE,102
7,72.0,103,31,0.05,NONE,102
7,72.0,103,31,0.05,NONE,102
7,72.0,103,31,0.05,NONE,102
7,72.0,103,31,0.05,NONE,108
7,72.0,103,31,0.05,NONE,114
7,72.0,103,31,0.05,NONE,120
7,72.0,103,31,0.05,NONE,126
7,72.0,103,31,0.05,NONE,120
7,72.0,103,31,0.05,NONE,126
7,72.0,103,31,0.05,NONE,132
7,72.0,103,31,0.05,NONE,138
7,72.0,103,31,0.05,NONE,144
7,72.0,103,31,0.05,NONE,150
7,72.0,103,31,0.05,NONE,156
7,72.0,103,31,0.05,NONE,156
7,72.0,103,31,0.05,NONE,156
7,72.0,103,31,0.05,NONE,156
7,72.0,103,31,0.05,NONE,156
7,72.0,103,31,0.05,NONE,156
7,72.0,103,31,0.05,NONE,150
7,72.0,103,31,0.05,NONE,150
7,72.0,103,31,0.05,NONE,150
7,72.0,103,31,0.05,NONE,150
7,72.0,103,31,0.05,NONE,150
7,72.0,103,31,0.05,NONE,144
7,72.0,103,31,0.05,NONE,138
7,72.0,103,31,0.05,NONE,144
7,72.0,103,31,0.05,NONE,138
7,72.0,103,31,0.05,NONE,132
7,72.0,103,31,0.05,NONE,126
7,72.0,103,31,0.05,NONE,120
7,72.0,103,31,0.05,NONE,114
7,72.0,103,31,0.05,NONE,114
7,72.0,103,31,0.05,NONE,114
7,72.0,103,31,0.05,NONE,114
7,72.0,103,31,0.05,NONE,120
7,72.0,103,31,0.05,NONE,126
7,72.0,103,31,0.05,NONE,132
7,72.0,103,31,0.05,NONE,138
7,72.0,103,31,0.05,NONE,144
7,72.0,103,31,0.05,NONE,150
7,72.0,103,31,0.05,NONE,156
7,72.0,103,31,0.05,NONE,162
7,72.0,103,31,0.05,NONE,168
7,72.0,103,31,0.05,NONE,174
7,72.0,103,31,0.05,NONE,174
7,72.0,103,31,0.05,NONE,174
7,72.0,103,31,0.05,NONE,174
7,72.0,103,31,0.05,NONE,180
7,72.0,103,31,0.05,NONE,186
7,72.0,103,31,0.05,NONE,192
7,72.0,103,31,0.05,NONE,198
7,72.0,103,31,0.05,NONE,204
7,72.0,103,31,0.05,NONE,210
7,72.0,103,31,0.05,NONE,216
7,72.0,103,31,0.05,NONE,222
7,72.0,103,31,0.05,NONE,222
7,72.0,103,31,0.05,NONE,222
7,72.0,103,31,0.05,NONE,222
7,72.0,103,31,0.05,NONE,228
7,72.0,103,31,0.05,NONE,222
7,72.0,103,31,0.05,NONE,216
7,72.0,103,31,0.05,NONE,210
7,72.0,103,31,0.05,NONE,204
7,72.0,103,31,0.05,NONE,198
7,72.0,103,31,0.05,NONE,192
7,72.0,103,31,0.05,NONE,186
7,72.0,103,31,0.05,NONE,192
7,72.0,103,31,0.05,NONE,186
7,72.0,103,31,0.05,NONE,186
7,72.0,103,31,0.05,NONE,186
7,72.0,103,31,0.05,NONE,186
7,72.0,103,31,0.05,NONE,186
7,72.0,103,31,0.05,NONE,186
7,72.0,103,31,0.05,NONE,186
7,72.0,103,31,0.05,NONE,180
7,72.0,103,31,0.05,NONE,174
7,72.0,103,31,0.05,NONE,168
7,72.0,103,31,0.05,NONE,162
7,72.0,103,31,0.05,NONE,162
7,72.0,103,31,0.05,NONE,162
7,72.0,103,31,0.05,NONE,162
7,72.0,103,31,0.05,NONE,156
7,72.0,103,31,0.05,NONE,156
7,72.0,103,31,0.05,NONE,156
7,72.0,103,31,0.05,NONE,156
7,72.0,103,31,0.05,NONE,156
7,72.0,103,31,0.05,NONE,156
7,72.0,103,31,0.05,NONE,156
7,72.0,103,31,0.05,NONE,156
7,72.0,103,31,0.05,NONE,156
7,72.0,103,31,0.05,NONE,156
7,72.0,103,31,0.05,NONE,156
7,72.0,103,31,0.05,NONE,156
7,72.0,103,31,0.05,NONE,156
7,72.0,103,31,0.05,NONE,162
7,72.0,103,31,0.05,NONE,168
7,72.0,103,31,0.05,NONE,174
7,72.0,103,31,0.05,NONE,180
7,72.0,103,31,0.05,NONE,186
7,72.0,103,31,0.05,NONE,192
7,73.0,104,31,0.05,NONE,198
7,73.0,104,31,0.05,NONE,192
7,73.0,104,31,0.05,NONE,186
7,73.0,104,31,0.05,NONE,180
7,73.0,104,31,0.05,NONE,174
7,73.0,104,31,0.05,NONE,168
7,73.0,104,31,0.05,NONE,162
7,73.0,104,31,0.05,NONE,156
7,73.0,104,31,0.05,NONE,150
7,73.0,104,31,0.05,NONE,144
7,73.0,104,31,0.05,NONE,138
7,73.0,104,31,0.05,NONE,132
7,73.0,104,31,0.05,NONE,126
7,73.0,104,31,0.05,NONE,120
7,73.0,104,31,0.05,NONE,114
7,73.0,104,31,0.05,NONE,108
7,73.0,104,31,0.05,NONE,102
7,73.0,104,31,0.05,NONE,96
7,73.0,104,31,0.05,NONE,90
7,73.0,104,31,0.05,NONE,84
7,73.0,104,31,0.05,NONE,78
7,73.0,104,31,0.05,NONE,72
7,73.0,104,31,0.05,NONE,66
7,73.0,104,31,0.05,NONE,60
7,73.0,104,31,0.05,NONE,54
7,73.0,104,31,0.05,NONE,48
7,73.0,104,31,0.05,NONE,42
7,73.0,104,31,0.05,NONE,36
7,73.0,104,31,0.05,NONE,30
7,73.0,104,31,0.05,NONE,24
7,73.0,104,31,0.05,NONE,24
7,73.0,104,31,0.05,NONE,24
7,73.0,104,31,0.05,NONE,30
7,73.0,104,31,0.05,NONE,36
7,73.0,104,31,0.05,NONE,42
7,73.0,104,31,0.05,NONE,48
7,73.0,104,31,0.05,NONE,42
7,73.0,104,31,0.05,NONE,48
7,73.0,104,31,0.05,NONE,48
7,73.0,104,31,0.05,NONE,48
7,73.0,104,31,0.05,NONE,54
7,73.0,104,31,0.05,NONE,60
7,73.0,104,31,0.05,NONE,60
7,73.0,104,31,0.05,NONE,60
7,73.0,104,31,0.05,NONE,66
7,73.0,104,31,0.05,NONE,72
7,73.0,104,31,0.05,NONE,78
7,73.0,104,31,0.05,NONE,78
7,73.0,104,31,0.05,NONE,78
7,73.0,104,31,0.05,NONE,78
7,73.0,104,31,0.05,NONE,84
7,73.0,104,31,0.05,NONE,78
7,73.0,104,31,0.05,NONE,84
7,73.0,104,31,0.05,NONE,84
7,73.0,104,31,0.05,NONE,78
7,73.0,104,31,0.05,NONE,84
7,73.0,104,31,0.05,NONE,90
7,73.0,104,31,0.05,NONE,90
7,73.0,104,31,0.05,NONE,90
7,73.0,104,31,0.05,NONE,90
7,73.0,104,31,0.05,NONE,96
7,73.0,104,31,0.05,NONE,102
7,73.0,104,31,0.05,NONE,108
7,73.0,104,31,0.05,NONE,108
7,73.0,104,31,0.05,NONE,108
7,73.0,104,31,0.05,NONE,102
7,73.0,104,31,0.05,NONE,96
7,73.0,104,31,0.05,NONE,90
7,73.0,104,31,0.05,NONE,84
7,73.0,104,31,0.05,NONE,78
7,73.0,104,31,0.05,NONE,72
7,73.0,104,31,0.05,NONE,66
7,73.0,104,31,0.05,NONE,60
7,73.0,104,31,0.05,NONE,54
7,73.0,104,31,0.05,NONE,48
7,73.0,104,31,0.05,NONE,42
7,73.0,104,31,0.05,NONE,48
7,73.0,104,31,0.05,NONE,54
7,73.0,104,31,0.05,NONE,60
7,73.0,104,31,0.05,NONE,60
7,73.0,104,31,0.05,NONE,60
7,73.0,104,31,0.05,NONE,60
7,73.0,104,31,0.05,NONE,60
7,73.0,104,31,0.05,NONE,66
7,73.0,104,31,0.05,NONE,72
7,73.0,104,31,0.05,NONE,78
7,73.0,104,31,0.05,NONE,78
7,73.0,104,31,0.05,NONE,78
7,73.0,104,31,0.05,NONE,78
7,73.0,104,31,0.05,NONE,84
7,73.0,104,31,0.05,NONE,84
7,73.0,104,31,0.05,NONE,84
7,73.0,104,31,0.05,NONE,78
7,73.0,104,31,0.05,NONE,84
7,73.0,104,31,0.05,NONE,84
7,73.0,104,31,0.05,NONE,84
7,73.0,104,31,0.05,NONE,84
7,73.0,104,31,0.05,NONE,84
7,73.0,104,31,0.05,NONE,84
7,73.0,104,31,0.05,NONE,84
7,73.0,104,31,0.05,NONE,84
7,73.0,104,31,0.05,NONE,90
7,73.0,104,31,0.05,NONE,96
7,73.0,104,31,0.05,NONE,102
7,73.0,104,31,0.05,NONE,108
7,73.0,104,31,0.05,NONE,108
7,73.0,104,31,0.05,NONE,108
7,73.0,104,31,0.05,NONE,108
7,73.0,104,31,0.05,NONE,114
7,73.0,104,31,0.05,NONE,120
7,73.0,104,31,0.05,NONE,126
7,73.0,104,31,0.05,NONE,132
7,73.0,104,31,0.05,NONE,138
7,73.0,104,31,0.05,NONE,132
7,73.0,104,31,0.05,NONE,126
7,73.0,104,31,0.05,NONE,120
7,73.0,104,31,0.05,NONE,114
7,73.0,104,31,0.05,NONE,120
7,73.0,104,31,0.05,NONE,114
7,73.0,104,31,0.05,NONE,120
7,73.0,104,31,0.05,NONE,114
7,73.0,104,31,0.05,NONE,120
7,73.0,104,31,0.05,NONE,120
7,73.0,104,31,0.05,NONE,120
7,73.0,104,31,0.05,NONE,120
7,73.0,104,31,0.05,NONE,120
7,73.0,104,31,0.05,NONE,120
7,73.0,104,31,0.05,NONE,120
7,73.0,104,31,0.05,NONE,126
7,73.0,104,31,0.05,NONE,132
7,73.0,104,31,0.05,NONE,132
7,73.0,104,31,0.05,NONE,132
7,73.0,104,31,0.05,NONE,138
7,73.0,104,31,0.05,NONE,144
7,73.0,104,31,0.05,NONE,138
7,73.0,104,31,0.05,NONE,132
7,73.0,104,31,0.05,NONE,126
7,73.0,104,31,0.05,NONE,126
7,73.0,104,31,0.05,NONE,126
7,73.0,104,31,0.05,NONE,126
7,73.0,104,31,0.05,NONE,126
7,73.0,104,31,0.05,NONE,132
7,73.0,104,31,0.05,NONE,138
7,73.0,104,31,0.05,NONE,144
7,73.0,104,31,0.05,NONE,150
7,73.0,104,31,0.05,NONE,156
7,73.0,104,31,0.05,NONE,162
7,73.0,104,31,0.05,NONE,168
7,73.0,104,31,0.05,NONE,168
7,73.0,104,31,0.05,NONE,168
7,73.0,104,31,0.05,NONE,168
7,73.0,104,31,0.05,NONE,174
7,73.0,104,31,0.05,NONE,174
7,73.0,104,31,0.05,NONE,180
7,73.0,104,31,0.05,NONE,186
7,73.0,104,31,0.05,NONE,192
7,73.0,104,31,0.05,NONE,198
7,73.0,104,31,0.05,NONE,204
7,73.0,104,31,0.05,NONE,210
7,73.0,104,31,0.05,NONE,216
7,73.0,104,31,0.05,NONE,216
7,73.0,104,31,0.05,NONE,216
7,73.0,104,31,0.05,NONE,216
7,73.0,104,31,0.05,NONE,222
7,73.0,104,31,0.05,NONE,228
7,73.0,104,31,0.05,NONE,228
7,73.0,104,31,0.05,NONE,222
7,73.0,104,31,0.05,NONE,228
7,73.0,104,31,0.05,NONE,222
7,73.0,104,31,0.05,NONE,216
7,73.0,104,31,0.05,NONE,210
7,73.0,104,31,0.05,NONE,204
7,73.0,104,31,0.05,NONE,198
7,73.0,104,31,0.05,NONE,192
7,73.0,104,31,0.05,NONE,186
7,73.0,104,31,0.05,NONE,186
7,73.0,104,31,0.05,NONE,186
7,73.0,104,31,0.05,NONE,192
7,73.0,104,31,0.05,NONE,192
7,73.0,104,31,0.05,NONE,186
7,73.0,104,31,0.05,NONE,192
7,73.0,104,31,0.05,NONE,192
7,73.0,104,31,0.05,NONE,192
7,73.0,104,31,0.05,NONE,198
7,73.0,104,31,0.05,NONE,204
7,73.0,104,31,0.05,NONE,210
7,73.0,104,31,0.05,NONE,216
7,73.0,104,31,0.05,NONE,222
7,73.0,104,31,0.05,NONE,228
7,73.0,104,31,0.05,NONE,228
7,73.0,104,31,0.05,NONE,222
7,73.0,104,31,0.05,NONE,216
7,73.0,104,31,0.05,NONE,210
7,73.0,104,31,0.05,NONE,204
7,73.0,104,31,0.05,NONE,198
7,73.0,104,31,0.05,NONE,192
7,73.0,104,31,0.05,NONE,186
7,73.0,104,31,0.05,NONE,180
7,73.0,104,31,0.05,NONE,174
7,73.0,104,31,0.05,NONE,174
7,73.0,104,31,0.05,NONE,168
7,73.0,104,31,0.05,NONE,162
7,73.0,104,31,0.05,NONE,156
7,73.0,104,31,0.05,NONE,156
7,73.0,104,31,0.05,NONE,150
7,73.0,104,31,0.05,NONE,144
7,73.0,104,31,0.05,NONE,138
7,73.0,104,31,0.05,NONE,132
7,73.0,104,31,0.05,NONE,126
7,73.0,104,31,0.05,NONE,120
7,73.0,104,31,0.05,NONE,114
7,73.0,104,31,0.05,NONE,108
7,73.0,104,31,0.05,NONE,102
7,73.0,104,31,0.05,NONE,96
7,73.0,104,31,0.05,NONE,90
7,73.0,104,31,0.05,NONE,84
7,73.0,104,31,0.05,NONE,78
7,73.0,104,31,0.05,NONE,72
7,73.0,104,31,0.05,NONE,66
7,73.0,104,31,0.05,NONE,60
7,73.0,104,31,0.05,NONE,54
7,73.0,104,31,0.05,NONE,54
7,73.0,104,31,0.05,NONE,48
7,73.0,104,31,0.05,NONE,42
7,73.0,104,31,0.05,NONE,36
7,73.0,104,31,0.05,NONE,30
7,73.0,104,31,0.05,NONE,24
7,73.0,104,31,0.05,NONE,18
7,73.0,104,31,0.05,NONE,12
7,73.0,104,31,0.05,NONE,6
7,73.0,104,31,0.05,NONE,0
7,73.0,104,31,0.05,NONE,0
7,73.0,104,31,0.05,NONE,0
7,73.0,104,31,0.05,NONE,0
7,73.0,104,31,0.05,NONE,0
7,73.0,104,31,0.05,NONE,0
7,73.0,104,31,0.05,NONE,0
7,73.0,104,31,0.05,NONE,0
7,73.0,104,31,0.05,NONE,0
7,73.0,104,31,0.05,NONE,0
7,73.0,104,31,0.05,NONE,0
7,73.0,104,31,0.05,NONE,0
7,73.0,104,31,0.05,NONE,0
7,73.0,104,31,0.05,NONE,6
7,73.0,104,31,0.05,NONE,0
7,73.0,104,31,0.05,NONE,0
7,73.0,104,31,0.05,NONE,0
7,73.0,104,31,0.05,NONE,0
7,73.0,104,31,0.05,NONE,0
7,73.0,104,31,0.05,NONE,0
7,73.0,104,31,0.05,NONE,0
7,73.0,104,31,0.05,NONE,0
7,73.0,104,31,0.05,NONE,0
7,73.0,104,31,0.05,NONE,0
7,73.0,104,31,0.05,NONE,0
7,73.0,104,31,0.05,NONE,0
7,73.0,104,31,0.05,NONE,0
7,73.0,104,31,0.05,NONE,0
7,73.0,104,31,0.05,NONE,0
7,73.0,104,31,0.05,NONE,0
7,73.0,104,31,0.05,NONE,0
7,73.0,104,31,0.05,NONE,0
7,73.0,104,31,0.05,NONE,0
7,73.0,104,31,0.05,NONE,0
7,73.0,104,31,0.05,NONE,0
7,73.0,104,31,0.05,NONE,0
7,73.0,104,31,0.05,NONE,0
7,73.0,104,31,0.05,NONE,0
7,73.0,104,31,0.05,NONE,0
191,73.0,104,31,0.05,NONE,0
191,73.0,104,31,0.05,NONE,0
191,73.0,104,31,0.05,NONE,0
191,73.0,104,31,0.05,NONE,0
191,73.0,104,31,0.05,NONE,0
191,73.0,104,31,0.05,NONE,0
191,73.0,104,31,0.05,NONE,0
191,73.0,104,31,0.05,NONE,0
191,73.0,104,31,0.05,NONE,0
191,73.0,104,31,0.05,NONE,0
191,73.0,104,31,0.05,NONE,0
191,73.0,104,31,0.05,NONE,0
191,73.0,104,31,0.05,NONE,0
191,73.0,104,31,0.05,NONE,0
191,73.0,104,31,0.05,NONE,0
191,73.0,104,31,0.05,NONE,0
191,73.0,104,31,0.05,NONE,0
191,73.0,104,31,0.05,NONE,6
191,73.0,104,31,0.05,NONE,12
191,73.0,104,31,0.05,NONE,18
191,73.0,104,31,0.05,NONE,24
191,73.0,104,31,0.05,NONE,24
191,73.0,104,31,0.05,NONE,24
191,73.0,104,31,0.05,NONE,24
191,73.0,104,31,0.05,NONE,24
191,73.0,104,31,0.05,NONE,30
191,73.0,104,31,0.05,NONE,30
191,73.0,104,31,0.05,NONE,30
191,73.0,104,31,0.05,NONE,30
191,73.0,104,31,0.05,NONE,36
191,73.0,104,31,0.05,NONE,42
191,73.0,104,31,0.05,NONE,48
191,73.0,104,31,0.05,NONE,54
191,73.0,104,31,0.05,NONE,60
191,73.0,104,31,0.05,NONE,66
191,73.0,104,31,0.05,NONE,72
191,73.0,104,31,0.05,NONE,78
191,73.0,104,31,0.05,NONE,84
191,73.0,104,31,0.05,NONE,90
191,73.0,104,31,0.05,NONE,96
191,73.0,104,31,0.05,NONE,102
191,73.0,104,31,0.05,NONE,102
191,73.0,104,31,0.05,NONE,102
191,73.0,104,31,0.05,NONE,102
191,73.0,104,31,0.05,NONE,96
191,73.0,104,31,0.05,NONE,90
191,73.0,104,31,0.05,NONE,90
191,73.0,104,31,0.05,NONE,90
191,73.0,104,31,0.05,NONE,90
191,73.0,104,31,0.05,NONE,90
191,73.0,104,31,0.05,NONE,84
191,73.0,104,31,0.05,NONE,78
191,73.0,104,31,0.05,NONE,84
191,73.0,104,31,0.05,NONE,90
191,73.0,104,31,0.05,NONE,96
191,73.0,104,31,0.05,NONE,96
191,73.0,104,31,0.05,NONE,102
191,73.0,104,31,0.05,NONE,102
191,73.0,104,31,0.05,NONE,102
191,73.0,104,31,0.05,NONE,102
191,73.0,104,31,0.05,NONE,102
191,73.0,104,31,0.05,NONE,108
191,73.0,104,31,0.05,NONE,102
191,73.0,104,31,0.05,NONE,102
191,73.0,104,31,0.05,NONE,96
191,73.0,104,31,0.05,NONE,90
191,73.0,104,31,0.05,NONE,84
191,73.0,104,31,0.05,NONE,90
191,73.0,104,31,0.05,NONE,96
191,73.0,104,31,0.05,NONE,102
191,73.0,104,31,0.05,NONE,108
191,73.0,104,31,0.05,NONE,114
191,73.0,104,31,0.05,NONE,114
191,73.0,104,31,0.05,NONE,120
191,73.0,104,31,0.05,NONE,126
191,73.0,104,31,0.05,NONE,132
191,73.0,104,31,0.05,NONE,138
191,73.0,104,31,0.05,NONE,138
191,73.0,104,31,0.05,NONE,138
191,73.0,104,31,0.05,NONE,138
191,73.0,104,31,0.05,NONE,144
191,73.0,104,31,0.05,NONE,144
191,73.0,104,31,0.05,NONE,144
191,73.0,104,31,0.05,NONE,144
191,73.0,104,31,0.05,NONE,150
191,73.0,104,31,0.05,NONE,156
191,73.0,104,31,0.05,NONE,162
191,73.0,104,31,0.05,NONE,168
191,73.0,104,31,0.05,NONE,162
191,73.0,104,31,0.05,NONE,168
191,73.0,104,31,0.05,NONE,174
191,73.0,104,31,0.05,NONE,180
191,73.0,104,31,0.05,NONE,186
191,73.0,104,31,0.05,NONE,192
191,73.0,104,31,0.05,NONE,198
191,73.0,104,31,0.05,NONE,204
191,73.0,104,31,0.05,NONE,204
191,73.0,104,31,0.05,NONE,204
191,73.0,104,31,0.05,NONE,204
191,73.0,104,31,0.05,NONE,204
191,73.0,104,31,0.05,NONE,204
191,73.0,104,31,0.05,NONE,204
191,73.0,104,31,0.05,NONE,198
191,73.0,104,31,0.05,NONE,192
191,73.0,104,31,0.05,NONE,186
191,73.0,104,31,0.05,NONE,192
191,73.0,104,31,0.05,NONE,192
191,73.0,104,31,0.05,NONE,192
191,73.0,104,31,0.05,NONE,186
191,73.0,104,31,0.05,NONE,180
191,73.0,104,31,0.05,NONE,174
191,73.0,104,31,0.05,NONE,168
191,73.0,104,31,0.05,NONE,162
191,73.0,104,31,0.05,NONE,156
191,73.0,104,31,0.05,NONE,150
191,73.0,104,31,0.05,NONE,150
191,73.0,104,31,0.05,NONE,144
191,73.0,104,31,0.05,NONE,144
191,73.0,104,31,0.05,NONE,144
191,73.0,104,31,0.05,NONE,144
191,73.0,104,31,0.05,NONE,144
191,73.0,104,31,0.05,NONE,144
191,73.0,104,31,0.05,NONE,144
191,73.0,104,31,0.05,NONE,144
191,73.0,104,31,0.05,NONE,144
191,73.0,104,31,0.05,NONE,144
191,73.0,104,31,0.05,NONE,144
191,73.0,104,31,0.05,NONE,144
191,73.0,104,31,0.05,NONE,144
191,73.0,104,31,0.05,NONE,144
191,73.0,104,31,0.05,NONE,144
191,73.0,104,31,0.05,NONE,150
191,73.0,104,31,0.05,NONE,156
191,73.0,104,31,0.05,NONE,162
191,73.0,104,31,0.05,NONE,168
191,73.0,104,31,0.05,NONE,162
191,73.0,104,31,0.05,NONE,156
191,73.0,104,31,0.05,NONE,162
191,73.0,104,31,0.05,NONE,168
191,73.0,104,31,0.05,NONE,174
191,73.0,104,31,0.05,NONE,168
191,73.0,104,31,0.05,NONE,162
191,73.0,104,31,0.05,NONE,156
191,73.0,104,31,0.05,NONE,162
191,73.0,104,31,0.05,NONE,168
191,73.0,104,31,0.05,NONE,174
191,73.0,104,31,0.05,NONE,180
191,73.0,104,31,0.05,NONE,186
191,73.0,104,31,0.05,NONE,192
191,73.0,104,31,0.05,NONE,198
191,73.0,104,31,0.05,NONE,204
191,73.0,104,31,0.05,NONE,210
191,73.0,104,31,0.05,NONE,216
191,73.0,104,31,0.05,NONE,222
191,73.0,104,31,0.05,NONE,228
191,73.0,104,31,0.05,NONE,222
191,73.0,104,31,0.05,NONE,216
191,73.0,104,31,0.05,NONE,210
191,73.0,104,31,0.05,NONE,210
191,73.0,104,31,0.05,NONE,210
191,73.0,104,31,0.05,NONE,210
191,73.0,104,31,0.05,NONE,210
191,73.0,104,31,0.05,NONE,204
191,73.0,104,31,0.05,NONE,198
191,73.0,104,31,0.05,NONE,198
191,73.0,104,31,0.05,NONE,192
191,73.0,104,31,0.05,NONE,186
191,73.0,104,31,0.05,NONE,192
191,73.0,104,31,0.05,NONE,198
191,73.0,104,31,0.05,NONE,204
191,73.0,104,31,0.05,NONE,204
191,73.0,104,31,0.05,NONE,204
191,73.0,104,31,0.05,NONE,204
191,73.0,104,31,0.05,NONE,210
191,73.0,104,31,0.05,NONE,216
191,73.0,104,31,0.05,NONE,222
191,73.0,104,31,0.05,NONE,222
191,73.0,104,31,0.05,NONE,222
191,73.0,104,31,0.05,NONE,222
191,73.0,104,31,0.05,NONE,222
191,73.0,104,31,0.05,NONE,222
191,73.0,104,31,0.05,NONE,222
191,73.0,104,31,0.05,NONE,222
191,73.0,104,31,0.05,NONE,228
191,73.0,104,31,0.05,NONE,234
191,73.0,104,31,0.05,NONE,240
191,73.0,104,31,0.05,NONE,246
191,73.0,104,31,0.05,NONE,252
191,73.0,104,31,0.05,NONE,258
191,73.0,104,31,0.05,NONE,264
191,73.0,104,31,0.05,NONE,270
191,73.0,104,31,0.05,NONE,276
191,73.0,104,31,0.05,NONE,282
191,73.0,104,31,0.05,NONE,288
191,73.0,104,31,0.05,NONE,288
191,73.0,104,31,0.05,NONE,288
191,73.0,104,31,0.05,NONE,288
191,73.0,104,31,0.05,NONE,288
191,73.0,104,31,0.05,NONE,288
191,73.0,104,31,0.05,NONE,294
191,73.0,104,31,0.05,NONE,300
191,73.0,104,31,0.05,NONE,306
191,73.0,104,31,0.05,NONE,306
191,73.0,104,31,0.05,NONE,300
191,73.0,104,31,0.05,NONE,306
191,73.0,104,31,0.05,NONE,312
191,73.0,104,31,0.05,NONE,318
191,73.0,104,31,0.05,NONE,324
191,73.0,104,31,0.05,NONE,330
191,73.0,104,31,0.05,NONE,336
191,73.0,104,31,0.05,NONE,330
191,73.0,104,31,0.05,NONE,336
191,73.0,104,31,0.05,NONE,336
191,73.0,104,31,0.05,NONE,336
191,73.0,104,31,0.05,NONE,336
191,73.0,104,31,0.05,NONE,336
191,73.0,104,31,0.05,NONE,330
191,73.0,104,31,0.05,NONE,324
191,73.0,104,31,0.05,NONE,318
191,73.0,104,31,0.05,NONE,312
191,73.0,104,31,0.05,NONE,306
191,73.0,104,31,0.05,NONE,300
191,73.0,104,31,0.05,NONE,294
191,73.0,104,31,0.05,NONE,288
191,73.0,104,31,0.05,NONE,288
191,73.0,104,31,0.05,NONE,282
191,73.0,104,31,0.05,NONE,276
191,73.0,104,31,0.05,NONE,270
191,73.0,104,31,0.05,NONE,264
191,73.0,104,31,0.05,NONE,258
191,73.0,104,31,0.05,NONE,264
191,73.0,104,31,0.05,NONE,264
191,73.0,104,31,0.05,NONE,264
191,73.0,104,31,0.05,NONE,264
191,73.0,104,31,0.05,NONE,264
191,73.0,104,31,0.05,NONE,264
191,73.0,104,31,0.05,NONE,270
191,73.0,104,31,0.05,NONE,276
191,73.0,104,31,0.05,NONE,276
191,73.0,104,31,0.05,NONE,276
191,73.0,104,31,0.05,NONE,282
191,73.0,104,31,0.05,NONE,282
191,73.0,104,31,0.05,NONE,282
191,73.0,104,31,0.05,NONE,288
191,73.0,104,31,0.05,NONE,294
191,73.0,104,31,0.05,NONE,300
191,73.0,104,31,0.05,NONE,294
191,73.0,104,31,0.05,NONE,300
191,73.0,104,31,0.05,NONE,300
191,73.0,104,31,0.05,NONE,300
191,73.0,104,31,0.05,NONE,294
191,73.0,104,31,0.05,NONE,300
191,73.0,104,31,0.05,NONE,300
191,73.0,104,31,0.05,NONE,300
191,73.0,104,31,0.05,NONE,300
191,73.0,104,31,0.05,NONE,306
191,73.0,104,31,0.05,NONE,312
191,73.0,104,31,0.05,NONE,318
191,73.0,104,31,0.05,NONE,318
191,73.0,104,31,0.05,NONE,318
191,73.0,104,31,0.05,NONE,318
191,73.0,104,31,0.05,NONE,324
191,73.0,104,31,0.05,NONE,330
191,73.0,104,31,0.05,NONE,324
191,73.0,104,31,0.05,NONE,318
191,73.0,104,31,0.05,NONE,312
191,73.0,104,31,0.05,NONE,306
191,73.0,104,31,0.05,NONE,300
191,73.0,104,31,0.05,NONE,294
191,73.0,104,31,0.05,NONE,300
191,73.0,104,31,0.05,NONE,300
191,73.0,104,31,0.05,NONE,306
191,73.0,104,31,0.05,NONE,300
191,73.0,104,31,0.05,NONE,294
191,73.0,104,31,0.05,NONE,300
191,73.0,104,31,0.05,NONE,300
191,73.0,104,31,0.05,NONE,300
191,73.0,104,31,0.05,NONE,300
191,73.0,104,31,0.05,NONE,300
191,73.0,104,31,0.05,NONE,300
191,73.0,104,31,0.05,NONE,300
191,73.0,104,31,0.05,NONE,306
191,73.0,104,31,0.05,NONE,312
191,73.0,104,31,0.05,NONE,318
191,73.0,104,31,0.05,NONE,324
191,73.0,104,31,0.05,NONE,324
191,73.0,104,31,0.05,NONE,324
191,73.0,104,31,0.05,NONE,324
191,73.0,104,31,0.05,NONE,330
191,73.0,104,31,0.05,NONE,336
191,73.0,104,31,0.05,NONE,336
191,73.0,104,31,0.05,NONE,330
191,73.0,104,31,0.05,NONE,336
191,73.0,104,31,0.05,NONE,336
191,73.0,104,31,0.05,NONE,330
191,73.0,104,31,0.05,NONE,336
191,73.0,104,31,0.05,NONE,336
191,73.0,104,31,0.05,NONE,336
191,73.0,104,31,0.05,NONE,336
191,73.0,104,31,0.05,NONE,342
191,73.0,104,31,0.05,NONE,348
191,73.0,104,31,0.05,NONE,354
191,73.0,104,31,0.05,NONE,354
191,73.0,104,31,0.05,NONE,354
191,73.0,104,31,0.05,NONE,354
191,73.0,104,31,0.05,NONE,354
191,73.0,104,31,0.05,NONE,348
191,73.0,104,31,0.05,NONE,342
191,73.0,104,31,0.05,NONE,336
191,73.0,104,31,0.05,NONE,330
191,73.0,104,31,0.05,NONE,336
191,73.0,104,31,0.05,NONE,336
191,73.0,104,31,0.05,NONE,336
191,73.0,104,31,0.05,NONE,342
191,73.0,104,31,0.05,NONE,348
191,73.0,104,31,0.05,NONE,354
191,73.0,104,31,0.05,NONE,360
191,73.0,104,31,0.05,NONE,354
191,73.0,104,31,0.05,NONE,348
191,73.0,104,31,0.05,NONE,342
191,73.0,104,31,0.05,NONE,336
191,73.0,104,31,0.05,NONE,330
191,73.0,104,31,0.05,NONE,336
191,73.0,104,31,0.05,NONE,336
191,73.0,104,31,0.05,NONE,336
191,74.0,105,31,0.05,NONE,342
191,74.0,105,31,0.05,NONE,336
191,74.0,105,31,0.05,NONE,330
191,74.0,105,31,0.05,NONE,330
191,74.0,105,31,0.05,NONE,324
191,74.0,105,31,0.05,NONE,324
191,74.0,105,31,0.05,NONE,318
191,74.0,105,31,0.05,NONE,312
191,74.0,105,31,0.05,NONE,306
191,74.0,105,31,0.05,NONE,300
191,74.0,105,31,0.05,NONE,294
191,74.0,105,31,0.05,NONE,288
191,74.0,105,31,0.05,NONE,282
191,74.0,105,31,0.05,NONE,276
191,74.0,105,31,0.05,NONE,270
191,74.0,105,31,0.05,NONE,264
191,74.0,105,31,0.05,NONE,258
191,74.0,105,31,0.05,NONE,258
191,74.0,105,31,0.05,NONE,252
191,74.0,105,31,0.05,NONE,246
191,74.0,105,31,0.05,NONE,240
191,74.0,105,31,0.05,NONE,234
191,74.0,105,31,0.05,NONE,234
191,74.0,105,31,0.05,NONE,228
191,74.0,105,31,0.05,NONE,222
191,74.0,105,31,0.05,NONE,216
191,74.0,105,31,0.05,NONE,210
191,74.0,105,31,0.05,NONE,204
191,74.0,105,31,0.05,NONE,198
191,74.0,105,31,0.05,NONE,192
191,74.0,105,31,0.05,NONE,186
191,74.0,105,31,0.05,NONE,180
191,74.0,105,31,0.05,NONE,174
191,74.0,105,31,0.05,NONE,168
191,74.0,105,31,0.05,NONE,162
191,74.0,105,31,0.05,NONE,156
191,74.0,105,31,0.05,NONE,150
191,74.0,105,31,0.05,NONE,144
191,74.0,105,31,0.05,NONE,138
191,74.0,105,31,0.05,NONE,132
191,74.0,105,31,0.05,NONE,126
191,74.0,105,31,0.05,NONE,120
191,74.0,105,31,0.05,NONE,114
191,74.0,105,31,0.05,NONE,108
191,74.0,105,31,0.05,NONE,102
191,74.0,105,31,0.05,NONE,96
191,74.0,105,31,0.05,NONE,90
191,74.0,105,31,0.05,NONE,84
191,74.0,105,31,0.05,NONE,78
191,74.0,105,31,0.05,NONE,72
191,74.0,105,31,0.05,NONE,66
191,74.0,105,31,0.05,NONE,60
191,74.0,105,31,0.05,NONE,54
191,74.0,105,31,0.05,NONE,48
191,74.0,105,31,0.05,NONE,42
191,74.0,105,31,0.05,NONE,36
191,74.0,105,31,0.05,NONE,30
191,74.0,105,31,0.05,NONE,24
191,74.0,105,31,0.05,NONE,18
191,74.0,105,31,0.05,NONE,12
191,74.0,105,31,0.05,NONE,12
191,74.0,105,31,0.05,NONE,6
191,74.0,105,31,0.05,NONE,0
191,74.0,105,31,0.05,NONE,0
191,74.0,105,31,0.05,NONE,0
191,74.0,105,31,0.05,NONE,0
191,74.0,105,31,0.05,NONE,0
191,74.0,105,31,0.05,NONE,0
191,74.0,105,31,0.05,NONE,0
191,74.0,105,31,0.05,NONE,0
191,74.0,105,31,0.05,NONE,0
191,74.0,105,31,0.05,NONE,0
191,74.0,105,31,0.05,NONE,0
191,74.0,105,31,0.05,NONE,0
191,74.0,105,31,0.05,NONE,0
191,74.0,105,31,0.05,NONE,0
191,74.0,105,31,0.05,NONE,0
191,74.0,105,31,0.05,NONE,0
191,74.0,105,31,0.05,NONE,0
191,74.0,105,31,0.05,NONE,0
191,74.0,105,31,0.05,NONE,0
191,74.0,105,31,0.05,NONE,0
191,74.0,105,31,0.05,NONE,0
191,74.0,105,31,0.05,NONE,0
191,74.0,105,31,0.05,NONE,0
191,74.0,105,31,0.05,NONE,0
191,74.0,105,31,0.05,NONE,0
191,74.0,105,31,0.05,NONE,0
191,74.0,105,31,0.05,NONE,0
191,74.0,105,31,0.05,NONE,0
191,74.0,105,31,0.05,NONE,0
191,74.0,105,31,0.05,NONE,0
191,74.0,105,31,0.05,NONE,0
191,74.0,105,31,0.05,NONE,0
191,74.0,105,31,0.05,NONE,0
191,74.0,105,31,0.05,NONE,0
191,74.0,105,31,0.05,NONE,0
191,74.0,105,31,0.05,NONE,0
191,74.0,105,31,0.05,NONE,0
191,74.0,105,31,0.05,NONE,0
191,74.0,105,31,0.05,NONE,0
191,74.0,105,31,0.05,NONE,0
191,74.0,105,31,0.05,NONE,6
191,74.0,105,31,0.05,NONE,12
191,74.0,105,31,0.05,NONE,12
191,74.0,105,31,0.05,NONE,6
191,74.0,105,31,0.05,NONE,6
191,74.0,105,31,0.05,NONE,12
191,74.0,105,31,0.05,NONE,6
191,74.0,105,31,0.05,NONE,12
191,74.0,105,31,0.05,NONE,18
191,74.0,105,31,0.05,NONE,24
191,74.0,105,31,0.05,NONE,30
191,74.0,105,31,0.05,NONE,36
191,74.0,105,31,0.05,NONE,42
191,74.0,105,31,0.05,NONE,48
191,74.0,105,31,0.05,NONE,48
191,74.0,105,31,0.05,NONE,42
191,74.0,105,31,0.05,NONE,48
191,74.0,105,31,0.05,NONE,48
191,74.0,105,31,0.05,NONE,48
191,74.0,105,31,0.05,NONE,48
191,74.0,105,31,0.05,NONE,54
191,74.0,105,31,0.05,NONE,48
191,74.0,105,31,0.05,NONE,42
191,74.0,105,31,0.05,NONE,36
191,74.0,105,31,0.05,NONE,30
191,74.0,105,31,0.05,NONE,30
191,74.0,105,31,0.05,NONE,24
191,74.0,105,31,0.05,NONE,18
191,74.0,105,31,0.05,NONE,12
191,74.0,105,31,0.05,NONE,6
191,74.0,105,31,0.05,NONE,6
191,74.0,105,31,0.05,NONE,6
191,74.0,105,31,0.05,NONE,12
191,74.0,105,31,0.05,NONE,12
191,74.0,105,31,0.05,NONE,12
191,74.0,105,31,0.05,NONE,12
191,74.0,105,31,0.05,NONE,12
191,74.0,105,31,0.05,NONE,18
191,74.0,105,31,0.05,NONE,24
191,74.0,105,31,0.05,NONE,30
191,74.0,105,31,0.05,NONE,36
191,74.0,105,31,0.05,NONE,36
191,74.0,105,31,0.05,NONE,36
191,74.0,105,31,0.05,NONE,36
191,74.0,105,31,0.05,NONE,42
191,74.0,105,31,0.05,NONE,48
191,74.0,105,31,0.05,NONE,54
191,74.0,105,31,0.05,NONE,60
191,74.0,105,31,0.05,NONE,60
191,74.0,105,31,0.05,NONE,60
191,74.0,105,31,0.05,NONE,66
191,74.0,105,31,0.05,NONE,72
191,74.0,105,31,0.05,NONE,78
191,74.0,105,31,0.05,NONE,72
191,74.0,105,31,0.05,NONE,66
191,74.0,105,31,0.05,NONE,60
191,74.0,105,31,0.05,NONE,54
191,74.0,105,31,0.05,NONE,48
191,74.0,105,31,0.05,NONE,42
191,74.0,105,31,0.05,NONE,48
191,74.0,105,31,0.05,NONE,42
191,74.0,105,31,0.05,NONE,48
191,74.0,105,31,0.05,NONE,42
191,74.0,105,31,0.05,NONE,42
191,74.0,105,31,0.05,NONE,42
191,74.0,105,31,0.05,NONE,48
191,74.0,105,31,0.05,NONE,54
191,74.0,105,31,0.05,NONE,60
191,74.0,105,31,0.05,NONE,66
191,74.0,105,31,0.05,NONE,72
191,74.0,105,31,0.05,NONE,72
191,74.0,105,31,0.05,NONE,72
191,74.0,105,31,0.05,NONE,72
191,74.0,105,31,0.05,NONE,78
191,74.0,105,31,0.05,NONE,84
191,74.0,105,31,0.05,NONE,90
191,74.0,105,31,0.05,NONE,96
191,74.0,105,31,0.05,NONE,96
191,74.0,105,31,0.05,NONE,102
191,74.0,105,31,0.05,NONE,108
191,74.0,105,31,0.05,NONE,114
191,74.0,105,31,0.05,NONE,120
191,74.0,105,31,0.05,NONE,126
191,74.0,105,31,0.05,NONE,132
191,74.0,105,31,0.05,NONE,138
191,74.0,105,31,0.05,NONE,144
191,74.0,105,31,0.05,NONE,150
191,74.0,105,31,0.05,NONE,150
191,74.0,105,31,0.05,NONE,150
191,74.0,105,31,0.05,NONE,150
191,74.0,105,31,0.05,NONE,150
191,74.0,105,31,0.05,NONE,150
191,74.0,105,31,0.05,NONE,156
191,74.0,105,31,0.05,NONE,156
191,74.0,105,31,0.05,NONE,156
191,74.0,105,31,0.05,NONE,162
191,74.0,105,31,0.05,NONE,168
191,74.0,105,31,0.05,NONE,174
191,74.0,105,31,0.05,NONE,180
191,74.0,105,31,0.05,NONE,174
191,74.0,105,31,0.05,NONE,168
191,74.0,105,31,0.05,NONE,162
191,74.0,105,31,0.05,NONE,156
191,74.0,105,31,0.05,NONE,150
191,74.0,105,31,0.05,NONE,144
191,74.0,105,31,0.05,NONE,138
191,74.0,105,31,0.05,NONE,132
191,74.0,105,31,0.05,NONE,126
191,74.0,105,31,0.05,NONE,120
191,74.0,105,31,0.05,NONE,114
191,74.0,105,31,0.05,NONE,108
191,74.0,105,31,0.05,NONE,102
191,74.0,105,31,0.05,NONE,96
191,74.0,105,31,0.05,NONE,90
191,74.0,105,31,0.05,NONE,84
191,74.0,105,31,0.05,NONE,78
191,74.0,105,31,0.05,NONE,84
191,74.0,105,31,0.05,NONE,78
191,74.0,105,31,0.05,NONE,84
191,74.0,105,31,0.05,NONE,78
191,74.0,105,31,0.05,NONE,72
191,74.0,105,31,0.05,NONE,66
191,74.0,105,31,0.05,NONE,60
191,74.0,105,31,0.05,NONE,54
191,74.0,105,31,0.05,NONE,48
191,74.0,105,31,0.05,NONE,42
191,74.0,105,31,0.05,NONE,36
191,74.0,105,31,0.05,NONE,30
191,74.0,105,31,0.05,NONE,24
191,74.0,105,31,0.05,NONE,18
191,74.0,105,31,0.05,NONE,12
191,74.0,105,31,0.05,NONE,6
191,74.0,105,31,0.05,NONE,12
191,74.0,105,31,0.05,NONE,6
191,74.0,105,31,0.05,NONE,0
191,74.0,105,31,0.05,NONE,0
191,74.0,105,31,0.05,NONE,0
191,74.0,105,31,0.05,NONE,0
191,74.0,105,31,0.05,NONE,0
191,74.0,105,31,0.05,NONE,0
191,74.0,105,31,0.05,NONE,0
191,74.0,105,31,0.05,NONE,0
191,74.0,105,31,0.05,NONE,0
191,74.0,105,31,0.05,NONE,0
191,74.0,105,31,0.05,NONE,0
191,74.0,105,31,0.05,NONE,0
191,74.0,105,31,0.05,NONE,0
191,74.0,105,31,0.05,NONE,0
191,74.0,105,31,0.05,NONE,0
191,74.0,105,31,0.05,NONE,0
191,74.0,105,31,0.05,NONE,0
191,74.0,105,31,0.05,NONE,0
191,74.0,105,31,0.05,NONE,0
191,74.0,105,31,0.05,NONE,0
191,74.0,105,31,0.05,NONE,0
191,74.0,105,31,0.05,NONE,0
191,74.0,105,31,0.05,NONE,6
191,74.0,105,31,0.05,NONE,0
191,74.0,105,31,0.05,NONE,0
191,74.0,105,31,0.05,NONE,0
191,74.0,105,31,0.05,NONE,0
191,74.0,105,31,0.05,NONE,6
191,74.0,105,31,0.05,NONE,0
191,74.0,105,31,0.05,NONE,0
191,74.0,105,31,0.05,NONE,0
191,74.0,105,31,0.05,NONE,0
191,74.0,105,31,0.05,NONE,0
191,74.0,105,31,0.05,NONE,0
191,74.0,105,31,0.05,NONE,0
191,74.0,105,31,0.05,NONE,0
191,74.0,105,31,0.05,NONE,0
191,74.0,105,31,0.05,NONE,0
191,74.0,105,31,0.05,NONE,0
191,74.0,105,31,0.05,NONE,0
191,74.0,105,31,0.05,NONE,0
191,74.0,105,31,0.05,NONE,6
191,74.0,105,31,0.05,NONE,12
191,74.0,105,31,0.05,NONE,18
191,74.0,105,31,0.05,NONE,24
191,74.0,105,31,0.05,NONE,24
191,74.0,105,31,0.05,NONE,24
191,74.0,105,31,0.05,NONE,30
191,74.0,105,31,0.05,NONE,36
191,74.0,105,31,0.05,NONE,42
191,74.0,105,31,0.05,NONE,48
191,74.0,105,31,0.05,NONE,54
191,74.0,105,31,0.05,NONE,60
191,74.0,105,31,0.05,NONE,66
191,74.0,105,31,0.05,NONE,72
191,74.0,105,31,0.05,NONE,78
191,74.0,105,31,0.05,NONE,72
191,74.0,105,31,0.05,NONE,72
191,74.0,105,31,0.05,NONE,72
191,74.0,105,31,0.05,NONE,78
191,74.0,105,31,0.05,NONE,84
191,74.0,105,31,0.05,NONE,84
191,74.0,105,31,0.05,NONE,84
191,74.0,105,31,0.05,NONE,84
191,74.0,105,31,0.05,NONE,84
191,74.0,105,31,0.05,NONE,78
191,74.0,105,31,0.05,NONE,84
191,74.0,105,31,0.05,NONE,78
191,74.0,105,31,0.05,NONE,84
191,74.0,105,31,0.05,NONE,78
191,74.0,105,31,0.05,NONE,84
191,74.0,105,31,0.05,NONE,90
191,74.0,105,31,0.05,NONE,96
191,74.0,105,31,0.05,NONE,96
191,74.0,105,31,0.05,NONE,96
191,74.0,105,31,0.05,NONE,96
191,74.0,105,31,0.05,NONE,102
191,74.0,105,31,0.05,NONE,108
191,74.0,105,31,0.05,NONE,114
191,74.0,105,31,0.05,NONE,114
191,74.0,105,31,0.05,NONE,114
191,74.0,105,31,0.05,NONE,114
191,74.0,105,31,0.05,NONE,120
191,74.0,105,31,0.05,NONE,126
191,74.0,105,31,0.05,NONE,132
191,74.0,105,31,0.05,NONE,138
191,74.0,105,31,0.05,NONE,144
191,74.0,105,31,0.05,NONE,150
191,74.0,105,31,0.05,NONE,156
191,74.0,105,31,0.05,NONE,162
191,74.0,105,31,0.05,NONE,168
191,74.0,105,31,0.05,NONE,174
191,74.0,105,31,0.05,NONE,180
191,74.0,105,31,0.05,NONE,186
191,74.0,105,31,0.05,NONE,180
191,74.0,105,31,0.05,NONE,186
191,74.0,105,31,0.05,NONE,192
191,74.0,105,31,0.05,NONE,198
191,74.0,105,31,0.05,NONE,204
191,74.0,105,31,0.05,NONE,210
191,74.0,105,31,0.05,NONE,216
191,74.0,105,31,0.05,NONE,222
191,74.0,105,31,0.05,NONE,228
191,74.0,105,31,0.05,NONE,222
191,74.0,105,31,0.05,NONE,228
191,74.0,105,31,0.05,NONE,222
191,74.0,105,31,0.05,NONE,228
191,74.0,105,31,0.05,NONE,228
191,74.0,105,31,0.05,NONE,228
191,74.0,105,31,0.05,NONE,228
191,74.0,105,31,0.05,NONE,228
191,74.0,105,31,0.05,NONE,228
191,74.0,105,31,0.05,NONE,234
191,74.0,105,31,0.05,NONE,234
191,74.0,105,31,0.05,NONE,234
191,74.0,105,31,0.05,NONE,234
191,74.0,105,31,0.05,NONE,234
191,74.0,105,31,0.05,NONE,234
191,74.0,105,31,0.05,NONE,234
191,74.0,105,31,0.05,NONE,240
191,74.0,105,31,0.05,NONE,246
191,74.0,105,31,0.05,NONE,252
191,74.0,105,31,0.05,NONE,258
191,74.0,105,31,0.05,NONE,264
191,74.0,105,31,0.05,NONE,270
191,74.0,105,31,0.05,NONE,264
191,74.0,105,31,0.05,NONE,270
191,74.0,105,31,0.05,NONE,276
191,74.0,105,31,0.05,NONE,282
191,74.0,105,31,0.05,NONE,288
191,74.0,105,31,0.05,NONE,288
191,74.0,105,31,0.05,NONE,288
191,74.0,105,31,0.05,NONE,288
191,74.0,105,31,0.05,NONE,294
191,74.0,105,31,0.05,NONE,300
191,74.0,105,31,0.05,NONE,306
191,74.0,105,31,0.05,NONE,312
191,74.0,105,31,0.05,NONE,318
191,74.0,105,31,0.05,NONE,312
191,74.0,105,31,0.05,NONE,318
191,74.0,105,31,0.05,NONE,324
191,74.0,105,31,0.05,NONE,318
191,74.0,105,31,0.05,NONE,318
191,74.0,105,31,0.05,NONE,318
191,74.0,105,31,0.05,NONE,324
191,74.0,105,31,0.05,NONE,324
191,74.0,105,31,0.05,NONE,330
191,74.0,105,31,0.05,NONE,336
191,74.0,105,31,0.05,NONE,336
191,74.0,105,31,0.05,NONE,336
191,74.0,105,31,0.05,NONE,330
191,74.0,105,31,0.05,NONE,336
191,74.0,105,31,0.05,NONE,336
191,74.0,105,31,0.05,NONE,336
191,74.0,105,31,0.05,NONE,336
191,74.0,105,31,0.05,NONE,342
191,74.0,105,31,0.05,NONE,348
191,74.0,105,31,0.05,NONE,342
191,74.0,105,31,0.05,NONE,342
191,74.0,105,31,0.05,NONE,342
191,74.0,105,31,0.05,NONE,342
191,74.0,105,31,0.05,NONE,348
191,74.0,105,31,0.05,NONE,354
191,74.0,105,31,0.05,NONE,360
191,74.0,105,31,0.05,NONE,360
191,74.0,105,31,0.05,NONE,360
191,74.0,105,31,0.05,NONE,360
191,74.0,105,31,0.05,NONE,360
191,74.0,105,31,0.05,NONE,360
191,74.0,105,31,0.05,NONE,366
191,74.0,105,31,0.05,NONE,372
191,74.0,105,31,0.05,NONE,366
191,74.0,105,31,0.05,NONE,372
191,74.0,105,31,0.05,NONE,372
191,74.0,105,31,0.05,NONE,372
191,74.0,105,31,0.05,NONE,366
191,74.0,105,31,0.05,NONE,366
191,74.0,105,31,0.05,NONE,366
191,74.0,105,31,0.05,NONE,366
191,74.0,105,31,0.05,NONE,366
191,74.0,105,31,0.05,NONE,366
191,74.0,105,31,0.05,NONE,372
191,74.0,105,31,0.05,NONE,366
191,74.0,105,31,0.05,NONE,366
191,74.0,105,31,0.05,NONE,366
191,74.0,105,31,0.05,NONE,372
191,74.0,105,31,0.05,NONE,378
191,74.0,105,31,0.05,NONE,372
191,74.0,105,31,0.05,NONE,366
191,74.0,105,31,0.05,NONE,360
191,74.0,105,31,0.05,NONE,354
191,74.0,105,31,0.05,NONE,348
191,74.0,105,31,0.05,NONE,342
191,74.0,105,31,0.05,NONE,336
191,74.0,105,31,0.05,NONE,330
191,74.0,105,31,0.05,NONE,324
191,74.0,105,31,0.05,NONE,318
191,74.0,105,31,0.05,NONE,324
191,74.0,105,31,0.05,NONE,330
191,74.0,105,31,0.05,NONE,336
191,74.0,105,31,0.05,NONE,342
191,74.0,105,31,0.05,NONE,348
191,74.0,105,31,0.05,NONE,354
191,74.0,105,31,0.05,NONE,354
191,74.0,105,31,0.05,NONE,354
191,74.0,105,31,0.05,NONE,354
191,74.0,105,31,0.05,NONE,360
191,74.0,105,31,0.05,NONE,366
191,74.0,105,31,0.05,NONE,372
191,74.0,105,31,0.05,NONE,378
191,74.0,105,31,0.05,NONE,384
191,74.0,105,31,0.05,NONE,390
191,74.0,105,31,0.05,NONE,390
191,74.0,105,31,0.05,NONE,390
191,74.0,105,31,0.05,NONE,390
191,74.0,105,31,0.05,NONE,396
191,74.0,105,31,0.05,NONE,402
191,74.0,105,31,0.05,NONE,408
191,74.0,105,31,0.05,NONE,414
191,74.0,105,31,0.05,NONE,408
191,74.0,105,31,0.05,NONE,402
191,74.0,105,31,0.05,NONE,396
191,74.0,105,31,0.05,NONE,390
191,74.0,105,31,0.05,NONE,384
191,74.0,105,31,0.05,NONE,378
191,74.0,105,31,0.05,NONE,372
191,74.0,105,31,0.05,NONE,366
191,74.0,105,31,0.05,NONE,360
191,74.0,105,31,0.05,NONE,354
191,74.0,105,31,0.05,NONE,348
191,74.0,105,31,0.05,NONE,342
191,74.0,105,31,0.05,NONE,336
191,74.0,105,31,0.05,NONE,330
191,74.0,105,31,0.05,NONE,324
191,74.0,105,31,0.05,NONE,318
191,74.0,105,31,0.05,NONE,312
191,74.0,105,31,0.05,NONE,306
191,74.0,105,31,0.05,NONE,300
191,74.0,105,31,0.05,NONE,294
191,74.0,105,31,0.05,NONE,288
191,74.0,105,31,0.05,NONE,282
191,74.0,105,31,0.05,NONE,276
191,74.0,105,31,0.05,NONE,270
191,74.0,105,31,0.05,NONE,276
191,74.0,105,31,0.05,NONE,270
191,74.0,105,31,0.05,NONE,264
191,74.0,105,31,0.05,NONE,258
191,74.0,105,31,0.05,NONE,252
191,74.0,105,31,0.05,NONE,246
191,74.0,105,31,0.05,NONE,240
191,74.0,105,31,0.05,NONE,234
191,74.0,105,31,0.05,NONE,228
191,74.0,105,31,0.05,NONE,222
191,74.0,105,31,0.05,NONE,216
191,74.0,105,31,0.05,NONE,210
191,74.0,105,31,0.05,NONE,204
191,74.0,105,31,0.05,NONE,198
191,74.0,105,31,0.05,NONE,204
191,74.0,105,31,0.05,NONE,198
191,74.0,105,31,0.05,NONE,192
191,74.0,105,31,0.05,NONE,186
191,74.0,105,31,0.05,NONE,180
191,74.0,105,31,0.05,NONE,174
191,74.0,105,31,0.05,NONE,168
191,74.0,105,31,0.05,NONE,162
191,74.0,105,31,0.05,NONE,156
191,74.0,105,31,0.05,NONE,150
191,74.0,105,31,0.05,NONE,150
191,74.0,105,31,0.05,NONE,156
191,74.0,105,31,0.05,NONE,150
191,74.0,105,31,0.05,NONE,156
191,74.0,105,31,0.05,NONE,150
191,74.0,105,31,0.05,NONE,156
191,74.0,105,31,0.05,NONE,150
191,74.0,105,31,0.05,NONE,156
191,74.0,105,31,0.05,NONE,150
191,74.0,105,31,0.05,NONE,156
191,74.0,105,31,0.05,NONE,150
191,74.0,105,31,0.05,NONE,156
191,74.0,105,31,0.05,NONE,150
191,74.0,105,31,0.05,NONE,144
191,74.0,105,31,0.05,NONE,138
191,74.0,105,31,0.05,NONE,132
191,74.0,105,31,0.05,NONE,126
191,74.0,105,31,0.05,NONE,120
191,74.0,105,31,0.05,NONE,114
191,74.0,105,31,0.05,NONE,108
191,74.0,105,31,0.05,NONE,102
191,74.0,105,31,0.05,NONE,96
191,74.0,105,31,0.05,NONE,90
191,74.0,105,31,0.05,NONE,84
191,74.0,105,31,0.05,NONE,78
191,74.0,105,31,0.05,NONE,84
191,74.0,105,31,0.05,NONE,90
191,74.0,105,31,0.05,NONE,96
191,74.0,105,31,0.05,NONE,102
191,74.0,105,31,0.05,NONE,96
191,74.0,105,31,0.05,NONE,90
191,74.0,105,31,0.05,NONE,96
191,74.0,105,31,0.05,NONE,102
191,74.0,105,31,0.05,NONE,96
191,74.0,105,31,0.05,NONE,102
191,74.0,105,31,0.05,NONE,108
191,74.0,105,31,0.05,NONE,102
191,74.0,105,31,0.05,NONE,108
191,74.0,105,31,0.05,NONE,114
191,74.0,105,31,0.05,NONE,120
191,74.0,105,31,0.05,NONE,120
191,74.0,105,31,0.05,NONE,114
191,74.0,105,31,0.05,NONE,120
191,74.0,105,31,0.05,NONE,120
191,74.0,105,31,0.05,NONE,120
191,74.0,105,31,0.05,NONE,126
191,74.0,105,31,0.05,NONE,132
191,74.0,105,31,0.05,NONE,138
191,74.0,105,31,0.05,NONE,138
191,74.0,105,31,0.05,NONE,132
191,74.0,105,31,0.05,NONE,126
191,74.0,105,31,0.05,NONE,120
191,74.0,105,31,0.05,NONE,114
191,74.0,105,31,0.05,NONE,114
191,74.0,105,31,0.05,NONE,114
191,74.0,105,31,0.05,NONE,114
191,74.0,105,31,0.05,NONE,114
191,74.0,105,31,0.05,NONE,114
191,74.0,105,31,0.05,NONE,114
191,74.0,105,31,0.05,NONE,114
191,74.0,105,31,0.05,NONE,114
191,74.0,105,31,0.05,NONE,114
191,74.0,105,31,0.05,NONE,114
191,74.0,105,31,0.05,NONE,114
191,74.0,105,31,0.05,NONE,114
191,74.0,105,31,0.05,NONE,114
191,74.0,105,31,0.05,NONE,114
191,74.0,105,31,0.05,NONE,114
191,74.0,105,31,0.05,NONE,114
191,74.0,105,31,0.05,NONE,114
191,74.0,105,31,0.05,NONE,108
191,74.0,105,31,0.05,NONE,102
191,74.0,105,31,0.05,NONE,96
191,74.0,105,31,0.05,NONE,90
191,74.0,105,31,0.05,NONE,84
191,74.0,105,31,0.05,NONE,78
191,74.0,105,31,0.05,NONE,72
191,74.0,105,31,0.05,NONE,66
191,74.0,105,31,0.05,NONE,60
191,74.0,105,31,0.05,NONE,54
191,74.0,105,31,0.05,NONE,48
191,74.0,105,31,0.05,NONE,42
191,74.0,105,31,0.05,NONE,42
191,74.0,105,31,0.05,NONE,42
191,74.0,105,31,0.05,NONE,42
191,74.0,105,31,0.05,NONE,42
191,74.0,105,31,0.05,NONE,42
191,74.0,105,31,0.05,NONE,42
191,74.0,105,31,0.05,NONE,42
191,74.0,105,31,0.05,NONE,42
191,74.0,105,31,0.05,NONE,42
191,75.0,106,31,0.05,NONE,42
191,75.0,106,31,0.05,NONE,42
191,75.0,106,31,0.05,NONE,42
191,75.0,106,31,0.05,NONE,42
191,75.0,106,31,0.05,NONE,42
191,75.0,106,31,0.05,NONE,48
191,75.0,106,31,0.05,NONE,54
191,75.0,106,31,0.05,NONE,60
191,75.0,106,31,0.05,NONE,60
191,75.0,106,31,0.05,NONE,60
191,75.0,106,31,0.05,NONE,60
191,75.0,106,31,0.05,NONE,60
191,75.0,106,31,0.05,NONE,60
191,75.0,106,31,0.05,NONE,66
191,75.0,106,31,0.05,NONE,72
191,75.0,106,31,0.05,NONE,78
191,75.0,106,31,0.05,NONE,84
191,75.0,106,31,0.05,NONE,90
191,75.0,106,31,0.05,NONE,96
191,75.0,106,31,0.05,NONE,90
191,75.0,106,31,0.05,NONE,96
191,75.0,106,31,0.05,NONE,102
191,75.0,106,31,0.05,NONE,108
191,75.0,106,31,0.05,NONE,114
191,75.0,106,31,0.05,NONE,120
191,75.0,106,31,0.05,NONE,114
191,75.0,106,31,0.05,NONE,108
191,75.0,106,31,0.05,NONE,102
191,75.0,106,31,0.05,NONE,96
191,75.0,106,31,0.05,NONE,90
191,75.0,106,31,0.05,NONE,84
191,75.0,106,31,0.05,NONE,78
191,75.0,106,31,0.05,NONE,72
191,75.0,106,31,0.05,NONE,66
191,75.0,106,31,0.05,NONE,60
191,75.0,106,31,0.05,NONE,54
191,75.0,106,31,0.05,NONE,48
191,75.0,106,31,0.05,NONE,42
191,75.0,106,31,0.05,NONE,36
191,75.0,106,31,0.05,NONE,30
191,75.0,106,31,0.05,NONE,24
191,75.0,106,31,0.05,NONE,18
191,75.0,106,31,0.05,NONE,12
191,75.0,106,31,0.05,NONE,6
191,75.0,106,31,0.05,NONE,0
191,75.0,106,31,0.05,NONE,0
191,75.0,106,31,0.05,NONE,0
191,75.0,106,31,0.05,NONE,0
191,75.0,106,31,0.05,NONE,0
191,75.0,106,31,0.05,NONE,0
191,75.0,106,31,0.05,NONE,0
191,75.0,106,31,0.05,NONE,0
191,75.0,106,31,0.05,NONE,0
191,75.0,106,31,0.05,NONE,0
191,75.0,106,31,0.05,NONE,0
191,75.0,106,31,0.05,NONE,0
191,75.0,106,31,0.05,NONE,0
191,75.0,106,31,0.05,NONE,0
191,75.0,106,31,0.05,NONE,0
191,75.0,106,31,0.05,NONE,0
191,75.0,106,31,0.05,NONE,0
191,75.0,106,31,0.05,NONE,0
191,75.0,106,31,0.05,NONE,0
191,75.0,106,31,0.05,NONE,0
191,75.0,106,31,0.05,NONE,0
191,75.0,106,31,0.05,NONE,0
191,75.0,106,31,0.05,NONE,0
191,75.0,106,31,0.05,NONE,0
191,75.0,106,31,0.05,NONE,0
191,75.0,106,31,0.05,NONE,0
191,75.0,106,31,0.05,NONE,0
191,75.0,106,31,0.05,NONE,0
191,75.0,106,31,0.05,NONE,0
191,75.0,106,31,0.05,NONE,0
191,75.0,106,31,0.05,NONE,0
191,75.0,106,31,0.05,NONE,0
191,75.0,106,31,0.05,NONE,0
191,75.0,106,31,0.05,NONE,0
191,75.0,106,31,0.05,NONE,0
191,75.0,106,31,0.05,NONE,0
191,75.0,106,31,0.05,NONE,0
191,75.0,106,31,0.05,NONE,0
191,75.0,106,31,0.05,NONE,0
191,75.0,106,31,0.05,NONE,0
191,75.0,106,31,0.05,NONE,0
191,75.0,106,31,0.05,NONE,0
191,75.0,106,31,0.05,NONE,0
191,75.0,106,31,0.05,NONE,0
191,75.0,106,31,0.05,NONE,6
191,75.0,106,31,0.05,NONE,12
191,75.0,106,31,0.05,NONE,6
191,75.0,106,31,0.05,NONE,12
191,75.0,106,31,0.05,NONE,12
191,75.0,106,31,0.05,NONE,12
191,75.0,106,31,0.05,NONE,12
191,75.0,106,31,0.05,NONE,12
191,75.0,106,31,0.05,NONE,18
191,75.0,106,31,0.05,NONE,24
191,75.0,106,31,0.05,NONE,24
191,75.0,106,31,0.05,NONE,24
191,75.0,106,31,0.05,NONE,24
191,75.0,106,31,0.05,NONE,24
191,75.0,106,31,0.05,NONE,30
191,75.0,106,31,0.05,NONE,36
191,75.0,106,31,0.05,NONE,42
191,75.0,106,31,0.05,NONE,42
191,75.0,106,31,0.05,NONE,42
191,75.0,106,31,0.05,NONE,42
191,75.0,106,31,0.05,NONE,48
191,75.0,106,31,0.05,NONE,54
191,75.0,106,31,0.05,NONE,60
191,75.0,106,31,0.05,NONE,66
191,75.0,106,31,0.05,NONE,72
191,75.0,106,31,0.05,NONE,78
191,75.0,106,31,0.05,NONE,84
191,75.0,106,31,0.05,NONE,84
191,75.0,106,31,0.05,NONE,84
191,75.0,106,31,0.05,NONE,90
191,75.0,106,31,0.05,NONE,96
191,75.0,106,31,0.05,NONE,102
191,75.0,106,31,0.05,NONE,108
191,75.0,106,31,0.05,NONE,114
191,75.0,106,31,0.05,NONE,120
191,75.0,106,31,0.05,NONE,114
191,75.0,106,31,0.05,NONE,120
191,75.0,106,31,0.05,NONE,120
191,75.0,106,31,0.05,NONE,120
191,75.0,106,31,0.05,NONE,120
191,75.0,106,31,0.05,NONE,126
191,75.0,106,31,0.05,NONE,132
191,75.0,106,31,0.05,NONE,138
191,75.0,106,31,0.05,NONE,132
191,75.0,106,31,0.05,NONE,126
191,75.0,106,31,0.05,NONE,120
191,75.0,106,31,0.05,NONE,114
191,75.0,106,31,0.05,NONE,108
191,75.0,106,31,0.05,NONE,102
191,75.0,106,31,0.05,NONE,96
191,75.0,106,31,0.05,NONE,90
191,75.0,106,31,0.05,NONE,84
191,75.0,106,31,0.05,NONE,78
191,75.0,106,31,0.05,NONE,72
191,75.0,106,31,0.05,NONE,66
191,75.0,106,31,0.05,NONE,72
191,75.0,106,31,0.05,NONE,78
191,75.0,106,31,0.05,NONE,84
191,75.0,106,31,0.05,NONE,84
191,75.0,106,31,0.05,NONE,84
191,75.0,106,31,0.05,NONE,78
191,75.0,106,31,0.05,NONE,84
191,75.0,106,31,0.05,NONE,84
191,75.0,106,31,0.05,NONE,84
191,75.0,106,31,0.05,NONE,84
191,75.0,106,31,0.05,NONE,84
191,75.0,106,31,0.05,NONE,84
191,75.0,106,31,0.05,NONE,78
191,75.0,106,31,0.05,NONE,84
191,75.0,106,31,0.05,NONE,78
191,75.0,106,31,0.05,NONE,84
191,75.0,106,31,0.05,NONE,90
191,75.0,106,31,0.05,NONE,96
191,75.0,106,31,0.05,NONE,102
191,75.0,106,31,0.05,NONE,108
191,75.0,106,31,0.05,NONE,114
191,75.0,106,31,0.05,NONE,108
191,75.0,106,31,0.05,NONE,114
191,75.0,106,31,0.05,NONE,120
191,75.0,106,31,0.05,NONE,120
191,75.0,106,31,0.05,NONE,114
191,75.0,106,31,0.05,NONE,120
191,75.0,106,31,0.05,NONE,126
191,75.0,106,31,0.05,NONE,132
191,75.0,106,31,0.05,NONE,138
191,75.0,106,31,0.05,NONE,144
191,75.0,106,31,0.05,NONE,150
191,75.0,106,31,0.05,NONE,156
191,75.0,106,31,0.05,NONE,150
191,75.0,106,31,0.05,NONE,156
191,75.0,106,31,0.05,NONE,156
191,75.0,106,31,0.05,NONE,150
191,75.0,106,31,0.05,NONE,144
191,75.0,106,31,0.05,NONE,138
191,75.0,106,31,0.05,NONE,132
191,75.0,106,31,0.05,NONE,126
191,75.0,106,31,0.05,NONE,120
191,75.0,106,31,0.05,NONE,126
191,75.0,106,31,0.05,NONE,132
191,75.0,106,31,0.05,NONE,138
191,75.0,106,31,0.05,NONE,144
191,75.0,106,31,0.05,NONE,150
191,75.0,106,31,0.05,NONE,156
191,75.0,106,31,0.05,NONE,156
191,75.0,106,31,0.05,NONE,150
191,75.0,106,31,0.05,NONE,156
191,75.0,106,31,0.05,NONE,156
191,75.0,106,31,0.05,NONE,156
191,75.0,106,31,0.05,NONE,162
191,75.0,106,31,0.05,NONE,168
191,75.0,106,31,0.05,NONE,168
191,75.0,106,31,0.05,NONE,162
191,75.0,106,31,0.05,NONE,156
191,75.0,106,31,0.05,NONE,150
191,75.0,106,31,0.05,NONE,150
191,75.0,106,31,0.05,NONE,150
191,75.0,106,31,0.05,NONE,144
191,75.0,106,31,0.05,NONE,138
191,75.0,106,31,0.05,NONE,132
191,75.0,106,31,0.05,NONE,126
191,75.0,106,31,0.05,NONE,120
191,75.0,106,31,0.05,NONE,114
191,75.0,106,31,0.05,NONE,120
191,75.0,106,31,0.05,NONE,126
191,75.0,106,31,0.05,NONE,132
191,75.0,106,31,0.05,NONE,138
191,75.0,106,31,0.05,NONE,138
191,75.0,106,31,0.05,NONE,138
191,75.0,106,31,0.05,NONE,138
191,75.0,106,31,0.05,NONE,138
191,75.0,106,31,0.05,NONE,138
191,75.0,106,31,0.05,NONE,144
191,75.0,106,31,0.05,NONE,150
191,75.0,106,31,0.05,NONE,156
191,75.0,106,31,0.05,NONE,162
191,75.0,106,31,0.05,NONE,168
191,75.0,106,31,0.05,NONE,174
191,75.0,106,31,0.05,NONE,174
191,75.0,106,31,0.05,NONE,174
191,75.0,106,31,0.05,NONE,180
191,75.0,106,31,0.05,NONE,186
191,75.0,106,31,0.05,NONE,192
191,75.0,106,31,0.05,NONE,198
191,75.0,106,31,0.05,NONE,204
191,75.0,106,31,0.05,NONE,210
191,75.0,106,31,0.05,NONE,216
191,75.0,106,31,0.05,NONE,216
191,75.0,106,31,0.05,NONE,216
191,75.0,106,31,0.05,NONE,216
191,75.0,106,31,0.05,NONE,222
191,75.0,106,31,0.05,NONE,228
191,75.0,106,31,0.05,NONE,222
191,75.0,106,31,0.05,NONE,228
191,75.0,106,31,0.05,NONE,228
191,75.0,106,31,0.05,NONE,228
191,75.0,106,31,0.05,NONE,228
191,75.0,106,31,0.05,NONE,228
191,75.0,106,31,0.05,NONE,222
191,75.0,106,31,0.05,NONE,228
191,75.0,106,31,0.05,NONE,228
191,75.0,106,31,0.05,NONE,228
191,75.0,106,31,0.05,NONE,228
191,75.0,106,31,0.05,NONE,228
191,75.0,106,31,0.05,NONE,228
191,75.0,106,31,0.05,NONE,228
191,75.0,106,31,0.05,NONE,234
191,75.0,106,31,0.05,NONE,240
191,75.0,106,31,0.05,NONE,246
191,75.0,106,31,0.05,NONE,252
191,75.0,106,31,0.05,NONE,246
191,75.0,106,31,0.05,NONE,240
191,75.0,106,31,0.05,NONE,234
191,75.0,106,31,0.05,NONE,228
191,75.0,106,31,0.05,NONE,222
191,75.0,106,31,0.05,NONE,216
191,75.0,106,31,0.05,NONE,210
191,75.0,106,31,0.05,NONE,204
192,75.0,106,31,0.05,NONE,198
192,75.0,106,31,0.05,NONE,192
192,75.0,106,31,0.05,NONE,186
192,75.0,106,31,0.05,NONE,180
192,75.0,106,31,0.05,NONE,174
192,75.0,106,31,0.05,NONE,168
192,75.0,106,31,0.05,NONE,162
192,75.0,106,31,0.05,NONE,156
192,75.0,106,31,0.05,NONE,150
192,75.0,106,31,0.05,NONE,144
192,75.0,106,31,0.05,NONE,138
192,75.0,106,31,0.05,NONE,132
192,75.0,106,31,0.05,NONE,126
192,75.0,106,31,0.05,NONE,120
192,75.0,106,31,0.05,NONE,114
192,75.0,106,31,0.05,NONE,108
192,75.0,106,31,0.05,NONE,102
192,75.0,106,31,0.05,NONE,96
192,75.0,106,31,0.05,NONE,90
192,75.0,106,31,0.05,NONE,84
192,75.0,106,31,0.05,NONE,78
192,75.0,106,31,0.05,NONE,72
192,75.0,106,31,0.05,NONE,66
192,75.0,106,31,0.05,NONE,60
192,75.0,106,31,0.05,NONE,54
192,75.0,106,31,0.05,NONE,48
192,75.0,106,31,0.05,NONE,42
192,75.0,106,31,0.05,NONE,36
192,75.0,106,31,0.05,NONE,30
192,75.0,106,31,0.05,NONE,24
192,75.0,106,31,0.05,NONE,18
192,75.0,106,31,0.05,NONE,12
192,75.0,106,31,0.05,NONE,6
192,75.0,106,31,0.05,NONE,12
192,75.0,106,31,0.05,NONE,6
192,75.0,106,31,0.05,NONE,12
192,75.0,106,31,0.05,NONE,6
192,75.0,106,31,0.05,NONE,12
192,75.0,106,31,0.05,NONE,6
192,75.0,106,31,0.05,NONE,12
192,75.0,106,31,0.05,NONE,18
192,75.0,106,31,0.05,NONE,24
192,75.0,106,31,0.05,NONE,30
192,75.0,106,31,0.05,NONE,30
192,75.0,106,31,0.05,NONE,30
192,75.0,106,31,0.05,NONE,30
192,75.0,106,31,0.05,NONE,36
192,75.0,106,31,0.05,NONE,42
192,75.0,106,31,0.05,NONE,36
192,75.0,106,31,0.05,NONE,36
192,75.0,106,31,0.05,NONE,42
192,75.0,106,31,0.05,NONE,48
192,75.0,106,31,0.05,NONE,54
192,75.0,106,31,0.05,NONE,60
192,75.0,106,31,0.05,NONE,66
192,75.0,106,31,0.05,NONE,72
192,75.0,106,31,0.05,NONE,78
192,75.0,106,31,0.05,NONE,84
192,75.0,106,31,0.05,NONE,90
192,75.0,106,31,0.05,NONE,96
192,75.0,106,31,0.05,NONE,102
192,75.0,106,31,0.05,NONE,108
192,75.0,106,31,0.05,NONE,114
192,75.0,106,31,0.05,NONE,120
192,75.0,106,31,0.05,NONE,126
192,75.0,106,31,0.05,NONE,132
192,75.0,106,31,0.05,NONE,138
192,75.0,106,31,0.05,NONE,144
192,75.0,106,31,0.05,NONE,150
192,75.0,106,31,0.05,NONE,156
192,75.0,106,31,0.05,NONE,150
192,75.0,106,31,0.05,NONE,150
192,75.0,106,31,0.05,NONE,156
192,75.0,106,31,0.05,NONE,150
192,75.0,106,31,0.05,NONE,156
192,75.0,106,31,0.05,NONE,150
192,75.0,106,31,0.05,NONE,144
192,75.0,106,31,0.05,NONE,138
192,75.0,106,31,0.05,NONE,132
192,75.0,106,31,0.05,NONE,126
192,75.0,106,31,0.05,NONE,120
192,75.0,106,31,0.05,NONE,114
192,75.0,106,31,0.05,NONE,108
192,75.0,106,31,0.05,NONE,102
192,75.0,106,31,0.05,NONE,96
192,75.0,106,31,0.05,NONE,90
192,75.0,106,31,0.05,NONE,84
192,75.0,106,31,0.05,NONE,78
192,75.0,106,31,0.05,NONE,84
192,75.0,106,31,0.05,NONE,78
192,75.0,106,31,0.05,NONE,84
192,75.0,106,31,0.05,NONE,90
192,75.0,106,31,0.05,NONE,84
192,75.0,106,31,0.05,NONE,90
192,75.0,106,31,0.05,NONE,96
192,75.0,106,31,0.05,NONE,102
192,75.0,106,31,0.05,NONE,108
192,75.0,106,31,0.05,NONE,102
192,75.0,106,31,0.05,NONE,96
192,75.0,106,31,0.05,NONE,102
192,75.0,106,31,0.05,NONE,108
192,75.0,106,31,0.05,NONE,108
192,75.0,106,31,0.05,NONE,114
192,75.0,106,31,0.05,NONE,120
192,75.0,106,31,0.05,NONE,120
192,75.0,106,31,0.05,NONE,120
192,75.0,106,31,0.05,NONE,120
192,75.0,106,31,0.05,NONE,126
192,75.0,106,31,0.05,NONE,132
192,75.0,106,31,0.05,NONE,138
192,75.0,106,31,0.05,NONE,138
192,75.0,106,31,0.05,NONE,138
192,75.0,106,31,0.05,NONE,138
192,75.0,106,31,0.05,NONE,144
192,75.0,106,31,0.05,NONE,150
192,75.0,106,31,0.05,NONE,150
192,75.0,106,31,0.05,NONE,150
192,75.0,106,31,0.05,NONE,150
192,75.0,106,31,0.05,NONE,156
192,75.0,106,31,0.05,NONE,162
192,75.0,106,31,0.05,NONE,156
192,75.0,106,31,0.05,NONE,150
192,75.0,106,31,0.05,NONE,156
192,75.0,106,31,0.05,NONE,156
192,75.0,106,31,0.05,NONE,156
192,75.0,106,31,0.05,NONE,156
192,75.0,106,31,0.05,NONE,156
192,75.0,106,31,0.05,NONE,156
192,75.0,106,31,0.05,NONE,156
192,75.0,106,31,0.05,NONE,156
192,75.0,106,31,0.05,NONE,156
192,75.0,106,31,0.05,NONE,156
192,75.0,106,31,0.05,NONE,150
192,75.0,106,31,0.05,NONE,144
192,75.0,106,31,0.05,NONE,138
192,75.0,106,31,0.05,NONE,132
192,75.0,106,31,0.05,NONE,126
192,75.0,106,31,0.05,NONE,120
192,75.0,106,31,0.05,NONE,126
192,75.0,106,31,0.05,NONE,132
192,75.0,106,31,0.05,NONE,138
192,75.0,106,31,0.05,NONE,132
192,75.0,106,31,0.05,NONE,138
192,75.0,106,31,0.05,NONE,144
192,75.0,106,31,0.05,NONE,150
192,75.0,106,31,0.05,NONE,156
192,75.0,106,31,0.05,NONE,162
192,75.0,106,31,0.05,NONE,168
192,75.0,106,31,0.05,NONE,168
192,75.0,106,31,0.05,NONE,168
192,75.0,106,31,0.05,NONE,168
192,75.0,106,31,0.05,NONE,168
192,75.0,106,31,0.05,NONE,168
192,75.0,106,31,0.05,NONE,174
192,75.0,106,31,0.05,NONE,174
192,75.0,106,31,0.05,NONE,174
192,75.0,106,31,0.05,NONE,180
192,75.0,106,31,0.05,NONE,186
192,75.0,106,31,0.05,NONE,192
192,75.0,106,31,0.05,NONE,192
192,75.0,106,31,0.05,NONE,192
192,75.0,106,31,0.05,NONE,192
192,75.0,106,31,0.05,NONE,192
192,75.0,106,31,0.05,NONE,192
192,75.0,106,31,0.05,NONE,192
192,75.0,106,31,0.05,NONE,198
192,75.0,106,31,0.05,NONE,192
192,75.0,106,31,0.05,NONE,186
192,75.0,106,31,0.05,NONE,192
192,75.0,106,31,0.05,NONE,198
192,75.0,106,31,0.05,NONE,198
192,75.0,106,31,0.05,NONE,204
192,75.0,106,31,0.05,NONE,210
192,75.0,106,31,0.05,NONE,216
192,75.0,106,31,0.05,NONE,222
192,75.0,106,31,0.05,NONE,228
192,75.0,106,31,0.05,NONE,234
192,75.0,106,31,0.05,NONE,240
192,75.0,106,31,0.05,NONE,240
192,75.0,106,31,0.05,NONE,240
192,75.0,106,31,0.05,NONE,246
192,75.0,106,31,0.05,NONE,252
192,75.0,106,31,0.05,NONE,258
192,75.0,106,31,0.05,NONE,258
192,75.0,106,31,0.05,NONE,258
192,75.0,106,31,0.05,NONE,264
192,75.0,106,31,0.05,NONE,270
192,75.0,106,31,0.05,NONE,276
192,75.0,106,31,0.05,NONE,270
192,75.0,106,31,0.05,NONE,276
192,75.0,106,31,0.05,NONE,282
192,75.0,106,31,0.05,NONE,288
192,75.0,106,31,0.05,NONE,282
192,75.0,106,31,0.05,NONE,276
192,75.0,106,31,0.05,NONE,270
192,75.0,106,31,0.05,NONE,276
192,75.0,106,31,0.05,NONE,282
