minutes,reward,total_reward,hits,misses,epsilon,ball_speed
0.0,0,0,0,0,0.999,3.0
0.0,0,0,0,0,0.999,3.0
0.001,0,0,0,0,0.998,3.0
0.001,0,0,0,0,0.997,3.0
0.001,0,0,0,0,0.997,3.0
0.001,0,0,0,0,0.996,3.0
0.002,0,0,0,0,0.995,3.0
0.002,0,0,0,0,0.994,3.0
0.002,0,0,0,0,0.994,3.0
0.002,0,0,0,0,0.993,3.0
0.003,0,0,0,0,0.992,3.0
0.003,0,0,0,0,0.992,3.0
0.003,0,0,0,0,0.991,3.0
0.004,0,0,0,0,0.99,3.0
0.004,0,0,0,0,0.99,3.0
0.004,0,0,0,0,0.989,3.0
0.004,0,0,0,0,0.988,3.0
0.005,0,0,0,0,0.987,3.0
0.005,0,0,0,0,0.987,3.0
0.005,0,0,0,0,0.986,3.0
0.005,0,0,0,0,0.985,3.0
0.006,0,0,0,0,0.985,3.0
0.006,0,0,0,0,0.984,3.0
0.006,0,0,0,0,0.983,3.0
0.007,0,0,0,0,0.983,3.0
0.007,0,0,0,0,0.982,3.0
0.007,0,0,0,0,0.981,3.0
0.007,0,0,0,0,0.981,3.0
0.008,0,0,0,0,0.98,3.0
0.008,0,0,0,0,0.979,3.0
0.008,0,0,0,0,0.979,3.0
0.009,0,0,0,0,0.978,3.0
0.009,0,0,0,0,0.977,3.0
0.009,0,0,0,0,0.976,3.0
0.009,0,0,0,0,0.976,3.0
0.01,0,0,0,0,0.975,3.0
0.01,0,0,0,0,0.974,3.0
0.01,0,0,0,0,0.974,3.0
0.01,0,0,0,0,0.973,3.0
0.011,0,0,0,0,0.972,3.0
0.011,0,0,0,0,0.972,3.0
0.011,0,0,0,0,0.971,3.0
0.012,0,0,0,0,0.97,3.0
0.012,0,0,0,0,0.97,3.0
0.012,0,0,0,0,0.969,3.0
0.012,0,0,0,0,0.968,3.0
0.013,0,0,0,0,0.968,3.0
0.013,0,0,0,0,0.967,3.0
0.013,0,0,0,0,0.966,3.0
0.013,0,0,0,0,0.966,3.0
0.014,0,0,0,0,0.965,3.0
0.014,0,0,0,0,0.964,3.0
0.014,0,0,0,0,0.964,3.0
0.015,0,0,0,0,0.963,3.0
0.015,0,0,0,0,0.962,3.0
0.015,0,0,0,0,0.962,3.0
0.015,0,0,0,0,0.961,3.0
0.016,0,0,0,0,0.96,3.0
0.016,0,0,0,0,0.96,3.0
0.016,0,0,0,0,0.959,3.0
0.017,0,0,0,0,0.958,3.0
0.017,0,0,0,0,0.958,3.0
0.017,0,0,0,0,0.957,3.0
0.017,0,0,0,0,0.956,3.0
0.018,0,0,0,0,0.956,3.0
0.018,0,0,0,0,0.955,3.0
0.018,0,0,0,0,0.954,3.0
0.019,0,0,0,0,0.953,3.0
0.019,0,0,0,0,0.953,3.0
0.019,0,0,0,0,0.952,3.0
0.019,0,0,0,0,0.951,3.0
0.02,0,0,0,0,0.951,3.0
0.02,0,0,0,0,0.95,3.0
0.02,0,0,0,0,0.95,3.0
0.021,0,0,0,0,0.949,3.0
0.021,0,0,0,0,0.948,3.0
0.021,0,0,0,0,0.948,3.0
0.021,0,0,0,0,0.947,3.0
0.022,0,0,0,0,0.946,3.0
0.022,0,0,0,0,0.946,3.0
0.022,0,0,0,0,0.945,3.0
0.022,0,0,0,0,0.944,3.0
0.023,0,0,0,0,0.944,3.0
0.023,0,0,0,0,0.943,3.0
0.023,0,0,0,0,0.942,3.0
0.024,0,0,0,0,0.942,3.0
0.024,0,0,0,0,0.941,3.0
0.024,0,0,0,0,0.94,3.0
0.024,0,0,0,0,0.94,3.0
0.025,0,0,0,0,0.939,3.0
0.025,0,0,0,0,0.938,3.0
0.025,0,0,0,0,0.938,3.0
0.025,0,0,0,0,0.937,3.0
0.026,0,0,0,0,0.936,3.0
0.026,0,0,0,0,0.936,3.0
0.026,0,0,0,0,0.935,3.0
0.027,0,0,0,0,0.934,3.0
0.027,0,0,0,0,0.934,3.0
0.027,0,0,0,0,0.933,3.0
0.027,-1,-1,0,1,0.932,3.0
0.028,0,-1,0,1,0.932,3.0
0.028,0,-1,0,1,0.931,3.0
0.028,0,-1,0,1,0.93,3.0
0.029,0,-1,0,1,0.93,3.0
0.029,0,-1,0,1,0.929,3.0
0.029,0,-1,0,1,0.928,3.0
0.029,0,-1,0,1,0.928,3.0
0.03,0,-1,0,1,0.927,3.0
0.03,0,-1,0,1,0.927,3.0
0.03,0,-1,0,1,0.926,3.0
0.03,0,-1,0,1,0.925,3.0
0.031,0,-1,0,1,0.925,3.0
0.031,0,-1,0,1,0.924,3.0
0.031,0,-1,0,1,0.923,3.0
0.032,0,-1,0,1,0.923,3.0
0.032,0,-1,0,1,0.922,3.0
0.032,0,-1,0,1,0.921,3.0
0.032,0,-1,0,1,0.921,3.0
0.033,0,-1,0,1,0.92,3.0
0.033,0,-1,0,1,0.919,3.0
0.033,0,-1,0,1,0.919,3.0
0.034,0,-1,0,1,0.918,3.0
0.034,0,-1,0,1,0.917,3.0
0.034,0,-1,0,1,0.917,3.0
0.034,0,-1,0,1,0.916,3.0
0.035,0,-1,0,1,0.916,3.0
0.035,0,-1,0,1,0.915,3.0
0.035,0,-1,0,1,0.914,3.0
0.035,0,-1,0,1,0.914,3.0
0.036,0,-1,0,1,0.913,3.0
0.036,0,-1,0,1,0.912,3.0
0.036,0,-1,0,1,0.912,3.0
0.037,0,-1,0,1,0.911,3.0
0.037,0,-1,0,1,0.91,3.0
0.037,0,-1,0,1,0.91,3.0
0.037,0,-1,0,1,0.909,3.0
0.038,0,-1,0,1,0.909,3.0
0.038,0,-1,0,1,0.908,3.0
0.038,0,-1,0,1,0.907,3.0
0.039,0,-1,0,1,0.907,3.0
0.039,0,-1,0,1,0.906,3.0
0.039,0,-1,0,1,0.905,3.0
0.039,0,-1,0,1,0.905,3.0
0.04,0,-1,0,1,0.904,3.0
0.04,0,-1,0,1,0.903,3.0
0.04,0,-1,0,1,0.903,3.0
0.04,0,-1,0,1,0.902,3.0
0.041,0,-1,0,1,0.902,3.0
0.041,0,-1,0,1,0.901,3.0
0.041,0,-1,0,1,0.9,3.0
0.042,0,-1,0,1,0.9,3.0
0.042,0,-1,0,1,0.899,3.0
0.042,0,-1,0,1,0.898,3.0
0.042,0,-1,0,1,0.898,3.0
0.043,0,-1,0,1,0.897,3.0
0.043,0,-1,0,1,0.897,3.0
0.043,0,-1,0,1,0.896,3.0
0.044,0,-1,0,1,0.895,3.0
0.044,0,-1,0,1,0.895,3.0
0.044,0,-1,0,1,0.894,3.0
0.044,0,-1,0,1,0.893,3.0
0.045,0,-1,0,1,0.893,3.0
0.045,0,-1,0,1,0.892,3.0
0.045,0,-1,0,1,0.892,3.0
0.046,0,-1,0,1,0.891,3.0
0.046,0,-1,0,1,0.89,3.0
0.046,0,-1,0,1,0.89,3.0
0.046,0,-1,0,1,0.889,3.0
0.047,0,-1,0,1,0.888,3.0
0.047,0,-1,0,1,0.888,3.0
0.047,0,-1,0,1,0.887,3.0
0.047,0,-1,0,1,0.887,3.0
0.048,0,-1,0,1,0.886,3.0
0.048,0,-1,0,1,0.885,3.0
0.048,0,-1,0,1,0.885,3.0
0.049,0,-1,0,1,0.884,3.0
0.049,0,-1,0,1,0.883,3.0
0.049,0,-1,0,1,0.883,3.0
0.049,0,-1,0,1,0.882,3.0
0.05,0,-1,0,1,0.882,3.0
0.05,0,-1,0,1,0.881,3.0
0.05,0,-1,0,1,0.88,3.0
0.051,0,-1,0,1,0.88,3.0
0.051,0,-1,0,1,0.879,3.0
0.051,0,-1,0,1,0.878,3.0
0.051,0,-1,0,1,0.878,3.0
0.052,0,-1,0,1,0.877,3.0
0.052,0,-1,0,1,0.877,3.0
0.052,0,-1,0,1,0.876,3.0
0.052,0,-1,0,1,0.875,3.0
0.053,0,-1,0,1,0.875,3.0
0.053,0,-1,0,1,0.874,3.0
0.053,0,-1,0,1,0.874,3.0
0.054,0,-1,0,1,0.873,3.0
0.054,0,-1,0,1,0.872,3.0
0.054,0,-1,0,1,0.872,3.0
0.054,0,-1,0,1,0.871,3.0
0.055,0,-1,0,1,0.871,3.0
0.055,0,-1,0,1,0.87,3.0
0.055,0,-1,0,1,0.869,3.0
0.056,0,-1,0,1,0.869,3.0
0.056,-1,-2,0,2,0.868,3.0
0.056,0,-2,0,2,0.867,3.0
0.056,0,-2,0,2,0.867,3.0
0.057,0,-2,0,2,0.866,3.0
0.057,0,-2,0,2,0.866,3.0
0.057,0,-2,0,2,0.865,3.0
0.057,0,-2,0,2,0.864,3.0
0.058,0,-2,0,2,0.864,3.0
0.058,0,-2,0,2,0.863,3.0
0.058,0,-2,0,2,0.863,3.0
0.059,0,-2,0,2,0.862,3.0
0.059,0,-2,0,2,0.861,3.0
0.059,0,-2,0,2,0.861,3.0
0.059,0,-2,0,2,0.86,3.0
0.06,0,-2,0,2,0.86,3.0
0.06,0,-2,0,2,0.859,3.0
0.06,0,-2,0,2,0.858,3.0
0.061,0,-2,0,2,0.858,3.0
0.061,0,-2,0,2,0.857,3.0
0.061,0,-2,0,2,0.857,3.0
0.061,0,-2,0,2,0.856,3.0
0.062,0,-2,0,2,0.855,3.0
0.062,0,-2,0,2,0.855,3.0
0.062,0,-2,0,2,0.854,3.0
0.062,0,-2,0,2,0.854,3.0
0.063,0,-2,0,2,0.853,3.0
0.063,0,-2,0,2,0.852,3.0
0.063,0,-2,0,2,0.852,3.0
0.064,0,-2,0,2,0.851,3.0
0.064,0,-2,0,2,0.851,3.0
0.064,0,-2,0,2,0.85,3.0
0.064,0,-2,0,2,0.849,3.0
0.065,0,-2,0,2,0.849,3.0
0.065,0,-2,0,2,0.848,3.0
0.065,0,-2,0,2,0.848,3.0
0.066,0,-2,0,2,0.847,3.0
0.066,0,-2,0,2,0.846,3.0
0.066,0,-2,0,2,0.846,3.0
0.066,0,-2,0,2,0.845,3.0
0.067,0,-2,0,2,0.845,3.0
0.067,0,-2,0,2,0.844,3.0
0.067,0,-2,0,2,0.844,3.0
0.067,0,-2,0,2,0.843,3.0
0.068,0,-2,0,2,0.842,3.0
0.068,0,-2,0,2,0.842,3.0
0.068,0,-2,0,2,0.841,3.0
0.069,0,-2,0,2,0.841,3.0
0.069,0,-2,0,2,0.84,3.0
0.069,0,-2,0,2,0.839,3.0
0.069,0,-2,0,2,0.839,3.0
0.07,0,-2,0,2,0.838,3.0
0.07,0,-2,0,2,0.838,3.0
0.07,0,-2,0,2,0.837,3.0
0.07,0,-2,0,2,0.836,3.0
0.071,0,-2,0,2,0.836,3.0
0.071,0,-2,0,2,0.835,3.0
0.071,0,-2,0,2,0.835,3.0
0.072,0,-2,0,2,0.834,3.0
0.072,0,-2,0,2,0.834,3.0
0.072,0,-2,0,2,0.833,3.0
0.072,0,-2,0,2,0.832,3.0
0.073,0,-2,0,2,0.832,3.0
0.073,0,-2,0,2,0.831,3.0
0.073,0,-2,0,2,0.831,3.0
0.074,0,-2,0,2,0.83,3.0
0.074,0,-2,0,2,0.829,3.0
0.074,0,-2,0,2,0.829,3.0
0.074,0,-2,0,2,0.828,3.0
0.075,0,-2,0,2,0.828,3.0
0.075,0,-2,0,2,0.827,3.0
0.075,0,-2,0,2,0.827,3.0
0.075,0,-2,0,2,0.826,3.0
0.076,0,-2,0,2,0.825,3.0
0.076,0,-2,0,2,0.825,3.0
0.076,0,-2,0,2,0.824,3.0
0.077,0,-2,0,2,0.824,3.0
0.077,0,-2,0,2,0.823,3.0
0.077,0,-2,0,2,0.823,3.0
0.077,0,-2,0,2,0.822,3.0
0.078,0,-2,0,2,0.821,3.0
0.078,0,-2,0,2,0.821,3.0
0.078,0,-2,0,2,0.82,3.0
0.079,0,-2,0,2,0.82,3.0
0.079,0,-2,0,2,0.819,3.0
0.079,0,-2,0,2,0.819,3.0
0.079,0,-2,0,2,0.818,3.0
0.08,0,-2,0,2,0.817,3.0
0.08,0,-2,0,2,0.817,3.0
0.08,0,-2,0,2,0.816,3.0
0.081,0,-2,0,2,0.816,3.0
0.081,0,-2,0,2,0.815,3.0
0.081,0,-2,0,2,0.815,3.0
0.081,0,-2,0,2,0.814,3.0
0.082,0,-2,0,2,0.813,3.0
0.082,0,-2,0,2,0.813,3.0
0.082,0,-2,0,2,0.812,3.0
0.082,0,-2,0,2,0.812,3.0
0.083,0,-2,0,2,0.811,3.0
0.083,0,-2,0,2,0.811,3.0
0.083,0,-2,0,2,0.81,3.0
0.084,0,-2,0,2,0.809,3.0
0.084,0,-2,0,2,0.809,3.0
0.084,0,-2,0,2,0.808,3.0
0.084,0,-2,0,2,0.808,3.0
0.085,0,-2,0,2,0.807,3.0
0.085,0,-2,0,2,0.807,3.0
0.085,0,-2,0,2,0.806,3.0
0.086,0,-2,0,2,0.805,3.0
0.086,0,-2,0,2,0.805,3.0
0.086,0,-2,0,2,0.804,3.0
0.086,0,-2,0,2,0.804,3.0
0.087,0,-2,0,2,0.803,3.0
0.087,0,-2,0,2,0.803,3.0
0.087,0,-2,0,2,0.802,3.0
0.087,0,-2,0,2,0.801,3.0
0.088,0,-2,0,2,0.801,3.0
0.088,0,-2,0,2,0.8,3.0
0.088,0,-2,0,2,0.8,3.0
0.089,0,-2,0,2,0.799,3.0
0.089,0,-2,0,2,0.799,3.0
0.089,0,-2,0,2,0.798,3.0
0.089,0,-2,0,2,0.798,3.0
0.09,0,-2,0,2,0.797,3.0
0.09,0,-2,0,2,0.796,3.0
0.09,0,-2,0,2,0.796,3.0
0.091,0,-2,0,2,0.795,3.0
0.091,0,-2,0,2,0.795,3.0
0.091,0,-2,0,2,0.794,3.0
0.091,0,-2,0,2,0.794,3.0
0.092,0,-2,0,2,0.793,3.0
0.092,0,-2,0,2,0.793,3.0
0.092,0,-2,0,2,0.792,3.0
0.092,0,-2,0,2,0.791,3.0
0.093,0,-2,0,2,0.791,3.0
0.093,0,-2,0,2,0.79,3.0
0.093,0,-2,0,2,0.79,3.0
0.094,0,-2,0,2,0.789,3.0
0.094,0,-2,0,2,0.789,3.0
0.094,0,-2,0,2,0.788,3.0
0.094,0,-2,0,2,0.788,3.0
0.095,0,-2,0,2,0.787,3.0
0.095,0,-2,0,2,0.786,3.0
0.095,0,-2,0,2,0.786,3.0
0.096,0,-2,0,2,0.785,3.0
0.096,0,-2,0,2,0.785,3.0
0.096,0,-2,0,2,0.784,3.0
0.096,0,-2,0,2,0.784,3.0
0.097,0,-2,0,2,0.783,3.0
0.097,0,-2,0,2,0.783,3.0
0.097,0,-2,0,2,0.782,3.0
0.098,0,-2,0,2,0.782,3.0
0.098,0,-2,0,2,0.781,3.0
0.098,0,-2,0,2,0.78,3.0
0.098,0,-2,0,2,0.78,3.0
0.099,0,-2,0,2,0.779,3.0
0.099,0,-2,0,2,0.779,3.0
0.099,0,-2,0,2,0.778,3.0
0.099,0,-2,0,2,0.778,3.0
0.1,0,-2,0,2,0.777,3.0
0.1,0,-2,0,2,0.777,3.0
0.1,0,-2,0,2,0.776,3.0
0.101,0,-2,0,2,0.776,3.0
0.101,0,-2,0,2,0.775,3.0
0.101,0,-2,0,2,0.774,3.0
0.101,0,-2,0,2,0.774,3.0
0.102,0,-2,0,2,0.773,3.0
0.102,0,-2,0,2,0.773,3.0
0.102,0,-2,0,2,0.772,3.0
0.103,0,-2,0,2,0.772,3.0
0.103,0,-2,0,2,0.771,3.0
0.103,0,-2,0,2,0.771,3.0
0.103,0,-2,0,2,0.77,3.0
0.104,0,-2,0,2,0.77,3.0
0.104,0,-2,0,2,0.769,3.0
0.104,0,-2,0,2,0.769,3.0
0.104,0,-2,0,2,0.768,3.0
0.105,0,-2,0,2,0.767,3.0
0.105,0,-2,0,2,0.767,3.0
0.105,0,-2,0,2,0.766,3.0
0.106,0,-2,0,2,0.766,3.0
0.106,0,-2,0,2,0.765,3.0
0.106,0,-2,0,2,0.765,3.0
0.106,0,-2,0,2,0.764,3.0
0.107,0,-2,0,2,0.764,3.0
0.107,0,-2,0,2,0.763,3.0
0.107,0,-2,0,2,0.763,3.0
0.107,0,-2,0,2,0.762,3.0
0.108,0,-2,0,2,0.762,3.0
0.108,0,-2,0,2,0.761,3.0
0.108,0,-2,0,2,0.76,3.0
0.109,0,-2,0,2,0.76,3.0
0.109,0,-2,0,2,0.759,3.0
0.109,0,-2,0,2,0.759,3.0
0.11,0,-2,0,2,0.758,3.0
0.11,0,-2,0,2,0.758,3.0
0.11,0,-2,0,2,0.757,3.0
0.11,0,-2,0,2,0.757,3.0
0.111,0,-2,0,2,0.756,3.0
0.111,0,-2,0,2,0.756,3.0
0.111,0,-2,0,2,0.755,3.0
0.111,0,-2,0,2,0.755,3.0
0.112,0,-2,0,2,0.754,3.0
0.112,0,-2,0,2,0.754,3.0
0.112,0,-2,0,2,0.753,3.0
0.113,0,-2,0,2,0.753,3.0
0.113,0,-2,0,2,0.752,3.0
0.113,0,-2,0,2,0.751,3.0
0.113,0,-2,0,2,0.751,3.0
0.114,0,-2,0,2,0.75,3.0
0.114,0,-2,0,2,0.75,3.0
0.114,0,-2,0,2,0.749,3.0
0.115,0,-2,0,2,0.749,3.0
0.115,0,-2,0,2,0.748,3.0
0.115,0,-2,0,2,0.748,3.0
0.115,0,-2,0,2,0.747,3.0
0.116,0,-2,0,2,0.747,3.0
0.116,0,-2,0,2,0.746,3.0
0.124,0,-2,0,2,0.746,3.0
0.125,0,-2,0,2,0.745,3.0
0.125,0,-2,0,2,0.745,3.0
0.125,0,-2,0,2,0.744,3.0
0.126,0,-2,0,2,0.744,3.0
0.126,0,-2,0,2,0.743,3.0
0.126,0,-2,0,2,0.743,3.0
0.126,0,-2,0,2,0.742,3.0
0.127,0,-2,0,2,0.742,3.0
0.127,0,-2,0,2,0.741,3.0
0.127,0,-2,0,2,0.741,3.0
0.128,0,-2,0,2,0.74,3.0
0.128,0,-2,0,2,0.739,3.0
0.128,0,-2,0,2,0.739,3.0
0.128,0,-2,0,2,0.738,3.0
0.129,0,-2,0,2,0.738,3.0
0.129,0,-2,0,2,0.737,3.0
0.129,0,-2,0,2,0.737,3.0
0.129,0,-2,0,2,0.736,3.0
0.13,0,-2,0,2,0.736,3.0
0.13,0,-2,0,2,0.735,3.0
0.13,0,-2,0,2,0.735,3.0
0.131,0,-2,0,2,0.734,3.0
0.131,0,-2,0,2,0.734,3.0
0.131,0,-2,0,2,0.733,3.0
0.131,0,-2,0,2,0.733,3.0
0.132,0,-2,0,2,0.732,3.0
0.132,0,-2,0,2,0.732,3.0
0.132,0,-2,0,2,0.731,3.0
0.132,0,-2,0,2,0.731,3.0
0.133,0,-2,0,2,0.73,3.0
0.133,0,-2,0,2,0.73,3.0
0.133,0,-2,0,2,0.729,3.0
0.134,0,-2,0,2,0.729,3.0
0.134,0,-2,0,2,0.728,3.0
0.134,0,-2,0,2,0.728,3.0
0.134,0,-2,0,2,0.727,3.0
0.135,0,-2,0,2,0.727,3.0
0.135,0,-2,0,2,0.726,3.0
0.135,0,-2,0,2,0.726,3.0
0.136,0,-2,0,2,0.725,3.0
0.136,0,-2,0,2,0.725,3.0
0.136,0,-2,0,2,0.724,3.0
0.136,0,-2,0,2,0.724,3.0
0.137,0,-2,0,2,0.723,3.0
0.137,0,-2,0,2,0.723,3.0
0.137,0,-2,0,2,0.722,3.0
0.137,0,-2,0,2,0.722,3.0
0.138,0,-2,0,2,0.721,3.0
0.138,0,-2,0,2,0.721,3.0
0.138,0,-2,0,2,0.72,3.0
0.139,0,-2,0,2,0.72,3.0
0.139,0,-2,0,2,0.719,3.0
0.139,0,-2,0,2,0.719,3.0
0.139,0,-2,0,2,0.718,3.0
0.14,0,-2,0,2,0.718,3.0
0.14,0,-2,0,2,0.717,3.0
0.14,0,-2,0,2,0.717,3.0
0.141,0,-2,0,2,0.716,3.0
0.141,0,-2,0,2,0.716,3.0
0.141,0,-2,0,2,0.715,3.0
0.141,0,-2,0,2,0.715,3.0
0.142,0,-2,0,2,0.714,3.0
0.142,0,-2,0,2,0.714,3.0
0.145,0,-2,0,2,0.713,3.0
0.145,0,-2,0,2,0.713,3.0
0.145,0,-2,0,2,0.712,3.0
0.146,0,-2,0,2,0.712,3.0
0.146,0,-2,0,2,0.711,3.0
0.146,0,-2,0,2,0.711,3.0
0.147,0,-2,0,2,0.71,3.0
0.147,0,-2,0,2,0.71,3.0
0.147,0,-2,0,2,0.709,3.0
0.147,0,-2,0,2,0.709,3.0
0.148,0,-2,0,2,0.708,3.0
0.148,0,-2,0,2,0.708,3.0
0.148,0,-2,0,2,0.707,3.0
0.149,0,-2,0,2,0.707,3.0
0.149,0,-2,0,2,0.706,3.0
0.149,0,-2,0,2,0.706,3.0
0.149,0,-2,0,2,0.705,3.0
0.15,0,-2,0,2,0.705,3.0
0.15,0,-2,0,2,0.704,3.0
0.15,-1,-3,0,3,0.704,3.0
0.15,0,-3,0,3,0.703,3.0
0.151,0,-3,0,3,0.703,3.0
0.151,0,-3,0,3,0.702,3.0
0.151,0,-3,0,3,0.702,3.0
0.152,0,-3,0,3,0.701,3.0
0.152,0,-3,0,3,0.701,3.0
0.152,0,-3,0,3,0.7,3.0
0.152,0,-3,0,3,0.7,3.0
0.153,0,-3,0,3,0.699,3.0
0.153,0,-3,0,3,0.699,3.0
0.153,0,-3,0,3,0.698,3.0
0.154,0,-3,0,3,0.698,3.0
0.154,0,-3,0,3,0.697,3.0
0.154,0,-3,0,3,0.697,3.0
0.155,0,-3,0,3,0.696,3.0
0.155,0,-3,0,3,0.696,3.0
0.155,0,-3,0,3,0.695,3.0
0.155,0,-3,0,3,0.695,3.0
0.156,0,-3,0,3,0.694,3.0
0.156,0,-3,0,3,0.694,3.0
0.156,0,-3,0,3,0.693,3.0
0.156,0,-3,0,3,0.693,3.0
0.157,0,-3,0,3,0.692,3.0
0.157,0,-3,0,3,0.692,3.0
0.157,0,-3,0,3,0.691,3.0
0.158,0,-3,0,3,0.691,3.0
0.158,0,-3,0,3,0.69,3.0
0.158,0,-3,0,3,0.69,3.0
0.158,0,-3,0,3,0.689,3.0
0.159,0,-3,0,3,0.689,3.0
0.159,0,-3,0,3,0.689,3.0
0.159,0,-3,0,3,0.688,3.0
0.16,0,-3,0,3,0.688,3.0
0.16,0,-3,0,3,0.687,3.0
0.16,0,-3,0,3,0.687,3.0
0.16,0,-3,0,3,0.686,3.0
0.161,0,-3,0,3,0.686,3.0
0.161,0,-3,0,3,0.685,3.0
0.161,0,-3,0,3,0.685,3.0
0.161,0,-3,0,3,0.684,3.0
0.162,0,-3,0,3,0.684,3.0
0.162,0,-3,0,3,0.683,3.0
0.162,0,-3,0,3,0.683,3.0
0.163,0,-3,0,3,0.682,3.0
0.163,0,-3,0,3,0.682,3.0
0.163,0,-3,0,3,0.681,3.0
0.163,0,-3,0,3,0.681,3.0
0.164,0,-3,0,3,0.68,3.0
0.164,0,-3,0,3,0.68,3.0
0.164,0,-3,0,3,0.679,3.0
0.165,0,-3,0,3,0.679,3.0
0.165,0,-3,0,3,0.678,3.0
0.165,0,-3,0,3,0.678,3.0
0.165,0,-3,0,3,0.678,3.0
0.166,0,-3,0,3,0.677,3.0
0.166,0,-3,0,3,0.677,3.0
0.166,0,-3,0,3,0.676,3.0
0.166,0,-3,0,3,0.676,3.0
0.167,0,-3,0,3,0.675,3.0
0.167,0,-3,0,3,0.675,3.0
0.167,0,-3,0,3,0.674,3.0
0.168,0,-3,0,3,0.674,3.0
0.168,0,-3,0,3,0.673,3.0
0.168,0,-3,0,3,0.673,3.0
0.168,0,-3,0,3,0.672,3.0
0.169,0,-3,0,3,0.672,3.0
0.169,0,-3,0,3,0.671,3.0
0.169,0,-3,0,3,0.671,3.0
0.169,0,-3,0,3,0.67,3.0
0.17,0,-3,0,3,0.67,3.0
0.17,0,-3,0,3,0.669,3.0
0.17,0,-3,0,3,0.669,3.0
0.171,0,-3,0,3,0.669,3.0
0.171,0,-3,0,3,0.668,3.0
0.171,0,-3,0,3,0.668,3.0
0.171,0,-3,0,3,0.667,3.0
0.172,0,-3,0,3,0.667,3.0
0.172,0,-3,0,3,0.666,3.0
0.172,0,-3,0,3,0.666,3.0
0.173,0,-3,0,3,0.665,3.0
0.173,0,-3,0,3,0.665,3.0
0.173,0,-3,0,3,0.664,3.0
0.173,0,-3,0,3,0.664,3.0
0.174,0,-3,0,3,0.663,3.0
0.174,0,-3,0,3,0.663,3.0
0.174,0,-3,0,3,0.662,3.0
0.175,0,-3,0,3,0.662,3.0
0.175,0,-3,0,3,0.662,3.0
0.175,0,-3,0,3,0.661,3.0
0.175,0,-3,0,3,0.661,3.0
0.176,0,-3,0,3,0.66,3.0
0.176,0,-3,0,3,0.66,3.0
0.176,0,-3,0,3,0.659,3.0
0.177,0,-3,0,3,0.659,3.0
0.177,0,-3,0,3,0.658,3.0
0.177,0,-3,0,3,0.658,3.0
0.177,0,-3,0,3,0.657,3.0
0.178,0,-3,0,3,0.657,3.0
0.178,0,-3,0,3,0.656,3.0
0.178,0,-3,0,3,0.656,3.0
0.178,0,-3,0,3,0.656,3.0
0.179,0,-3,0,3,0.655,3.0
0.179,0,-3,0,3,0.655,3.0
0.179,0,-3,0,3,0.654,3.0
0.18,0,-3,0,3,0.654,3.0
0.18,0,-3,0,3,0.653,3.0
0.18,0,-3,0,3,0.653,3.0
0.18,0,-3,0,3,0.652,3.0
0.181,0,-3,0,3,0.652,3.0
0.181,0,-3,0,3,0.651,3.0
0.181,0,-3,0,3,0.651,3.0
0.181,0,-3,0,3,0.651,3.0
0.182,0,-3,0,3,0.65,3.0
0.182,0,-3,0,3,0.65,3.0
0.182,0,-3,0,3,0.649,3.0
0.183,0,-3,0,3,0.649,3.0
0.183,0,-3,0,3,0.648,3.0
0.183,0,-3,0,3,0.648,3.0
0.184,0,-3,0,3,0.647,3.0
0.184,0,-3,0,3,0.647,3.0
0.184,0,-3,0,3,0.646,3.0
0.184,0,-3,0,3,0.646,3.0
0.185,0,-3,0,3,0.646,3.0
0.185,0,-3,0,3,0.645,3.0
0.185,0,-3,0,3,0.645,3.0
0.185,0,-3,0,3,0.644,3.0
0.186,0,-3,0,3,0.644,3.0
0.186,0,-3,0,3,0.643,3.0
0.186,0,-3,0,3,0.643,3.0
0.186,0,-3,0,3,0.642,3.0
0.187,0,-3,0,3,0.642,3.0
0.187,0,-3,0,3,0.641,3.0
0.187,0,-3,0,3,0.641,3.0
0.188,0,-3,0,3,0.641,3.0
0.188,0,-3,0,3,0.64,3.0
0.188,0,-3,0,3,0.64,3.0
0.188,0,-3,0,3,0.639,3.0
0.189,0,-3,0,3,0.639,3.0
0.189,0,-3,0,3,0.638,3.0
0.189,0,-3,0,3,0.638,3.0
0.19,0,-3,0,3,0.637,3.0
0.19,0,-3,0,3,0.637,3.0
0.19,0,-3,0,3,0.637,3.0
0.19,0,-3,0,3,0.636,3.0
0.191,0,-3,0,3,0.636,3.0
0.191,0,-3,0,3,0.635,3.0
0.191,0,-3,0,3,0.635,3.0
0.192,0,-3,0,3,0.634,3.0
0.192,0,-3,0,3,0.634,3.0
0.192,0,-3,0,3,0.633,3.0
0.192,0,-3,0,3,0.633,3.0
0.193,0,-3,0,3,0.633,3.0
0.193,0,-3,0,3,0.632,3.0
0.193,0,-3,0,3,0.632,3.0
0.194,0,-3,0,3,0.631,3.0
0.194,0,-3,0,3,0.631,3.0
0.194,0,-3,0,3,0.63,3.0
0.194,0,-3,0,3,0.63,3.0
0.195,0,-3,0,3,0.629,3.0
0.195,0,-3,0,3,0.629,3.0
0.195,0,-3,0,3,0.629,3.0
0.196,0,-3,0,3,0.628,3.0
0.196,0,-3,0,3,0.628,3.0
0.196,0,-3,0,3,0.627,3.0
0.196,0,-3,0,3,0.627,3.0
0.197,0,-3,0,3,0.626,3.0
0.197,0,-3,0,3,0.626,3.0
0.197,0,-3,0,3,0.626,3.0
0.197,0,-3,0,3,0.625,3.0
0.198,0,-3,0,3,0.625,3.0
0.198,0,-3,0,3,0.624,3.0
0.198,0,-3,0,3,0.624,3.0
0.199,0,-3,0,3,0.623,3.0
0.199,0,-3,0,3,0.623,3.0
0.199,0,-3,0,3,0.622,3.0
0.199,0,-3,0,3,0.622,3.0
0.2,0,-3,0,3,0.622,3.0
0.2,0,-3,0,3,0.621,3.0
0.2,0,-3,0,3,0.621,3.0
0.2,0,-3,0,3,0.62,3.0
0.201,0,-3,0,3,0.62,3.0
0.201,0,-3,0,3,0.619,3.0
0.201,0,-3,0,3,0.619,3.0
0.202,0,-3,0,3,0.619,3.0
0.202,0,-3,0,3,0.618,3.0
0.202,0,-3,0,3,0.618,3.0
0.202,0,-3,0,3,0.617,3.0
0.203,0,-3,0,3,0.617,3.0
0.203,0,-3,0,3,0.616,3.0
0.203,0,-3,0,3,0.616,3.0
0.203,0,-3,0,3,0.616,3.0
0.204,0,-3,0,3,0.615,3.0
0.204,0,-3,0,3,0.615,3.0
0.204,0,-3,0,3,0.614,3.0
0.205,0,-3,0,3,0.614,3.0
0.205,0,-3,0,3,0.613,3.0
0.205,0,-3,0,3,0.613,3.0
0.205,0,-3,0,3,0.613,3.0
0.206,0,-3,0,3,0.612,3.0
0.206,0,-3,0,3,0.612,3.0
0.206,0,-3,0,3,0.611,3.0
0.207,0,-3,0,3,0.611,3.0
0.207,0,-3,0,3,0.61,3.0
0.207,0,-3,0,3,0.61,3.0
0.207,0,-3,0,3,0.61,3.0
0.208,0,-3,0,3,0.609,3.0
0.208,0,-3,0,3,0.609,3.0
0.208,0,-3,0,3,0.608,3.0
0.209,0,-3,0,3,0.608,3.0
0.209,0,-3,0,3,0.607,3.0
0.209,0,-3,0,3,0.607,3.0
0.209,0,-3,0,3,0.607,3.0
0.21,0,-3,0,3,0.606,3.0
0.21,0,-3,0,3,0.606,3.0
0.21,0,-3,0,3,0.605,3.0
0.211,0,-3,0,3,0.605,3.0
0.211,0,-3,0,3,0.604,3.0
0.211,0,-3,0,3,0.604,3.0
0.211,0,-3,0,3,0.604,3.0
0.212,0,-3,0,3,0.603,3.0
0.212,0,-3,0,3,0.603,3.0
0.212,0,-3,0,3,0.602,3.0
0.212,0,-3,0,3,0.602,3.0
0.213,0,-3,0,3,0.601,3.0
0.213,0,-3,0,3,0.601,3.0
0.213,0,-3,0,3,0.601,3.0
0.214,0,-3,0,3,0.6,3.0
0.214,0,-3,0,3,0.6,3.0
0.214,0,-3,0,3,0.599,3.0
0.214,0,-3,0,3,0.599,3.0
0.215,0,-3,0,3,0.599,3.0
0.215,0,-3,0,3,0.598,3.0
0.215,0,-3,0,3,0.598,3.0
0.216,0,-3,0,3,0.597,3.0
0.216,0,-3,0,3,0.597,3.0
0.216,0,-3,0,3,0.596,3.0
0.216,0,-3,0,3,0.596,3.0
0.217,0,-3,0,3,0.596,3.0
0.217,0,-3,0,3,0.595,3.0
0.217,0,-3,0,3,0.595,3.0
0.217,0,-3,0,3,0.594,3.0
0.218,0,-3,0,3,0.594,3.0
0.218,0,-3,0,3,0.594,3.0
0.218,0,-3,0,3,0.593,3.0
0.219,0,-3,0,3,0.593,3.0
0.219,0,-3,0,3,0.592,3.0
0.219,0,-3,0,3,0.592,3.0
0.219,0,-3,0,3,0.591,3.0
0.22,0,-3,0,3,0.591,3.0
0.22,0,-3,0,3,0.591,3.0
0.22,0,-3,0,3,0.59,3.0
0.221,0,-3,0,3,0.59,3.0
0.221,0,-3,0,3,0.589,3.0
0.221,0,-3,0,3,0.589,3.0
0.221,0,-3,0,3,0.589,3.0
0.222,0,-3,0,3,0.588,3.0
0.222,0,-3,0,3,0.588,3.0
0.222,0,-3,0,3,0.587,3.0
0.223,0,-3,0,3,0.587,3.0
0.223,0,-3,0,3,0.586,3.0
0.223,0,-3,0,3,0.586,3.0
0.223,0,-3,0,3,0.586,3.0
0.224,0,-3,0,3,0.585,3.0
0.224,0,-3,0,3,0.585,3.0
0.224,0,-3,0,3,0.584,3.0
0.224,0,-3,0,3,0.584,3.0
0.225,0,-3,0,3,0.584,3.0
0.225,0,-3,0,3,0.583,3.0
0.225,0,-3,0,3,0.583,3.0
0.226,0,-3,0,3,0.582,3.0
0.226,0,-3,0,3,0.582,3.0
0.226,0,-3,0,3,0.582,3.0
0.226,0,-3,0,3,0.581,3.0
0.227,0,-3,0,3,0.581,3.0
0.227,0,-3,0,3,0.58,3.0
0.227,0,-3,0,3,0.58,3.0
0.228,0,-3,0,3,0.58,3.0
0.228,0,-3,0,3,0.579,3.0
0.228,0,-3,0,3,0.579,3.0
0.228,0,-3,0,3,0.578,3.0
0.229,0,-3,0,3,0.578,3.0
0.229,0,-3,0,3,0.578,3.0
0.229,0,-3,0,3,0.577,3.0
0.23,0,-3,0,3,0.577,3.0
0.23,0,-3,0,3,0.576,3.0
0.23,0,-3,0,3,0.576,3.0
0.23,0,-3,0,3,0.576,3.0
0.231,0,-3,0,3,0.575,3.0
0.231,0,-3,0,3,0.575,3.0
0.231,0,-3,0,3,0.574,3.0
0.231,0,-3,0,3,0.574,3.0
0.232,0,-3,0,3,0.574,3.0
0.232,0,-3,0,3,0.573,3.0
0.232,0,-3,0,3,0.573,3.0
0.233,0,-3,0,3,0.572,3.0
0.233,0,-3,0,3,0.572,3.0
0.233,0,-3,0,3,0.571,3.0
0.233,0,-3,0,3,0.571,3.0
0.234,0,-3,0,3,0.571,3.0
0.234,-1,-4,0,4,0.57,3.0
0.234,0,-4,0,4,0.57,3.0
0.235,0,-4,0,4,0.569,3.0
0.235,0,-4,0,4,0.569,3.0
0.235,0,-4,0,4,0.569,3.0
0.236,0,-4,0,4,0.568,3.0
0.236,0,-4,0,4,0.568,3.0
0.236,0,-4,0,4,0.568,3.0
0.236,0,-4,0,4,0.567,3.0
0.237,0,-4,0,4,0.567,3.0
0.237,0,-4,0,4,0.566,3.0
0.237,0,-4,0,4,0.566,3.0
0.237,0,-4,0,4,0.566,3.0
0.238,0,-4,0,4,0.565,3.0
0.238,0,-4,0,4,0.565,3.0
0.238,0,-4,0,4,0.564,3.0
0.239,0,-4,0,4,0.564,3.0
0.239,0,-4,0,4,0.564,3.0
0.239,0,-4,0,4,0.563,3.0
0.239,0,-4,0,4,0.563,3.0
0.24,0,-4,0,4,0.562,3.0
0.24,0,-4,0,4,0.562,3.0
0.24,0,-4,0,4,0.562,3.0
0.241,0,-4,0,4,0.561,3.0
0.241,0,-4,0,4,0.561,3.0
0.241,0,-4,0,4,0.56,3.0
0.241,0,-4,0,4,0.56,3.0
0.242,0,-4,0,4,0.56,3.0
0.242,0,-4,0,4,0.559,3.0
0.242,0,-4,0,4,0.559,3.0
0.243,0,-4,0,4,0.558,3.0
0.243,0,-4,0,4,0.558,3.0
0.243,0,-4,0,4,0.558,3.0
0.243,0,-4,0,4,0.557,3.0
0.244,0,-4,0,4,0.557,3.0
0.244,0,-4,0,4,0.556,3.0
0.244,0,-4,0,4,0.556,3.0
0.244,0,-4,0,4,0.556,3.0
0.245,0,-4,0,4,0.555,3.0
0.245,0,-4,0,4,0.555,3.0
0.245,0,-4,0,4,0.555,3.0
0.246,0,-4,0,4,0.554,3.0
0.246,0,-4,0,4,0.554,3.0
0.246,0,-4,0,4,0.553,3.0
0.246,0,-4,0,4,0.553,3.0
0.247,0,-4,0,4,0.553,3.0
0.247,0,-4,0,4,0.552,3.0
0.247,0,-4,0,4,0.552,3.0
0.247,0,-4,0,4,0.551,3.0
0.248,0,-4,0,4,0.551,3.0
0.248,0,-4,0,4,0.551,3.0
0.248,0,-4,0,4,0.55,3.0
0.249,0,-4,0,4,0.55,3.0
0.249,0,-4,0,4,0.55,3.0
0.249,0,-4,0,4,0.549,3.0
0.249,0,-4,0,4,0.549,3.0
0.25,0,-4,0,4,0.548,3.0
0.25,0,-4,0,4,0.548,3.0
0.25,0,-4,0,4,0.548,3.0
0.251,0,-4,0,4,0.547,3.0
0.251,0,-4,0,4,0.547,3.0
0.251,0,-4,0,4,0.546,3.0
0.251,0,-4,0,4,0.546,3.0
0.252,0,-4,0,4,0.546,3.0
0.252,0,-4,0,4,0.545,3.0
0.252,0,-4,0,4,0.545,3.0
0.252,0,-4,0,4,0.545,3.0
0.253,0,-4,0,4,0.544,3.0
0.253,0,-4,0,4,0.544,3.0
0.253,0,-4,0,4,0.543,3.0
0.253,0,-4,0,4,0.543,3.0
0.254,0,-4,0,4,0.543,3.0
0.254,0,-4,0,4,0.542,3.0
0.254,0,-4,0,4,0.542,3.0
0.255,0,-4,0,4,0.541,3.0
0.255,0,-4,0,4,0.541,3.0
0.255,0,-4,0,4,0.541,3.0
0.255,0,-4,0,4,0.54,3.0
0.256,0,-4,0,4,0.54,3.0
0.256,0,-4,0,4,0.54,3.0
0.256,0,-4,0,4,0.539,3.0
0.257,0,-4,0,4,0.539,3.0
0.257,0,-4,0,4,0.538,3.0
0.257,0,-4,0,4,0.538,3.0
0.257,0,-4,0,4,0.538,3.0
0.258,0,-4,0,4,0.537,3.0
0.258,0,-4,0,4,0.537,3.0
0.258,0,-4,0,4,0.537,3.0
0.259,0,-4,0,4,0.536,3.0
0.259,0,-4,0,4,0.536,3.0
0.259,0,-4,0,4,0.535,3.0
0.259,0,-4,0,4,0.535,3.0
0.26,0,-4,0,4,0.535,3.0
0.26,0,-4,0,4,0.534,3.0
0.26,0,-4,0,4,0.534,3.0
0.26,0,-4,0,4,0.534,3.0
0.261,0,-4,0,4,0.533,3.0
0.261,0,-4,0,4,0.533,3.0
0.261,0,-4,0,4,0.532,3.0
0.262,0,-4,0,4,0.532,3.0
0.262,0,-4,0,4,0.532,3.0
0.262,0,-4,0,4,0.531,3.0
0.262,-1,-5,0,5,0.531,3.0
0.263,0,-5,0,5,0.531,3.0
0.263,0,-5,0,5,0.53,3.0
0.263,0,-5,0,5,0.53,3.0
0.264,0,-5,0,5,0.529,3.0
0.264,0,-5,0,5,0.529,3.0
0.264,0,-5,0,5,0.529,3.0
0.264,0,-5,0,5,0.528,3.0
0.265,0,-5,0,5,0.528,3.0
0.265,0,-5,0,5,0.528,3.0
0.265,0,-5,0,5,0.527,3.0
0.265,0,-5,0,5,0.527,3.0
0.266,0,-5,0,5,0.527,3.0
0.266,0,-5,0,5,0.526,3.0
0.266,0,-5,0,5,0.526,3.0
0.267,0,-5,0,5,0.525,3.0
0.267,0,-5,0,5,0.525,3.0
0.267,0,-5,0,5,0.525,3.0
0.267,0,-5,0,5,0.524,3.0
0.268,0,-5,0,5,0.524,3.0
0.268,0,-5,0,5,0.524,3.0
0.268,0,-5,0,5,0.523,3.0
0.269,0,-5,0,5,0.523,3.0
0.269,0,-5,0,5,0.523,3.0
0.269,0,-5,0,5,0.522,3.0
0.269,0,-5,0,5,0.522,3.0
0.27,0,-5,0,5,0.521,3.0
0.27,0,-5,0,5,0.521,3.0
0.27,0,-5,0,5,0.521,3.0
0.27,0,-5,0,5,0.52,3.0
0.271,0,-5,0,5,0.52,3.0
0.271,0,-5,0,5,0.52,3.0
0.271,0,-5,0,5,0.519,3.0
0.272,0,-5,0,5,0.519,3.0
0.272,0,-5,0,5,0.518,3.0
0.272,0,-5,0,5,0.518,3.0
0.272,0,-5,0,5,0.518,3.0
0.273,0,-5,0,5,0.517,3.0
0.273,0,-5,0,5,0.517,3.0
0.273,0,-5,0,5,0.517,3.0
0.274,0,-5,0,5,0.516,3.0
0.274,0,-5,0,5,0.516,3.0
0.274,0,-5,0,5,0.516,3.0
0.274,0,-5,0,5,0.515,3.0
0.275,0,-5,0,5,0.515,3.0
0.275,0,-5,0,5,0.515,3.0
0.275,0,-5,0,5,0.514,3.0
0.275,0,-5,0,5,0.514,3.0
0.276,0,-5,0,5,0.513,3.0
0.276,0,-5,0,5,0.513,3.0
0.276,0,-5,0,5,0.513,3.0
0.277,0,-5,0,5,0.512,3.0
0.277,0,-5,0,5,0.512,3.0
0.277,0,-5,0,5,0.512,3.0
0.277,0,-5,0,5,0.511,3.0
0.278,0,-5,0,5,0.511,3.0
0.278,0,-5,0,5,0.511,3.0
0.278,0,-5,0,5,0.51,3.0
0.279,0,-5,0,5,0.51,3.0
0.279,0,-5,0,5,0.509,3.0
0.279,0,-5,0,5,0.509,3.0
0.279,0,-5,0,5,0.509,3.0
0.28,0,-5,0,5,0.508,3.0
0.28,0,-5,0,5,0.508,3.0
0.28,0,-5,0,5,0.508,3.0
0.28,0,-5,0,5,0.507,3.0
0.281,0,-5,0,5,0.507,3.0
0.281,0,-5,0,5,0.507,3.0
0.281,0,-5,0,5,0.506,3.0
0.282,0,-5,0,5,0.506,3.0
0.282,0,-5,0,5,0.506,3.0
0.282,0,-5,0,5,0.505,3.0
0.282,0,-5,0,5,0.505,3.0
0.283,0,-5,0,5,0.505,3.0
0.283,0,-5,0,5,0.504,3.0
0.283,0,-5,0,5,0.504,3.0
0.283,0,-5,0,5,0.503,3.0
0.284,0,-5,0,5,0.503,3.0
0.284,0,-5,0,5,0.503,3.0
0.284,0,-5,0,5,0.502,3.0
0.285,0,-5,0,5,0.502,3.0
0.285,0,-5,0,5,0.502,3.0
0.285,0,-5,0,5,0.501,3.0
0.285,0,-5,0,5,0.501,3.0
0.286,0,-5,0,5,0.501,3.0
0.286,0,-5,0,5,0.5,3.0
0.286,0,-5,0,5,0.5,3.0
0.287,0,-5,0,5,0.5,3.0
0.287,0,-5,0,5,0.499,3.0
0.287,0,-5,0,5,0.499,3.0
0.287,0,-5,0,5,0.499,3.0
0.288,0,-5,0,5,0.498,3.0
0.288,0,-5,0,5,0.498,3.0
0.288,0,-5,0,5,0.498,3.0
0.288,0,-5,0,5,0.497,3.0
0.289,0,-5,0,5,0.497,3.0
0.289,0,-5,0,5,0.496,3.0
0.289,0,-5,0,5,0.496,3.0
0.29,0,-5,0,5,0.496,3.0
0.29,0,-5,0,5,0.495,3.0
0.29,0,-5,0,5,0.495,3.0
0.29,0,-5,0,5,0.495,3.0
0.291,0,-5,0,5,0.494,3.0
0.291,0,-5,0,5,0.494,3.0
0.291,0,-5,0,5,0.494,3.0
0.292,0,-5,0,5,0.493,3.0
0.292,0,-5,0,5,0.493,3.0
0.292,0,-5,0,5,0.493,3.0
0.292,0,-5,0,5,0.492,3.0
0.293,0,-5,0,5,0.492,3.0
0.293,0,-5,0,5,0.492,3.0
0.293,0,-5,0,5,0.491,3.0
0.293,0,-5,0,5,0.491,3.0
0.294,0,-5,0,5,0.491,3.0
0.294,0,-5,0,5,0.49,3.0
0.294,0,-5,0,5,0.49,3.0
0.295,0,-5,0,5,0.49,3.0
0.295,0,-5,0,5,0.489,3.0
0.295,0,-5,0,5,0.489,3.0
0.295,0,-5,0,5,0.489,3.0
0.296,0,-5,0,5,0.488,3.0
0.296,0,-5,0,5,0.488,3.0
0.296,0,-5,0,5,0.488,3.0
0.296,0,-5,0,5,0.487,3.0
0.297,0,-5,0,5,0.487,3.0
0.297,0,-5,0,5,0.486,3.0
0.297,0,-5,0,5,0.486,3.0
0.298,0,-5,0,5,0.486,3.0
0.298,0,-5,0,5,0.485,3.0
0.298,0,-5,0,5,0.485,3.0
0.298,0,-5,0,5,0.485,3.0
0.299,0,-5,0,5,0.484,3.0
0.299,0,-5,0,5,0.484,3.0
0.299,0,-5,0,5,0.484,3.0
0.3,0,-5,0,5,0.483,3.0
0.3,0,-5,0,5,0.483,3.0
0.3,0,-5,0,5,0.483,3.0
0.3,0,-5,0,5,0.482,3.0
0.301,0,-5,0,5,0.482,3.0
0.301,0,-5,0,5,0.482,3.0
0.301,0,-5,0,5,0.481,3.0
0.302,0,-5,0,5,0.481,3.0
0.302,0,-5,0,5,0.481,3.0
0.302,0,-5,0,5,0.48,3.0
0.302,0,-5,0,5,0.48,3.0
0.303,0,-5,0,5,0.48,3.0
0.303,0,-5,0,5,0.479,3.0
0.303,0,-5,0,5,0.479,3.0
0.304,0,-5,0,5,0.479,3.0
0.304,0,-5,0,5,0.478,3.0
0.304,0,-5,0,5,0.478,3.0
0.304,0,-5,0,5,0.478,3.0
0.305,0,-5,0,5,0.477,3.0
0.305,0,-5,0,5,0.477,3.0
0.305,0,-5,0,5,0.477,3.0
0.305,0,-5,0,5,0.476,3.0
0.306,0,-5,0,5,0.476,3.0
0.306,0,-5,0,5,0.476,3.0
0.306,0,-5,0,5,0.475,3.0
0.307,0,-5,0,5,0.475,3.0
0.307,0,-5,0,5,0.475,3.0
0.307,0,-5,0,5,0.474,3.0
0.307,0,-5,0,5,0.474,3.0
0.308,0,-5,0,5,0.474,3.0
0.308,0,-5,0,5,0.473,3.0
0.308,0,-5,0,5,0.473,3.0
0.309,0,-5,0,5,0.473,3.0
0.309,0,-5,0,5,0.472,3.0
0.309,0,-5,0,5,0.472,3.0
0.309,0,-5,0,5,0.472,3.0
0.31,0,-5,0,5,0.471,3.0
0.31,0,-5,0,5,0.471,3.0
0.31,0,-5,0,5,0.471,3.0
0.311,0,-5,0,5,0.47,3.0
0.311,0,-5,0,5,0.47,3.0
0.311,0,-5,0,5,0.47,3.0
0.311,0,-5,0,5,0.469,3.0
0.312,0,-5,0,5,0.469,3.0
0.312,0,-5,0,5,0.469,3.0
0.312,0,-5,0,5,0.468,3.0
0.312,0,-5,0,5,0.468,3.0
0.313,0,-5,0,5,0.468,3.0
0.313,0,-5,0,5,0.467,3.0
0.313,0,-5,0,5,0.467,3.0
0.314,0,-5,0,5,0.467,3.0
0.314,0,-5,0,5,0.466,3.0
0.314,0,-5,0,5,0.466,3.0
0.314,0,-5,0,5,0.466,3.0
0.315,0,-5,0,5,0.465,3.0
0.315,0,-5,0,5,0.465,3.0
0.315,0,-5,0,5,0.465,3.0
0.316,0,-5,0,5,0.465,3.0
0.316,0,-5,0,5,0.464,3.0
0.316,0,-5,0,5,0.464,3.0
0.316,0,-5,0,5,0.464,3.0
0.317,0,-5,0,5,0.463,3.0
0.317,0,-5,0,5,0.463,3.0
0.317,0,-5,0,5,0.463,3.0
0.318,0,-5,0,5,0.462,3.0
0.318,0,-5,0,5,0.462,3.0
0.318,0,-5,0,5,0.462,3.0
0.318,0,-5,0,5,0.461,3.0
0.319,0,-5,0,5,0.461,3.0
0.319,0,-5,0,5,0.461,3.0
0.319,0,-5,0,5,0.46,3.0
0.32,0,-5,0,5,0.46,3.0
0.32,0,-5,0,5,0.46,3.0
0.32,0,-5,0,5,0.459,3.0
0.32,0,-5,0,5,0.459,3.0
0.321,0,-5,0,5,0.459,3.0
0.321,0,-5,0,5,0.458,3.0
0.321,0,-5,0,5,0.458,3.0
0.321,0,-5,0,5,0.458,3.0
0.322,0,-5,0,5,0.457,3.0
0.322,0,-5,0,5,0.457,3.0
0.322,0,-5,0,5,0.457,3.0
0.323,0,-5,0,5,0.456,3.0
0.323,0,-5,0,5,0.456,3.0
0.323,0,-5,0,5,0.456,3.0
0.323,0,-5,0,5,0.455,3.0
0.324,0,-5,0,5,0.455,3.0
0.324,0,-5,0,5,0.455,3.0
0.324,0,-5,0,5,0.455,3.0
0.325,0,-5,0,5,0.454,3.0
0.325,0,-5,0,5,0.454,3.0
0.325,0,-5,0,5,0.454,3.0
0.325,0,-5,0,5,0.453,3.0
0.326,0,-5,0,5,0.453,3.0
0.326,0,-5,0,5,0.453,3.0
0.326,0,-5,0,5,0.452,3.0
0.326,0,-5,0,5,0.452,3.0
0.327,0,-5,0,5,0.452,3.0
0.327,0,-5,0,5,0.451,3.0
0.327,0,-5,0,5,0.451,3.0
0.328,0,-5,0,5,0.451,3.0
0.328,0,-5,0,5,0.45,3.0
0.328,0,-5,0,5,0.45,3.0
0.328,0,-5,0,5,0.45,3.0
0.329,0,-5,0,5,0.449,3.0
0.329,0,-5,0,5,0.449,3.0
0.329,0,-5,0,5,0.449,3.0
0.33,0,-5,0,5,0.449,3.0
0.33,0,-5,0,5,0.448,3.0
0.33,0,-5,0,5,0.448,3.0
0.33,0,-5,0,5,0.448,3.0
0.331,0,-5,0,5,0.447,3.0
0.331,0,-5,0,5,0.447,3.0
0.331,0,-5,0,5,0.447,3.0
0.331,0,-5,0,5,0.446,3.0
0.332,0,-5,0,5,0.446,3.0
0.332,0,-5,0,5,0.446,3.0
0.332,0,-5,0,5,0.445,3.0
0.333,0,-5,0,5,0.445,3.0
0.333,0,-5,0,5,0.445,3.0
0.333,0,-5,0,5,0.444,3.0
0.333,0,-5,0,5,0.444,3.0
0.334,0,-5,0,5,0.444,3.0
0.334,0,-5,0,5,0.444,3.0
0.334,0,-5,0,5,0.443,3.0
0.335,0,-5,0,5,0.443,3.0
0.335,0,-5,0,5,0.443,3.0
0.335,0,-5,0,5,0.442,3.0
0.335,0,-5,0,5,0.442,3.0
0.336,0,-5,0,5,0.442,3.0
0.336,0,-5,0,5,0.441,3.0
0.336,0,-5,0,5,0.441,3.0
0.336,0,-5,0,5,0.441,3.0
0.337,0,-5,0,5,0.44,3.0
0.337,0,-5,0,5,0.44,3.0
0.337,0,-5,0,5,0.44,3.0
0.338,0,-5,0,5,0.44,3.0
0.338,0,-5,0,5,0.439,3.0
0.338,0,-5,0,5,0.439,3.0
0.338,0,-5,0,5,0.439,3.0
0.339,0,-5,0,5,0.438,3.0
0.339,0,-5,0,5,0.438,3.0
0.339,0,-5,0,5,0.438,3.0
0.339,0,-5,0,5,0.437,3.0
0.34,0,-5,0,5,0.437,3.0
0.34,0,-5,0,5,0.437,3.0
0.34,0,-5,0,5,0.436,3.0
0.341,0,-5,0,5,0.436,3.0
0.341,0,-5,0,5,0.436,3.0
0.341,0,-5,0,5,0.436,3.0
0.341,0,-5,0,5,0.435,3.0
0.342,0,-5,0,5,0.435,3.0
0.342,0,-5,0,5,0.435,3.0
0.342,0,-5,0,5,0.434,3.0
0.343,0,-5,0,5,0.434,3.0
0.343,0,-5,0,5,0.434,3.0
0.343,0,-5,0,5,0.433,3.0
0.343,0,-5,0,5,0.433,3.0
0.344,0,-5,0,5,0.433,3.0
0.344,0,-5,0,5,0.432,3.0
0.344,0,-5,0,5,0.432,3.0
0.345,0,-5,0,5,0.432,3.0
0.345,0,-5,0,5,0.432,3.0
0.345,0,-5,0,5,0.431,3.0
0.346,0,-5,0,5,0.431,3.0
0.346,0,-5,0,5,0.431,3.0
0.346,-1,-6,0,6,0.43,3.0
0.347,0,-6,0,6,0.43,3.0
0.347,0,-6,0,6,0.43,3.0
0.347,0,-6,0,6,0.429,3.0
0.347,0,-6,0,6,0.429,3.0
0.348,0,-6,0,6,0.429,3.0
0.348,0,-6,0,6,0.429,3.0
0.348,0,-6,0,6,0.428,3.0
0.348,0,-6,0,6,0.428,3.0
0.349,0,-6,0,6,0.428,3.0
0.349,0,-6,0,6,0.427,3.0
0.349,0,-6,0,6,0.427,3.0
0.35,0,-6,0,6,0.427,3.0
0.35,0,-6,0,6,0.426,3.0
0.35,0,-6,0,6,0.426,3.0
0.35,0,-6,0,6,0.426,3.0
0.351,0,-6,0,6,0.426,3.0
0.351,0,-6,0,6,0.425,3.0
0.351,0,-6,0,6,0.425,3.0
0.351,0,-6,0,6,0.425,3.0
0.352,0,-6,0,6,0.424,3.0
0.352,0,-6,0,6,0.424,3.0
0.352,0,-6,0,6,0.424,3.0
0.353,0,-6,0,6,0.424,3.0
0.353,0,-6,0,6,0.423,3.0
0.353,0,-6,0,6,0.423,3.0
0.353,0,-6,0,6,0.423,3.0
0.354,0,-6,0,6,0.422,3.0
0.354,0,-6,0,6,0.422,3.0
0.354,0,-6,0,6,0.422,3.0
0.355,0,-6,0,6,0.421,3.0
0.355,0,-6,0,6,0.421,3.0
0.355,0,-6,0,6,0.421,3.0
0.355,0,-6,0,6,0.421,3.0
0.356,0,-6,0,6,0.42,3.0
0.356,0,-6,0,6,0.42,3.0
0.356,0,-6,0,6,0.42,3.0
0.356,0,-6,0,6,0.419,3.0
0.357,0,-6,0,6,0.419,3.0
0.357,0,-6,0,6,0.419,3.0
0.357,0,-6,0,6,0.418,3.0
0.358,0,-6,0,6,0.418,3.0
0.358,0,-6,0,6,0.418,3.0
0.358,0,-6,0,6,0.418,3.0
0.358,0,-6,0,6,0.417,3.0
0.359,0,-6,0,6,0.417,3.0
0.359,0,-6,0,6,0.417,3.0
0.359,0,-6,0,6,0.416,3.0
0.359,0,-6,0,6,0.416,3.0
0.36,0,-6,0,6,0.416,3.0
0.36,0,-6,0,6,0.416,3.0
0.36,0,-6,0,6,0.415,3.0
0.361,0,-6,0,6,0.415,3.0
0.361,0,-6,0,6,0.415,3.0
0.361,0,-6,0,6,0.414,3.0
0.361,0,-6,0,6,0.414,3.0
0.362,0,-6,0,6,0.414,3.0
0.362,0,-6,0,6,0.414,3.0
0.362,0,-6,0,6,0.413,3.0
0.363,0,-6,0,6,0.413,3.0
0.363,0,-6,0,6,0.413,3.0
0.363,0,-6,0,6,0.412,3.0
0.363,0,-6,0,6,0.412,3.0
0.364,0,-6,0,6,0.412,3.0
0.364,0,-6,0,6,0.412,3.0
0.364,0,-6,0,6,0.411,3.0
0.365,0,-6,0,6,0.411,3.0
0.365,0,-6,0,6,0.411,3.0
0.365,0,-6,0,6,0.41,3.0
0.365,0,-6,0,6,0.41,3.0
0.366,0,-6,0,6,0.41,3.0
0.366,0,-6,0,6,0.41,3.0
0.366,0,-6,0,6,0.409,3.0
0.366,0,-6,0,6,0.409,3.0
0.367,0,-6,0,6,0.409,3.0
0.367,0,-6,0,6,0.408,3.0
0.367,0,-6,0,6,0.408,3.0
0.368,0,-6,0,6,0.408,3.0
0.368,0,-6,0,6,0.408,3.0
0.368,0,-6,0,6,0.407,3.0
0.368,0,-6,0,6,0.407,3.0
0.369,0,-6,0,6,0.407,3.0
0.369,0,-6,0,6,0.406,3.0
0.369,0,-6,0,6,0.406,3.0
0.369,0,-6,0,6,0.406,3.0
0.37,0,-6,0,6,0.406,3.0
0.37,0,-6,0,6,0.405,3.0
0.37,0,-6,0,6,0.405,3.0
0.371,0,-6,0,6,0.405,3.0
0.371,0,-6,0,6,0.404,3.0
0.371,0,-6,0,6,0.404,3.0
0.371,0,-6,0,6,0.404,3.0
0.372,0,-6,0,6,0.404,3.0
0.372,0,-6,0,6,0.403,3.0
0.372,0,-6,0,6,0.403,3.0
0.373,0,-6,0,6,0.403,3.0
0.373,0,-6,0,6,0.402,3.0
0.373,0,-6,0,6,0.402,3.0
0.373,0,-6,0,6,0.402,3.0
0.374,0,-6,0,6,0.402,3.0
0.374,0,-6,0,6,0.401,3.0
0.374,0,-6,0,6,0.401,3.0
0.374,0,-6,0,6,0.401,3.0
0.375,0,-6,0,6,0.4,3.0
0.375,0,-6,0,6,0.4,3.0
0.375,0,-6,0,6,0.4,3.0
0.376,0,-6,0,6,0.4,3.0
0.376,0,-6,0,6,0.399,3.0
0.376,0,-6,0,6,0.399,3.0
0.376,0,-6,0,6,0.399,3.0
0.377,0,-6,0,6,0.398,3.0
0.377,0,-6,0,6,0.398,3.0
0.377,0,-6,0,6,0.398,3.0
0.378,0,-6,0,6,0.398,3.0
0.378,0,-6,0,6,0.397,3.0
0.378,0,-6,0,6,0.397,3.0
0.378,0,-6,0,6,0.397,3.0
0.379,0,-6,0,6,0.397,3.0
0.379,0,-6,0,6,0.396,3.0
0.379,0,-6,0,6,0.396,3.0
0.379,0,-6,0,6,0.396,3.0
0.38,0,-6,0,6,0.395,3.0
0.38,0,-6,0,6,0.395,3.0
0.38,0,-6,0,6,0.395,3.0
0.381,0,-6,0,6,0.395,3.0
0.381,0,-6,0,6,0.394,3.0
0.381,0,-6,0,6,0.394,3.0
0.381,0,-6,0,6,0.394,3.0
0.382,0,-6,0,6,0.393,3.0
0.382,0,-6,0,6,0.393,3.0
0.382,0,-6,0,6,0.393,3.0
0.382,0,-6,0,6,0.393,3.0
0.383,0,-6,0,6,0.392,3.0
0.383,0,-6,0,6,0.392,3.0
0.383,0,-6,0,6,0.392,3.0
0.384,0,-6,0,6,0.392,3.0
0.384,0,-6,0,6,0.391,3.0
0.384,0,-6,0,6,0.391,3.0
0.384,0,-6,0,6,0.391,3.0
0.385,0,-6,0,6,0.39,3.0
0.385,0,-6,0,6,0.39,3.0
0.385,0,-6,0,6,0.39,3.0
0.386,0,-6,0,6,0.39,3.0
0.386,0,-6,0,6,0.389,3.0
0.386,0,-6,0,6,0.389,3.0
0.386,0,-6,0,6,0.389,3.0
0.387,0,-6,0,6,0.389,3.0
0.387,0,-6,0,6,0.388,3.0
0.387,0,-6,0,6,0.388,3.0
0.387,0,-6,0,6,0.388,3.0
0.388,0,-6,0,6,0.387,3.0
0.388,0,-6,0,6,0.387,3.0
0.388,0,-6,0,6,0.387,3.0
0.389,0,-6,0,6,0.387,3.0
0.389,0,-6,0,6,0.386,3.0
0.389,0,-6,0,6,0.386,3.0
0.389,0,-6,0,6,0.386,3.0
0.39,0,-6,0,6,0.386,3.0
0.39,0,-6,0,6,0.385,3.0
0.39,0,-6,0,6,0.385,3.0
0.391,0,-6,0,6,0.385,3.0
0.391,0,-6,0,6,0.384,3.0
0.391,0,-6,0,6,0.384,3.0
0.391,0,-6,0,6,0.384,3.0
0.392,0,-6,0,6,0.384,3.0
0.392,0,-6,0,6,0.383,3.0
0.392,0,-6,0,6,0.383,3.0
0.392,0,-6,0,6,0.383,3.0
0.393,0,-6,0,6,0.383,3.0
0.393,0,-6,0,6,0.382,3.0
0.393,0,-6,0,6,0.382,3.0
0.394,0,-6,0,6,0.382,3.0
0.394,0,-6,0,6,0.382,3.0
0.394,0,-6,0,6,0.381,3.0
0.394,0,-6,0,6,0.381,3.0
0.395,0,-6,0,6,0.381,3.0
0.395,0,-6,0,6,0.38,3.0
0.395,0,-6,0,6,0.38,3.0
0.396,0,-6,0,6,0.38,3.0
0.396,0,-6,0,6,0.38,3.0
0.396,0,-6,0,6,0.379,3.0
0.396,0,-6,0,6,0.379,3.0
0.397,0,-6,0,6,0.379,3.0
0.397,0,-6,0,6,0.379,3.0
0.397,0,-6,0,6,0.378,3.0
0.398,0,-6,0,6,0.378,3.0
0.398,0,-6,0,6,0.378,3.0
0.398,0,-6,0,6,0.378,3.0
0.398,0,-6,0,6,0.377,3.0
0.399,0,-6,0,6,0.377,3.0
0.399,0,-6,0,6,0.377,3.0
0.399,0,-6,0,6,0.376,3.0
0.399,0,-6,0,6,0.376,3.0
0.4,0,-6,0,6,0.376,3.0
0.4,0,-6,0,6,0.376,3.0
0.4,0,-6,0,6,0.375,3.0
0.401,0,-6,0,6,0.375,3.0
0.401,0,-6,0,6,0.375,3.0
0.401,0,-6,0,6,0.375,3.0
0.401,0,-6,0,6,0.374,3.0
0.402,0,-6,0,6,0.374,3.0
0.402,0,-6,0,6,0.374,3.0
0.402,0,-6,0,6,0.374,3.0
0.403,0,-6,0,6,0.373,3.0
0.403,0,-6,0,6,0.373,3.0
0.403,0,-6,0,6,0.373,3.0
0.403,0,-6,0,6,0.373,3.0
0.404,0,-6,0,6,0.372,3.0
0.404,0,-6,0,6,0.372,3.0
0.404,0,-6,0,6,0.372,3.0
0.404,0,-6,0,6,0.372,3.0
0.405,0,-6,0,6,0.371,3.0
0.405,0,-6,0,6,0.371,3.0
0.405,0,-6,0,6,0.371,3.0
0.406,0,-6,0,6,0.37,3.0
0.406,0,-6,0,6,0.37,3.0
0.406,0,-6,0,6,0.37,3.0
0.406,0,-6,0,6,0.37,3.0
0.407,0,-6,0,6,0.369,3.0
0.407,0,-6,0,6,0.369,3.0
0.407,0,-6,0,6,0.369,3.0
0.407,0,-6,0,6,0.369,3.0
0.408,0,-6,0,6,0.368,3.0
0.408,0,-6,0,6,0.368,3.0
0.408,0,-6,0,6,0.368,3.0
0.409,0,-6,0,6,0.368,3.0
0.409,0,-6,0,6,0.367,3.0
0.409,0,-6,0,6,0.367,3.0
0.409,0,-6,0,6,0.367,3.0
0.41,0,-6,0,6,0.367,3.0
0.41,0,-6,0,6,0.366,3.0
0.41,0,-6,0,6,0.366,3.0
0.411,0,-6,0,6,0.366,3.0
0.411,0,-6,0,6,0.366,3.0
0.411,0,-6,0,6,0.365,3.0
0.411,0,-6,0,6,0.365,3.0
0.412,0,-6,0,6,0.365,3.0
0.412,0,-6,0,6,0.365,3.0
0.412,0,-6,0,6,0.364,3.0
0.413,0,-6,0,6,0.364,3.0
0.413,0,-6,0,6,0.364,3.0
0.413,0,-6,0,6,0.364,3.0
0.413,0,-6,0,6,0.363,3.0
0.414,0,-6,0,6,0.363,3.0
0.414,0,-6,0,6,0.363,3.0
0.414,0,-6,0,6,0.363,3.0
0.414,0,-6,0,6,0.362,3.0
0.415,0,-6,0,6,0.362,3.0
0.415,0,-6,0,6,0.362,3.0
0.415,0,-6,0,6,0.362,3.0
0.416,0,-6,0,6,0.361,3.0
0.416,0,-6,0,6,0.361,3.0
0.416,0,-6,0,6,0.361,3.0
0.416,0,-6,0,6,0.361,3.0
0.417,0,-6,0,6,0.36,3.0
0.417,0,-6,0,6,0.36,3.0
0.417,0,-6,0,6,0.36,3.0
0.418,0,-6,0,6,0.359,3.0
0.418,0,-6,0,6,0.359,3.0
0.418,0,-6,0,6,0.359,3.0
0.418,0,-6,0,6,0.359,3.0
0.419,0,-6,0,6,0.358,3.0
0.419,0,-6,0,6,0.358,3.0
0.419,0,-6,0,6,0.358,3.0
0.42,0,-6,0,6,0.358,3.0
0.42,0,-6,0,6,0.357,3.0
0.42,0,-6,0,6,0.357,3.0
0.42,0,-6,0,6,0.357,3.0
0.421,0,-6,0,6,0.357,3.0
0.421,0,-6,0,6,0.356,3.0
0.421,0,-6,0,6,0.356,3.0
0.422,0,-6,0,6,0.356,3.0
0.422,0,-6,0,6,0.356,3.0
0.422,0,-6,0,6,0.355,3.0
0.422,0,-6,0,6,0.355,3.0
0.423,0,-6,0,6,0.355,3.0
0.423,0,-6,0,6,0.355,3.0
0.423,0,-6,0,6,0.354,3.0
0.423,0,-6,0,6,0.354,3.0
0.424,0,-6,0,6,0.354,3.0
0.424,0,-6,0,6,0.354,3.0
0.424,0,-6,0,6,0.354,3.0
0.424,0,-6,0,6,0.353,3.0
0.425,0,-6,0,6,0.353,3.0
0.425,0,-6,0,6,0.353,3.0
0.425,0,-6,0,6,0.353,3.0
0.426,0,-6,0,6,0.352,3.0
0.426,0,-6,0,6,0.352,3.0
0.426,0,-6,0,6,0.352,3.0
0.426,0,-6,0,6,0.352,3.0
0.427,0,-6,0,6,0.351,3.0
0.427,0,-6,0,6,0.351,3.0
0.427,0,-6,0,6,0.351,3.0
0.428,0,-6,0,6,0.351,3.0
0.428,0,-6,0,6,0.35,3.0
0.428,0,-6,0,6,0.35,3.0
0.428,0,-6,0,6,0.35,3.0
0.429,0,-6,0,6,0.35,3.0
0.429,0,-6,0,6,0.349,3.0
0.429,0,-6,0,6,0.349,3.0
0.43,-1,-7,0,7,0.349,3.0
0.43,0,-7,0,7,0.349,3.0
0.43,0,-7,0,7,0.348,3.0
0.43,0,-7,0,7,0.348,3.0
0.431,0,-7,0,7,0.348,3.0
0.431,0,-7,0,7,0.348,3.0
0.431,0,-7,0,7,0.347,3.0
0.432,0,-7,0,7,0.347,3.0
0.432,0,-7,0,7,0.347,3.0
0.432,0,-7,0,7,0.347,3.0
0.432,0,-7,0,7,0.346,3.0
0.433,0,-7,0,7,0.346,3.0
0.433,0,-7,0,7,0.346,3.0
0.433,0,-7,0,7,0.346,3.0
0.433,0,-7,0,7,0.345,3.0
0.434,0,-7,0,7,0.345,3.0
0.434,0,-7,0,7,0.345,3.0
0.434,0,-7,0,7,0.345,3.0
0.435,0,-7,0,7,0.344,3.0
0.435,0,-7,0,7,0.344,3.0
0.435,0,-7,0,7,0.344,3.0
0.435,0,-7,0,7,0.344,3.0
0.436,0,-7,0,7,0.343,3.0
0.436,0,-7,0,7,0.343,3.0
0.436,0,-7,0,7,0.343,3.0
0.437,0,-7,0,7,0.343,3.0
0.437,0,-7,0,7,0.343,3.0
0.437,0,-7,0,7,0.342,3.0
0.437,0,-7,0,7,0.342,3.0
0.438,0,-7,0,7,0.342,3.0
0.438,0,-7,0,7,0.342,3.0
0.438,0,-7,0,7,0.341,3.0
0.438,0,-7,0,7,0.341,3.0
0.439,0,-7,0,7,0.341,3.0
0.439,0,-7,0,7,0.341,3.0
0.439,0,-7,0,7,0.34,3.0
0.44,0,-7,0,7,0.34,3.0
0.44,0,-7,0,7,0.34,3.0
0.44,0,-7,0,7,0.34,3.0
0.44,0,-7,0,7,0.339,3.0
0.441,0,-7,0,7,0.339,3.0
0.441,0,-7,0,7,0.339,3.0
0.441,0,-7,0,7,0.339,3.0
0.442,0,-7,0,7,0.338,3.0
0.442,0,-7,0,7,0.338,3.0
0.442,0,-7,0,7,0.338,3.0
0.442,0,-7,0,7,0.338,3.0
0.443,0,-7,0,7,0.338,3.0
0.443,0,-7,0,7,0.337,3.0
0.443,0,-7,0,7,0.337,3.0
0.443,0,-7,0,7,0.337,3.0
0.444,0,-7,0,7,0.337,3.0
0.444,0,-7,0,7,0.336,3.0
0.444,0,-7,0,7,0.336,3.0
0.445,0,-7,0,7,0.336,3.0
0.445,0,-7,0,7,0.336,3.0
0.445,0,-7,0,7,0.335,3.0
0.445,0,-7,0,7,0.335,3.0
0.446,0,-7,0,7,0.335,3.0
0.446,0,-7,0,7,0.335,3.0
0.446,0,-7,0,7,0.334,3.0
0.447,0,-7,0,7,0.334,3.0
0.447,0,-7,0,7,0.334,3.0
0.447,0,-7,0,7,0.334,3.0
0.447,0,-7,0,7,0.334,3.0
0.448,0,-7,0,7,0.333,3.0
0.448,0,-7,0,7,0.333,3.0
0.448,0,-7,0,7,0.333,3.0
0.448,0,-7,0,7,0.333,3.0
0.449,0,-7,0,7,0.332,3.0
0.449,0,-7,0,7,0.332,3.0
0.449,0,-7,0,7,0.332,3.0
0.45,0,-7,0,7,0.332,3.0
0.45,0,-7,0,7,0.331,3.0
0.45,0,-7,0,7,0.331,3.0
0.451,0,-7,0,7,0.331,3.0
0.451,0,-7,0,7,0.331,3.0
0.451,0,-7,0,7,0.331,3.0
0.451,0,-7,0,7,0.33,3.0
0.452,0,-7,0,7,0.33,3.0
0.452,0,-7,0,7,0.33,3.0
0.452,0,-7,0,7,0.33,3.0
0.452,0,-7,0,7,0.329,3.0
0.453,0,-7,0,7,0.329,3.0
0.453,0,-7,0,7,0.329,3.0
0.453,0,-7,0,7,0.329,3.0
0.454,0,-7,0,7,0.328,3.0
0.454,0,-7,0,7,0.328,3.0
0.454,0,-7,0,7,0.328,3.0
0.454,0,-7,0,7,0.328,3.0
0.455,0,-7,0,7,0.328,3.0
0.455,0,-7,0,7,0.327,3.0
0.455,0,-7,0,7,0.327,3.0
0.456,0,-7,0,7,0.327,3.0
0.456,0,-7,0,7,0.327,3.0
0.456,0,-7,0,7,0.326,3.0
0.456,0,-7,0,7,0.326,3.0
0.457,0,-7,0,7,0.326,3.0
0.457,0,-7,0,7,0.326,3.0
0.457,0,-7,0,7,0.325,3.0
0.457,0,-7,0,7,0.325,3.0
0.458,0,-7,0,7,0.325,3.0
0.458,0,-7,0,7,0.325,3.0
0.458,0,-7,0,7,0.325,3.0
0.459,0,-7,0,7,0.324,3.0
0.459,0,-7,0,7,0.324,3.0
0.459,0,-7,0,7,0.324,3.0
0.459,0,-7,0,7,0.324,3.0
0.46,0,-7,0,7,0.323,3.0
0.46,0,-7,0,7,0.323,3.0
0.46,0,-7,0,7,0.323,3.0
0.461,0,-7,0,7,0.323,3.0
0.461,0,-7,0,7,0.323,3.0
0.461,0,-7,0,7,0.322,3.0
0.461,0,-7,0,7,0.322,3.0
0.462,0,-7,0,7,0.322,3.0
0.462,0,-7,0,7,0.322,3.0
0.462,0,-7,0,7,0.321,3.0
0.462,0,-7,0,7,0.321,3.0
0.463,0,-7,0,7,0.321,3.0
0.463,0,-7,0,7,0.321,3.0
0.463,0,-7,0,7,0.32,3.0
0.464,0,-7,0,7,0.32,3.0
0.464,0,-7,0,7,0.32,3.0
0.464,0,-7,0,7,0.32,3.0
0.464,0,-7,0,7,0.32,3.0
0.465,0,-7,0,7,0.319,3.0
0.465,0,-7,0,7,0.319,3.0
0.465,0,-7,0,7,0.319,3.0
0.465,0,-7,0,7,0.319,3.0
0.466,0,-7,0,7,0.318,3.0
0.466,0,-7,0,7,0.318,3.0
0.466,0,-7,0,7,0.318,3.0
0.467,0,-7,0,7,0.318,3.0
0.467,0,-7,0,7,0.318,3.0
0.467,0,-7,0,7,0.317,3.0
0.467,0,-7,0,7,0.317,3.0
0.468,0,-7,0,7,0.317,3.0
0.468,0,-7,0,7,0.317,3.0
0.468,0,-7,0,7,0.316,3.0
0.469,0,-7,0,7,0.316,3.0
0.469,0,-7,0,7,0.316,3.0
0.469,0,-7,0,7,0.316,3.0
0.469,0,-7,0,7,0.316,3.0
0.47,0,-7,0,7,0.315,3.0
0.47,0,-7,0,7,0.315,3.0
0.47,0,-7,0,7,0.315,3.0
0.47,0,-7,0,7,0.315,3.0
0.471,0,-7,0,7,0.314,3.0
0.471,0,-7,0,7,0.314,3.0
0.471,0,-7,0,7,0.314,3.0
0.472,0,-7,0,7,0.314,3.0
0.472,0,-7,0,7,0.314,3.0
0.472,0,-7,0,7,0.313,3.0
0.472,0,-7,0,7,0.313,3.0
0.473,0,-7,0,7,0.313,3.0
0.473,0,-7,0,7,0.313,3.0
0.473,0,-7,0,7,0.313,3.0
0.473,0,-7,0,7,0.312,3.0
0.474,0,-7,0,7,0.312,3.0
0.474,0,-7,0,7,0.312,3.0
0.474,0,-7,0,7,0.312,3.0
0.475,0,-7,0,7,0.311,3.0
0.475,0,-7,0,7,0.311,3.0
0.475,0,-7,0,7,0.311,3.0
0.475,0,-7,0,7,0.311,3.0
0.476,0,-7,0,7,0.311,3.0
0.476,0,-7,0,7,0.31,3.0
0.476,0,-7,0,7,0.31,3.0
0.477,0,-7,0,7,0.31,3.0
0.477,0,-7,0,7,0.31,3.0
0.477,0,-7,0,7,0.309,3.0
0.477,0,-7,0,7,0.309,3.0
0.478,0,-7,0,7,0.309,3.0
0.478,0,-7,0,7,0.309,3.0
0.478,0,-7,0,7,0.309,3.0
0.478,0,-7,0,7,0.308,3.0
0.479,0,-7,0,7,0.308,3.0
0.479,0,-7,0,7,0.308,3.0
0.479,0,-7,0,7,0.308,3.0
0.48,0,-7,0,7,0.308,3.0
0.48,0,-7,0,7,0.307,3.0
0.48,0,-7,0,7,0.307,3.0
0.48,0,-7,0,7,0.307,3.0
0.481,0,-7,0,7,0.307,3.0
0.481,0,-7,0,7,0.306,3.0
0.481,0,-7,0,7,0.306,3.0
0.482,0,-7,0,7,0.306,3.0
0.482,0,-7,0,7,0.306,3.0
0.482,0,-7,0,7,0.306,3.0
0.482,0,-7,0,7,0.305,3.0
0.483,0,-7,0,7,0.305,3.0
0.483,0,-7,0,7,0.305,3.0
0.483,0,-7,0,7,0.305,3.0
0.484,0,-7,0,7,0.305,3.0
0.484,0,-7,0,7,0.304,3.0
0.484,0,-7,0,7,0.304,3.0
0.484,0,-7,0,7,0.304,3.0
0.485,0,-7,0,7,0.304,3.0
0.485,0,-7,0,7,0.303,3.0
0.485,0,-7,0,7,0.303,3.0
0.485,0,-7,0,7,0.303,3.0
0.486,0,-7,0,7,0.303,3.0
0.486,0,-7,0,7,0.303,3.0
0.486,0,-7,0,7,0.302,3.0
0.487,0,-7,0,7,0.302,3.0
0.487,0,-7,0,7,0.302,3.0
0.487,0,-7,0,7,0.302,3.0
0.487,0,-7,0,7,0.302,3.0
0.488,0,-7,0,7,0.301,3.0
0.488,0,-7,0,7,0.301,3.0
0.488,0,-7,0,7,0.301,3.0
0.489,0,-7,0,7,0.301,3.0
0.489,0,-7,0,7,0.3,3.0
0.489,0,-7,0,7,0.3,3.0
0.489,0,-7,0,7,0.3,3.0
0.49,0,-7,0,7,0.3,3.0
0.49,0,-7,0,7,0.3,3.0
0.49,0,-7,0,7,0.299,3.0
0.491,0,-7,0,7,0.299,3.0
0.491,0,-7,0,7,0.299,3.0
0.491,0,-7,0,7,0.299,3.0
0.491,0,-7,0,7,0.299,3.0
0.492,0,-7,0,7,0.298,3.0
0.492,0,-7,0,7,0.298,3.0
0.492,0,-7,0,7,0.298,3.0
0.493,0,-7,0,7,0.298,3.0
0.493,0,-7,0,7,0.298,3.0
0.493,0,-7,0,7,0.297,3.0
0.493,0,-7,0,7,0.297,3.0
0.494,0,-7,0,7,0.297,3.0
0.494,0,-7,0,7,0.297,3.0
0.494,0,-7,0,7,0.297,3.0
0.494,0,-7,0,7,0.296,3.0
0.495,0,-7,0,7,0.296,3.0
0.495,0,-7,0,7,0.296,3.0
0.496,0,-7,0,7,0.296,3.0
0.496,0,-7,0,7,0.295,3.0
0.496,0,-7,0,7,0.295,3.0
0.496,0,-7,0,7,0.295,3.0
0.497,0,-7,0,7,0.295,3.0
0.497,0,-7,0,7,0.295,3.0
0.497,0,-7,0,7,0.294,3.0
0.497,0,-7,0,7,0.294,3.0
0.498,0,-7,0,7,0.294,3.0
0.498,0,-7,0,7,0.294,3.0
0.498,0,-7,0,7,0.294,3.0
0.499,0,-7,0,7,0.293,3.0
0.499,0,-7,0,7,0.293,3.0
0.499,0,-7,0,7,0.293,3.0
0.499,0,-7,0,7,0.293,3.0
0.5,0,-7,0,7,0.293,3.0
0.5,0,-7,0,7,0.292,3.0
0.5,0,-7,0,7,0.292,3.0
0.5,0,-7,0,7,0.292,3.0
0.501,0,-7,0,7,0.292,3.0
0.501,0,-7,0,7,0.292,3.0
0.501,0,-7,0,7,0.291,3.0
0.502,0,-7,0,7,0.291,3.0
0.502,0,-7,0,7,0.291,3.0
0.502,0,-7,0,7,0.291,3.0
0.503,0,-7,0,7,0.291,3.0
0.503,0,-7,0,7,0.29,3.0
0.503,0,-7,0,7,0.29,3.0
0.503,0,-7,0,7,0.29,3.0
0.504,0,-7,0,7,0.29,3.0
0.504,0,-7,0,7,0.29,3.0
0.504,0,-7,0,7,0.289,3.0
0.504,0,-7,0,7,0.289,3.0
0.505,0,-7,0,7,0.289,3.0
0.505,0,-7,0,7,0.289,3.0
0.505,0,-7,0,7,0.289,3.0
0.506,0,-7,0,7,0.288,3.0
0.506,0,-7,0,7,0.288,3.0
0.506,0,-7,0,7,0.288,3.0
0.506,0,-7,0,7,0.288,3.0
0.507,0,-7,0,7,0.288,3.0
0.507,0,-7,0,7,0.287,3.0
0.507,0,-7,0,7,0.287,3.0
0.508,0,-7,0,7,0.287,3.0
0.508,0,-7,0,7,0.287,3.0
0.508,0,-7,0,7,0.287,3.0
0.508,0,-7,0,7,0.286,3.0
0.509,0,-7,0,7,0.286,3.0
0.509,0,-7,0,7,0.286,3.0
0.509,0,-7,0,7,0.286,3.0
0.509,0,-7,0,7,0.286,3.0
0.51,0,-7,0,7,0.285,3.0
0.51,0,-7,0,7,0.285,3.0
0.51,0,-7,0,7,0.285,3.0
0.511,0,-7,0,7,0.285,3.0
0.511,0,-7,0,7,0.285,3.0
0.511,0,-7,0,7,0.284,3.0
0.512,0,-7,0,7,0.284,3.0
0.512,0,-7,0,7,0.284,3.0
0.512,0,-7,0,7,0.284,3.0
0.512,0,-7,0,7,0.284,3.0
0.513,1,-6,1,7,0.283,3.15
0.513,0,-6,1,7,0.283,3.15
0.513,0,-6,1,7,0.283,3.15
0.513,0,-6,1,7,0.283,3.15
0.514,0,-6,1,7,0.283,3.15
0.514,0,-6,1,7,0.282,3.15
0.514,0,-6,1,7,0.282,3.15
0.515,0,-6,1,7,0.282,3.15
0.515,0,-6,1,7,0.282,3.15
0.515,0,-6,1,7,0.282,3.15
0.515,0,-6,1,7,0.281,3.15
0.516,0,-6,1,7,0.281,3.15
0.516,0,-6,1,7,0.281,3.15
0.516,0,-6,1,7,0.281,3.15
0.517,0,-6,1,7,0.281,3.15
0.517,0,-6,1,7,0.28,3.15
0.517,0,-6,1,7,0.28,3.15
0.517,0,-6,1,7,0.28,3.15
0.518,0,-6,1,7,0.28,3.15
0.518,0,-6,1,7,0.28,3.15
0.518,0,-6,1,7,0.279,3.15
0.518,0,-6,1,7,0.279,3.15
0.519,0,-6,1,7,0.279,3.15
0.519,0,-6,1,7,0.279,3.15
0.519,0,-6,1,7,0.279,3.15
0.52,0,-6,1,7,0.278,3.15
0.52,0,-6,1,7,0.278,3.15
0.52,0,-6,1,7,0.278,3.15
0.52,0,-6,1,7,0.278,3.15
0.521,0,-6,1,7,0.278,3.15
0.521,0,-6,1,7,0.277,3.15
0.521,0,-6,1,7,0.277,3.15
0.522,0,-6,1,7,0.277,3.15
0.522,0,-6,1,7,0.277,3.15
0.522,0,-6,1,7,0.277,3.15
0.522,0,-6,1,7,0.276,3.15
0.523,0,-6,1,7,0.276,3.15
0.523,0,-6,1,7,0.276,3.15
0.523,0,-6,1,7,0.276,3.15
0.523,0,-6,1,7,0.276,3.15
0.524,0,-6,1,7,0.276,3.15
0.524,0,-6,1,7,0.275,3.15
0.524,0,-6,1,7,0.275,3.15
0.524,0,-6,1,7,0.275,3.15
0.525,0,-6,1,7,0.275,3.15
0.525,0,-6,1,7,0.275,3.15
0.525,0,-6,1,7,0.274,3.15
0.526,0,-6,1,7,0.274,3.15
0.526,0,-6,1,7,0.274,3.15
0.526,0,-6,1,7,0.274,3.15
0.526,0,-6,1,7,0.274,3.15
0.527,0,-6,1,7,0.273,3.15
0.527,0,-6,1,7,0.273,3.15
0.527,0,-6,1,7,0.273,3.15
0.528,0,-6,1,7,0.273,3.15
0.528,0,-6,1,7,0.273,3.15
0.528,0,-6,1,7,0.272,3.15
0.528,0,-6,1,7,0.272,3.15
0.529,0,-6,1,7,0.272,3.15
0.529,0,-6,1,7,0.272,3.15
0.529,0,-6,1,7,0.272,3.15
0.529,0,-6,1,7,0.271,3.15
0.53,0,-6,1,7,0.271,3.15
0.53,0,-6,1,7,0.271,3.15
0.53,0,-6,1,7,0.271,3.15
0.531,0,-6,1,7,0.271,3.15
0.531,0,-6,1,7,0.271,3.15
0.531,0,-6,1,7,0.27,3.15
0.531,0,-6,1,7,0.27,3.15
0.532,0,-6,1,7,0.27,3.15
0.532,0,-6,1,7,0.27,3.15
0.532,0,-6,1,7,0.27,3.15
0.533,0,-6,1,7,0.269,3.15
0.533,0,-6,1,7,0.269,3.15
0.533,0,-6,1,7,0.269,3.15
0.533,0,-6,1,7,0.269,3.15
0.534,0,-6,1,7,0.269,3.15
0.534,0,-6,1,7,0.268,3.15
0.534,0,-6,1,7,0.268,3.15
0.534,0,-6,1,7,0.268,3.15
0.535,0,-6,1,7,0.268,3.15
0.535,0,-6,1,7,0.268,3.15
0.535,0,-6,1,7,0.268,3.15
0.536,0,-6,1,7,0.267,3.15
0.536,0,-6,1,7,0.267,3.15
0.536,0,-6,1,7,0.267,3.15
0.536,0,-6,1,7,0.267,3.15
0.537,0,-6,1,7,0.267,3.15
0.537,0,-6,1,7,0.266,3.15
0.537,0,-6,1,7,0.266,3.15
0.538,0,-6,1,7,0.266,3.15
0.538,0,-6,1,7,0.266,3.15
0.538,0,-6,1,7,0.266,3.15
0.538,0,-6,1,7,0.265,3.15
0.539,0,-6,1,7,0.265,3.15
0.539,0,-6,1,7,0.265,3.15
0.539,0,-6,1,7,0.265,3.15
0.539,0,-6,1,7,0.265,3.15
0.54,0,-6,1,7,0.265,3.15
0.54,0,-6,1,7,0.264,3.15
0.54,0,-6,1,7,0.264,3.15
0.541,0,-6,1,7,0.264,3.15
0.541,0,-6,1,7,0.264,3.15
0.541,0,-6,1,7,0.264,3.15
0.542,0,-6,1,7,0.263,3.15
0.542,0,-6,1,7,0.263,3.15
0.542,0,-6,1,7,0.263,3.15
0.543,0,-6,1,7,0.263,3.15
0.543,0,-6,1,7,0.263,3.15
0.543,0,-6,1,7,0.263,3.15
0.544,0,-6,1,7,0.262,3.15
0.544,0,-6,1,7,0.262,3.15
0.544,0,-6,1,7,0.262,3.15
0.544,0,-6,1,7,0.262,3.15
0.545,0,-6,1,7,0.262,3.15
0.545,0,-6,1,7,0.261,3.15
0.545,0,-6,1,7,0.261,3.15
0.546,0,-6,1,7,0.261,3.15
0.546,0,-6,1,7,0.261,3.15
0.546,0,-6,1,7,0.261,3.15
0.546,0,-6,1,7,0.26,3.15
0.547,0,-6,1,7,0.26,3.15
0.547,0,-6,1,7,0.26,3.15
0.547,0,-6,1,7,0.26,3.15
0.547,0,-6,1,7,0.26,3.15
0.548,0,-6,1,7,0.26,3.15
0.548,0,-6,1,7,0.259,3.15
0.548,0,-6,1,7,0.259,3.15
0.549,0,-6,1,7,0.259,3.15
0.549,0,-6,1,7,0.259,3.15
0.549,0,-6,1,7,0.259,3.15
0.549,0,-6,1,7,0.258,3.15
0.55,0,-6,1,7,0.258,3.15
0.55,0,-6,1,7,0.258,3.15
0.55,0,-6,1,7,0.258,3.15
0.551,0,-6,1,7,0.258,3.15
0.551,0,-6,1,7,0.258,3.15
0.551,0,-6,1,7,0.257,3.15
0.551,0,-6,1,7,0.257,3.15
0.552,0,-6,1,7,0.257,3.15
0.552,0,-6,1,7,0.257,3.15
0.552,0,-6,1,7,0.257,3.15
0.553,0,-6,1,7,0.257,3.15
0.553,0,-6,1,7,0.256,3.15
0.553,0,-6,1,7,0.256,3.15
0.553,0,-6,1,7,0.256,3.15
0.554,0,-6,1,7,0.256,3.15
0.554,0,-6,1,7,0.256,3.15
0.554,0,-6,1,7,0.255,3.15
0.554,0,-6,1,7,0.255,3.15
0.555,0,-6,1,7,0.255,3.15
0.555,0,-6,1,7,0.255,3.15
0.555,0,-6,1,7,0.255,3.15
0.556,0,-6,1,7,0.255,3.15
0.556,0,-6,1,7,0.254,3.15
0.556,0,-6,1,7,0.254,3.15
0.556,0,-6,1,7,0.254,3.15
0.557,0,-6,1,7,0.254,3.15
0.557,0,-6,1,7,0.254,3.15
0.557,0,-6,1,7,0.253,3.15
0.558,0,-6,1,7,0.253,3.15
0.558,0,-6,1,7,0.253,3.15
0.558,0,-6,1,7,0.253,3.15
0.558,0,-6,1,7,0.253,3.15
0.559,0,-6,1,7,0.253,3.15
0.559,0,-6,1,7,0.252,3.15
0.559,0,-6,1,7,0.252,3.15
0.56,0,-6,1,7,0.252,3.15
0.56,0,-6,1,7,0.252,3.15
0.56,0,-6,1,7,0.252,3.15
0.56,0,-6,1,7,0.252,3.15
0.561,0,-6,1,7,0.251,3.15
0.561,0,-6,1,7,0.251,3.15
0.561,0,-6,1,7,0.251,3.15
0.562,0,-6,1,7,0.251,3.15
0.562,0,-6,1,7,0.251,3.15
0.562,0,-6,1,7,0.25,3.15
0.562,0,-6,1,7,0.25,3.15
0.563,0,-6,1,7,0.25,3.15
0.563,0,-6,1,7,0.25,3.15
0.563,0,-6,1,7,0.25,3.15
0.563,0,-6,1,7,0.25,3.15
0.564,0,-6,1,7,0.249,3.15
0.564,0,-6,1,7,0.249,3.15
0.564,0,-6,1,7,0.249,3.15
0.565,0,-6,1,7,0.249,3.15
0.565,0,-6,1,7,0.249,3.15
0.565,0,-6,1,7,0.249,3.15
0.565,0,-6,1,7,0.248,3.15
0.566,0,-6,1,7,0.248,3.15
0.566,0,-6,1,7,0.248,3.15
0.566,0,-6,1,7,0.248,3.15
0.567,0,-6,1,7,0.248,3.15
0.567,0,-6,1,7,0.248,3.15
0.567,0,-6,1,7,0.247,3.15
0.567,0,-6,1,7,0.247,3.15
0.568,0,-6,1,7,0.247,3.15
0.568,0,-6,1,7,0.247,3.15
0.568,0,-6,1,7,0.247,3.15
0.569,0,-6,1,7,0.246,3.15
0.569,0,-6,1,7,0.246,3.15
0.569,0,-6,1,7,0.246,3.15
0.569,0,-6,1,7,0.246,3.15
0.57,0,-6,1,7,0.246,3.15
0.57,0,-6,1,7,0.246,3.15
0.573,0,-6,1,7,0.245,3.15
0.573,0,-6,1,7,0.245,3.15
0.573,0,-6,1,7,0.245,3.15
0.574,0,-6,1,7,0.245,3.15
0.574,0,-6,1,7,0.245,3.15
0.574,0,-6,1,7,0.245,3.15
0.575,0,-6,1,7,0.244,3.15
0.575,0,-6,1,7,0.244,3.15
0.575,0,-6,1,7,0.244,3.15
0.575,0,-6,1,7,0.244,3.15
0.576,0,-6,1,7,0.244,3.15
0.576,0,-6,1,7,0.244,3.15
0.576,0,-6,1,7,0.243,3.15
0.576,0,-6,1,7,0.243,3.15
0.577,0,-6,1,7,0.243,3.15
0.577,0,-6,1,7,0.243,3.15
0.577,0,-6,1,7,0.243,3.15
0.578,0,-6,1,7,0.243,3.15
0.578,0,-6,1,7,0.242,3.15
0.578,0,-6,1,7,0.242,3.15
0.578,0,-6,1,7,0.242,3.15
0.579,0,-6,1,7,0.242,3.15
0.579,0,-6,1,7,0.242,3.15
0.579,0,-6,1,7,0.242,3.15
0.58,0,-6,1,7,0.241,3.15
0.58,0,-6,1,7,0.241,3.15
0.58,0,-6,1,7,0.241,3.15
0.58,0,-6,1,7,0.241,3.15
0.581,0,-6,1,7,0.241,3.15
0.581,0,-6,1,7,0.241,3.15
0.581,0,-6,1,7,0.24,3.15
0.581,0,-6,1,7,0.24,3.15
0.582,0,-6,1,7,0.24,3.15
0.582,0,-6,1,7,0.24,3.15
0.582,0,-6,1,7,0.24,3.15
0.583,0,-6,1,7,0.24,3.15
0.583,0,-6,1,7,0.239,3.15
0.583,0,-6,1,7,0.239,3.15
0.584,0,-6,1,7,0.239,3.15
0.584,0,-6,1,7,0.239,3.15
0.584,0,-6,1,7,0.239,3.15
0.584,0,-6,1,7,0.238,3.15
0.585,0,-6,1,7,0.238,3.15
0.585,0,-6,1,7,0.238,3.15
0.585,0,-6,1,7,0.238,3.15
0.586,0,-6,1,7,0.238,3.15
0.586,0,-6,1,7,0.238,3.15
0.586,0,-6,1,7,0.237,3.15
0.586,0,-6,1,7,0.237,3.15
0.587,0,-6,1,7,0.237,3.15
0.587,0,-6,1,7,0.237,3.15
0.587,0,-6,1,7,0.237,3.15
0.588,0,-6,1,7,0.237,3.15
0.588,0,-6,1,7,0.237,3.15
0.588,0,-6,1,7,0.236,3.15
0.588,0,-6,1,7,0.236,3.15
0.589,0,-6,1,7,0.236,3.15
0.589,0,-6,1,7,0.236,3.15
0.589,0,-6,1,7,0.236,3.15
0.589,0,-6,1,7,0.236,3.15
0.59,0,-6,1,7,0.235,3.15
0.59,0,-6,1,7,0.235,3.15
0.59,0,-6,1,7,0.235,3.15
0.591,0,-6,1,7,0.235,3.15
0.591,0,-6,1,7,0.235,3.15
0.591,0,-6,1,7,0.235,3.15
0.591,0,-6,1,7,0.234,3.15
0.592,0,-6,1,7,0.234,3.15
0.592,0,-6,1,7,0.234,3.15
0.592,0,-6,1,7,0.234,3.15
0.592,0,-6,1,7,0.234,3.15
0.593,0,-6,1,7,0.234,3.15
0.593,0,-6,1,7,0.233,3.15
0.593,0,-6,1,7,0.233,3.15
0.594,0,-6,1,7,0.233,3.15
0.594,0,-6,1,7,0.233,3.15
0.594,0,-6,1,7,0.233,3.15
0.594,0,-6,1,7,0.233,3.15
0.595,0,-6,1,7,0.232,3.15
0.595,0,-6,1,7,0.232,3.15
0.595,0,-6,1,7,0.232,3.15
0.595,0,-6,1,7,0.232,3.15
0.596,0,-6,1,7,0.232,3.15
0.596,0,-6,1,7,0.232,3.15
0.596,0,-6,1,7,0.231,3.15
0.597,0,-6,1,7,0.231,3.15
0.597,0,-6,1,7,0.231,3.15
0.597,0,-6,1,7,0.231,3.15
0.597,0,-6,1,7,0.231,3.15
0.598,0,-6,1,7,0.231,3.15
0.598,0,-6,1,7,0.23,3.15
0.598,0,-6,1,7,0.23,3.15
0.599,0,-6,1,7,0.23,3.15
0.599,0,-6,1,7,0.23,3.15
0.599,0,-6,1,7,0.23,3.15
0.599,0,-6,1,7,0.23,3.15
0.6,0,-6,1,7,0.229,3.15
0.6,0,-6,1,7,0.229,3.15
0.6,0,-6,1,7,0.229,3.15
0.6,0,-6,1,7,0.229,3.15
0.601,0,-6,1,7,0.229,3.15
0.601,0,-6,1,7,0.229,3.15
0.601,0,-6,1,7,0.229,3.15
0.602,0,-6,1,7,0.228,3.15
0.602,0,-6,1,7,0.228,3.15
0.602,0,-6,1,7,0.228,3.15
0.602,0,-6,1,7,0.228,3.15
0.603,0,-6,1,7,0.228,3.15
0.603,0,-6,1,7,0.228,3.15
0.603,0,-6,1,7,0.227,3.15
0.603,0,-6,1,7,0.227,3.15
0.604,0,-6,1,7,0.227,3.15
0.604,0,-6,1,7,0.227,3.15
0.604,0,-6,1,7,0.227,3.15
0.605,0,-6,1,7,0.227,3.15
0.605,0,-6,1,7,0.226,3.15
0.605,0,-6,1,7,0.226,3.15
0.605,0,-6,1,7,0.226,3.15
0.606,0,-6,1,7,0.226,3.15
0.606,0,-6,1,7,0.226,3.15
0.606,0,-6,1,7,0.226,3.15
0.606,0,-6,1,7,0.226,3.15
0.607,0,-6,1,7,0.225,3.15
0.607,0,-6,1,7,0.225,3.15
0.607,0,-6,1,7,0.225,3.15
0.608,0,-6,1,7,0.225,3.15
0.608,0,-6,1,7,0.225,3.15
0.608,0,-6,1,7,0.225,3.15
0.609,0,-6,1,7,0.224,3.15
0.609,0,-6,1,7,0.224,3.15
0.609,0,-6,1,7,0.224,3.15
0.61,0,-6,1,7,0.224,3.15
0.61,0,-6,1,7,0.224,3.15
0.61,0,-6,1,7,0.224,3.15
0.61,0,-6,1,7,0.223,3.15
0.611,0,-6,1,7,0.223,3.15
0.611,0,-6,1,7,0.223,3.15
0.611,0,-6,1,7,0.223,3.15
0.611,0,-6,1,7,0.223,3.15
0.612,0,-6,1,7,0.223,3.15
0.612,0,-6,1,7,0.223,3.15
0.612,0,-6,1,7,0.222,3.15
0.613,0,-6,1,7,0.222,3.15
0.613,0,-6,1,7,0.222,3.15
0.613,0,-6,1,7,0.222,3.15
0.613,0,-6,1,7,0.222,3.15
0.614,0,-6,1,7,0.222,3.15
0.614,0,-6,1,7,0.221,3.15
0.614,0,-6,1,7,0.221,3.15
0.615,0,-6,1,7,0.221,3.15
0.615,0,-6,1,7,0.221,3.15
0.615,0,-6,1,7,0.221,3.15
0.615,0,-6,1,7,0.221,3.15
0.616,0,-6,1,7,0.221,3.15
0.616,0,-6,1,7,0.22,3.15
0.616,0,-6,1,7,0.22,3.15
0.616,0,-6,1,7,0.22,3.15
0.617,0,-6,1,7,0.22,3.15
0.617,0,-6,1,7,0.22,3.15
0.617,0,-6,1,7,0.22,3.15
0.618,0,-6,1,7,0.219,3.15
0.618,0,-6,1,7,0.219,3.15
0.618,0,-6,1,7,0.219,3.15
0.618,0,-6,1,7,0.219,3.15
0.619,0,-6,1,7,0.219,3.15
0.619,0,-6,1,7,0.219,3.15
0.619,0,-6,1,7,0.219,3.15
0.62,0,-6,1,7,0.218,3.15
0.62,0,-6,1,7,0.218,3.15
0.62,0,-6,1,7,0.218,3.15
0.62,0,-6,1,7,0.218,3.15
0.621,0,-6,1,7,0.218,3.15
0.621,0,-6,1,7,0.218,3.15
0.621,0,-6,1,7,0.217,3.15
0.621,0,-6,1,7,0.217,3.15
0.622,0,-6,1,7,0.217,3.15
0.622,0,-6,1,7,0.217,3.15
0.622,0,-6,1,7,0.217,3.15
0.623,0,-6,1,7,0.217,3.15
0.623,0,-6,1,7,0.217,3.15
0.623,0,-6,1,7,0.216,3.15
0.623,0,-6,1,7,0.216,3.15
0.624,0,-6,1,7,0.216,3.15
0.624,0,-6,1,7,0.216,3.15
0.624,0,-6,1,7,0.216,3.15
0.625,0,-6,1,7,0.216,3.15
0.625,0,-6,1,7,0.215,3.15
0.625,0,-6,1,7,0.215,3.15
0.625,0,-6,1,7,0.215,3.15
0.626,0,-6,1,7,0.215,3.15
0.626,0,-6,1,7,0.215,3.15
0.626,0,-6,1,7,0.215,3.15
0.626,0,-6,1,7,0.215,3.15
0.627,0,-6,1,7,0.214,3.15
0.627,-1,-7,1,8,0.214,3.0
0.627,0,-7,1,8,0.214,3.0
0.628,0,-7,1,8,0.214,3.0
0.628,0,-7,1,8,0.214,3.0
0.628,0,-7,1,8,0.214,3.0
0.628,0,-7,1,8,0.214,3.0
0.629,0,-7,1,8,0.213,3.0
0.629,0,-7,1,8,0.213,3.0
0.629,0,-7,1,8,0.213,3.0
0.63,0,-7,1,8,0.213,3.0
0.63,0,-7,1,8,0.213,3.0
0.63,0,-7,1,8,0.213,3.0
0.63,0,-7,1,8,0.212,3.0
0.631,0,-7,1,8,0.212,3.0
0.631,0,-7,1,8,0.212,3.0
0.631,0,-7,1,8,0.212,3.0
0.631,0,-7,1,8,0.212,3.0
0.632,0,-7,1,8,0.212,3.0
0.632,0,-7,1,8,0.212,3.0
0.632,0,-7,1,8,0.211,3.0
0.633,0,-7,1,8,0.211,3.0
0.633,0,-7,1,8,0.211,3.0
0.633,0,-7,1,8,0.211,3.0
0.633,0,-7,1,8,0.211,3.0
0.634,0,-7,1,8,0.211,3.0
0.634,0,-7,1,8,0.211,3.0
0.634,0,-7,1,8,0.21,3.0
0.635,0,-7,1,8,0.21,3.0
0.635,0,-7,1,8,0.21,3.0
0.635,0,-7,1,8,0.21,3.0
0.635,0,-7,1,8,0.21,3.0
0.636,0,-7,1,8,0.21,3.0
0.636,0,-7,1,8,0.21,3.0
0.636,0,-7,1,8,0.209,3.0
0.637,0,-7,1,8,0.209,3.0
0.637,0,-7,1,8,0.209,3.0
0.637,0,-7,1,8,0.209,3.0
0.637,0,-7,1,8,0.209,3.0
0.638,0,-7,1,8,0.209,3.0
0.638,0,-7,1,8,0.208,3.0
0.638,0,-7,1,8,0.208,3.0
0.638,0,-7,1,8,0.208,3.0
0.639,0,-7,1,8,0.208,3.0
0.639,0,-7,1,8,0.208,3.0
0.639,0,-7,1,8,0.208,3.0
0.64,0,-7,1,8,0.208,3.0
0.64,0,-7,1,8,0.207,3.0
0.64,0,-7,1,8,0.207,3.0
0.64,0,-7,1,8,0.207,3.0
0.641,0,-7,1,8,0.207,3.0
0.641,0,-7,1,8,0.207,3.0
0.641,0,-7,1,8,0.207,3.0
0.642,0,-7,1,8,0.207,3.0
0.642,0,-7,1,8,0.206,3.0
0.642,0,-7,1,8,0.206,3.0
0.642,0,-7,1,8,0.206,3.0
0.643,0,-7,1,8,0.206,3.0
0.643,0,-7,1,8,0.206,3.0
0.643,0,-7,1,8,0.206,3.0
0.643,0,-7,1,8,0.206,3.0
0.644,0,-7,1,8,0.205,3.0
0.644,0,-7,1,8,0.205,3.0
0.644,0,-7,1,8,0.205,3.0
0.645,0,-7,1,8,0.205,3.0
0.645,0,-7,1,8,0.205,3.0
0.645,0,-7,1,8,0.205,3.0
0.645,0,-7,1,8,0.205,3.0
0.646,0,-7,1,8,0.204,3.0
0.646,0,-7,1,8,0.204,3.0
0.646,0,-7,1,8,0.204,3.0
0.647,0,-7,1,8,0.204,3.0
0.647,0,-7,1,8,0.204,3.0
0.647,0,-7,1,8,0.204,3.0
0.647,0,-7,1,8,0.204,3.0
0.648,0,-7,1,8,0.203,3.0
0.648,0,-7,1,8,0.203,3.0
0.648,0,-7,1,8,0.203,3.0
0.648,0,-7,1,8,0.203,3.0
0.649,0,-7,1,8,0.203,3.0
0.649,0,-7,1,8,0.203,3.0
0.649,0,-7,1,8,0.203,3.0
0.65,0,-7,1,8,0.202,3.0
0.65,0,-7,1,8,0.202,3.0
0.65,0,-7,1,8,0.202,3.0
0.65,0,-7,1,8,0.202,3.0
0.651,0,-7,1,8,0.202,3.0
0.651,0,-7,1,8,0.202,3.0
0.651,0,-7,1,8,0.202,3.0
0.652,0,-7,1,8,0.201,3.0
0.652,0,-7,1,8,0.201,3.0
0.652,0,-7,1,8,0.201,3.0
0.652,0,-7,1,8,0.201,3.0
0.653,0,-7,1,8,0.201,3.0
0.653,0,-7,1,8,0.201,3.0
0.653,0,-7,1,8,0.201,3.0
0.653,0,-7,1,8,0.2,3.0
0.654,0,-7,1,8,0.2,3.0
0.654,0,-7,1,8,0.2,3.0
0.654,0,-7,1,8,0.2,3.0
0.655,0,-7,1,8,0.2,3.0
0.655,0,-7,1,8,0.2,3.0
0.655,0,-7,1,8,0.2,3.0
0.655,0,-7,1,8,0.199,3.0
0.656,0,-7,1,8,0.199,3.0
0.656,0,-7,1,8,0.199,3.0
0.656,0,-7,1,8,0.199,3.0
0.656,0,-7,1,8,0.199,3.0
0.657,0,-7,1,8,0.199,3.0
0.657,0,-7,1,8,0.199,3.0
0.657,0,-7,1,8,0.199,3.0
0.658,0,-7,1,8,0.198,3.0
0.658,0,-7,1,8,0.198,3.0
0.658,0,-7,1,8,0.198,3.0
0.658,0,-7,1,8,0.198,3.0
0.659,0,-7,1,8,0.198,3.0
0.659,0,-7,1,8,0.198,3.0
0.659,0,-7,1,8,0.198,3.0
0.66,0,-7,1,8,0.197,3.0
0.66,0,-7,1,8,0.197,3.0
0.66,0,-7,1,8,0.197,3.0
0.66,0,-7,1,8,0.197,3.0
0.661,0,-7,1,8,0.197,3.0
0.661,0,-7,1,8,0.197,3.0
0.661,0,-7,1,8,0.197,3.0
0.662,0,-7,1,8,0.196,3.0
0.662,0,-7,1,8,0.196,3.0
0.662,0,-7,1,8,0.196,3.0
0.662,0,-7,1,8,0.196,3.0
0.663,0,-7,1,8,0.196,3.0
0.663,0,-7,1,8,0.196,3.0
0.663,0,-7,1,8,0.196,3.0
0.663,0,-7,1,8,0.195,3.0
0.664,0,-7,1,8,0.195,3.0
0.664,0,-7,1,8,0.195,3.0
0.664,0,-7,1,8,0.195,3.0
0.665,0,-7,1,8,0.195,3.0
0.665,0,-7,1,8,0.195,3.0
0.665,0,-7,1,8,0.195,3.0
0.665,0,-7,1,8,0.195,3.0
0.666,0,-7,1,8,0.194,3.0
0.666,0,-7,1,8,0.194,3.0
0.666,0,-7,1,8,0.194,3.0
0.666,0,-7,1,8,0.194,3.0
0.667,0,-7,1,8,0.194,3.0
0.667,0,-7,1,8,0.194,3.0
0.667,0,-7,1,8,0.194,3.0
0.668,0,-7,1,8,0.193,3.0
0.668,0,-7,1,8,0.193,3.0
0.668,0,-7,1,8,0.193,3.0
0.668,0,-7,1,8,0.193,3.0
0.669,0,-7,1,8,0.193,3.0
0.669,0,-7,1,8,0.193,3.0
0.669,0,-7,1,8,0.193,3.0
0.669,0,-7,1,8,0.192,3.0
0.67,0,-7,1,8,0.192,3.0
0.67,0,-7,1,8,0.192,3.0
0.67,0,-7,1,8,0.192,3.0
0.671,0,-7,1,8,0.192,3.0
0.671,0,-7,1,8,0.192,3.0
0.671,0,-7,1,8,0.192,3.0
0.671,0,-7,1,8,0.192,3.0
0.672,0,-7,1,8,0.191,3.0
0.672,0,-7,1,8,0.191,3.0
0.672,0,-7,1,8,0.191,3.0
0.672,0,-7,1,8,0.191,3.0
0.673,0,-7,1,8,0.191,3.0
0.673,0,-7,1,8,0.191,3.0
0.673,0,-7,1,8,0.191,3.0
0.674,0,-7,1,8,0.19,3.0
0.674,0,-7,1,8,0.19,3.0
0.674,0,-7,1,8,0.19,3.0
0.674,0,-7,1,8,0.19,3.0
0.675,0,-7,1,8,0.19,3.0
0.675,0,-7,1,8,0.19,3.0
0.675,0,-7,1,8,0.19,3.0
0.676,0,-7,1,8,0.19,3.0
0.676,0,-7,1,8,0.189,3.0
0.676,0,-7,1,8,0.189,3.0
0.676,0,-7,1,8,0.189,3.0
0.677,0,-7,1,8,0.189,3.0
0.677,0,-7,1,8,0.189,3.0
0.677,0,-7,1,8,0.189,3.0
0.677,0,-7,1,8,0.189,3.0
0.678,0,-7,1,8,0.188,3.0
0.678,0,-7,1,8,0.188,3.0
0.678,0,-7,1,8,0.188,3.0
0.679,0,-7,1,8,0.188,3.0
0.679,0,-7,1,8,0.188,3.0
0.679,0,-7,1,8,0.188,3.0
0.679,0,-7,1,8,0.188,3.0
0.68,0,-7,1,8,0.188,3.0
0.68,0,-7,1,8,0.187,3.0
0.68,0,-7,1,8,0.187,3.0
0.681,0,-7,1,8,0.187,3.0
0.681,0,-7,1,8,0.187,3.0
0.681,0,-7,1,8,0.187,3.0
0.681,0,-7,1,8,0.187,3.0
0.682,0,-7,1,8,0.187,3.0
0.682,0,-7,1,8,0.187,3.0
0.682,0,-7,1,8,0.186,3.0
0.682,0,-7,1,8,0.186,3.0
0.683,0,-7,1,8,0.186,3.0
0.683,0,-7,1,8,0.186,3.0
0.683,0,-7,1,8,0.186,3.0
0.684,0,-7,1,8,0.186,3.0
0.684,0,-7,1,8,0.186,3.0
0.684,0,-7,1,8,0.185,3.0
0.684,0,-7,1,8,0.185,3.0
0.685,0,-7,1,8,0.185,3.0
0.685,0,-7,1,8,0.185,3.0
0.685,0,-7,1,8,0.185,3.0
0.685,0,-7,1,8,0.185,3.0
0.686,0,-7,1,8,0.185,3.0
0.686,0,-7,1,8,0.185,3.0
0.686,0,-7,1,8,0.184,3.0
0.687,0,-7,1,8,0.184,3.0
0.687,0,-7,1,8,0.184,3.0
0.687,0,-7,1,8,0.184,3.0
0.687,0,-7,1,8,0.184,3.0
0.688,0,-7,1,8,0.184,3.0
0.688,0,-7,1,8,0.184,3.0
0.688,0,-7,1,8,0.184,3.0
0.689,0,-7,1,8,0.183,3.0
0.689,0,-7,1,8,0.183,3.0
0.689,0,-7,1,8,0.183,3.0
0.689,0,-7,1,8,0.183,3.0
0.69,0,-7,1,8,0.183,3.0
0.69,0,-7,1,8,0.183,3.0
0.69,0,-7,1,8,0.183,3.0
0.69,0,-7,1,8,0.183,3.0
0.691,0,-7,1,8,0.182,3.0
0.691,0,-7,1,8,0.182,3.0
0.691,0,-7,1,8,0.182,3.0
0.692,0,-7,1,8,0.182,3.0
0.692,0,-7,1,8,0.182,3.0
0.692,0,-7,1,8,0.182,3.0
0.692,0,-7,1,8,0.182,3.0
0.693,0,-7,1,8,0.182,3.0
0.693,0,-7,1,8,0.181,3.0
0.693,0,-7,1,8,0.181,3.0
0.693,0,-7,1,8,0.181,3.0
0.694,0,-7,1,8,0.181,3.0
0.694,0,-7,1,8,0.181,3.0
0.694,0,-7,1,8,0.181,3.0
0.695,0,-7,1,8,0.181,3.0
0.695,0,-7,1,8,0.18,3.0
0.695,0,-7,1,8,0.18,3.0
0.695,0,-7,1,8,0.18,3.0
0.696,0,-7,1,8,0.18,3.0
0.696,0,-7,1,8,0.18,3.0
0.696,0,-7,1,8,0.18,3.0
0.697,0,-7,1,8,0.18,3.0
0.697,0,-7,1,8,0.18,3.0
0.697,0,-7,1,8,0.179,3.0
0.697,0,-7,1,8,0.179,3.0
0.698,0,-7,1,8,0.179,3.0
0.698,0,-7,1,8,0.179,3.0
0.698,0,-7,1,8,0.179,3.0
0.699,0,-7,1,8,0.179,3.0
0.699,0,-7,1,8,0.179,3.0
0.699,0,-7,1,8,0.179,3.0
0.699,0,-7,1,8,0.178,3.0
0.7,0,-7,1,8,0.178,3.0
0.7,0,-7,1,8,0.178,3.0
0.7,0,-7,1,8,0.178,3.0
0.7,0,-7,1,8,0.178,3.0
0.701,0,-7,1,8,0.178,3.0
0.701,0,-7,1,8,0.178,3.0
0.701,0,-7,1,8,0.178,3.0
0.702,0,-7,1,8,0.177,3.0
0.702,0,-7,1,8,0.177,3.0
0.702,0,-7,1,8,0.177,3.0
0.702,0,-7,1,8,0.177,3.0
0.703,0,-7,1,8,0.177,3.0
0.703,0,-7,1,8,0.177,3.0
0.703,0,-7,1,8,0.177,3.0
0.703,0,-7,1,8,0.177,3.0
0.704,0,-7,1,8,0.176,3.0
0.704,0,-7,1,8,0.176,3.0
0.704,0,-7,1,8,0.176,3.0
0.705,0,-7,1,8,0.176,3.0
0.705,0,-7,1,8,0.176,3.0
0.705,0,-7,1,8,0.176,3.0
0.705,0,-7,1,8,0.176,3.0
0.706,0,-7,1,8,0.176,3.0
0.706,0,-7,1,8,0.176,3.0
0.706,0,-7,1,8,0.175,3.0
0.707,0,-7,1,8,0.175,3.0
0.707,0,-7,1,8,0.175,3.0
0.707,0,-7,1,8,0.175,3.0
0.707,0,-7,1,8,0.175,3.0
0.708,0,-7,1,8,0.175,3.0
0.708,0,-7,1,8,0.175,3.0
0.708,0,-7,1,8,0.175,3.0
0.708,0,-7,1,8,0.174,3.0
0.709,0,-7,1,8,0.174,3.0
0.709,0,-7,1,8,0.174,3.0
0.709,0,-7,1,8,0.174,3.0
0.71,0,-7,1,8,0.174,3.0
0.71,0,-7,1,8,0.174,3.0
0.71,-1,-8,1,9,0.174,3.0
0.71,0,-8,1,9,0.174,3.0
0.711,0,-8,1,9,0.173,3.0
0.711,0,-8,1,9,0.173,3.0
0.711,0,-8,1,9,0.173,3.0
0.711,0,-8,1,9,0.173,3.0
0.712,0,-8,1,9,0.173,3.0
0.712,0,-8,1,9,0.173,3.0
0.712,0,-8,1,9,0.173,3.0
0.713,0,-8,1,9,0.173,3.0
0.713,0,-8,1,9,0.172,3.0
0.713,0,-8,1,9,0.172,3.0
0.713,0,-8,1,9,0.172,3.0
0.714,0,-8,1,9,0.172,3.0
0.714,0,-8,1,9,0.172,3.0
0.714,0,-8,1,9,0.172,3.0
0.715,0,-8,1,9,0.172,3.0
0.715,0,-8,1,9,0.172,3.0
0.715,0,-8,1,9,0.171,3.0
0.715,0,-8,1,9,0.171,3.0
0.716,0,-8,1,9,0.171,3.0
0.716,0,-8,1,9,0.171,3.0
0.716,0,-8,1,9,0.171,3.0
0.716,0,-8,1,9,0.171,3.0
0.717,0,-8,1,9,0.171,3.0
0.717,0,-8,1,9,0.171,3.0
0.717,0,-8,1,9,0.171,3.0
0.718,0,-8,1,9,0.17,3.0
0.718,0,-8,1,9,0.17,3.0
0.718,0,-8,1,9,0.17,3.0
0.718,0,-8,1,9,0.17,3.0
0.719,0,-8,1,9,0.17,3.0
0.719,0,-8,1,9,0.17,3.0
0.719,0,-8,1,9,0.17,3.0
0.72,0,-8,1,9,0.17,3.0
0.72,0,-8,1,9,0.169,3.0
0.72,0,-8,1,9,0.169,3.0
0.72,0,-8,1,9,0.169,3.0
0.721,0,-8,1,9,0.169,3.0
0.721,0,-8,1,9,0.169,3.0
0.721,0,-8,1,9,0.169,3.0
0.721,0,-8,1,9,0.169,3.0
0.722,0,-8,1,9,0.169,3.0
0.722,0,-8,1,9,0.169,3.0
0.722,0,-8,1,9,0.168,3.0
0.723,0,-8,1,9,0.168,3.0
0.723,0,-8,1,9,0.168,3.0
0.723,0,-8,1,9,0.168,3.0
0.724,0,-8,1,9,0.168,3.0
0.724,0,-8,1,9,0.168,3.0
0.724,0,-8,1,9,0.168,3.0
0.724,0,-8,1,9,0.168,3.0
0.725,0,-8,1,9,0.167,3.0
0.725,0,-8,1,9,0.167,3.0
0.725,0,-8,1,9,0.167,3.0
0.725,0,-8,1,9,0.167,3.0
0.726,0,-8,1,9,0.167,3.0
0.726,0,-8,1,9,0.167,3.0
0.726,0,-8,1,9,0.167,3.0
0.727,0,-8,1,9,0.167,3.0
0.727,0,-8,1,9,0.167,3.0
0.727,0,-8,1,9,0.166,3.0
0.727,0,-8,1,9,0.166,3.0
0.728,0,-8,1,9,0.166,3.0
0.728,0,-8,1,9,0.166,3.0
0.728,0,-8,1,9,0.166,3.0
0.729,0,-8,1,9,0.166,3.0
0.729,0,-8,1,9,0.166,3.0
0.729,0,-8,1,9,0.166,3.0
0.729,0,-8,1,9,0.165,3.0
0.73,0,-8,1,9,0.165,3.0
0.73,0,-8,1,9,0.165,3.0
0.73,0,-8,1,9,0.165,3.0
0.731,0,-8,1,9,0.165,3.0
0.731,0,-8,1,9,0.165,3.0
0.731,0,-8,1,9,0.165,3.0
0.731,0,-8,1,9,0.165,3.0
0.732,0,-8,1,9,0.165,3.0
0.732,0,-8,1,9,0.164,3.0
0.732,0,-8,1,9,0.164,3.0
0.732,0,-8,1,9,0.164,3.0
0.733,0,-8,1,9,0.164,3.0
0.733,0,-8,1,9,0.164,3.0
0.733,0,-8,1,9,0.164,3.0
0.734,0,-8,1,9,0.164,3.0
0.734,0,-8,1,9,0.164,3.0
0.734,0,-8,1,9,0.164,3.0
0.734,0,-8,1,9,0.163,3.0
0.735,0,-8,1,9,0.163,3.0
0.735,0,-8,1,9,0.163,3.0
0.735,0,-8,1,9,0.163,3.0
0.736,0,-8,1,9,0.163,3.0
0.736,0,-8,1,9,0.163,3.0
0.736,0,-8,1,9,0.163,3.0
0.736,0,-8,1,9,0.163,3.0
0.737,0,-8,1,9,0.162,3.0
0.737,0,-8,1,9,0.162,3.0
0.737,0,-8,1,9,0.162,3.0
0.738,0,-8,1,9,0.162,3.0
0.738,0,-8,1,9,0.162,3.0
0.738,0,-8,1,9,0.162,3.0
0.738,0,-8,1,9,0.162,3.0
0.739,-1,-9,1,10,0.162,3.0
0.739,0,-9,1,10,0.162,3.0
0.739,0,-9,1,10,0.161,3.0
0.739,0,-9,1,10,0.161,3.0
0.74,0,-9,1,10,0.161,3.0
0.74,0,-9,1,10,0.161,3.0
0.74,0,-9,1,10,0.161,3.0
0.741,0,-9,1,10,0.161,3.0
0.741,0,-9,1,10,0.161,3.0
0.741,0,-9,1,10,0.161,3.0
0.741,0,-9,1,10,0.161,3.0
0.742,0,-9,1,10,0.16,3.0
0.742,0,-9,1,10,0.16,3.0
0.742,0,-9,1,10,0.16,3.0
0.743,0,-9,1,10,0.16,3.0
0.743,0,-9,1,10,0.16,3.0
0.743,0,-9,1,10,0.16,3.0
0.743,0,-9,1,10,0.16,3.0
0.744,0,-9,1,10,0.16,3.0
0.744,0,-9,1,10,0.16,3.0
0.744,0,-9,1,10,0.159,3.0
0.745,0,-9,1,10,0.159,3.0
0.745,0,-9,1,10,0.159,3.0
0.745,0,-9,1,10,0.159,3.0
0.745,0,-9,1,10,0.159,3.0
0.746,0,-9,1,10,0.159,3.0
0.746,0,-9,1,10,0.159,3.0
0.746,0,-9,1,10,0.159,3.0
0.747,0,-9,1,10,0.159,3.0
0.747,0,-9,1,10,0.158,3.0
0.747,0,-9,1,10,0.158,3.0
0.747,0,-9,1,10,0.158,3.0
0.748,0,-9,1,10,0.158,3.0
0.748,0,-9,1,10,0.158,3.0
0.748,0,-9,1,10,0.158,3.0
0.748,0,-9,1,10,0.158,3.0
0.749,0,-9,1,10,0.158,3.0
0.749,0,-9,1,10,0.158,3.0
0.749,0,-9,1,10,0.157,3.0
0.75,0,-9,1,10,0.157,3.0
0.75,0,-9,1,10,0.157,3.0
0.75,0,-9,1,10,0.157,3.0
0.75,0,-9,1,10,0.157,3.0
0.751,0,-9,1,10,0.157,3.0
0.751,0,-9,1,10,0.157,3.0
0.751,0,-9,1,10,0.157,3.0
0.752,0,-9,1,10,0.157,3.0
0.752,0,-9,1,10,0.156,3.0
0.752,0,-9,1,10,0.156,3.0
0.752,0,-9,1,10,0.156,3.0
0.753,0,-9,1,10,0.156,3.0
0.753,0,-9,1,10,0.156,3.0
0.753,0,-9,1,10,0.156,3.0
0.753,0,-9,1,10,0.156,3.0
0.754,0,-9,1,10,0.156,3.0
0.754,0,-9,1,10,0.156,3.0
0.754,0,-9,1,10,0.155,3.0
0.755,0,-9,1,10,0.155,3.0
0.755,0,-9,1,10,0.155,3.0
0.755,0,-9,1,10,0.155,3.0
0.755,0,-9,1,10,0.155,3.0
0.756,0,-9,1,10,0.155,3.0
0.756,0,-9,1,10,0.155,3.0
0.756,0,-9,1,10,0.155,3.0
0.757,0,-9,1,10,0.155,3.0
0.757,0,-9,1,10,0.155,3.0
0.757,0,-9,1,10,0.154,3.0
0.757,0,-9,1,10,0.154,3.0
0.758,0,-9,1,10,0.154,3.0
0.758,0,-9,1,10,0.154,3.0
0.758,0,-9,1,10,0.154,3.0
0.758,0,-9,1,10,0.154,3.0
0.759,0,-9,1,10,0.154,3.0
0.759,0,-9,1,10,0.154,3.0
0.759,0,-9,1,10,0.154,3.0
0.76,0,-9,1,10,0.153,3.0
0.76,0,-9,1,10,0.153,3.0
0.76,0,-9,1,10,0.153,3.0
0.76,0,-9,1,10,0.153,3.0
0.761,0,-9,1,10,0.153,3.0
0.761,0,-9,1,10,0.153,3.0
0.761,0,-9,1,10,0.153,3.0
0.762,0,-9,1,10,0.153,3.0
0.762,0,-9,1,10,0.153,3.0
0.762,0,-9,1,10,0.152,3.0
0.762,0,-9,1,10,0.152,3.0
0.763,0,-9,1,10,0.152,3.0
0.763,0,-9,1,10,0.152,3.0
0.763,0,-9,1,10,0.152,3.0
0.764,0,-9,1,10,0.152,3.0
0.764,0,-9,1,10,0.152,3.0
0.764,0,-9,1,10,0.152,3.0
0.764,0,-9,1,10,0.152,3.0
0.765,0,-9,1,10,0.152,3.0
0.765,0,-9,1,10,0.151,3.0
0.765,0,-9,1,10,0.151,3.0
0.765,0,-9,1,10,0.151,3.0
0.766,0,-9,1,10,0.151,3.0
0.766,0,-9,1,10,0.151,3.0
0.766,0,-9,1,10,0.151,3.0
0.767,0,-9,1,10,0.151,3.0
0.767,0,-9,1,10,0.151,3.0
0.767,-1,-10,1,11,0.151,3.0
0.768,0,-10,1,11,0.15,3.0
0.768,0,-10,1,11,0.15,3.0
0.768,0,-10,1,11,0.15,3.0
0.768,0,-10,1,11,0.15,3.0
0.769,0,-10,1,11,0.15,3.0
0.769,0,-10,1,11,0.15,3.0
0.769,0,-10,1,11,0.15,3.0
0.769,0,-10,1,11,0.15,3.0
0.77,0,-10,1,11,0.15,3.0
0.77,0,-10,1,11,0.149,3.0
0.77,0,-10,1,11,0.149,3.0
0.771,0,-10,1,11,0.149,3.0
0.771,0,-10,1,11,0.149,3.0
0.771,0,-10,1,11,0.149,3.0
0.771,0,-10,1,11,0.149,3.0
0.772,0,-10,1,11,0.149,3.0
0.772,0,-10,1,11,0.149,3.0
0.772,0,-10,1,11,0.149,3.0
0.773,0,-10,1,11,0.149,3.0
0.773,0,-10,1,11,0.148,3.0
0.773,0,-10,1,11,0.148,3.0
0.773,0,-10,1,11,0.148,3.0
0.774,0,-10,1,11,0.148,3.0
0.774,0,-10,1,11,0.148,3.0
0.774,0,-10,1,11,0.148,3.0
0.774,0,-10,1,11,0.148,3.0
0.775,0,-10,1,11,0.148,3.0
0.775,0,-10,1,11,0.148,3.0
0.775,0,-10,1,11,0.148,3.0
0.776,0,-10,1,11,0.147,3.0
0.776,0,-10,1,11,0.147,3.0
0.776,0,-10,1,11,0.147,3.0
0.776,0,-10,1,11,0.147,3.0
0.777,0,-10,1,11,0.147,3.0
0.777,0,-10,1,11,0.147,3.0
0.777,0,-10,1,11,0.147,3.0
0.778,0,-10,1,11,0.147,3.0
0.778,0,-10,1,11,0.147,3.0
0.778,0,-10,1,11,0.146,3.0
0.778,0,-10,1,11,0.146,3.0
0.779,0,-10,1,11,0.146,3.0
0.779,0,-10,1,11,0.146,3.0
0.779,0,-10,1,11,0.146,3.0
0.78,0,-10,1,11,0.146,3.0
0.78,0,-10,1,11,0.146,3.0
0.781,0,-10,1,11,0.146,3.0
0.781,0,-10,1,11,0.146,3.0
0.781,0,-10,1,11,0.146,3.0
0.782,0,-10,1,11,0.145,3.0
0.782,0,-10,1,11,0.145,3.0
0.782,0,-10,1,11,0.145,3.0
0.782,0,-10,1,11,0.145,3.0
0.783,0,-10,1,11,0.145,3.0
0.783,0,-10,1,11,0.145,3.0
0.783,0,-10,1,11,0.145,3.0
0.784,0,-10,1,11,0.145,3.0
0.784,0,-10,1,11,0.145,3.0
0.784,0,-10,1,11,0.145,3.0
0.785,0,-10,1,11,0.144,3.0
0.785,0,-10,1,11,0.144,3.0
0.785,0,-10,1,11,0.144,3.0
0.785,0,-10,1,11,0.144,3.0
0.786,0,-10,1,11,0.144,3.0
0.786,0,-10,1,11,0.144,3.0
0.786,0,-10,1,11,0.144,3.0
0.786,0,-10,1,11,0.144,3.0
0.787,0,-10,1,11,0.144,3.0
0.787,0,-10,1,11,0.144,3.0
0.787,0,-10,1,11,0.143,3.0
0.788,0,-10,1,11,0.143,3.0
0.788,0,-10,1,11,0.143,3.0
0.788,0,-10,1,11,0.143,3.0
0.788,0,-10,1,11,0.143,3.0
0.789,0,-10,1,11,0.143,3.0
0.789,0,-10,1,11,0.143,3.0
0.789,0,-10,1,11,0.143,3.0
0.789,0,-10,1,11,0.143,3.0
0.79,0,-10,1,11,0.143,3.0
0.79,0,-10,1,11,0.142,3.0
0.79,0,-10,1,11,0.142,3.0
0.791,0,-10,1,11,0.142,3.0
0.791,0,-10,1,11,0.142,3.0
0.791,0,-10,1,11,0.142,3.0
0.791,0,-10,1,11,0.142,3.0
0.792,0,-10,1,11,0.142,3.0
0.792,0,-10,1,11,0.142,3.0
0.792,0,-10,1,11,0.142,3.0
0.793,0,-10,1,11,0.142,3.0
0.793,0,-10,1,11,0.141,3.0
0.793,0,-10,1,11,0.141,3.0
0.793,0,-10,1,11,0.141,3.0
0.794,0,-10,1,11,0.141,3.0
0.794,0,-10,1,11,0.141,3.0
0.794,0,-10,1,11,0.141,3.0
0.795,0,-10,1,11,0.141,3.0
0.795,0,-10,1,11,0.141,3.0
0.795,0,-10,1,11,0.141,3.0
0.795,0,-10,1,11,0.141,3.0
0.796,0,-10,1,11,0.14,3.0
0.796,0,-10,1,11,0.14,3.0
0.796,0,-10,1,11,0.14,3.0
0.797,-1,-11,1,12,0.14,3.0
0.797,0,-11,1,12,0.14,3.0
0.797,0,-11,1,12,0.14,3.0
0.798,0,-11,1,12,0.14,3.0
0.798,0,-11,1,12,0.14,3.0
0.798,0,-11,1,12,0.14,3.0
0.798,0,-11,1,12,0.14,3.0
0.799,0,-11,1,12,0.139,3.0
0.799,0,-11,1,12,0.139,3.0
0.799,0,-11,1,12,0.139,3.0
0.8,0,-11,1,12,0.139,3.0
0.8,0,-11,1,12,0.139,3.0
0.8,0,-11,1,12,0.139,3.0
0.8,0,-11,1,12,0.139,3.0
0.801,0,-11,1,12,0.139,3.0
0.801,0,-11,1,12,0.139,3.0
0.801,0,-11,1,12,0.139,3.0
0.802,0,-11,1,12,0.139,3.0
0.802,0,-11,1,12,0.138,3.0
0.802,0,-11,1,12,0.138,3.0
0.802,0,-11,1,12,0.138,3.0
0.803,0,-11,1,12,0.138,3.0
0.803,0,-11,1,12,0.138,3.0
0.803,0,-11,1,12,0.138,3.0
0.803,0,-11,1,12,0.138,3.0
0.804,0,-11,1,12,0.138,3.0
0.804,0,-11,1,12,0.138,3.0
0.804,0,-11,1,12,0.138,3.0
0.805,0,-11,1,12,0.137,3.0
0.805,0,-11,1,12,0.137,3.0
0.805,0,-11,1,12,0.137,3.0
0.805,0,-11,1,12,0.137,3.0
0.806,0,-11,1,12,0.137,3.0
0.806,0,-11,1,12,0.137,3.0
0.806,0,-11,1,12,0.137,3.0
0.807,0,-11,1,12,0.137,3.0
0.807,0,-11,1,12,0.137,3.0
0.807,0,-11,1,12,0.137,3.0
0.807,0,-11,1,12,0.136,3.0
0.808,0,-11,1,12,0.136,3.0
0.808,0,-11,1,12,0.136,3.0
0.808,0,-11,1,12,0.136,3.0
0.808,0,-11,1,12,0.136,3.0
0.809,0,-11,1,12,0.136,3.0
0.809,0,-11,1,12,0.136,3.0
0.809,0,-11,1,12,0.136,3.0
0.81,0,-11,1,12,0.136,3.0
0.81,0,-11,1,12,0.136,3.0
0.81,0,-11,1,12,0.136,3.0
0.81,0,-11,1,12,0.135,3.0
0.811,0,-11,1,12,0.135,3.0
0.811,0,-11,1,12,0.135,3.0
0.811,0,-11,1,12,0.135,3.0
0.812,0,-11,1,12,0.135,3.0
0.812,0,-11,1,12,0.135,3.0
0.812,0,-11,1,12,0.135,3.0
0.813,0,-11,1,12,0.135,3.0
0.813,0,-11,1,12,0.135,3.0
0.814,0,-11,1,12,0.135,3.0
0.814,0,-11,1,12,0.134,3.0
0.815,0,-11,1,12,0.134,3.0
0.815,0,-11,1,12,0.134,3.0
0.815,0,-11,1,12,0.134,3.0
0.815,0,-11,1,12,0.134,3.0
0.816,0,-11,1,12,0.134,3.0
0.816,0,-11,1,12,0.134,3.0
0.816,0,-11,1,12,0.134,3.0
0.817,0,-11,1,12,0.134,3.0
0.817,0,-11,1,12,0.134,3.0
0.817,0,-11,1,12,0.134,3.0
0.817,0,-11,1,12,0.133,3.0
0.818,0,-11,1,12,0.133,3.0
0.818,0,-11,1,12,0.133,3.0
0.818,0,-11,1,12,0.133,3.0
0.818,0,-11,1,12,0.133,3.0
0.819,0,-11,1,12,0.133,3.0
0.819,0,-11,1,12,0.133,3.0
0.819,0,-11,1,12,0.133,3.0
0.82,0,-11,1,12,0.133,3.0
0.82,0,-11,1,12,0.133,3.0
0.82,0,-11,1,12,0.133,3.0
0.82,0,-11,1,12,0.132,3.0
0.821,0,-11,1,12,0.132,3.0
0.821,0,-11,1,12,0.132,3.0
0.821,0,-11,1,12,0.132,3.0
0.822,0,-11,1,12,0.132,3.0
0.822,0,-11,1,12,0.132,3.0
0.822,0,-11,1,12,0.132,3.0
0.822,0,-11,1,12,0.132,3.0
0.823,0,-11,1,12,0.132,3.0
0.823,0,-11,1,12,0.132,3.0
0.823,0,-11,1,12,0.132,3.0
0.824,0,-11,1,12,0.131,3.0
0.824,0,-11,1,12,0.131,3.0
0.824,0,-11,1,12,0.131,3.0
0.824,0,-11,1,12,0.131,3.0
0.825,0,-11,1,12,0.131,3.0
0.825,0,-11,1,12,0.131,3.0
0.825,0,-11,1,12,0.131,3.0
0.825,0,-11,1,12,0.131,3.0
0.826,0,-11,1,12,0.131,3.0
0.826,0,-11,1,12,0.131,3.0
0.826,0,-11,1,12,0.131,3.0
0.827,0,-11,1,12,0.13,3.0
0.827,0,-11,1,12,0.13,3.0
0.827,0,-11,1,12,0.13,3.0
0.827,0,-11,1,12,0.13,3.0
0.828,0,-11,1,12,0.13,3.0
0.828,0,-11,1,12,0.13,3.0
0.828,0,-11,1,12,0.13,3.0
0.829,0,-11,1,12,0.13,3.0
0.829,0,-11,1,12,0.13,3.0
0.829,0,-11,1,12,0.13,3.0
0.829,0,-11,1,12,0.13,3.0
0.83,0,-11,1,12,0.129,3.0
0.83,0,-11,1,12,0.129,3.0
0.83,0,-11,1,12,0.129,3.0
0.831,0,-11,1,12,0.129,3.0
0.831,0,-11,1,12,0.129,3.0
0.831,0,-11,1,12,0.129,3.0
0.831,0,-11,1,12,0.129,3.0
0.832,0,-11,1,12,0.129,3.0
0.832,0,-11,1,12,0.129,3.0
0.832,0,-11,1,12,0.129,3.0
0.832,0,-11,1,12,0.129,3.0
0.833,0,-11,1,12,0.128,3.0
0.833,0,-11,1,12,0.128,3.0
0.833,0,-11,1,12,0.128,3.0
0.834,0,-11,1,12,0.128,3.0
0.834,0,-11,1,12,0.128,3.0
0.834,0,-11,1,12,0.128,3.0
0.834,0,-11,1,12,0.128,3.0
0.835,0,-11,1,12,0.128,3.0
0.835,0,-11,1,12,0.128,3.0
0.835,0,-11,1,12,0.128,3.0
0.836,0,-11,1,12,0.128,3.0
0.836,0,-11,1,12,0.127,3.0
0.836,0,-11,1,12,0.127,3.0
0.836,0,-11,1,12,0.127,3.0
0.837,0,-11,1,12,0.127,3.0
0.837,0,-11,1,12,0.127,3.0
0.837,0,-11,1,12,0.127,3.0
0.837,0,-11,1,12,0.127,3.0
0.838,0,-11,1,12,0.127,3.0
0.838,0,-11,1,12,0.127,3.0
0.838,0,-11,1,12,0.127,3.0
0.839,0,-11,1,12,0.127,3.0
0.839,0,-11,1,12,0.126,3.0
0.839,0,-11,1,12,0.126,3.0
0.839,0,-11,1,12,0.126,3.0
0.84,0,-11,1,12,0.126,3.0
0.84,0,-11,1,12,0.126,3.0
0.84,0,-11,1,12,0.126,3.0
0.84,0,-11,1,12,0.126,3.0
0.841,0,-11,1,12,0.126,3.0
0.841,0,-11,1,12,0.126,3.0
0.841,0,-11,1,12,0.126,3.0
0.842,0,-11,1,12,0.126,3.0
0.842,0,-11,1,12,0.125,3.0
0.842,0,-11,1,12,0.125,3.0
0.842,0,-11,1,12,0.125,3.0
0.843,0,-11,1,12,0.125,3.0
0.843,0,-11,1,12,0.125,3.0
0.843,0,-11,1,12,0.125,3.0
0.844,0,-11,1,12,0.125,3.0
0.844,0,-11,1,12,0.125,3.0
0.844,0,-11,1,12,0.125,3.0
0.844,0,-11,1,12,0.125,3.0
0.845,0,-11,1,12,0.125,3.0
0.845,0,-11,1,12,0.125,3.0
0.845,0,-11,1,12,0.124,3.0
0.845,0,-11,1,12,0.124,3.0
0.846,0,-11,1,12,0.124,3.0
0.846,0,-11,1,12,0.124,3.0
0.846,0,-11,1,12,0.124,3.0
0.847,0,-11,1,12,0.124,3.0
0.847,0,-11,1,12,0.124,3.0
0.847,0,-11,1,12,0.124,3.0
0.847,0,-11,1,12,0.124,3.0
0.848,0,-11,1,12,0.124,3.0
0.848,0,-11,1,12,0.124,3.0
0.848,0,-11,1,12,0.123,3.0
0.849,0,-11,1,12,0.123,3.0
0.849,0,-11,1,12,0.123,3.0
0.849,0,-11,1,12,0.123,3.0
0.849,0,-11,1,12,0.123,3.0
0.85,0,-11,1,12,0.123,3.0
0.85,0,-11,1,12,0.123,3.0
0.85,0,-11,1,12,0.123,3.0
0.85,0,-11,1,12,0.123,3.0
0.851,0,-11,1,12,0.123,3.0
0.851,0,-11,1,12,0.123,3.0
0.851,0,-11,1,12,0.123,3.0
0.852,0,-11,1,12,0.122,3.0
0.852,0,-11,1,12,0.122,3.0
0.852,0,-11,1,12,0.122,3.0
0.852,0,-11,1,12,0.122,3.0
0.853,0,-11,1,12,0.122,3.0
0.853,0,-11,1,12,0.122,3.0
0.853,0,-11,1,12,0.122,3.0
0.854,0,-11,1,12,0.122,3.0
0.854,0,-11,1,12,0.122,3.0
0.854,0,-11,1,12,0.122,3.0
0.854,0,-11,1,12,0.122,3.0
0.855,0,-11,1,12,0.122,3.0
0.855,0,-11,1,12,0.121,3.0
0.855,0,-11,1,12,0.121,3.0
0.855,0,-11,1,12,0.121,3.0
0.856,0,-11,1,12,0.121,3.0
0.856,0,-11,1,12,0.121,3.0
0.856,0,-11,1,12,0.121,3.0
0.857,0,-11,1,12,0.121,3.0
0.857,0,-11,1,12,0.121,3.0
0.857,0,-11,1,12,0.121,3.0
0.857,0,-11,1,12,0.121,3.0
0.858,0,-11,1,12,0.121,3.0
0.858,0,-11,1,12,0.12,3.0
0.858,0,-11,1,12,0.12,3.0
0.858,0,-11,1,12,0.12,3.0
0.859,0,-11,1,12,0.12,3.0
0.859,0,-11,1,12,0.12,3.0
0.859,0,-11,1,12,0.12,3.0
0.86,0,-11,1,12,0.12,3.0
0.86,0,-11,1,12,0.12,3.0
0.86,0,-11,1,12,0.12,3.0
0.86,0,-11,1,12,0.12,3.0
0.861,0,-11,1,12,0.12,3.0
0.861,0,-11,1,12,0.12,3.0
0.861,0,-11,1,12,0.119,3.0
0.862,0,-11,1,12,0.119,3.0
0.862,0,-11,1,12,0.119,3.0
0.862,0,-11,1,12,0.119,3.0
0.863,0,-11,1,12,0.119,3.0
0.863,0,-11,1,12,0.119,3.0
0.863,0,-11,1,12,0.119,3.0
0.863,0,-11,1,12,0.119,3.0
0.864,0,-11,1,12,0.119,3.0
0.864,0,-11,1,12,0.119,3.0
0.864,0,-11,1,12,0.119,3.0
0.865,0,-11,1,12,0.119,3.0
0.865,0,-11,1,12,0.118,3.0
0.865,0,-11,1,12,0.118,3.0
0.865,0,-11,1,12,0.118,3.0
0.866,0,-11,1,12,0.118,3.0
0.866,0,-11,1,12,0.118,3.0
0.866,0,-11,1,12,0.118,3.0
0.866,0,-11,1,12,0.118,3.0
0.867,0,-11,1,12,0.118,3.0
0.867,0,-11,1,12,0.118,3.0
0.867,0,-11,1,12,0.118,3.0
0.868,0,-11,1,12,0.118,3.0
0.868,0,-11,1,12,0.118,3.0
0.868,0,-11,1,12,0.117,3.0
0.868,0,-11,1,12,0.117,3.0
0.869,0,-11,1,12,0.117,3.0
0.869,0,-11,1,12,0.117,3.0
0.869,0,-11,1,12,0.117,3.0
0.87,0,-11,1,12,0.117,3.0
0.87,0,-11,1,12,0.117,3.0
0.87,0,-11,1,12,0.117,3.0
0.87,0,-11,1,12,0.117,3.0
0.871,0,-11,1,12,0.117,3.0
0.871,0,-11,1,12,0.117,3.0
0.871,0,-11,1,12,0.117,3.0
0.871,0,-11,1,12,0.117,3.0
0.872,0,-11,1,12,0.116,3.0
0.872,0,-11,1,12,0.116,3.0
0.872,0,-11,1,12,0.116,3.0
0.873,0,-11,1,12,0.116,3.0
0.873,0,-11,1,12,0.116,3.0
0.873,0,-11,1,12,0.116,3.0
0.873,0,-11,1,12,0.116,3.0
0.874,0,-11,1,12,0.116,3.0
0.874,0,-11,1,12,0.116,3.0
0.874,0,-11,1,12,0.116,3.0
0.875,0,-11,1,12,0.116,3.0
0.875,0,-11,1,12,0.116,3.0
0.875,0,-11,1,12,0.115,3.0
0.875,0,-11,1,12,0.115,3.0
0.876,0,-11,1,12,0.115,3.0
0.876,0,-11,1,12,0.115,3.0
0.876,0,-11,1,12,0.115,3.0
0.876,0,-11,1,12,0.115,3.0
0.877,0,-11,1,12,0.115,3.0
0.877,0,-11,1,12,0.115,3.0
0.877,0,-11,1,12,0.115,3.0
0.878,0,-11,1,12,0.115,3.0
0.878,0,-11,1,12,0.115,3.0
0.878,0,-11,1,12,0.115,3.0
0.878,0,-11,1,12,0.114,3.0
0.879,0,-11,1,12,0.114,3.0
0.879,0,-11,1,12,0.114,3.0
0.879,0,-11,1,12,0.114,3.0
0.88,0,-11,1,12,0.114,3.0
0.88,0,-11,1,12,0.114,3.0
0.88,0,-11,1,12,0.114,3.0
0.88,0,-11,1,12,0.114,3.0
0.881,0,-11,1,12,0.114,3.0
0.881,0,-11,1,12,0.114,3.0
0.881,0,-11,1,12,0.114,3.0
0.881,-1,-12,1,13,0.114,3.0
0.882,0,-12,1,13,0.114,3.0
0.882,0,-12,1,13,0.113,3.0
0.882,0,-12,1,13,0.113,3.0
0.883,0,-12,1,13,0.113,3.0
0.883,0,-12,1,13,0.113,3.0
0.883,0,-12,1,13,0.113,3.0
0.883,0,-12,1,13,0.113,3.0
0.884,0,-12,1,13,0.113,3.0
0.884,0,-12,1,13,0.113,3.0
0.884,0,-12,1,13,0.113,3.0
0.884,0,-12,1,13,0.113,3.0
0.885,0,-12,1,13,0.113,3.0
0.885,0,-12,1,13,0.113,3.0
0.885,0,-12,1,13,0.113,3.0
0.886,0,-12,1,13,0.112,3.0
0.886,0,-12,1,13,0.112,3.0
0.886,0,-12,1,13,0.112,3.0
0.886,0,-12,1,13,0.112,3.0
0.887,0,-12,1,13,0.112,3.0
0.887,0,-12,1,13,0.112,3.0
0.887,0,-12,1,13,0.112,3.0
0.887,0,-12,1,13,0.112,3.0
0.888,0,-12,1,13,0.112,3.0
0.888,0,-12,1,13,0.112,3.0
0.888,0,-12,1,13,0.112,3.0
0.889,0,-12,1,13,0.112,3.0
0.889,0,-12,1,13,0.111,3.0
0.889,0,-12,1,13,0.111,3.0
0.889,0,-12,1,13,0.111,3.0
0.89,0,-12,1,13,0.111,3.0
0.89,0,-12,1,13,0.111,3.0
0.89,0,-12,1,13,0.111,3.0
0.891,0,-12,1,13,0.111,3.0
0.891,0,-12,1,13,0.111,3.0
0.891,0,-12,1,13,0.111,3.0
0.891,0,-12,1,13,0.111,3.0
0.892,0,-12,1,13,0.111,3.0
0.892,0,-12,1,13,0.111,3.0
0.892,0,-12,1,13,0.111,3.0
0.892,0,-12,1,13,0.11,3.0
0.893,0,-12,1,13,0.11,3.0
0.893,0,-12,1,13,0.11,3.0
0.893,0,-12,1,13,0.11,3.0
0.894,0,-12,1,13,0.11,3.0
0.894,0,-12,1,13,0.11,3.0
0.894,0,-12,1,13,0.11,3.0
0.894,0,-12,1,13,0.11,3.0
0.895,0,-12,1,13,0.11,3.0
0.895,0,-12,1,13,0.11,3.0
0.895,0,-12,1,13,0.11,3.0
0.896,0,-12,1,13,0.11,3.0
0.896,0,-12,1,13,0.11,3.0
0.896,0,-12,1,13,0.109,3.0
0.896,0,-12,1,13,0.109,3.0
0.897,0,-12,1,13,0.109,3.0
0.897,0,-12,1,13,0.109,3.0
0.897,0,-12,1,13,0.109,3.0
0.897,0,-12,1,13,0.109,3.0
0.898,0,-12,1,13,0.109,3.0
0.898,0,-12,1,13,0.109,3.0
0.898,0,-12,1,13,0.109,3.0
0.899,0,-12,1,13,0.109,3.0
0.899,0,-12,1,13,0.109,3.0
0.899,0,-12,1,13,0.109,3.0
0.899,0,-12,1,13,0.109,3.0
0.9,0,-12,1,13,0.108,3.0
0.9,0,-12,1,13,0.108,3.0
0.9,0,-12,1,13,0.108,3.0
0.9,0,-12,1,13,0.108,3.0
0.901,0,-12,1,13,0.108,3.0
0.901,0,-12,1,13,0.108,3.0
0.901,0,-12,1,13,0.108,3.0
0.902,0,-12,1,13,0.108,3.0
0.902,0,-12,1,13,0.108,3.0
0.902,0,-12,1,13,0.108,3.0
0.902,0,-12,1,13,0.108,3.0
0.903,0,-12,1,13,0.108,3.0
0.903,0,-12,1,13,0.108,3.0
0.903,0,-12,1,13,0.107,3.0
0.904,0,-12,1,13,0.107,3.0
0.904,0,-12,1,13,0.107,3.0
0.904,0,-12,1,13,0.107,3.0
0.904,0,-12,1,13,0.107,3.0
0.905,0,-12,1,13,0.107,3.0
0.905,0,-12,1,13,0.107,3.0
0.905,0,-12,1,13,0.107,3.0
0.905,0,-12,1,13,0.107,3.0
0.906,0,-12,1,13,0.107,3.0
0.906,0,-12,1,13,0.107,3.0
0.906,0,-12,1,13,0.107,3.0
0.907,0,-12,1,13,0.107,3.0
0.907,0,-12,1,13,0.107,3.0
0.907,0,-12,1,13,0.106,3.0
0.907,0,-12,1,13,0.106,3.0
0.908,0,-12,1,13,0.106,3.0
0.908,0,-12,1,13,0.106,3.0
0.908,0,-12,1,13,0.106,3.0
0.909,0,-12,1,13,0.106,3.0
0.909,0,-12,1,13,0.106,3.0
0.909,0,-12,1,13,0.106,3.0
0.909,0,-12,1,13,0.106,3.0
0.91,0,-12,1,13,0.106,3.0
0.91,0,-12,1,13,0.106,3.0
0.91,0,-12,1,13,0.106,3.0
0.91,0,-12,1,13,0.106,3.0
0.911,0,-12,1,13,0.105,3.0
0.911,0,-12,1,13,0.105,3.0
0.911,0,-12,1,13,0.105,3.0
0.912,0,-12,1,13,0.105,3.0
0.912,0,-12,1,13,0.105,3.0
0.912,0,-12,1,13,0.105,3.0
0.912,0,-12,1,13,0.105,3.0
0.913,0,-12,1,13,0.105,3.0
0.913,0,-12,1,13,0.105,3.0
0.913,0,-12,1,13,0.105,3.0
0.914,0,-12,1,13,0.105,3.0
0.914,0,-12,1,13,0.105,3.0
0.914,0,-12,1,13,0.105,3.0
0.914,0,-12,1,13,0.105,3.0
0.915,0,-12,1,13,0.104,3.0
0.915,0,-12,1,13,0.104,3.0
0.915,0,-12,1,13,0.104,3.0
0.915,0,-12,1,13,0.104,3.0
0.916,0,-12,1,13,0.104,3.0
0.916,0,-12,1,13,0.104,3.0
0.916,0,-12,1,13,0.104,3.0
0.917,0,-12,1,13,0.104,3.0
0.917,0,-12,1,13,0.104,3.0
0.917,0,-12,1,13,0.104,3.0
0.917,0,-12,1,13,0.104,3.0
0.918,0,-12,1,13,0.104,3.0
0.918,0,-12,1,13,0.104,3.0
0.918,0,-12,1,13,0.104,3.0
0.918,0,-12,1,13,0.103,3.0
0.919,0,-12,1,13,0.103,3.0
0.919,0,-12,1,13,0.103,3.0
0.919,0,-12,1,13,0.103,3.0
0.92,0,-12,1,13,0.103,3.0
0.92,0,-12,1,13,0.103,3.0
0.92,0,-12,1,13,0.103,3.0
0.92,0,-12,1,13,0.103,3.0
0.921,0,-12,1,13,0.103,3.0
0.921,0,-12,1,13,0.103,3.0
0.921,0,-12,1,13,0.103,3.0
0.922,0,-12,1,13,0.103,3.0
0.922,0,-12,1,13,0.103,3.0
0.922,0,-12,1,13,0.102,3.0
0.922,0,-12,1,13,0.102,3.0
0.923,0,-12,1,13,0.102,3.0
0.923,0,-12,1,13,0.102,3.0
0.923,0,-12,1,13,0.102,3.0
0.923,0,-12,1,13,0.102,3.0
0.924,0,-12,1,13,0.102,3.0
0.924,0,-12,1,13,0.102,3.0
0.924,0,-12,1,13,0.102,3.0
0.925,0,-12,1,13,0.102,3.0
0.925,0,-12,1,13,0.102,3.0
0.925,0,-12,1,13,0.102,3.0
0.925,0,-12,1,13,0.102,3.0
0.926,0,-12,1,13,0.102,3.0
0.926,0,-12,1,13,0.101,3.0
0.926,0,-12,1,13,0.101,3.0
0.926,0,-12,1,13,0.101,3.0
0.927,0,-12,1,13,0.101,3.0
0.927,0,-12,1,13,0.101,3.0
0.927,0,-12,1,13,0.101,3.0
0.928,0,-12,1,13,0.101,3.0
0.928,0,-12,1,13,0.101,3.0
0.928,0,-12,1,13,0.101,3.0
0.928,0,-12,1,13,0.101,3.0
0.929,0,-12,1,13,0.101,3.0
0.929,0,-12,1,13,0.101,3.0
0.929,0,-12,1,13,0.101,3.0
0.93,0,-12,1,13,0.101,3.0
0.93,0,-12,1,13,0.101,3.0
0.93,0,-12,1,13,0.1,3.0
0.93,0,-12,1,13,0.1,3.0
0.931,0,-12,1,13,0.1,3.0
0.931,0,-12,1,13,0.1,3.0
0.931,0,-12,1,13,0.1,3.0
0.931,0,-12,1,13,0.1,3.0
0.932,0,-12,1,13,0.1,3.0
0.932,0,-12,1,13,0.1,3.0
0.932,0,-12,1,13,0.1,3.0
0.933,0,-12,1,13,0.1,3.0
0.933,0,-12,1,13,0.1,3.0
0.933,0,-12,1,13,0.1,3.0
0.933,0,-12,1,13,0.1,3.0
0.934,0,-12,1,13,0.1,3.0
0.934,0,-12,1,13,0.099,3.0
0.934,0,-12,1,13,0.099,3.0
0.935,0,-12,1,13,0.099,3.0
0.935,0,-12,1,13,0.099,3.0
0.935,0,-12,1,13,0.099,3.0
0.935,0,-12,1,13,0.099,3.0
0.936,0,-12,1,13,0.099,3.0
0.936,0,-12,1,13,0.099,3.0
0.936,0,-12,1,13,0.099,3.0
0.937,0,-12,1,13,0.099,3.0
0.937,0,-12,1,13,0.099,3.0
0.937,0,-12,1,13,0.099,3.0
0.937,0,-12,1,13,0.099,3.0
0.938,0,-12,1,13,0.099,3.0
0.938,0,-12,1,13,0.098,3.0
0.938,0,-12,1,13,0.098,3.0
0.938,0,-12,1,13,0.098,3.0
0.939,0,-12,1,13,0.098,3.0
0.939,0,-12,1,13,0.098,3.0
0.939,0,-12,1,13,0.098,3.0
0.94,0,-12,1,13,0.098,3.0
0.94,0,-12,1,13,0.098,3.0
0.94,0,-12,1,13,0.098,3.0
0.941,0,-12,1,13,0.098,3.0
0.941,0,-12,1,13,0.098,3.0
0.941,0,-12,1,13,0.098,3.0
0.941,0,-12,1,13,0.098,3.0
0.942,0,-12,1,13,0.098,3.0
0.942,0,-12,1,13,0.098,3.0
0.942,0,-12,1,13,0.097,3.0
0.942,0,-12,1,13,0.097,3.0
0.943,0,-12,1,13,0.097,3.0
0.943,0,-12,1,13,0.097,3.0
0.943,0,-12,1,13,0.097,3.0
0.944,0,-12,1,13,0.097,3.0
0.944,0,-12,1,13,0.097,3.0
0.944,0,-12,1,13,0.097,3.0
0.944,0,-12,1,13,0.097,3.0
0.945,0,-12,1,13,0.097,3.0
0.945,0,-12,1,13,0.097,3.0
0.945,0,-12,1,13,0.097,3.0
0.946,0,-12,1,13,0.097,3.0
0.946,0,-12,1,13,0.097,3.0
0.946,0,-12,1,13,0.097,3.0
0.946,0,-12,1,13,0.096,3.0
0.947,0,-12,1,13,0.096,3.0
0.947,0,-12,1,13,0.096,3.0
0.947,0,-12,1,13,0.096,3.0
0.948,0,-12,1,13,0.096,3.0
0.948,0,-12,1,13,0.096,3.0
0.948,0,-12,1,13,0.096,3.0
0.948,0,-12,1,13,0.096,3.0
0.949,0,-12,1,13,0.096,3.0
0.949,0,-12,1,13,0.096,3.0
0.949,0,-12,1,13,0.096,3.0
0.95,0,-12,1,13,0.096,3.0
0.95,0,-12,1,13,0.096,3.0
0.95,0,-12,1,13,0.096,3.0
0.95,0,-12,1,13,0.096,3.0
0.951,0,-12,1,13,0.095,3.0
0.951,0,-12,1,13,0.095,3.0
0.951,0,-12,1,13,0.095,3.0
0.951,0,-12,1,13,0.095,3.0
0.952,0,-12,1,13,0.095,3.0
0.952,0,-12,1,13,0.095,3.0
0.952,0,-12,1,13,0.095,3.0
0.953,0,-12,1,13,0.095,3.0
0.953,0,-12,1,13,0.095,3.0
0.953,0,-12,1,13,0.095,3.0
0.953,0,-12,1,13,0.095,3.0
0.954,0,-12,1,13,0.095,3.0
0.954,0,-12,1,13,0.095,3.0
0.954,0,-12,1,13,0.095,3.0
0.954,0,-12,1,13,0.095,3.0
0.955,0,-12,1,13,0.094,3.0
0.955,0,-12,1,13,0.094,3.0
0.955,0,-12,1,13,0.094,3.0
0.956,0,-12,1,13,0.094,3.0
0.956,0,-12,1,13,0.094,3.0
0.956,0,-12,1,13,0.094,3.0
0.956,0,-12,1,13,0.094,3.0
0.957,0,-12,1,13,0.094,3.0
0.957,0,-12,1,13,0.094,3.0
0.957,0,-12,1,13,0.094,3.0
0.957,0,-12,1,13,0.094,3.0
0.958,0,-12,1,13,0.094,3.0
0.958,0,-12,1,13,0.094,3.0
0.958,0,-12,1,13,0.094,3.0
0.959,0,-12,1,13,0.094,3.0
0.959,0,-12,1,13,0.093,3.0
0.959,0,-12,1,13,0.093,3.0
0.959,0,-12,1,13,0.093,3.0
0.96,0,-12,1,13,0.093,3.0
0.96,0,-12,1,13,0.093,3.0
0.96,0,-12,1,13,0.093,3.0
0.96,0,-12,1,13,0.093,3.0
0.961,0,-12,1,13,0.093,3.0
0.961,0,-12,1,13,0.093,3.0
0.961,0,-12,1,13,0.093,3.0
0.962,0,-12,1,13,0.093,3.0
0.962,0,-12,1,13,0.093,3.0
0.962,0,-12,1,13,0.093,3.0
0.962,0,-12,1,13,0.093,3.0
0.963,0,-12,1,13,0.093,3.0
0.963,0,-12,1,13,0.092,3.0
0.963,0,-12,1,13,0.092,3.0
0.964,0,-12,1,13,0.092,3.0
0.964,0,-12,1,13,0.092,3.0
0.964,0,-12,1,13,0.092,3.0
0.964,0,-12,1,13,0.092,3.0
0.965,-1,-13,1,14,0.092,3.0
0.965,0,-13,1,14,0.092,3.0
0.965,0,-13,1,14,0.092,3.0
0.966,0,-13,1,14,0.092,3.0
0.966,0,-13,1,14,0.092,3.0
0.966,0,-13,1,14,0.092,3.0
0.967,0,-13,1,14,0.092,3.0
0.967,0,-13,1,14,0.092,3.0
0.967,0,-13,1,14,0.092,3.0
0.968,0,-13,1,14,0.092,3.0
0.968,0,-13,1,14,0.091,3.0
0.968,0,-13,1,14,0.091,3.0
0.968,0,-13,1,14,0.091,3.0
0.969,0,-13,1,14,0.091,3.0
0.969,0,-13,1,14,0.091,3.0
0.969,0,-13,1,14,0.091,3.0
0.97,0,-13,1,14,0.091,3.0
0.97,0,-13,1,14,0.091,3.0
0.97,0,-13,1,14,0.091,3.0
0.97,0,-13,1,14,0.091,3.0
0.971,0,-13,1,14,0.091,3.0
0.971,0,-13,1,14,0.091,3.0
0.971,0,-13,1,14,0.091,3.0
0.972,0,-13,1,14,0.091,3.0
0.972,0,-13,1,14,0.091,3.0
0.972,0,-13,1,14,0.09,3.0
0.972,0,-13,1,14,0.09,3.0
0.973,0,-13,1,14,0.09,3.0
0.973,0,-13,1,14,0.09,3.0
0.973,0,-13,1,14,0.09,3.0
0.973,0,-13,1,14,0.09,3.0
0.974,0,-13,1,14,0.09,3.0
0.974,0,-13,1,14,0.09,3.0
0.974,0,-13,1,14,0.09,3.0
0.975,0,-13,1,14,0.09,3.0
0.975,0,-13,1,14,0.09,3.0
0.975,0,-13,1,14,0.09,3.0
0.975,0,-13,1,14,0.09,3.0
0.976,0,-13,1,14,0.09,3.0
0.976,0,-13,1,14,0.09,3.0
0.976,0,-13,1,14,0.09,3.0
0.977,0,-13,1,14,0.089,3.0
0.977,0,-13,1,14,0.089,3.0
0.977,0,-13,1,14,0.089,3.0
0.977,0,-13,1,14,0.089,3.0
0.978,0,-13,1,14,0.089,3.0
0.978,0,-13,1,14,0.089,3.0
0.978,0,-13,1,14,0.089,3.0
0.978,0,-13,1,14,0.089,3.0
0.979,0,-13,1,14,0.089,3.0
0.979,0,-13,1,14,0.089,3.0
0.979,0,-13,1,14,0.089,3.0
0.98,0,-13,1,14,0.089,3.0
0.98,0,-13,1,14,0.089,3.0
0.98,0,-13,1,14,0.089,3.0
0.98,0,-13,1,14,0.089,3.0
0.981,0,-13,1,14,0.089,3.0
0.981,0,-13,1,14,0.088,3.0
0.981,0,-13,1,14,0.088,3.0
0.981,0,-13,1,14,0.088,3.0
0.982,0,-13,1,14,0.088,3.0
0.982,0,-13,1,14,0.088,3.0
0.982,0,-13,1,14,0.088,3.0
0.983,0,-13,1,14,0.088,3.0
0.983,0,-13,1,14,0.088,3.0
0.983,0,-13,1,14,0.088,3.0
0.983,0,-13,1,14,0.088,3.0
0.984,0,-13,1,14,0.088,3.0
0.984,0,-13,1,14,0.088,3.0
0.984,0,-13,1,14,0.088,3.0
0.985,0,-13,1,14,0.088,3.0
0.985,0,-13,1,14,0.088,3.0
0.985,0,-13,1,14,0.088,3.0
0.985,0,-13,1,14,0.087,3.0
0.986,0,-13,1,14,0.087,3.0
0.986,0,-13,1,14,0.087,3.0
0.986,0,-13,1,14,0.087,3.0
0.986,0,-13,1,14,0.087,3.0
0.987,0,-13,1,14,0.087,3.0
0.987,0,-13,1,14,0.087,3.0
0.987,0,-13,1,14,0.087,3.0
0.988,0,-13,1,14,0.087,3.0
0.988,0,-13,1,14,0.087,3.0
0.988,0,-13,1,14,0.087,3.0
0.988,0,-13,1,14,0.087,3.0
0.989,0,-13,1,14,0.087,3.0
0.989,0,-13,1,14,0.087,3.0
0.989,0,-13,1,14,0.087,3.0
0.99,0,-13,1,14,0.087,3.0
0.99,0,-13,1,14,0.087,3.0
0.99,0,-13,1,14,0.086,3.0
0.99,0,-13,1,14,0.086,3.0
0.991,0,-13,1,14,0.086,3.0
0.991,0,-13,1,14,0.086,3.0
0.991,0,-13,1,14,0.086,3.0
0.991,0,-13,1,14,0.086,3.0
0.992,0,-13,1,14,0.086,3.0
0.992,0,-13,1,14,0.086,3.0
0.992,0,-13,1,14,0.086,3.0
0.993,0,-13,1,14,0.086,3.0
0.993,0,-13,1,14,0.086,3.0
0.993,0,-13,1,14,0.086,3.0
0.993,0,-13,1,14,0.086,3.0
0.994,0,-13,1,14,0.086,3.0
0.994,0,-13,1,14,0.086,3.0
0.994,0,-13,1,14,0.086,3.0
0.995,0,-13,1,14,0.085,3.0
0.995,0,-13,1,14,0.085,3.0
0.995,0,-13,1,14,0.085,3.0
0.995,0,-13,1,14,0.085,3.0
0.996,0,-13,1,14,0.085,3.0
0.996,0,-13,1,14,0.085,3.0
0.996,0,-13,1,14,0.085,3.0
0.996,0,-13,1,14,0.085,3.0
0.997,0,-13,1,14,0.085,3.0
0.997,0,-13,1,14,0.085,3.0
0.997,0,-13,1,14,0.085,3.0
0.998,0,-13,1,14,0.085,3.0
0.998,0,-13,1,14,0.085,3.0
0.998,0,-13,1,14,0.085,3.0
0.998,0,-13,1,14,0.085,3.0
0.999,0,-13,1,14,0.085,3.0
0.999,0,-13,1,14,0.085,3.0
0.999,0,-13,1,14,0.084,3.0
1.0,0,-13,1,14,0.084,3.0
1.0,0,-13,1,14,0.084,3.0
1.0,0,-13,1,14,0.084,3.0
1.0,0,-13,1,14,0.084,3.0
1.001,0,-13,1,14,0.084,3.0
1.001,0,-13,1,14,0.084,3.0
1.001,0,-13,1,14,0.084,3.0
1.002,0,-13,1,14,0.084,3.0
1.002,0,-13,1,14,0.084,3.0
1.002,0,-13,1,14,0.084,3.0
1.002,0,-13,1,14,0.084,3.0
1.003,0,-13,1,14,0.084,3.0
1.003,0,-13,1,14,0.084,3.0
1.003,0,-13,1,14,0.084,3.0
1.003,0,-13,1,14,0.084,3.0
1.004,0,-13,1,14,0.084,3.0
1.004,0,-13,1,14,0.083,3.0
1.004,0,-13,1,14,0.083,3.0
1.005,0,-13,1,14,0.083,3.0
1.005,0,-13,1,14,0.083,3.0
1.005,0,-13,1,14,0.083,3.0
1.005,0,-13,1,14,0.083,3.0
1.006,0,-13,1,14,0.083,3.0
1.006,0,-13,1,14,0.083,3.0
1.006,0,-13,1,14,0.083,3.0
1.006,0,-13,1,14,0.083,3.0
1.007,0,-13,1,14,0.083,3.0
1.007,0,-13,1,14,0.083,3.0
1.007,0,-13,1,14,0.083,3.0
1.008,0,-13,1,14,0.083,3.0
1.008,0,-13,1,14,0.083,3.0
1.008,0,-13,1,14,0.083,3.0
1.008,0,-13,1,14,0.083,3.0
1.009,0,-13,1,14,0.082,3.0
1.009,0,-13,1,14,0.082,3.0
1.009,0,-13,1,14,0.082,3.0
1.01,0,-13,1,14,0.082,3.0
1.01,0,-13,1,14,0.082,3.0
1.01,0,-13,1,14,0.082,3.0
1.01,0,-13,1,14,0.082,3.0
1.011,0,-13,1,14,0.082,3.0
1.011,0,-13,1,14,0.082,3.0
1.011,0,-13,1,14,0.082,3.0
1.012,0,-13,1,14,0.082,3.0
1.012,0,-13,1,14,0.082,3.0
1.012,0,-13,1,14,0.082,3.0
1.012,0,-13,1,14,0.082,3.0
1.013,0,-13,1,14,0.082,3.0
1.013,0,-13,1,14,0.082,3.0
1.013,0,-13,1,14,0.082,3.0
1.014,0,-13,1,14,0.082,3.0
1.014,0,-13,1,14,0.081,3.0
1.014,0,-13,1,14,0.081,3.0
1.014,0,-13,1,14,0.081,3.0
1.015,0,-13,1,14,0.081,3.0
1.015,0,-13,1,14,0.081,3.0
1.015,0,-13,1,14,0.081,3.0
1.015,0,-13,1,14,0.081,3.0
1.016,0,-13,1,14,0.081,3.0
1.016,0,-13,1,14,0.081,3.0
1.016,0,-13,1,14,0.081,3.0
1.017,0,-13,1,14,0.081,3.0
1.017,0,-13,1,14,0.081,3.0
1.017,0,-13,1,14,0.081,3.0
1.017,0,-13,1,14,0.081,3.0
1.018,0,-13,1,14,0.081,3.0
1.018,0,-13,1,14,0.081,3.0
1.018,0,-13,1,14,0.081,3.0
1.018,0,-13,1,14,0.081,3.0
1.019,0,-13,1,14,0.08,3.0
1.019,0,-13,1,14,0.08,3.0
1.019,0,-13,1,14,0.08,3.0
1.02,0,-13,1,14,0.08,3.0
1.02,0,-13,1,14,0.08,3.0
1.02,0,-13,1,14,0.08,3.0
1.02,0,-13,1,14,0.08,3.0
1.021,0,-13,1,14,0.08,3.0
1.021,0,-13,1,14,0.08,3.0
1.021,0,-13,1,14,0.08,3.0
1.022,0,-13,1,14,0.08,3.0
1.022,0,-13,1,14,0.08,3.0
1.022,0,-13,1,14,0.08,3.0
1.022,0,-13,1,14,0.08,3.0
1.023,0,-13,1,14,0.08,3.0
1.023,0,-13,1,14,0.08,3.0
1.023,0,-13,1,14,0.08,3.0
1.023,0,-13,1,14,0.079,3.0
1.024,0,-13,1,14,0.079,3.0
1.024,0,-13,1,14,0.079,3.0
1.024,0,-13,1,14,0.079,3.0
1.025,0,-13,1,14,0.079,3.0
1.025,0,-13,1,14,0.079,3.0
1.025,0,-13,1,14,0.079,3.0
1.025,0,-13,1,14,0.079,3.0
1.026,0,-13,1,14,0.079,3.0
1.026,0,-13,1,14,0.079,3.0
1.026,0,-13,1,14,0.079,3.0
1.027,0,-13,1,14,0.079,3.0
1.027,0,-13,1,14,0.079,3.0
1.027,0,-13,1,14,0.079,3.0
1.027,0,-13,1,14,0.079,3.0
1.028,0,-13,1,14,0.079,3.0
1.028,0,-13,1,14,0.079,3.0
1.028,0,-13,1,14,0.079,3.0
1.028,0,-13,1,14,0.078,3.0
1.029,0,-13,1,14,0.078,3.0
1.029,0,-13,1,14,0.078,3.0
1.029,0,-13,1,14,0.078,3.0
1.03,0,-13,1,14,0.078,3.0
1.03,0,-13,1,14,0.078,3.0
1.03,0,-13,1,14,0.078,3.0
1.03,0,-13,1,14,0.078,3.0
1.031,0,-13,1,14,0.078,3.0
1.031,0,-13,1,14,0.078,3.0
1.031,0,-13,1,14,0.078,3.0
1.032,0,-13,1,14,0.078,3.0
1.032,0,-13,1,14,0.078,3.0
1.032,0,-13,1,14,0.078,3.0
1.032,0,-13,1,14,0.078,3.0
1.033,0,-13,1,14,0.078,3.0
1.033,0,-13,1,14,0.078,3.0
1.033,0,-13,1,14,0.078,3.0
1.034,0,-13,1,14,0.078,3.0
1.034,0,-13,1,14,0.077,3.0
1.034,0,-13,1,14,0.077,3.0
1.034,0,-13,1,14,0.077,3.0
1.035,0,-13,1,14,0.077,3.0
1.035,0,-13,1,14,0.077,3.0
1.035,0,-13,1,14,0.077,3.0
1.035,0,-13,1,14,0.077,3.0
1.036,0,-13,1,14,0.077,3.0
1.036,0,-13,1,14,0.077,3.0
1.036,0,-13,1,14,0.077,3.0
1.037,0,-13,1,14,0.077,3.0
1.037,0,-13,1,14,0.077,3.0
1.037,0,-13,1,14,0.077,3.0
1.037,0,-13,1,14,0.077,3.0
1.038,0,-13,1,14,0.077,3.0
1.038,0,-13,1,14,0.077,3.0
1.038,0,-13,1,14,0.077,3.0
1.039,0,-13,1,14,0.077,3.0
1.039,0,-13,1,14,0.076,3.0
1.039,0,-13,1,14,0.076,3.0
1.039,0,-13,1,14,0.076,3.0
1.04,0,-13,1,14,0.076,3.0
1.04,0,-13,1,14,0.076,3.0
1.04,0,-13,1,14,0.076,3.0
1.041,0,-13,1,14,0.076,3.0
1.041,0,-13,1,14,0.076,3.0
1.041,0,-13,1,14,0.076,3.0
1.041,0,-13,1,14,0.076,3.0
1.042,0,-13,1,14,0.076,3.0
1.042,0,-13,1,14,0.076,3.0
1.042,0,-13,1,14,0.076,3.0
1.043,0,-13,1,14,0.076,3.0
1.043,0,-13,1,14,0.076,3.0
1.043,0,-13,1,14,0.076,3.0
1.043,0,-13,1,14,0.076,3.0
1.044,0,-13,1,14,0.076,3.0
1.044,0,-13,1,14,0.076,3.0
1.044,0,-13,1,14,0.075,3.0
1.044,0,-13,1,14,0.075,3.0
1.045,0,-13,1,14,0.075,3.0
1.045,0,-13,1,14,0.075,3.0
1.045,0,-13,1,14,0.075,3.0
1.046,0,-13,1,14,0.075,3.0
1.046,0,-13,1,14,0.075,3.0
1.046,0,-13,1,14,0.075,3.0
1.046,0,-13,1,14,0.075,3.0
1.047,0,-13,1,14,0.075,3.0
1.047,0,-13,1,14,0.075,3.0
1.047,0,-13,1,14,0.075,3.0
1.047,0,-13,1,14,0.075,3.0
1.048,0,-13,1,14,0.075,3.0
1.048,0,-13,1,14,0.075,3.0
1.048,0,-13,1,14,0.075,3.0
1.049,-1,-14,1,15,0.075,3.0
1.049,0,-14,1,15,0.075,3.0
1.049,0,-14,1,15,0.075,3.0
1.049,0,-14,1,15,0.074,3.0
1.05,0,-14,1,15,0.074,3.0
1.05,0,-14,1,15,0.074,3.0
1.05,0,-14,1,15,0.074,3.0
1.051,0,-14,1,15,0.074,3.0
1.051,0,-14,1,15,0.074,3.0
1.051,0,-14,1,15,0.074,3.0
1.051,0,-14,1,15,0.074,3.0
1.052,0,-14,1,15,0.074,3.0
1.052,0,-14,1,15,0.074,3.0
1.052,0,-14,1,15,0.074,3.0
1.052,0,-14,1,15,0.074,3.0
1.053,0,-14,1,15,0.074,3.0
1.053,0,-14,1,15,0.074,3.0
1.053,0,-14,1,15,0.074,3.0
1.054,0,-14,1,15,0.074,3.0
1.054,0,-14,1,15,0.074,3.0
1.054,0,-14,1,15,0.074,3.0
1.055,0,-14,1,15,0.074,3.0
1.055,0,-14,1,15,0.073,3.0
1.055,0,-14,1,15,0.073,3.0
1.055,0,-14,1,15,0.073,3.0
1.056,0,-14,1,15,0.073,3.0
1.056,0,-14,1,15,0.073,3.0
1.056,0,-14,1,15,0.073,3.0
1.056,0,-14,1,15,0.073,3.0
1.057,0,-14,1,15,0.073,3.0
1.057,0,-14,1,15,0.073,3.0
1.057,0,-14,1,15,0.073,3.0
1.058,0,-14,1,15,0.073,3.0
1.058,0,-14,1,15,0.073,3.0
1.058,0,-14,1,15,0.073,3.0
1.058,0,-14,1,15,0.073,3.0
1.059,0,-14,1,15,0.073,3.0
1.059,0,-14,1,15,0.073,3.0
1.059,0,-14,1,15,0.073,3.0
1.06,0,-14,1,15,0.073,3.0
1.06,0,-14,1,15,0.073,3.0
1.06,0,-14,1,15,0.073,3.0
1.06,0,-14,1,15,0.072,3.0
1.061,0,-14,1,15,0.072,3.0
1.061,0,-14,1,15,0.072,3.0
1.061,0,-14,1,15,0.072,3.0
1.061,0,-14,1,15,0.072,3.0
1.062,0,-14,1,15,0.072,3.0
1.062,0,-14,1,15,0.072,3.0
1.062,0,-14,1,15,0.072,3.0
1.063,0,-14,1,15,0.072,3.0
1.063,0,-14,1,15,0.072,3.0
1.063,0,-14,1,15,0.072,3.0
1.063,0,-14,1,15,0.072,3.0
1.064,0,-14,1,15,0.072,3.0
1.064,0,-14,1,15,0.072,3.0
1.064,0,-14,1,15,0.072,3.0
1.064,0,-14,1,15,0.072,3.0
1.065,0,-14,1,15,0.072,3.0
1.065,0,-14,1,15,0.072,3.0
1.065,0,-14,1,15,0.072,3.0
1.066,0,-14,1,15,0.072,3.0
1.066,0,-14,1,15,0.071,3.0
1.066,0,-14,1,15,0.071,3.0
1.067,0,-14,1,15,0.071,3.0
1.067,0,-14,1,15,0.071,3.0
1.067,0,-14,1,15,0.071,3.0
1.067,0,-14,1,15,0.071,3.0
1.068,0,-14,1,15,0.071,3.0
1.068,0,-14,1,15,0.071,3.0
1.068,0,-14,1,15,0.071,3.0
1.068,0,-14,1,15,0.071,3.0
1.069,0,-14,1,15,0.071,3.0
1.069,0,-14,1,15,0.071,3.0
1.069,0,-14,1,15,0.071,3.0
1.07,0,-14,1,15,0.071,3.0
1.07,0,-14,1,15,0.071,3.0
1.07,0,-14,1,15,0.071,3.0
1.07,0,-14,1,15,0.071,3.0
1.071,0,-14,1,15,0.071,3.0
1.071,0,-14,1,15,0.071,3.0
1.071,0,-14,1,15,0.071,3.0
1.071,0,-14,1,15,0.07,3.0
1.072,0,-14,1,15,0.07,3.0
1.072,0,-14,1,15,0.07,3.0
1.072,0,-14,1,15,0.07,3.0
1.073,0,-14,1,15,0.07,3.0
1.073,0,-14,1,15,0.07,3.0
1.073,0,-14,1,15,0.07,3.0
1.073,0,-14,1,15,0.07,3.0
1.074,0,-14,1,15,0.07,3.0
1.074,0,-14,1,15,0.07,3.0
1.074,0,-14,1,15,0.07,3.0
1.075,0,-14,1,15,0.07,3.0
1.075,0,-14,1,15,0.07,3.0
1.075,0,-14,1,15,0.07,3.0
1.075,0,-14,1,15,0.07,3.0
1.076,0,-14,1,15,0.07,3.0
1.076,0,-14,1,15,0.07,3.0
1.076,1,-13,2,15,0.07,3.15
1.077,0,-13,2,15,0.07,3.15
1.077,0,-13,2,15,0.07,3.15
1.077,0,-13,2,15,0.069,3.15
1.077,0,-13,2,15,0.069,3.15
1.078,0,-13,2,15,0.069,3.15
1.078,0,-13,2,15,0.069,3.15
1.078,0,-13,2,15,0.069,3.15
1.078,0,-13,2,15,0.069,3.15
1.079,0,-13,2,15,0.069,3.15
1.079,0,-13,2,15,0.069,3.15
1.079,0,-13,2,15,0.069,3.15
1.08,0,-13,2,15,0.069,3.15
1.08,0,-13,2,15,0.069,3.15
1.08,0,-13,2,15,0.069,3.15
1.08,0,-13,2,15,0.069,3.15
1.081,0,-13,2,15,0.069,3.15
1.081,0,-13,2,15,0.069,3.15
1.081,0,-13,2,15,0.069,3.15
1.082,0,-13,2,15,0.069,3.15
1.082,0,-13,2,15,0.069,3.15
1.082,0,-13,2,15,0.069,3.15
1.082,0,-13,2,15,0.069,3.15
1.083,0,-13,2,15,0.069,3.15
1.083,0,-13,2,15,0.068,3.15
1.083,0,-13,2,15,0.068,3.15
1.083,0,-13,2,15,0.068,3.15
1.084,0,-13,2,15,0.068,3.15
1.084,0,-13,2,15,0.068,3.15
1.084,0,-13,2,15,0.068,3.15
1.085,0,-13,2,15,0.068,3.15
1.085,0,-13,2,15,0.068,3.15
1.085,0,-13,2,15,0.068,3.15
1.085,0,-13,2,15,0.068,3.15
1.086,0,-13,2,15,0.068,3.15
1.086,0,-13,2,15,0.068,3.15
1.086,0,-13,2,15,0.068,3.15
1.087,0,-13,2,15,0.068,3.15
1.087,0,-13,2,15,0.068,3.15
1.087,0,-13,2,15,0.068,3.15
1.087,0,-13,2,15,0.068,3.15
1.088,0,-13,2,15,0.068,3.15
1.088,0,-13,2,15,0.068,3.15
1.088,0,-13,2,15,0.068,3.15
1.089,0,-13,2,15,0.068,3.15
1.089,0,-13,2,15,0.067,3.15
1.089,0,-13,2,15,0.067,3.15
1.089,0,-13,2,15,0.067,3.15
1.09,0,-13,2,15,0.067,3.15
1.09,0,-13,2,15,0.067,3.15
1.09,0,-13,2,15,0.067,3.15
1.091,0,-13,2,15,0.067,3.15
1.091,0,-13,2,15,0.067,3.15
1.091,0,-13,2,15,0.067,3.15
1.091,0,-13,2,15,0.067,3.15
1.092,0,-13,2,15,0.067,3.15
1.092,0,-13,2,15,0.067,3.15
1.092,0,-13,2,15,0.067,3.15
1.092,0,-13,2,15,0.067,3.15
1.093,0,-13,2,15,0.067,3.15
1.093,0,-13,2,15,0.067,3.15
1.093,0,-13,2,15,0.067,3.15
1.094,0,-13,2,15,0.067,3.15
1.094,0,-13,2,15,0.067,3.15
1.094,0,-13,2,15,0.067,3.15
1.094,0,-13,2,15,0.067,3.15
1.095,0,-13,2,15,0.066,3.15
1.095,0,-13,2,15,0.066,3.15
1.095,0,-13,2,15,0.066,3.15
1.095,0,-13,2,15,0.066,3.15
1.096,0,-13,2,15,0.066,3.15
1.096,0,-13,2,15,0.066,3.15
1.096,0,-13,2,15,0.066,3.15
1.097,0,-13,2,15,0.066,3.15
1.097,0,-13,2,15,0.066,3.15
1.097,0,-13,2,15,0.066,3.15
1.097,0,-13,2,15,0.066,3.15
1.098,0,-13,2,15,0.066,3.15
1.098,0,-13,2,15,0.066,3.15
1.098,0,-13,2,15,0.066,3.15
1.099,0,-13,2,15,0.066,3.15
1.099,0,-13,2,15,0.066,3.15
1.099,0,-13,2,15,0.066,3.15
1.099,0,-13,2,15,0.066,3.15
1.1,0,-13,2,15,0.066,3.15
1.1,0,-13,2,15,0.066,3.15
1.1,0,-13,2,15,0.066,3.15
1.101,0,-13,2,15,0.066,3.15
1.101,0,-13,2,15,0.065,3.15
1.101,0,-13,2,15,0.065,3.15
1.101,0,-13,2,15,0.065,3.15
1.102,0,-13,2,15,0.065,3.15
1.102,0,-13,2,15,0.065,3.15
1.102,0,-13,2,15,0.065,3.15
1.102,0,-13,2,15,0.065,3.15
1.103,0,-13,2,15,0.065,3.15
1.103,0,-13,2,15,0.065,3.15
1.103,0,-13,2,15,0.065,3.15
1.104,0,-13,2,15,0.065,3.15
1.104,0,-13,2,15,0.065,3.15
1.104,0,-13,2,15,0.065,3.15
1.104,0,-13,2,15,0.065,3.15
1.105,0,-13,2,15,0.065,3.15
1.105,0,-13,2,15,0.065,3.15
1.105,0,-13,2,15,0.065,3.15
1.106,0,-13,2,15,0.065,3.15
1.106,0,-13,2,15,0.065,3.15
1.106,0,-13,2,15,0.065,3.15
1.106,0,-13,2,15,0.065,3.15
1.107,0,-13,2,15,0.065,3.15
1.107,0,-13,2,15,0.064,3.15
1.107,0,-13,2,15,0.064,3.15
1.108,0,-13,2,15,0.064,3.15
1.108,0,-13,2,15,0.064,3.15
1.108,0,-13,2,15,0.064,3.15
1.109,0,-13,2,15,0.064,3.15
1.109,0,-13,2,15,0.064,3.15
1.109,0,-13,2,15,0.064,3.15
1.109,0,-13,2,15,0.064,3.15
1.11,0,-13,2,15,0.064,3.15
1.11,0,-13,2,15,0.064,3.15
1.11,0,-13,2,15,0.064,3.15
1.111,0,-13,2,15,0.064,3.15
1.111,0,-13,2,15,0.064,3.15
1.111,0,-13,2,15,0.064,3.15
1.111,0,-13,2,15,0.064,3.15
1.112,0,-13,2,15,0.064,3.15
1.112,0,-13,2,15,0.064,3.15
1.112,0,-13,2,15,0.064,3.15
1.113,0,-13,2,15,0.064,3.15
1.113,0,-13,2,15,0.064,3.15
1.113,0,-13,2,15,0.064,3.15
1.113,0,-13,2,15,0.063,3.15
1.114,0,-13,2,15,0.063,3.15
1.114,0,-13,2,15,0.063,3.15
1.114,0,-13,2,15,0.063,3.15
1.114,0,-13,2,15,0.063,3.15
1.115,0,-13,2,15,0.063,3.15
1.115,0,-13,2,15,0.063,3.15
1.115,0,-13,2,15,0.063,3.15
1.116,0,-13,2,15,0.063,3.15
1.116,0,-13,2,15,0.063,3.15
1.116,0,-13,2,15,0.063,3.15
1.116,0,-13,2,15,0.063,3.15
1.117,0,-13,2,15,0.063,3.15
1.117,0,-13,2,15,0.063,3.15
1.117,0,-13,2,15,0.063,3.15
1.117,0,-13,2,15,0.063,3.15
1.118,0,-13,2,15,0.063,3.15
1.118,0,-13,2,15,0.063,3.15
1.118,0,-13,2,15,0.063,3.15
1.119,0,-13,2,15,0.063,3.15
1.119,0,-13,2,15,0.063,3.15
1.119,0,-13,2,15,0.063,3.15
1.119,0,-13,2,15,0.063,3.15
1.12,0,-13,2,15,0.062,3.15
1.12,0,-13,2,15,0.062,3.15
1.12,0,-13,2,15,0.062,3.15
1.121,0,-13,2,15,0.062,3.15
1.121,0,-13,2,15,0.062,3.15
1.121,0,-13,2,15,0.062,3.15
1.121,0,-13,2,15,0.062,3.15
1.122,0,-13,2,15,0.062,3.15
1.122,0,-13,2,15,0.062,3.15
1.122,0,-13,2,15,0.062,3.15
1.122,0,-13,2,15,0.062,3.15
1.123,0,-13,2,15,0.062,3.15
1.123,0,-13,2,15,0.062,3.15
1.123,0,-13,2,15,0.062,3.15
1.124,0,-13,2,15,0.062,3.15
1.124,0,-13,2,15,0.062,3.15
1.124,0,-13,2,15,0.062,3.15
1.124,0,-13,2,15,0.062,3.15
1.125,0,-13,2,15,0.062,3.15
1.125,0,-13,2,15,0.062,3.15
1.125,0,-13,2,15,0.062,3.15
1.126,0,-13,2,15,0.062,3.15
1.126,0,-13,2,15,0.062,3.15
1.126,0,-13,2,15,0.061,3.15
1.126,0,-13,2,15,0.061,3.15
1.127,0,-13,2,15,0.061,3.15
1.127,0,-13,2,15,0.061,3.15
1.127,0,-13,2,15,0.061,3.15
1.128,0,-13,2,15,0.061,3.15
1.128,0,-13,2,15,0.061,3.15
1.128,0,-13,2,15,0.061,3.15
1.128,0,-13,2,15,0.061,3.15
1.129,0,-13,2,15,0.061,3.15
1.129,0,-13,2,15,0.061,3.15
1.129,0,-13,2,15,0.061,3.15
1.129,0,-13,2,15,0.061,3.15
1.13,0,-13,2,15,0.061,3.15
1.13,0,-13,2,15,0.061,3.15
1.13,0,-13,2,15,0.061,3.15
1.131,0,-13,2,15,0.061,3.15
1.131,0,-13,2,15,0.061,3.15
1.131,0,-13,2,15,0.061,3.15
1.131,0,-13,2,15,0.061,3.15
1.132,0,-13,2,15,0.061,3.15
1.132,0,-13,2,15,0.061,3.15
1.132,0,-13,2,15,0.061,3.15
1.133,0,-13,2,15,0.06,3.15
1.133,0,-13,2,15,0.06,3.15
1.133,0,-13,2,15,0.06,3.15
1.133,0,-13,2,15,0.06,3.15
1.134,0,-13,2,15,0.06,3.15
1.134,0,-13,2,15,0.06,3.15
1.134,0,-13,2,15,0.06,3.15
1.135,0,-13,2,15,0.06,3.15
1.135,0,-13,2,15,0.06,3.15
1.135,0,-13,2,15,0.06,3.15
1.135,0,-13,2,15,0.06,3.15
1.136,0,-13,2,15,0.06,3.15
1.136,0,-13,2,15,0.06,3.15
1.136,0,-13,2,15,0.06,3.15
1.136,0,-13,2,15,0.06,3.15
1.137,0,-13,2,15,0.06,3.15
1.137,0,-13,2,15,0.06,3.15
1.137,0,-13,2,15,0.06,3.15
1.138,0,-13,2,15,0.06,3.15
1.138,0,-13,2,15,0.06,3.15
1.138,0,-13,2,15,0.06,3.15
1.138,0,-13,2,15,0.06,3.15
1.139,0,-13,2,15,0.06,3.15
1.139,0,-13,2,15,0.06,3.15
1.139,0,-13,2,15,0.059,3.15
1.14,0,-13,2,15,0.059,3.15
1.14,0,-13,2,15,0.059,3.15
1.14,0,-13,2,15,0.059,3.15
1.14,0,-13,2,15,0.059,3.15
1.141,0,-13,2,15,0.059,3.15
1.141,0,-13,2,15,0.059,3.15
1.141,0,-13,2,15,0.059,3.15
1.141,0,-13,2,15,0.059,3.15
1.142,0,-13,2,15,0.059,3.15
1.142,0,-13,2,15,0.059,3.15
1.142,0,-13,2,15,0.059,3.15
1.143,0,-13,2,15,0.059,3.15
1.143,0,-13,2,15,0.059,3.15
1.143,0,-13,2,15,0.059,3.15
1.143,0,-13,2,15,0.059,3.15
1.144,0,-13,2,15,0.059,3.15
1.144,0,-13,2,15,0.059,3.15
1.144,0,-13,2,15,0.059,3.15
1.145,0,-13,2,15,0.059,3.15
1.145,0,-13,2,15,0.059,3.15
1.145,0,-13,2,15,0.059,3.15
1.145,0,-13,2,15,0.059,3.15
1.146,0,-13,2,15,0.059,3.15
1.146,0,-13,2,15,0.058,3.15
1.146,0,-13,2,15,0.058,3.15
1.146,0,-13,2,15,0.058,3.15
1.147,0,-13,2,15,0.058,3.15
1.147,0,-13,2,15,0.058,3.15
1.147,0,-13,2,15,0.058,3.15
1.148,0,-13,2,15,0.058,3.15
1.148,0,-13,2,15,0.058,3.15
1.148,0,-13,2,15,0.058,3.15
1.148,0,-13,2,15,0.058,3.15
1.149,0,-13,2,15,0.058,3.15
1.149,0,-13,2,15,0.058,3.15
1.149,0,-13,2,15,0.058,3.15
1.149,0,-13,2,15,0.058,3.15
1.15,0,-13,2,15,0.058,3.15
1.15,0,-13,2,15,0.058,3.15
1.15,0,-13,2,15,0.058,3.15
1.151,0,-13,2,15,0.058,3.15
1.151,0,-13,2,15,0.058,3.15
1.151,0,-13,2,15,0.058,3.15
1.151,0,-13,2,15,0.058,3.15
1.152,0,-13,2,15,0.058,3.15
1.152,0,-13,2,15,0.058,3.15
1.152,0,-13,2,15,0.058,3.15
1.153,0,-13,2,15,0.058,3.15
1.153,0,-13,2,15,0.057,3.15
1.153,0,-13,2,15,0.057,3.15
1.153,0,-13,2,15,0.057,3.15
1.154,0,-13,2,15,0.057,3.15
1.154,0,-13,2,15,0.057,3.15
1.154,0,-13,2,15,0.057,3.15
1.154,0,-13,2,15,0.057,3.15
1.155,0,-13,2,15,0.057,3.15
1.155,0,-13,2,15,0.057,3.15
1.155,0,-13,2,15,0.057,3.15
1.156,0,-13,2,15,0.057,3.15
1.156,0,-13,2,15,0.057,3.15
1.156,0,-13,2,15,0.057,3.15
1.156,0,-13,2,15,0.057,3.15
1.157,0,-13,2,15,0.057,3.15
1.157,0,-13,2,15,0.057,3.15
1.157,0,-13,2,15,0.057,3.15
1.158,0,-13,2,15,0.057,3.15
1.158,0,-13,2,15,0.057,3.15
1.158,0,-13,2,15,0.057,3.15
1.158,0,-13,2,15,0.057,3.15
1.159,0,-13,2,15,0.057,3.15
1.159,0,-13,2,15,0.057,3.15
1.159,0,-13,2,15,0.057,3.15
1.16,0,-13,2,15,0.057,3.15
1.16,0,-13,2,15,0.056,3.15
1.16,0,-13,2,15,0.056,3.15
1.16,0,-13,2,15,0.056,3.15
1.161,0,-13,2,15,0.056,3.15
1.161,0,-13,2,15,0.056,3.15
1.161,0,-13,2,15,0.056,3.15
1.161,0,-13,2,15,0.056,3.15
1.162,0,-13,2,15,0.056,3.15
1.162,0,-13,2,15,0.056,3.15
1.162,0,-13,2,15,0.056,3.15
1.163,0,-13,2,15,0.056,3.15
1.163,0,-13,2,15,0.056,3.15
1.163,0,-13,2,15,0.056,3.15
1.163,0,-13,2,15,0.056,3.15
1.164,0,-13,2,15,0.056,3.15
1.164,0,-13,2,15,0.056,3.15
1.164,0,-13,2,15,0.056,3.15
1.164,0,-13,2,15,0.056,3.15
1.165,0,-13,2,15,0.056,3.15
1.165,0,-13,2,15,0.056,3.15
1.165,0,-13,2,15,0.056,3.15
1.166,0,-13,2,15,0.056,3.15
1.166,0,-13,2,15,0.056,3.15
1.166,0,-13,2,15,0.056,3.15
1.166,0,-13,2,15,0.056,3.15
1.167,0,-13,2,15,0.056,3.15
1.167,0,-13,2,15,0.055,3.15
1.167,0,-13,2,15,0.055,3.15
1.168,0,-13,2,15,0.055,3.15
1.168,0,-13,2,15,0.055,3.15
1.168,0,-13,2,15,0.055,3.15
1.168,0,-13,2,15,0.055,3.15
1.169,0,-13,2,15,0.055,3.15
1.169,0,-13,2,15,0.055,3.15
1.169,0,-13,2,15,0.055,3.15
1.17,0,-13,2,15,0.055,3.15
1.17,0,-13,2,15,0.055,3.15
1.17,0,-13,2,15,0.055,3.15
1.17,0,-13,2,15,0.055,3.15
1.171,0,-13,2,15,0.055,3.15
1.171,0,-13,2,15,0.055,3.15
1.171,0,-13,2,15,0.055,3.15
1.171,0,-13,2,15,0.055,3.15
1.172,0,-13,2,15,0.055,3.15
1.172,0,-13,2,15,0.055,3.15
1.172,0,-13,2,15,0.055,3.15
1.173,0,-13,2,15,0.055,3.15
1.173,0,-13,2,15,0.055,3.15
1.173,0,-13,2,15,0.055,3.15
1.173,0,-13,2,15,0.055,3.15
1.174,0,-13,2,15,0.055,3.15
1.174,0,-13,2,15,0.055,3.15
1.174,0,-13,2,15,0.054,3.15
1.174,0,-13,2,15,0.054,3.15
1.175,0,-13,2,15,0.054,3.15
1.175,0,-13,2,15,0.054,3.15
1.175,0,-13,2,15,0.054,3.15
1.176,0,-13,2,15,0.054,3.15
1.176,0,-13,2,15,0.054,3.15
1.176,0,-13,2,15,0.054,3.15
1.176,0,-13,2,15,0.054,3.15
1.177,0,-13,2,15,0.054,3.15
1.177,0,-13,2,15,0.054,3.15
1.177,0,-13,2,15,0.054,3.15
1.177,0,-13,2,15,0.054,3.15
1.178,0,-13,2,15,0.054,3.15
1.178,0,-13,2,15,0.054,3.15
1.178,0,-13,2,15,0.054,3.15
1.179,0,-13,2,15,0.054,3.15
1.179,0,-13,2,15,0.054,3.15
1.179,0,-13,2,15,0.054,3.15
1.179,0,-13,2,15,0.054,3.15
1.18,0,-13,2,15,0.054,3.15
1.18,0,-13,2,15,0.054,3.15
1.18,0,-13,2,15,0.054,3.15
1.18,0,-13,2,15,0.054,3.15
1.181,0,-13,2,15,0.054,3.15
1.181,0,-13,2,15,0.054,3.15
1.181,0,-13,2,15,0.053,3.15
1.182,0,-13,2,15,0.053,3.15
1.182,0,-13,2,15,0.053,3.15
1.182,0,-13,2,15,0.053,3.15
1.182,0,-13,2,15,0.053,3.15
1.183,0,-13,2,15,0.053,3.15
1.183,0,-13,2,15,0.053,3.15
1.183,0,-13,2,15,0.053,3.15
1.184,0,-13,2,15,0.053,3.15
1.184,0,-13,2,15,0.053,3.15
1.184,0,-13,2,15,0.053,3.15
1.184,0,-13,2,15,0.053,3.15
1.185,0,-13,2,15,0.053,3.15
1.185,0,-13,2,15,0.053,3.15
1.185,0,-13,2,15,0.053,3.15
1.186,0,-13,2,15,0.053,3.15
1.186,0,-13,2,15,0.053,3.15
1.186,0,-13,2,15,0.053,3.15
1.186,0,-13,2,15,0.053,3.15
1.187,0,-13,2,15,0.053,3.15
1.187,0,-13,2,15,0.053,3.15
1.187,0,-13,2,15,0.053,3.15
1.187,-1,-14,2,16,0.053,3.0
1.188,0,-14,2,16,0.053,3.0
1.188,0,-14,2,16,0.053,3.0
1.188,0,-14,2,16,0.053,3.0
1.189,0,-14,2,16,0.053,3.0
1.189,0,-14,2,16,0.052,3.0
1.189,0,-14,2,16,0.052,3.0
1.189,0,-14,2,16,0.052,3.0
1.19,0,-14,2,16,0.052,3.0
1.19,0,-14,2,16,0.052,3.0
1.19,0,-14,2,16,0.052,3.0
1.191,0,-14,2,16,0.052,3.0
1.191,0,-14,2,16,0.052,3.0
1.191,0,-14,2,16,0.052,3.0
1.191,0,-14,2,16,0.052,3.0
1.192,0,-14,2,16,0.052,3.0
1.192,0,-14,2,16,0.052,3.0
1.192,0,-14,2,16,0.052,3.0
1.192,0,-14,2,16,0.052,3.0
1.193,0,-14,2,16,0.052,3.0
1.193,0,-14,2,16,0.052,3.0
1.193,0,-14,2,16,0.052,3.0
1.194,0,-14,2,16,0.052,3.0
1.194,0,-14,2,16,0.052,3.0
1.194,0,-14,2,16,0.052,3.0
1.194,0,-14,2,16,0.052,3.0
1.195,0,-14,2,16,0.052,3.0
1.195,0,-14,2,16,0.052,3.0
1.195,0,-14,2,16,0.052,3.0
1.196,0,-14,2,16,0.052,3.0
1.196,0,-14,2,16,0.052,3.0
1.196,0,-14,2,16,0.052,3.0
1.196,0,-14,2,16,0.051,3.0
1.197,0,-14,2,16,0.051,3.0
1.197,0,-14,2,16,0.051,3.0
1.197,0,-14,2,16,0.051,3.0
1.198,0,-14,2,16,0.051,3.0
1.198,0,-14,2,16,0.051,3.0
1.198,0,-14,2,16,0.051,3.0
1.198,0,-14,2,16,0.051,3.0
1.199,0,-14,2,16,0.051,3.0
1.199,0,-14,2,16,0.051,3.0
1.199,0,-14,2,16,0.051,3.0
1.199,0,-14,2,16,0.051,3.0
1.2,0,-14,2,16,0.051,3.0
1.2,0,-14,2,16,0.051,3.0
1.2,0,-14,2,16,0.051,3.0
1.201,0,-14,2,16,0.051,3.0
1.201,0,-14,2,16,0.051,3.0
1.201,0,-14,2,16,0.051,3.0
1.201,0,-14,2,16,0.051,3.0
1.202,0,-14,2,16,0.051,3.0
1.202,0,-14,2,16,0.051,3.0
1.202,0,-14,2,16,0.051,3.0
1.203,0,-14,2,16,0.051,3.0
1.203,0,-14,2,16,0.051,3.0
1.203,0,-14,2,16,0.051,3.0
1.203,0,-14,2,16,0.051,3.0
1.204,0,-14,2,16,0.051,3.0
1.204,0,-14,2,16,0.051,3.0
1.204,0,-14,2,16,0.05,3.0
1.205,0,-14,2,16,0.05,3.0
1.205,0,-14,2,16,0.05,3.0
1.205,0,-14,2,16,0.05,3.0
1.205,0,-14,2,16,0.05,3.0
1.206,0,-14,2,16,0.05,3.0
1.206,0,-14,2,16,0.05,3.0
1.206,0,-14,2,16,0.05,3.0
1.206,0,-14,2,16,0.05,3.0
1.207,0,-14,2,16,0.05,3.0
1.207,0,-14,2,16,0.05,3.0
1.207,0,-14,2,16,0.05,3.0
1.208,0,-14,2,16,0.05,3.0
1.208,0,-14,2,16,0.05,3.0
1.208,0,-14,2,16,0.05,3.0
1.208,0,-14,2,16,0.05,3.0
1.209,0,-14,2,16,0.05,3.0
1.209,0,-14,2,16,0.05,3.0
1.209,0,-14,2,16,0.05,3.0
1.21,0,-14,2,16,0.05,3.0
1.21,0,-14,2,16,0.05,3.0
1.21,0,-14,2,16,0.05,3.0
1.21,0,-14,2,16,0.05,3.0
1.211,0,-14,2,16,0.05,3.0
1.211,0,-14,2,16,0.05,3.0
1.211,0,-14,2,16,0.05,3.0
1.212,0,-14,2,16,0.05,3.0
1.212,0,-14,2,16,0.05,3.0
1.212,0,-14,2,16,0.05,3.0
1.212,0,-14,2,16,0.05,3.0
1.213,0,-14,2,16,0.05,3.0
1.213,0,-14,2,16,0.05,3.0
1.213,0,-14,2,16,0.05,3.0
1.214,0,-14,2,16,0.05,3.0
1.214,0,-14,2,16,0.05,3.0
1.214,0,-14,2,16,0.05,3.0
1.214,0,-14,2,16,0.05,3.0
1.215,0,-14,2,16,0.05,3.0
1.215,0,-14,2,16,0.05,3.0
1.215,1,-13,3,16,0.05,3.15
1.215,0,-13,3,16,0.05,3.15
1.216,0,-13,3,16,0.05,3.15
1.216,0,-13,3,16,0.05,3.15
1.216,0,-13,3,16,0.05,3.15
1.217,0,-13,3,16,0.05,3.15
1.217,0,-13,3,16,0.05,3.15
1.217,0,-13,3,16,0.05,3.15
1.217,0,-13,3,16,0.05,3.15
1.218,0,-13,3,16,0.05,3.15
1.218,0,-13,3,16,0.05,3.15
1.218,0,-13,3,16,0.05,3.15
1.218,0,-13,3,16,0.05,3.15
1.219,0,-13,3,16,0.05,3.15
1.219,0,-13,3,16,0.05,3.15
1.219,0,-13,3,16,0.05,3.15
1.22,0,-13,3,16,0.05,3.15
1.22,0,-13,3,16,0.05,3.15
1.22,0,-13,3,16,0.05,3.15
1.22,0,-13,3,16,0.05,3.15
1.221,0,-13,3,16,0.05,3.15
1.221,0,-13,3,16,0.05,3.15
1.221,0,-13,3,16,0.05,3.15
1.222,0,-13,3,16,0.05,3.15
1.222,0,-13,3,16,0.05,3.15
1.222,0,-13,3,16,0.05,3.15
1.222,0,-13,3,16,0.05,3.15
1.223,0,-13,3,16,0.05,3.15
1.223,0,-13,3,16,0.05,3.15
1.223,0,-13,3,16,0.05,3.15
1.224,0,-13,3,16,0.05,3.15
1.224,0,-13,3,16,0.05,3.15
1.224,0,-13,3,16,0.05,3.15
1.224,0,-13,3,16,0.05,3.15
1.225,0,-13,3,16,0.05,3.15
1.225,0,-13,3,16,0.05,3.15
1.225,0,-13,3,16,0.05,3.15
1.225,0,-13,3,16,0.05,3.15
1.226,0,-13,3,16,0.05,3.15
1.226,0,-13,3,16,0.05,3.15
1.226,0,-13,3,16,0.05,3.15
1.227,0,-13,3,16,0.05,3.15
1.227,0,-13,3,16,0.05,3.15
1.227,0,-13,3,16,0.05,3.15
1.227,0,-13,3,16,0.05,3.15
1.228,0,-13,3,16,0.05,3.15
1.228,0,-13,3,16,0.05,3.15
1.228,0,-13,3,16,0.05,3.15
1.228,0,-13,3,16,0.05,3.15
1.229,0,-13,3,16,0.05,3.15
1.229,0,-13,3,16,0.05,3.15
1.229,0,-13,3,16,0.05,3.15
1.23,0,-13,3,16,0.05,3.15
1.23,0,-13,3,16,0.05,3.15
1.23,0,-13,3,16,0.05,3.15
1.23,0,-13,3,16,0.05,3.15
1.231,0,-13,3,16,0.05,3.15
1.231,0,-13,3,16,0.05,3.15
1.231,0,-13,3,16,0.05,3.15
1.232,0,-13,3,16,0.05,3.15
1.232,0,-13,3,16,0.05,3.15
1.232,0,-13,3,16,0.05,3.15
1.232,0,-13,3,16,0.05,3.15
1.233,0,-13,3,16,0.05,3.15
1.233,0,-13,3,16,0.05,3.15
1.233,0,-13,3,16,0.05,3.15
1.234,0,-13,3,16,0.05,3.15
1.234,0,-13,3,16,0.05,3.15
1.234,0,-13,3,16,0.05,3.15
1.234,0,-13,3,16,0.05,3.15
1.235,0,-13,3,16,0.05,3.15
1.235,0,-13,3,16,0.05,3.15
1.235,0,-13,3,16,0.05,3.15
1.236,0,-13,3,16,0.05,3.15
1.236,0,-13,3,16,0.05,3.15
1.236,0,-13,3,16,0.05,3.15
1.236,0,-13,3,16,0.05,3.15
1.237,0,-13,3,16,0.05,3.15
1.237,0,-13,3,16,0.05,3.15
1.237,0,-13,3,16,0.05,3.15
1.237,0,-13,3,16,0.05,3.15
1.238,0,-13,3,16,0.05,3.15
1.238,0,-13,3,16,0.05,3.15
1.238,0,-13,3,16,0.05,3.15
1.239,0,-13,3,16,0.05,3.15
1.239,0,-13,3,16,0.05,3.15
1.239,0,-13,3,16,0.05,3.15
1.239,0,-13,3,16,0.05,3.15
1.24,0,-13,3,16,0.05,3.15
1.24,0,-13,3,16,0.05,3.15
1.24,0,-13,3,16,0.05,3.15
1.24,0,-13,3,16,0.05,3.15
1.241,0,-13,3,16,0.05,3.15
1.241,0,-13,3,16,0.05,3.15
1.241,0,-13,3,16,0.05,3.15
1.242,0,-13,3,16,0.05,3.15
1.242,0,-13,3,16,0.05,3.15
1.242,0,-13,3,16,0.05,3.15
1.242,0,-13,3,16,0.05,3.15
1.243,0,-13,3,16,0.05,3.15
1.243,0,-13,3,16,0.05,3.15
1.243,0,-13,3,16,0.05,3.15
1.244,0,-13,3,16,0.05,3.15
1.244,0,-13,3,16,0.05,3.15
1.244,0,-13,3,16,0.05,3.15
1.244,0,-13,3,16,0.05,3.15
1.245,0,-13,3,16,0.05,3.15
1.245,0,-13,3,16,0.05,3.15
1.245,0,-13,3,16,0.05,3.15
1.246,0,-13,3,16,0.05,3.15
1.246,0,-13,3,16,0.05,3.15
1.246,0,-13,3,16,0.05,3.15
1.247,0,-13,3,16,0.05,3.15
1.247,0,-13,3,16,0.05,3.15
1.247,0,-13,3,16,0.05,3.15
1.247,0,-13,3,16,0.05,3.15
1.248,0,-13,3,16,0.05,3.15
1.248,0,-13,3,16,0.05,3.15
1.248,0,-13,3,16,0.05,3.15
1.248,0,-13,3,16,0.05,3.15
1.249,0,-13,3,16,0.05,3.15
1.249,0,-13,3,16,0.05,3.15
1.249,0,-13,3,16,0.05,3.15
1.25,0,-13,3,16,0.05,3.15
1.25,0,-13,3,16,0.05,3.15
1.25,0,-13,3,16,0.05,3.15
1.25,0,-13,3,16,0.05,3.15
1.251,0,-13,3,16,0.05,3.15
1.251,0,-13,3,16,0.05,3.15
1.251,0,-13,3,16,0.05,3.15
1.252,0,-13,3,16,0.05,3.15
1.252,0,-13,3,16,0.05,3.15
1.252,0,-13,3,16,0.05,3.15
1.252,0,-13,3,16,0.05,3.15
1.253,0,-13,3,16,0.05,3.15
1.253,0,-13,3,16,0.05,3.15
1.253,0,-13,3,16,0.05,3.15
1.253,0,-13,3,16,0.05,3.15
1.254,0,-13,3,16,0.05,3.15
1.254,0,-13,3,16,0.05,3.15
1.254,0,-13,3,16,0.05,3.15
1.255,0,-13,3,16,0.05,3.15
1.255,0,-13,3,16,0.05,3.15
1.255,0,-13,3,16,0.05,3.15
1.255,0,-13,3,16,0.05,3.15
1.256,0,-13,3,16,0.05,3.15
1.256,0,-13,3,16,0.05,3.15
1.256,0,-13,3,16,0.05,3.15
1.256,0,-13,3,16,0.05,3.15
1.257,0,-13,3,16,0.05,3.15
1.257,0,-13,3,16,0.05,3.15
1.257,0,-13,3,16,0.05,3.15
1.258,0,-13,3,16,0.05,3.15
1.258,0,-13,3,16,0.05,3.15
1.258,0,-13,3,16,0.05,3.15
1.258,0,-13,3,16,0.05,3.15
1.259,0,-13,3,16,0.05,3.15
1.259,0,-13,3,16,0.05,3.15
1.259,0,-13,3,16,0.05,3.15
1.26,0,-13,3,16,0.05,3.15
1.26,0,-13,3,16,0.05,3.15
1.26,0,-13,3,16,0.05,3.15
1.26,0,-13,3,16,0.05,3.15
1.261,0,-13,3,16,0.05,3.15
1.261,0,-13,3,16,0.05,3.15
1.261,0,-13,3,16,0.05,3.15
1.261,0,-13,3,16,0.05,3.15
1.262,0,-13,3,16,0.05,3.15
1.262,0,-13,3,16,0.05,3.15
1.262,0,-13,3,16,0.05,3.15
1.262,0,-13,3,16,0.05,3.15
1.263,0,-13,3,16,0.05,3.15
1.263,0,-13,3,16,0.05,3.15
1.263,0,-13,3,16,0.05,3.15
1.264,0,-13,3,16,0.05,3.15
1.264,0,-13,3,16,0.05,3.15
1.264,0,-13,3,16,0.05,3.15
1.264,0,-13,3,16,0.05,3.15
1.265,0,-13,3,16,0.05,3.15
1.265,0,-13,3,16,0.05,3.15
1.265,0,-13,3,16,0.05,3.15
1.266,0,-13,3,16,0.05,3.15
1.266,0,-13,3,16,0.05,3.15
1.266,0,-13,3,16,0.05,3.15
1.266,0,-13,3,16,0.05,3.15
1.267,0,-13,3,16,0.05,3.15
1.267,0,-13,3,16,0.05,3.15
1.267,0,-13,3,16,0.05,3.15
1.268,0,-13,3,16,0.05,3.15
1.268,0,-13,3,16,0.05,3.15
1.268,0,-13,3,16,0.05,3.15
1.268,0,-13,3,16,0.05,3.15
1.269,0,-13,3,16,0.05,3.15
1.269,0,-13,3,16,0.05,3.15
1.269,0,-13,3,16,0.05,3.15
1.269,0,-13,3,16,0.05,3.15
1.27,0,-13,3,16,0.05,3.15
1.27,0,-13,3,16,0.05,3.15
1.27,0,-13,3,16,0.05,3.15
1.271,0,-13,3,16,0.05,3.15
1.271,0,-13,3,16,0.05,3.15
1.271,0,-13,3,16,0.05,3.15
1.271,0,-13,3,16,0.05,3.15
1.272,0,-13,3,16,0.05,3.15
1.272,0,-13,3,16,0.05,3.15
1.272,0,-13,3,16,0.05,3.15
1.272,0,-13,3,16,0.05,3.15
1.273,0,-13,3,16,0.05,3.15
1.273,0,-13,3,16,0.05,3.15
1.273,0,-13,3,16,0.05,3.15
1.274,0,-13,3,16,0.05,3.15
1.274,0,-13,3,16,0.05,3.15
1.274,0,-13,3,16,0.05,3.15
1.274,0,-13,3,16,0.05,3.15
1.275,0,-13,3,16,0.05,3.15
1.275,0,-13,3,16,0.05,3.15
1.275,0,-13,3,16,0.05,3.15
1.276,0,-13,3,16,0.05,3.15
1.276,0,-13,3,16,0.05,3.15
1.276,0,-13,3,16,0.05,3.15
1.276,0,-13,3,16,0.05,3.15
1.277,0,-13,3,16,0.05,3.15
1.277,0,-13,3,16,0.05,3.15
1.277,0,-13,3,16,0.05,3.15
1.277,0,-13,3,16,0.05,3.15
1.278,0,-13,3,16,0.05,3.15
1.278,0,-13,3,16,0.05,3.15
1.278,0,-13,3,16,0.05,3.15
1.279,0,-13,3,16,0.05,3.15
1.279,0,-13,3,16,0.05,3.15
1.279,0,-13,3,16,0.05,3.15
1.279,0,-13,3,16,0.05,3.15
1.28,0,-13,3,16,0.05,3.15
1.28,0,-13,3,16,0.05,3.15
1.28,0,-13,3,16,0.05,3.15
1.281,0,-13,3,16,0.05,3.15
1.281,0,-13,3,16,0.05,3.15
1.281,0,-13,3,16,0.05,3.15
1.281,0,-13,3,16,0.05,3.15
1.282,0,-13,3,16,0.05,3.15
1.282,0,-13,3,16,0.05,3.15
1.282,0,-13,3,16,0.05,3.15
1.282,0,-13,3,16,0.05,3.15
1.283,0,-13,3,16,0.05,3.15
1.283,0,-13,3,16,0.05,3.15
1.283,0,-13,3,16,0.05,3.15
1.284,0,-13,3,16,0.05,3.15
1.284,0,-13,3,16,0.05,3.15
1.284,0,-13,3,16,0.05,3.15
1.284,0,-13,3,16,0.05,3.15
1.285,0,-13,3,16,0.05,3.15
1.285,0,-13,3,16,0.05,3.15
1.285,0,-13,3,16,0.05,3.15
1.286,0,-13,3,16,0.05,3.15
1.286,0,-13,3,16,0.05,3.15
1.286,0,-13,3,16,0.05,3.15
1.286,0,-13,3,16,0.05,3.15
1.287,0,-13,3,16,0.05,3.15
1.287,0,-13,3,16,0.05,3.15
1.287,0,-13,3,16,0.05,3.15
1.288,0,-13,3,16,0.05,3.15
1.288,0,-13,3,16,0.05,3.15
1.288,0,-13,3,16,0.05,3.15
1.288,0,-13,3,16,0.05,3.15
1.289,0,-13,3,16,0.05,3.15
1.289,0,-13,3,16,0.05,3.15
1.289,0,-13,3,16,0.05,3.15
1.289,0,-13,3,16,0.05,3.15
1.29,0,-13,3,16,0.05,3.15
1.29,0,-13,3,16,0.05,3.15
1.29,0,-13,3,16,0.05,3.15
1.291,0,-13,3,16,0.05,3.15
1.291,0,-13,3,16,0.05,3.15
1.291,0,-13,3,16,0.05,3.15
1.291,0,-13,3,16,0.05,3.15
1.292,0,-13,3,16,0.05,3.15
1.292,0,-13,3,16,0.05,3.15
1.292,0,-13,3,16,0.05,3.15
1.293,0,-13,3,16,0.05,3.15
1.293,0,-13,3,16,0.05,3.15
1.293,0,-13,3,16,0.05,3.15
1.293,0,-13,3,16,0.05,3.15
1.294,0,-13,3,16,0.05,3.15
1.294,0,-13,3,16,0.05,3.15
1.294,0,-13,3,16,0.05,3.15
1.294,0,-13,3,16,0.05,3.15
1.295,0,-13,3,16,0.05,3.15
1.295,0,-13,3,16,0.05,3.15
1.295,0,-13,3,16,0.05,3.15
1.296,0,-13,3,16,0.05,3.15
1.296,0,-13,3,16,0.05,3.15
1.296,0,-13,3,16,0.05,3.15
1.296,0,-13,3,16,0.05,3.15
1.297,0,-13,3,16,0.05,3.15
1.297,0,-13,3,16,0.05,3.15
1.297,0,-13,3,16,0.05,3.15
1.297,0,-13,3,16,0.05,3.15
1.298,0,-13,3,16,0.05,3.15
1.298,0,-13,3,16,0.05,3.15
1.298,0,-13,3,16,0.05,3.15
1.299,0,-13,3,16,0.05,3.15
1.299,0,-13,3,16,0.05,3.15
1.299,0,-13,3,16,0.05,3.15
1.299,0,-13,3,16,0.05,3.15
1.3,0,-13,3,16,0.05,3.15
1.3,0,-13,3,16,0.05,3.15
1.3,0,-13,3,16,0.05,3.15
1.301,0,-13,3,16,0.05,3.15
1.301,0,-13,3,16,0.05,3.15
1.301,0,-13,3,16,0.05,3.15
1.301,0,-13,3,16,0.05,3.15
1.302,0,-13,3,16,0.05,3.15
1.302,0,-13,3,16,0.05,3.15
1.302,0,-13,3,16,0.05,3.15
1.302,0,-13,3,16,0.05,3.15
1.303,0,-13,3,16,0.05,3.15
1.303,0,-13,3,16,0.05,3.15
1.303,0,-13,3,16,0.05,3.15
1.304,0,-13,3,16,0.05,3.15
1.304,0,-13,3,16,0.05,3.15
1.304,0,-13,3,16,0.05,3.15
1.304,0,-13,3,16,0.05,3.15
1.305,0,-13,3,16,0.05,3.15
1.305,0,-13,3,16,0.05,3.15
1.305,0,-13,3,16,0.05,3.15
1.306,0,-13,3,16,0.05,3.15
1.306,0,-13,3,16,0.05,3.15
1.306,0,-13,3,16,0.05,3.15
1.306,0,-13,3,16,0.05,3.15
1.307,0,-13,3,16,0.05,3.15
1.307,0,-13,3,16,0.05,3.15
1.307,0,-13,3,16,0.05,3.15
1.308,0,-13,3,16,0.05,3.15
1.308,0,-13,3,16,0.05,3.15
1.308,0,-13,3,16,0.05,3.15
1.308,0,-13,3,16,0.05,3.15
1.309,0,-13,3,16,0.05,3.15
1.309,0,-13,3,16,0.05,3.15
1.309,0,-13,3,16,0.05,3.15
1.309,0,-13,3,16,0.05,3.15
1.31,0,-13,3,16,0.05,3.15
1.31,0,-13,3,16,0.05,3.15
1.31,0,-13,3,16,0.05,3.15
1.311,0,-13,3,16,0.05,3.15
1.311,0,-13,3,16,0.05,3.15
1.311,0,-13,3,16,0.05,3.15
1.311,0,-13,3,16,0.05,3.15
1.312,0,-13,3,16,0.05,3.15
1.312,0,-13,3,16,0.05,3.15
1.312,0,-13,3,16,0.05,3.15
1.312,0,-13,3,16,0.05,3.15
1.313,0,-13,3,16,0.05,3.15
1.313,0,-13,3,16,0.05,3.15
1.313,0,-13,3,16,0.05,3.15
1.314,0,-13,3,16,0.05,3.15
1.314,0,-13,3,16,0.05,3.15
1.314,0,-13,3,16,0.05,3.15
1.314,0,-13,3,16,0.05,3.15
1.315,0,-13,3,16,0.05,3.15
1.315,0,-13,3,16,0.05,3.15
1.315,0,-13,3,16,0.05,3.15
1.315,0,-13,3,16,0.05,3.15
1.316,0,-13,3,16,0.05,3.15
1.316,0,-13,3,16,0.05,3.15
1.316,0,-13,3,16,0.05,3.15
1.317,0,-13,3,16,0.05,3.15
1.317,0,-13,3,16,0.05,3.15
1.317,0,-13,3,16,0.05,3.15
1.317,0,-13,3,16,0.05,3.15
1.318,0,-13,3,16,0.05,3.15
1.318,0,-13,3,16,0.05,3.15
1.318,0,-13,3,16,0.05,3.15
1.319,0,-13,3,16,0.05,3.15
1.319,0,-13,3,16,0.05,3.15
1.319,0,-13,3,16,0.05,3.15
1.319,0,-13,3,16,0.05,3.15
1.32,0,-13,3,16,0.05,3.15
1.32,0,-13,3,16,0.05,3.15
1.32,0,-13,3,16,0.05,3.15
1.32,0,-13,3,16,0.05,3.15
1.321,0,-13,3,16,0.05,3.15
1.321,0,-13,3,16,0.05,3.15
1.321,0,-13,3,16,0.05,3.15
1.322,0,-13,3,16,0.05,3.15
1.322,0,-13,3,16,0.05,3.15
1.322,0,-13,3,16,0.05,3.15
1.322,0,-13,3,16,0.05,3.15
1.323,0,-13,3,16,0.05,3.15
1.323,0,-13,3,16,0.05,3.15
1.323,0,-13,3,16,0.05,3.15
1.324,0,-13,3,16,0.05,3.15
1.324,0,-13,3,16,0.05,3.15
1.324,0,-13,3,16,0.05,3.15
1.325,0,-13,3,16,0.05,3.15
1.325,0,-13,3,16,0.05,3.15
1.325,0,-13,3,16,0.05,3.15
1.325,0,-13,3,16,0.05,3.15
1.326,0,-13,3,16,0.05,3.15
1.326,0,-13,3,16,0.05,3.15
1.326,-1,-14,3,17,0.05,3.0
1.327,0,-14,3,17,0.05,3.0
1.327,0,-14,3,17,0.05,3.0
1.327,0,-14,3,17,0.05,3.0
1.327,0,-14,3,17,0.05,3.0
1.328,0,-14,3,17,0.05,3.0
1.328,0,-14,3,17,0.05,3.0
1.328,0,-14,3,17,0.05,3.0
1.328,0,-14,3,17,0.05,3.0
1.329,0,-14,3,17,0.05,3.0
1.329,0,-14,3,17,0.05,3.0
1.329,0,-14,3,17,0.05,3.0
1.33,0,-14,3,17,0.05,3.0
1.33,0,-14,3,17,0.05,3.0
1.33,0,-14,3,17,0.05,3.0
1.33,0,-14,3,17,0.05,3.0
1.331,0,-14,3,17,0.05,3.0
1.331,0,-14,3,17,0.05,3.0
1.331,0,-14,3,17,0.05,3.0
1.331,0,-14,3,17,0.05,3.0
1.332,0,-14,3,17,0.05,3.0
1.332,0,-14,3,17,0.05,3.0
1.332,0,-14,3,17,0.05,3.0
1.333,0,-14,3,17,0.05,3.0
1.333,0,-14,3,17,0.05,3.0
1.333,0,-14,3,17,0.05,3.0
1.333,0,-14,3,17,0.05,3.0
1.334,0,-14,3,17,0.05,3.0
1.334,0,-14,3,17,0.05,3.0
1.334,0,-14,3,17,0.05,3.0
1.335,0,-14,3,17,0.05,3.0
1.335,0,-14,3,17,0.05,3.0
1.335,0,-14,3,17,0.05,3.0
1.335,0,-14,3,17,0.05,3.0
1.336,0,-14,3,17,0.05,3.0
1.336,0,-14,3,17,0.05,3.0
1.336,0,-14,3,17,0.05,3.0
1.336,0,-14,3,17,0.05,3.0
1.337,0,-14,3,17,0.05,3.0
1.337,0,-14,3,17,0.05,3.0
1.337,0,-14,3,17,0.05,3.0
1.338,0,-14,3,17,0.05,3.0
1.338,0,-14,3,17,0.05,3.0
1.338,0,-14,3,17,0.05,3.0
1.338,0,-14,3,17,0.05,3.0
1.339,0,-14,3,17,0.05,3.0
1.339,0,-14,3,17,0.05,3.0
1.339,0,-14,3,17,0.05,3.0
1.34,0,-14,3,17,0.05,3.0
1.34,0,-14,3,17,0.05,3.0
1.34,0,-14,3,17,0.05,3.0
1.34,0,-14,3,17,0.05,3.0
1.341,0,-14,3,17,0.05,3.0
1.341,0,-14,3,17,0.05,3.0
1.341,0,-14,3,17,0.05,3.0
1.342,0,-14,3,17,0.05,3.0
1.342,0,-14,3,17,0.05,3.0
1.342,0,-14,3,17,0.05,3.0
1.342,0,-14,3,17,0.05,3.0
1.343,0,-14,3,17,0.05,3.0
1.343,0,-14,3,17,0.05,3.0
1.343,0,-14,3,17,0.05,3.0
1.343,0,-14,3,17,0.05,3.0
1.344,0,-14,3,17,0.05,3.0
1.344,0,-14,3,17,0.05,3.0
1.344,0,-14,3,17,0.05,3.0
1.345,0,-14,3,17,0.05,3.0
1.345,0,-14,3,17,0.05,3.0
1.345,0,-14,3,17,0.05,3.0
1.345,0,-14,3,17,0.05,3.0
1.346,0,-14,3,17,0.05,3.0
1.346,0,-14,3,17,0.05,3.0
1.346,0,-14,3,17,0.05,3.0
1.346,0,-14,3,17,0.05,3.0
1.347,0,-14,3,17,0.05,3.0
1.347,0,-14,3,17,0.05,3.0
1.347,0,-14,3,17,0.05,3.0
1.348,0,-14,3,17,0.05,3.0
1.348,0,-14,3,17,0.05,3.0
1.348,0,-14,3,17,0.05,3.0
1.348,0,-14,3,17,0.05,3.0
1.349,0,-14,3,17,0.05,3.0
1.349,0,-14,3,17,0.05,3.0
1.349,0,-14,3,17,0.05,3.0
1.349,0,-14,3,17,0.05,3.0
1.35,0,-14,3,17,0.05,3.0
1.35,0,-14,3,17,0.05,3.0
1.35,0,-14,3,17,0.05,3.0
1.351,0,-14,3,17,0.05,3.0
1.351,0,-14,3,17,0.05,3.0
1.351,0,-14,3,17,0.05,3.0
1.351,0,-14,3,17,0.05,3.0
1.352,0,-14,3,17,0.05,3.0
1.352,0,-14,3,17,0.05,3.0
1.352,0,-14,3,17,0.05,3.0
1.353,0,-14,3,17,0.05,3.0
1.353,0,-14,3,17,0.05,3.0
1.353,0,-14,3,17,0.05,3.0
1.353,0,-14,3,17,0.05,3.0
1.354,1,-13,4,17,0.05,3.15
1.354,0,-13,4,17,0.05,3.15
1.354,0,-13,4,17,0.05,3.15
1.354,0,-13,4,17,0.05,3.15
1.355,0,-13,4,17,0.05,3.15
1.355,0,-13,4,17,0.05,3.15
1.355,0,-13,4,17,0.05,3.15
1.356,0,-13,4,17,0.05,3.15
1.356,0,-13,4,17,0.05,3.15
1.356,0,-13,4,17,0.05,3.15
1.356,0,-13,4,17,0.05,3.15
1.357,0,-13,4,17,0.05,3.15
1.357,0,-13,4,17,0.05,3.15
1.357,0,-13,4,17,0.05,3.15
1.357,0,-13,4,17,0.05,3.15
1.358,0,-13,4,17,0.05,3.15
1.358,0,-13,4,17,0.05,3.15
1.358,0,-13,4,17,0.05,3.15
1.359,0,-13,4,17,0.05,3.15
1.359,0,-13,4,17,0.05,3.15
1.359,0,-13,4,17,0.05,3.15
1.359,0,-13,4,17,0.05,3.15
1.36,0,-13,4,17,0.05,3.15
1.36,0,-13,4,17,0.05,3.15
1.36,0,-13,4,17,0.05,3.15
1.361,0,-13,4,17,0.05,3.15
1.361,0,-13,4,17,0.05,3.15
1.361,0,-13,4,17,0.05,3.15
1.361,0,-13,4,17,0.05,3.15
1.362,0,-13,4,17,0.05,3.15
1.362,0,-13,4,17,0.05,3.15
1.362,0,-13,4,17,0.05,3.15
1.362,0,-13,4,17,0.05,3.15
1.363,0,-13,4,17,0.05,3.15
1.363,0,-13,4,17,0.05,3.15
1.363,0,-13,4,17,0.05,3.15
1.364,0,-13,4,17,0.05,3.15
1.364,0,-13,4,17,0.05,3.15
1.364,0,-13,4,17,0.05,3.15
1.364,0,-13,4,17,0.05,3.15
1.365,0,-13,4,17,0.05,3.15
1.365,0,-13,4,17,0.05,3.15
1.365,0,-13,4,17,0.05,3.15
1.365,0,-13,4,17,0.05,3.15
1.366,0,-13,4,17,0.05,3.15
1.366,0,-13,4,17,0.05,3.15
1.366,0,-13,4,17,0.05,3.15
1.367,0,-13,4,17,0.05,3.15
1.367,0,-13,4,17,0.05,3.15
1.367,0,-13,4,17,0.05,3.15
1.367,0,-13,4,17,0.05,3.15
1.368,0,-13,4,17,0.05,3.15
1.368,0,-13,4,17,0.05,3.15
1.368,0,-13,4,17,0.05,3.15
1.369,0,-13,4,17,0.05,3.15
1.369,0,-13,4,17,0.05,3.15
1.369,0,-13,4,17,0.05,3.15
1.369,0,-13,4,17,0.05,3.15
1.37,0,-13,4,17,0.05,3.15
1.37,0,-13,4,17,0.05,3.15
1.37,0,-13,4,17,0.05,3.15
1.371,0,-13,4,17,0.05,3.15
1.371,0,-13,4,17,0.05,3.15
1.371,0,-13,4,17,0.05,3.15
1.371,0,-13,4,17,0.05,3.15
1.372,0,-13,4,17,0.05,3.15
1.372,0,-13,4,17,0.05,3.15
1.372,0,-13,4,17,0.05,3.15
1.373,0,-13,4,17,0.05,3.15
1.373,0,-13,4,17,0.05,3.15
1.373,0,-13,4,17,0.05,3.15
1.373,0,-13,4,17,0.05,3.15
1.374,0,-13,4,17,0.05,3.15
1.374,0,-13,4,17,0.05,3.15
1.374,0,-13,4,17,0.05,3.15
1.374,0,-13,4,17,0.05,3.15
1.375,0,-13,4,17,0.05,3.15
1.375,0,-13,4,17,0.05,3.15
1.375,0,-13,4,17,0.05,3.15
1.376,0,-13,4,17,0.05,3.15
1.376,0,-13,4,17,0.05,3.15
1.376,0,-13,4,17,0.05,3.15
1.376,0,-13,4,17,0.05,3.15
1.377,0,-13,4,17,0.05,3.15
1.377,0,-13,4,17,0.05,3.15
1.377,0,-13,4,17,0.05,3.15
1.378,0,-13,4,17,0.05,3.15
1.378,0,-13,4,17,0.05,3.15
1.378,0,-13,4,17,0.05,3.15
1.378,0,-13,4,17,0.05,3.15
1.379,0,-13,4,17,0.05,3.15
1.379,0,-13,4,17,0.05,3.15
1.379,0,-13,4,17,0.05,3.15
1.379,0,-13,4,17,0.05,3.15
1.38,0,-13,4,17,0.05,3.15
1.38,0,-13,4,17,0.05,3.15
1.38,0,-13,4,17,0.05,3.15
1.381,0,-13,4,17,0.05,3.15
1.381,0,-13,4,17,0.05,3.15
1.381,0,-13,4,17,0.05,3.15
1.381,0,-13,4,17,0.05,3.15
1.382,0,-13,4,17,0.05,3.15
1.382,0,-13,4,17,0.05,3.15
1.382,0,-13,4,17,0.05,3.15
1.382,0,-13,4,17,0.05,3.15
1.383,0,-13,4,17,0.05,3.15
1.383,0,-13,4,17,0.05,3.15
1.383,0,-13,4,17,0.05,3.15
1.384,0,-13,4,17,0.05,3.15
1.384,0,-13,4,17,0.05,3.15
1.384,0,-13,4,17,0.05,3.15
1.384,0,-13,4,17,0.05,3.15
1.385,0,-13,4,17,0.05,3.15
1.385,0,-13,4,17,0.05,3.15
1.385,0,-13,4,17,0.05,3.15
1.385,0,-13,4,17,0.05,3.15
1.386,0,-13,4,17,0.05,3.15
1.386,0,-13,4,17,0.05,3.15
1.386,0,-13,4,17,0.05,3.15
1.387,0,-13,4,17,0.05,3.15
1.387,0,-13,4,17,0.05,3.15
1.387,0,-13,4,17,0.05,3.15
1.387,0,-13,4,17,0.05,3.15
1.388,0,-13,4,17,0.05,3.15
1.388,0,-13,4,17,0.05,3.15
1.388,0,-13,4,17,0.05,3.15
1.389,0,-13,4,17,0.05,3.15
1.389,0,-13,4,17,0.05,3.15
1.389,0,-13,4,17,0.05,3.15
1.389,0,-13,4,17,0.05,3.15
1.39,0,-13,4,17,0.05,3.15
1.39,0,-13,4,17,0.05,3.15
1.39,0,-13,4,17,0.05,3.15
1.39,0,-13,4,17,0.05,3.15
1.391,0,-13,4,17,0.05,3.15
1.391,0,-13,4,17,0.05,3.15
1.391,0,-13,4,17,0.05,3.15
1.392,0,-13,4,17,0.05,3.15
1.392,0,-13,4,17,0.05,3.15
1.392,0,-13,4,17,0.05,3.15
1.392,0,-13,4,17,0.05,3.15
1.393,0,-13,4,17,0.05,3.15
1.393,0,-13,4,17,0.05,3.15
1.393,0,-13,4,17,0.05,3.15
1.394,0,-13,4,17,0.05,3.15
1.394,0,-13,4,17,0.05,3.15
1.394,0,-13,4,17,0.05,3.15
1.394,0,-13,4,17,0.05,3.15
1.395,0,-13,4,17,0.05,3.15
1.395,0,-13,4,17,0.05,3.15
1.395,0,-13,4,17,0.05,3.15
1.395,0,-13,4,17,0.05,3.15
1.396,0,-13,4,17,0.05,3.15
1.396,0,-13,4,17,0.05,3.15
1.396,0,-13,4,17,0.05,3.15
1.397,0,-13,4,17,0.05,3.15
1.397,0,-13,4,17,0.05,3.15
1.397,0,-13,4,17,0.05,3.15
1.397,0,-13,4,17,0.05,3.15
1.398,0,-13,4,17,0.05,3.15
1.398,0,-13,4,17,0.05,3.15
1.398,0,-13,4,17,0.05,3.15
1.399,0,-13,4,17,0.05,3.15
1.399,0,-13,4,17,0.05,3.15
1.399,0,-13,4,17,0.05,3.15
1.399,0,-13,4,17,0.05,3.15
1.4,0,-13,4,17,0.05,3.15
1.4,0,-13,4,17,0.05,3.15
1.4,0,-13,4,17,0.05,3.15
1.4,0,-13,4,17,0.05,3.15
1.401,0,-13,4,17,0.05,3.15
1.401,0,-13,4,17,0.05,3.15
1.401,0,-13,4,17,0.05,3.15
1.402,0,-13,4,17,0.05,3.15
1.402,0,-13,4,17,0.05,3.15
1.402,0,-13,4,17,0.05,3.15
1.402,0,-13,4,17,0.05,3.15
1.403,0,-13,4,17,0.05,3.15
1.403,0,-13,4,17,0.05,3.15
1.403,0,-13,4,17,0.05,3.15
1.403,0,-13,4,17,0.05,3.15
1.404,0,-13,4,17,0.05,3.15
1.404,0,-13,4,17,0.05,3.15
1.404,0,-13,4,17,0.05,3.15
1.405,0,-13,4,17,0.05,3.15
1.405,0,-13,4,17,0.05,3.15
1.405,0,-13,4,17,0.05,3.15
1.405,0,-13,4,17,0.05,3.15
1.406,0,-13,4,17,0.05,3.15
1.406,0,-13,4,17,0.05,3.15
1.406,0,-13,4,17,0.05,3.15
1.407,0,-13,4,17,0.05,3.15
1.407,0,-13,4,17,0.05,3.15
1.407,0,-13,4,17,0.05,3.15
1.407,0,-13,4,17,0.05,3.15
1.408,0,-13,4,17,0.05,3.15
1.408,0,-13,4,17,0.05,3.15
1.408,0,-13,4,17,0.05,3.15
1.408,0,-13,4,17,0.05,3.15
1.409,0,-13,4,17,0.05,3.15
1.409,0,-13,4,17,0.05,3.15
1.409,0,-13,4,17,0.05,3.15
1.41,0,-13,4,17,0.05,3.15
1.41,0,-13,4,17,0.05,3.15
1.41,0,-13,4,17,0.05,3.15
1.41,0,-13,4,17,0.05,3.15
1.411,0,-13,4,17,0.05,3.15
1.411,0,-13,4,17,0.05,3.15
1.412,0,-13,4,17,0.05,3.15
1.412,0,-13,4,17,0.05,3.15
1.412,0,-13,4,17,0.05,3.15
1.413,0,-13,4,17,0.05,3.15
1.413,0,-13,4,17,0.05,3.15
1.413,0,-13,4,17,0.05,3.15
1.414,0,-13,4,17,0.05,3.15
1.414,0,-13,4,17,0.05,3.15
1.414,0,-13,4,17,0.05,3.15
1.414,0,-13,4,17,0.05,3.15
1.415,0,-13,4,17,0.05,3.15
1.415,0,-13,4,17,0.05,3.15
1.415,0,-13,4,17,0.05,3.15
1.415,0,-13,4,17,0.05,3.15
1.416,0,-13,4,17,0.05,3.15
1.416,0,-13,4,17,0.05,3.15
1.416,0,-13,4,17,0.05,3.15
1.417,0,-13,4,17,0.05,3.15
1.417,0,-13,4,17,0.05,3.15
1.417,0,-13,4,17,0.05,3.15
1.417,0,-13,4,17,0.05,3.15
1.418,0,-13,4,17,0.05,3.15
1.418,0,-13,4,17,0.05,3.15
1.418,0,-13,4,17,0.05,3.15
1.419,0,-13,4,17,0.05,3.15
1.419,0,-13,4,17,0.05,3.15
1.419,0,-13,4,17,0.05,3.15
1.42,0,-13,4,17,0.05,3.15
1.42,0,-13,4,17,0.05,3.15
1.42,0,-13,4,17,0.05,3.15
1.421,0,-13,4,17,0.05,3.15
1.421,0,-13,4,17,0.05,3.15
1.422,0,-13,4,17,0.05,3.15
1.422,0,-13,4,17,0.05,3.15
1.422,0,-13,4,17,0.05,3.15
1.423,0,-13,4,17,0.05,3.15
1.423,0,-13,4,17,0.05,3.15
1.423,0,-13,4,17,0.05,3.15
1.424,0,-13,4,17,0.05,3.15
1.424,0,-13,4,17,0.05,3.15
1.424,0,-13,4,17,0.05,3.15
1.424,0,-13,4,17,0.05,3.15
1.425,0,-13,4,17,0.05,3.15
1.425,0,-13,4,17,0.05,3.15
1.425,0,-13,4,17,0.05,3.15
1.425,0,-13,4,17,0.05,3.15
1.426,0,-13,4,17,0.05,3.15
1.426,0,-13,4,17,0.05,3.15
1.426,0,-13,4,17,0.05,3.15
1.427,0,-13,4,17,0.05,3.15
1.427,0,-13,4,17,0.05,3.15
1.427,0,-13,4,17,0.05,3.15
1.427,0,-13,4,17,0.05,3.15
1.428,0,-13,4,17,0.05,3.15
1.428,0,-13,4,17,0.05,3.15
1.428,0,-13,4,17,0.05,3.15
1.429,0,-13,4,17,0.05,3.15
1.429,0,-13,4,17,0.05,3.15
1.429,0,-13,4,17,0.05,3.15
1.429,0,-13,4,17,0.05,3.15
1.43,0,-13,4,17,0.05,3.15
1.43,0,-13,4,17,0.05,3.15
1.43,0,-13,4,17,0.05,3.15
1.43,0,-13,4,17,0.05,3.15
1.431,0,-13,4,17,0.05,3.15
1.431,0,-13,4,17,0.05,3.15
1.431,0,-13,4,17,0.05,3.15
1.432,0,-13,4,17,0.05,3.15
1.432,0,-13,4,17,0.05,3.15
1.432,0,-13,4,17,0.05,3.15
1.432,0,-13,4,17,0.05,3.15
1.433,0,-13,4,17,0.05,3.15
1.433,0,-13,4,17,0.05,3.15
1.433,0,-13,4,17,0.05,3.15
1.433,0,-13,4,17,0.05,3.15
1.434,0,-13,4,17,0.05,3.15
1.434,0,-13,4,17,0.05,3.15
1.434,0,-13,4,17,0.05,3.15
1.435,0,-13,4,17,0.05,3.15
1.435,0,-13,4,17,0.05,3.15
1.435,0,-13,4,17,0.05,3.15
1.435,0,-13,4,17,0.05,3.15
1.436,0,-13,4,17,0.05,3.15
1.436,0,-13,4,17,0.05,3.15
1.436,0,-13,4,17,0.05,3.15
1.437,0,-13,4,17,0.05,3.15
1.437,0,-13,4,17,0.05,3.15
1.437,0,-13,4,17,0.05,3.15
1.437,0,-13,4,17,0.05,3.15
1.438,0,-13,4,17,0.05,3.15
1.438,0,-13,4,17,0.05,3.15
1.438,0,-13,4,17,0.05,3.15
1.438,0,-13,4,17,0.05,3.15
1.439,0,-13,4,17,0.05,3.15
1.439,0,-13,4,17,0.05,3.15
1.439,0,-13,4,17,0.05,3.15
1.44,0,-13,4,17,0.05,3.15
1.44,0,-13,4,17,0.05,3.15
1.44,0,-13,4,17,0.05,3.15
1.44,0,-13,4,17,0.05,3.15
1.441,0,-13,4,17,0.05,3.15
1.441,0,-13,4,17,0.05,3.15
1.441,0,-13,4,17,0.05,3.15
1.442,0,-13,4,17,0.05,3.15
1.442,0,-13,4,17,0.05,3.15
1.442,0,-13,4,17,0.05,3.15
1.442,0,-13,4,17,0.05,3.15
1.443,0,-13,4,17,0.05,3.15
1.443,0,-13,4,17,0.05,3.15
1.443,0,-13,4,17,0.05,3.15
1.443,0,-13,4,17,0.05,3.15
1.444,0,-13,4,17,0.05,3.15
1.444,0,-13,4,17,0.05,3.15
1.444,0,-13,4,17,0.05,3.15
1.445,0,-13,4,17,0.05,3.15
1.445,0,-13,4,17,0.05,3.15
1.445,0,-13,4,17,0.05,3.15
1.445,0,-13,4,17,0.05,3.15
1.446,0,-13,4,17,0.05,3.15
1.446,0,-13,4,17,0.05,3.15
1.446,0,-13,4,17,0.05,3.15
1.447,0,-13,4,17,0.05,3.15
1.447,0,-13,4,17,0.05,3.15
1.447,0,-13,4,17,0.05,3.15
1.447,0,-13,4,17,0.05,3.15
1.448,0,-13,4,17,0.05,3.15
1.448,0,-13,4,17,0.05,3.15
1.448,0,-13,4,17,0.05,3.15
1.449,0,-13,4,17,0.05,3.15
1.449,0,-13,4,17,0.05,3.15
1.449,0,-13,4,17,0.05,3.15
1.449,0,-13,4,17,0.05,3.15
1.45,0,-13,4,17,0.05,3.15
1.45,0,-13,4,17,0.05,3.15
1.45,0,-13,4,17,0.05,3.15
1.45,0,-13,4,17,0.05,3.15
1.451,0,-13,4,17,0.05,3.15
1.451,0,-13,4,17,0.05,3.15
1.451,0,-13,4,17,0.05,3.15
1.452,0,-13,4,17,0.05,3.15
1.452,0,-13,4,17,0.05,3.15
1.452,0,-13,4,17,0.05,3.15
1.452,0,-13,4,17,0.05,3.15
1.453,0,-13,4,17,0.05,3.15
1.453,0,-13,4,17,0.05,3.15
1.453,0,-13,4,17,0.05,3.15
1.454,0,-13,4,17,0.05,3.15
1.454,0,-13,4,17,0.05,3.15
1.454,0,-13,4,17,0.05,3.15
1.454,0,-13,4,17,0.05,3.15
1.455,0,-13,4,17,0.05,3.15
1.455,0,-13,4,17,0.05,3.15
1.455,0,-13,4,17,0.05,3.15
1.456,0,-13,4,17,0.05,3.15
1.456,0,-13,4,17,0.05,3.15
1.456,0,-13,4,17,0.05,3.15
1.456,0,-13,4,17,0.05,3.15
1.457,0,-13,4,17,0.05,3.15
1.457,0,-13,4,17,0.05,3.15
1.457,0,-13,4,17,0.05,3.15
1.458,0,-13,4,17,0.05,3.15
1.458,0,-13,4,17,0.05,3.15
1.458,0,-13,4,17,0.05,3.15
1.458,0,-13,4,17,0.05,3.15
1.459,0,-13,4,17,0.05,3.15
1.459,0,-13,4,17,0.05,3.15
1.459,0,-13,4,17,0.05,3.15
1.46,0,-13,4,17,0.05,3.15
1.46,0,-13,4,17,0.05,3.15
1.46,0,-13,4,17,0.05,3.15
1.46,0,-13,4,17,0.05,3.15
1.461,0,-13,4,17,0.05,3.15
1.461,0,-13,4,17,0.05,3.15
1.461,0,-13,4,17,0.05,3.15
1.461,0,-13,4,17,0.05,3.15
1.462,0,-13,4,17,0.05,3.15
1.462,0,-13,4,17,0.05,3.15
1.462,0,-13,4,17,0.05,3.15
1.463,0,-13,4,17,0.05,3.15
1.463,0,-13,4,17,0.05,3.15
1.463,0,-13,4,17,0.05,3.15
1.463,0,-13,4,17,0.05,3.15
1.464,0,-13,4,17,0.05,3.15
1.464,0,-13,4,17,0.05,3.15
1.464,0,-13,4,17,0.05,3.15
1.464,0,-13,4,17,0.05,3.15
1.465,0,-13,4,17,0.05,3.15
1.465,0,-13,4,17,0.05,3.15
1.465,0,-13,4,17,0.05,3.15
1.466,0,-13,4,17,0.05,3.15
1.466,0,-13,4,17,0.05,3.15
1.466,-1,-14,4,18,0.05,3.0
1.466,0,-14,4,18,0.05,3.0
1.467,0,-14,4,18,0.05,3.0
1.467,0,-14,4,18,0.05,3.0
1.467,0,-14,4,18,0.05,3.0
1.468,0,-14,4,18,0.05,3.0
1.468,0,-14,4,18,0.05,3.0
1.468,0,-14,4,18,0.05,3.0
1.468,0,-14,4,18,0.05,3.0
1.469,0,-14,4,18,0.05,3.0
1.469,0,-14,4,18,0.05,3.0
1.469,0,-14,4,18,0.05,3.0
1.469,0,-14,4,18,0.05,3.0
1.47,0,-14,4,18,0.05,3.0
1.47,0,-14,4,18,0.05,3.0
1.47,0,-14,4,18,0.05,3.0
1.471,0,-14,4,18,0.05,3.0
1.471,0,-14,4,18,0.05,3.0
1.471,0,-14,4,18,0.05,3.0
1.471,0,-14,4,18,0.05,3.0
1.472,0,-14,4,18,0.05,3.0
1.472,0,-14,4,18,0.05,3.0
1.472,0,-14,4,18,0.05,3.0
1.473,0,-14,4,18,0.05,3.0
1.473,0,-14,4,18,0.05,3.0
1.473,0,-14,4,18,0.05,3.0
1.473,0,-14,4,18,0.05,3.0
1.474,0,-14,4,18,0.05,3.0
1.474,0,-14,4,18,0.05,3.0
1.474,0,-14,4,18,0.05,3.0
1.475,0,-14,4,18,0.05,3.0
1.475,0,-14,4,18,0.05,3.0
1.475,0,-14,4,18,0.05,3.0
1.475,0,-14,4,18,0.05,3.0
1.476,0,-14,4,18,0.05,3.0
1.476,0,-14,4,18,0.05,3.0
1.476,0,-14,4,18,0.05,3.0
1.476,0,-14,4,18,0.05,3.0
1.477,0,-14,4,18,0.05,3.0
1.477,0,-14,4,18,0.05,3.0
1.477,0,-14,4,18,0.05,3.0
1.478,0,-14,4,18,0.05,3.0
1.478,0,-14,4,18,0.05,3.0
1.478,0,-14,4,18,0.05,3.0
1.479,0,-14,4,18,0.05,3.0
1.479,0,-14,4,18,0.05,3.0
1.479,0,-14,4,18,0.05,3.0
1.479,0,-14,4,18,0.05,3.0
1.48,0,-14,4,18,0.05,3.0
1.48,0,-14,4,18,0.05,3.0
1.48,0,-14,4,18,0.05,3.0
1.481,0,-14,4,18,0.05,3.0
1.481,0,-14,4,18,0.05,3.0
1.481,0,-14,4,18,0.05,3.0
1.481,0,-14,4,18,0.05,3.0
1.482,0,-14,4,18,0.05,3.0
1.482,0,-14,4,18,0.05,3.0
1.482,0,-14,4,18,0.05,3.0
1.482,0,-14,4,18,0.05,3.0
1.483,0,-14,4,18,0.05,3.0
1.483,0,-14,4,18,0.05,3.0
1.483,0,-14,4,18,0.05,3.0
1.484,0,-14,4,18,0.05,3.0
1.484,0,-14,4,18,0.05,3.0
1.484,0,-14,4,18,0.05,3.0
1.484,0,-14,4,18,0.05,3.0
1.485,0,-14,4,18,0.05,3.0
1.485,0,-14,4,18,0.05,3.0
1.485,0,-14,4,18,0.05,3.0
1.486,0,-14,4,18,0.05,3.0
1.486,0,-14,4,18,0.05,3.0
1.486,0,-14,4,18,0.05,3.0
1.486,0,-14,4,18,0.05,3.0
1.487,0,-14,4,18,0.05,3.0
1.487,0,-14,4,18,0.05,3.0
1.487,0,-14,4,18,0.05,3.0
1.487,0,-14,4,18,0.05,3.0
1.488,0,-14,4,18,0.05,3.0
1.488,0,-14,4,18,0.05,3.0
1.488,0,-14,4,18,0.05,3.0
1.489,0,-14,4,18,0.05,3.0
1.489,0,-14,4,18,0.05,3.0
1.489,0,-14,4,18,0.05,3.0
1.489,0,-14,4,18,0.05,3.0
1.49,0,-14,4,18,0.05,3.0
1.49,0,-14,4,18,0.05,3.0
1.49,0,-14,4,18,0.05,3.0
1.491,0,-14,4,18,0.05,3.0
1.491,0,-14,4,18,0.05,3.0
1.491,0,-14,4,18,0.05,3.0
1.491,0,-14,4,18,0.05,3.0
1.492,0,-14,4,18,0.05,3.0
1.492,0,-14,4,18,0.05,3.0
1.492,0,-14,4,18,0.05,3.0
1.493,0,-14,4,18,0.05,3.0
1.493,0,-14,4,18,0.05,3.0
1.493,0,-14,4,18,0.05,3.0
1.493,0,-14,4,18,0.05,3.0
1.494,0,-14,4,18,0.05,3.0
1.494,1,-13,5,18,0.05,3.15
1.494,0,-13,5,18,0.05,3.15
1.495,0,-13,5,18,0.05,3.15
1.495,0,-13,5,18,0.05,3.15
1.495,0,-13,5,18,0.05,3.15
1.495,0,-13,5,18,0.05,3.15
1.496,0,-13,5,18,0.05,3.15
1.496,0,-13,5,18,0.05,3.15
1.496,0,-13,5,18,0.05,3.15
1.496,0,-13,5,18,0.05,3.15
1.497,0,-13,5,18,0.05,3.15
1.497,0,-13,5,18,0.05,3.15
1.497,0,-13,5,18,0.05,3.15
1.498,0,-13,5,18,0.05,3.15
1.498,0,-13,5,18,0.05,3.15
1.498,0,-13,5,18,0.05,3.15
1.498,0,-13,5,18,0.05,3.15
1.499,0,-13,5,18,0.05,3.15
1.499,0,-13,5,18,0.05,3.15
1.499,0,-13,5,18,0.05,3.15
1.5,0,-13,5,18,0.05,3.15
1.5,0,-13,5,18,0.05,3.15
1.5,0,-13,5,18,0.05,3.15
1.501,0,-13,5,18,0.05,3.15
1.501,0,-13,5,18,0.05,3.15
1.501,0,-13,5,18,0.05,3.15
1.501,0,-13,5,18,0.05,3.15
1.502,0,-13,5,18,0.05,3.15
1.502,0,-13,5,18,0.05,3.15
1.502,0,-13,5,18,0.05,3.15
1.503,0,-13,5,18,0.05,3.15
1.503,0,-13,5,18,0.05,3.15
1.503,0,-13,5,18,0.05,3.15
1.504,0,-13,5,18,0.05,3.15
1.504,0,-13,5,18,0.05,3.15
1.504,0,-13,5,18,0.05,3.15
1.504,0,-13,5,18,0.05,3.15
1.505,0,-13,5,18,0.05,3.15
1.505,0,-13,5,18,0.05,3.15
1.505,0,-13,5,18,0.05,3.15
1.506,0,-13,5,18,0.05,3.15
1.506,0,-13,5,18,0.05,3.15
1.506,0,-13,5,18,0.05,3.15
1.506,0,-13,5,18,0.05,3.15
1.507,0,-13,5,18,0.05,3.15
1.507,0,-13,5,18,0.05,3.15
1.507,0,-13,5,18,0.05,3.15
1.508,0,-13,5,18,0.05,3.15
1.508,0,-13,5,18,0.05,3.15
1.508,0,-13,5,18,0.05,3.15
1.508,0,-13,5,18,0.05,3.15
1.509,0,-13,5,18,0.05,3.15
1.509,0,-13,5,18,0.05,3.15
1.509,0,-13,5,18,0.05,3.15
1.51,0,-13,5,18,0.05,3.15
1.51,0,-13,5,18,0.05,3.15
1.511,0,-13,5,18,0.05,3.15
1.511,0,-13,5,18,0.05,3.15
1.512,0,-13,5,18,0.05,3.15
1.512,0,-13,5,18,0.05,3.15
1.512,0,-13,5,18,0.05,3.15
1.512,0,-13,5,18,0.05,3.15
1.513,0,-13,5,18,0.05,3.15
1.513,0,-13,5,18,0.05,3.15
1.514,0,-13,5,18,0.05,3.15
1.514,0,-13,5,18,0.05,3.15
1.514,0,-13,5,18,0.05,3.15
1.514,0,-13,5,18,0.05,3.15
1.515,0,-13,5,18,0.05,3.15
1.515,0,-13,5,18,0.05,3.15
1.515,0,-13,5,18,0.05,3.15
1.515,0,-13,5,18,0.05,3.15
1.516,0,-13,5,18,0.05,3.15
1.516,0,-13,5,18,0.05,3.15
1.516,0,-13,5,18,0.05,3.15
1.517,0,-13,5,18,0.05,3.15
1.517,0,-13,5,18,0.05,3.15
1.517,0,-13,5,18,0.05,3.15
1.517,0,-13,5,18,0.05,3.15
1.518,0,-13,5,18,0.05,3.15
1.518,0,-13,5,18,0.05,3.15
1.518,0,-13,5,18,0.05,3.15
1.519,0,-13,5,18,0.05,3.15
1.519,0,-13,5,18,0.05,3.15
1.519,0,-13,5,18,0.05,3.15
1.519,0,-13,5,18,0.05,3.15
1.52,0,-13,5,18,0.05,3.15
1.52,0,-13,5,18,0.05,3.15
1.52,0,-13,5,18,0.05,3.15
1.521,0,-13,5,18,0.05,3.15
1.521,0,-13,5,18,0.05,3.15
1.521,0,-13,5,18,0.05,3.15
1.521,0,-13,5,18,0.05,3.15
1.522,0,-13,5,18,0.05,3.15
1.522,0,-13,5,18,0.05,3.15
1.522,0,-13,5,18,0.05,3.15
1.522,0,-13,5,18,0.05,3.15
1.523,0,-13,5,18,0.05,3.15
1.523,0,-13,5,18,0.05,3.15
1.523,0,-13,5,18,0.05,3.15
1.524,0,-13,5,18,0.05,3.15
1.524,0,-13,5,18,0.05,3.15
1.524,0,-13,5,18,0.05,3.15
1.524,0,-13,5,18,0.05,3.15
1.525,0,-13,5,18,0.05,3.15
1.525,0,-13,5,18,0.05,3.15
1.525,0,-13,5,18,0.05,3.15
1.526,0,-13,5,18,0.05,3.15
1.526,0,-13,5,18,0.05,3.15
1.526,0,-13,5,18,0.05,3.15
1.527,0,-13,5,18,0.05,3.15
1.527,0,-13,5,18,0.05,3.15
1.527,0,-13,5,18,0.05,3.15
1.527,0,-13,5,18,0.05,3.15
1.528,0,-13,5,18,0.05,3.15
1.528,0,-13,5,18,0.05,3.15
1.528,0,-13,5,18,0.05,3.15
1.529,0,-13,5,18,0.05,3.15
1.529,0,-13,5,18,0.05,3.15
1.529,0,-13,5,18,0.05,3.15
1.529,0,-13,5,18,0.05,3.15
1.53,0,-13,5,18,0.05,3.15
1.53,0,-13,5,18,0.05,3.15
1.53,0,-13,5,18,0.05,3.15
1.531,0,-13,5,18,0.05,3.15
1.531,0,-13,5,18,0.05,3.15
1.531,0,-13,5,18,0.05,3.15
1.531,0,-13,5,18,0.05,3.15
1.532,0,-13,5,18,0.05,3.15
1.532,0,-13,5,18,0.05,3.15
1.532,0,-13,5,18,0.05,3.15
1.533,0,-13,5,18,0.05,3.15
1.533,0,-13,5,18,0.05,3.15
1.533,0,-13,5,18,0.05,3.15
1.533,0,-13,5,18,0.05,3.15
1.534,0,-13,5,18,0.05,3.15
1.534,0,-13,5,18,0.05,3.15
1.534,0,-13,5,18,0.05,3.15
1.534,0,-13,5,18,0.05,3.15
1.535,0,-13,5,18,0.05,3.15
1.535,0,-13,5,18,0.05,3.15
1.535,0,-13,5,18,0.05,3.15
1.536,0,-13,5,18,0.05,3.15
1.536,0,-13,5,18,0.05,3.15
1.536,0,-13,5,18,0.05,3.15
1.536,0,-13,5,18,0.05,3.15
1.537,0,-13,5,18,0.05,3.15
1.537,0,-13,5,18,0.05,3.15
1.537,0,-13,5,18,0.05,3.15
1.538,0,-13,5,18,0.05,3.15
1.538,0,-13,5,18,0.05,3.15
1.538,0,-13,5,18,0.05,3.15
1.538,0,-13,5,18,0.05,3.15
1.539,0,-13,5,18,0.05,3.15
1.539,0,-13,5,18,0.05,3.15
1.539,0,-13,5,18,0.05,3.15
1.539,0,-13,5,18,0.05,3.15
1.54,0,-13,5,18,0.05,3.15
1.54,0,-13,5,18,0.05,3.15
1.54,0,-13,5,18,0.05,3.15
1.541,0,-13,5,18,0.05,3.15
1.541,0,-13,5,18,0.05,3.15
1.541,0,-13,5,18,0.05,3.15
1.541,0,-13,5,18,0.05,3.15
1.542,0,-13,5,18,0.05,3.15
1.542,0,-13,5,18,0.05,3.15
1.542,0,-13,5,18,0.05,3.15
1.542,0,-13,5,18,0.05,3.15
1.543,0,-13,5,18,0.05,3.15
1.543,0,-13,5,18,0.05,3.15
1.543,0,-13,5,18,0.05,3.15
1.544,0,-13,5,18,0.05,3.15
1.544,0,-13,5,18,0.05,3.15
1.544,0,-13,5,18,0.05,3.15
1.544,0,-13,5,18,0.05,3.15
1.545,0,-13,5,18,0.05,3.15
1.545,0,-13,5,18,0.05,3.15
1.545,0,-13,5,18,0.05,3.15
1.546,0,-13,5,18,0.05,3.15
1.546,0,-13,5,18,0.05,3.15
1.546,0,-13,5,18,0.05,3.15
1.547,0,-13,5,18,0.05,3.15
1.547,0,-13,5,18,0.05,3.15
1.547,0,-13,5,18,0.05,3.15
1.547,0,-13,5,18,0.05,3.15
1.548,0,-13,5,18,0.05,3.15
1.548,0,-13,5,18,0.05,3.15
1.548,0,-13,5,18,0.05,3.15
1.549,0,-13,5,18,0.05,3.15
1.549,0,-13,5,18,0.05,3.15
1.549,0,-13,5,18,0.05,3.15
1.549,0,-13,5,18,0.05,3.15
1.55,0,-13,5,18,0.05,3.15
1.55,0,-13,5,18,0.05,3.15
1.55,0,-13,5,18,0.05,3.15
1.55,0,-13,5,18,0.05,3.15
1.551,0,-13,5,18,0.05,3.15
1.551,0,-13,5,18,0.05,3.15
1.551,0,-13,5,18,0.05,3.15
1.552,0,-13,5,18,0.05,3.15
1.552,0,-13,5,18,0.05,3.15
1.552,0,-13,5,18,0.05,3.15
1.552,0,-13,5,18,0.05,3.15
1.553,0,-13,5,18,0.05,3.15
1.553,0,-13,5,18,0.05,3.15
1.553,0,-13,5,18,0.05,3.15
1.553,0,-13,5,18,0.05,3.15
1.554,0,-13,5,18,0.05,3.15
1.554,0,-13,5,18,0.05,3.15
1.554,0,-13,5,18,0.05,3.15
1.555,0,-13,5,18,0.05,3.15
1.555,0,-13,5,18,0.05,3.15
1.555,0,-13,5,18,0.05,3.15
1.555,0,-13,5,18,0.05,3.15
1.556,0,-13,5,18,0.05,3.15
1.556,0,-13,5,18,0.05,3.15
1.556,0,-13,5,18,0.05,3.15
1.556,0,-13,5,18,0.05,3.15
1.557,0,-13,5,18,0.05,3.15
1.557,0,-13,5,18,0.05,3.15
1.557,0,-13,5,18,0.05,3.15
1.558,0,-13,5,18,0.05,3.15
1.558,0,-13,5,18,0.05,3.15
1.558,0,-13,5,18,0.05,3.15
1.558,0,-13,5,18,0.05,3.15
1.559,0,-13,5,18,0.05,3.15
1.559,0,-13,5,18,0.05,3.15
1.559,0,-13,5,18,0.05,3.15
1.56,0,-13,5,18,0.05,3.15
1.56,0,-13,5,18,0.05,3.15
1.56,0,-13,5,18,0.05,3.15
1.56,0,-13,5,18,0.05,3.15
1.561,0,-13,5,18,0.05,3.15
1.561,0,-13,5,18,0.05,3.15
1.561,0,-13,5,18,0.05,3.15
1.561,0,-13,5,18,0.05,3.15
1.562,0,-13,5,18,0.05,3.15
1.562,0,-13,5,18,0.05,3.15
1.562,0,-13,5,18,0.05,3.15
1.563,0,-13,5,18,0.05,3.15
1.563,0,-13,5,18,0.05,3.15
1.563,0,-13,5,18,0.05,3.15
1.563,0,-13,5,18,0.05,3.15
1.564,0,-13,5,18,0.05,3.15
1.564,0,-13,5,18,0.05,3.15
1.564,0,-13,5,18,0.05,3.15
1.564,0,-13,5,18,0.05,3.15
1.565,0,-13,5,18,0.05,3.15
1.565,0,-13,5,18,0.05,3.15
1.565,0,-13,5,18,0.05,3.15
1.566,0,-13,5,18,0.05,3.15
1.566,0,-13,5,18,0.05,3.15
1.566,0,-13,5,18,0.05,3.15
1.566,0,-13,5,18,0.05,3.15
1.567,0,-13,5,18,0.05,3.15
1.567,0,-13,5,18,0.05,3.15
1.567,0,-13,5,18,0.05,3.15
1.568,0,-13,5,18,0.05,3.15
1.568,0,-13,5,18,0.05,3.15
1.568,0,-13,5,18,0.05,3.15
1.568,0,-13,5,18,0.05,3.15
1.569,0,-13,5,18,0.05,3.15
1.569,0,-13,5,18,0.05,3.15
1.569,0,-13,5,18,0.05,3.15
1.57,0,-13,5,18,0.05,3.15
1.57,0,-13,5,18,0.05,3.15
1.57,0,-13,5,18,0.05,3.15
1.57,0,-13,5,18,0.05,3.15
1.571,0,-13,5,18,0.05,3.15
1.571,0,-13,5,18,0.05,3.15
1.571,0,-13,5,18,0.05,3.15
1.571,0,-13,5,18,0.05,3.15
1.572,0,-13,5,18,0.05,3.15
1.572,0,-13,5,18,0.05,3.15
1.572,0,-13,5,18,0.05,3.15
1.573,0,-13,5,18,0.05,3.15
1.573,0,-13,5,18,0.05,3.15
1.573,0,-13,5,18,0.05,3.15
1.573,0,-13,5,18,0.05,3.15
1.574,0,-13,5,18,0.05,3.15
1.574,0,-13,5,18,0.05,3.15
1.574,0,-13,5,18,0.05,3.15
1.575,0,-13,5,18,0.05,3.15
1.575,0,-13,5,18,0.05,3.15
1.575,0,-13,5,18,0.05,3.15
1.575,0,-13,5,18,0.05,3.15
1.576,0,-13,5,18,0.05,3.15
1.576,0,-13,5,18,0.05,3.15
1.576,0,-13,5,18,0.05,3.15
1.576,0,-13,5,18,0.05,3.15
1.577,0,-13,5,18,0.05,3.15
1.577,0,-13,5,18,0.05,3.15
1.577,0,-13,5,18,0.05,3.15
1.578,0,-13,5,18,0.05,3.15
1.578,0,-13,5,18,0.05,3.15
1.578,0,-13,5,18,0.05,3.15
1.578,0,-13,5,18,0.05,3.15
1.579,0,-13,5,18,0.05,3.15
1.579,0,-13,5,18,0.05,3.15
1.579,0,-13,5,18,0.05,3.15
1.58,0,-13,5,18,0.05,3.15
1.58,0,-13,5,18,0.05,3.15
1.58,0,-13,5,18,0.05,3.15
1.58,0,-13,5,18,0.05,3.15
1.581,0,-13,5,18,0.05,3.15
1.581,0,-13,5,18,0.05,3.15
1.581,0,-13,5,18,0.05,3.15
1.581,0,-13,5,18,0.05,3.15
1.582,0,-13,5,18,0.05,3.15
1.582,0,-13,5,18,0.05,3.15
1.582,0,-13,5,18,0.05,3.15
1.583,0,-13,5,18,0.05,3.15
1.583,0,-13,5,18,0.05,3.15
1.583,0,-13,5,18,0.05,3.15
1.583,0,-13,5,18,0.05,3.15
1.584,0,-13,5,18,0.05,3.15
1.584,0,-13,5,18,0.05,3.15
1.584,0,-13,5,18,0.05,3.15
1.585,0,-13,5,18,0.05,3.15
1.585,0,-13,5,18,0.05,3.15
1.585,0,-13,5,18,0.05,3.15
1.585,0,-13,5,18,0.05,3.15
1.586,0,-13,5,18,0.05,3.15
1.586,0,-13,5,18,0.05,3.15
1.586,0,-13,5,18,0.05,3.15
1.586,0,-13,5,18,0.05,3.15
1.587,0,-13,5,18,0.05,3.15
1.587,0,-13,5,18,0.05,3.15
1.587,0,-13,5,18,0.05,3.15
1.588,0,-13,5,18,0.05,3.15
1.588,0,-13,5,18,0.05,3.15
1.588,0,-13,5,18,0.05,3.15
1.588,0,-13,5,18,0.05,3.15
1.589,0,-13,5,18,0.05,3.15
1.589,0,-13,5,18,0.05,3.15
1.589,0,-13,5,18,0.05,3.15
1.589,0,-13,5,18,0.05,3.15
1.59,0,-13,5,18,0.05,3.15
1.59,0,-13,5,18,0.05,3.15
1.59,0,-13,5,18,0.05,3.15
1.591,0,-13,5,18,0.05,3.15
1.591,0,-13,5,18,0.05,3.15
1.591,0,-13,5,18,0.05,3.15
1.591,0,-13,5,18,0.05,3.15
1.592,0,-13,5,18,0.05,3.15
1.592,0,-13,5,18,0.05,3.15
1.592,0,-13,5,18,0.05,3.15
1.593,0,-13,5,18,0.05,3.15
1.593,0,-13,5,18,0.05,3.15
1.593,0,-13,5,18,0.05,3.15
1.593,0,-13,5,18,0.05,3.15
1.594,0,-13,5,18,0.05,3.15
1.594,0,-13,5,18,0.05,3.15
1.594,0,-13,5,18,0.05,3.15
1.594,0,-13,5,18,0.05,3.15
1.595,0,-13,5,18,0.05,3.15
1.595,0,-13,5,18,0.05,3.15
1.595,0,-13,5,18,0.05,3.15
1.596,0,-13,5,18,0.05,3.15
1.596,0,-13,5,18,0.05,3.15
1.596,0,-13,5,18,0.05,3.15
1.596,0,-13,5,18,0.05,3.15
1.597,0,-13,5,18,0.05,3.15
1.597,0,-13,5,18,0.05,3.15
1.597,0,-13,5,18,0.05,3.15
1.598,0,-13,5,18,0.05,3.15
1.598,0,-13,5,18,0.05,3.15
1.598,0,-13,5,18,0.05,3.15
1.598,0,-13,5,18,0.05,3.15
1.599,0,-13,5,18,0.05,3.15
1.599,0,-13,5,18,0.05,3.15
1.599,0,-13,5,18,0.05,3.15
1.599,0,-13,5,18,0.05,3.15
1.6,0,-13,5,18,0.05,3.15
1.6,0,-13,5,18,0.05,3.15
1.6,0,-13,5,18,0.05,3.15
1.601,0,-13,5,18,0.05,3.15
1.601,0,-13,5,18,0.05,3.15
1.601,0,-13,5,18,0.05,3.15
1.601,0,-13,5,18,0.05,3.15
1.602,0,-13,5,18,0.05,3.15
1.602,0,-13,5,18,0.05,3.15
1.602,0,-13,5,18,0.05,3.15
1.603,0,-13,5,18,0.05,3.15
1.603,0,-13,5,18,0.05,3.15
1.603,0,-13,5,18,0.05,3.15
1.603,0,-13,5,18,0.05,3.15
1.604,0,-13,5,18,0.05,3.15
1.604,0,-13,5,18,0.05,3.15
1.604,0,-13,5,18,0.05,3.15
1.604,0,-13,5,18,0.05,3.15
1.605,0,-13,5,18,0.05,3.15
1.605,0,-13,5,18,0.05,3.15
1.605,0,-13,5,18,0.05,3.15
1.606,0,-13,5,18,0.05,3.15
1.606,0,-13,5,18,0.05,3.15
1.606,0,-13,5,18,0.05,3.15
1.606,0,-13,5,18,0.05,3.15
1.607,0,-13,5,18,0.05,3.15
1.607,-1,-14,5,19,0.05,3.0
1.607,0,-14,5,19,0.05,3.0
1.608,0,-14,5,19,0.05,3.0
1.608,0,-14,5,19,0.05,3.0
1.608,0,-14,5,19,0.05,3.0
1.608,0,-14,5,19,0.05,3.0
1.609,0,-14,5,19,0.05,3.0
1.609,0,-14,5,19,0.05,3.0
1.609,0,-14,5,19,0.05,3.0
1.609,0,-14,5,19,0.05,3.0
1.61,0,-14,5,19,0.05,3.0
1.61,0,-14,5,19,0.05,3.0
1.61,0,-14,5,19,0.05,3.0
1.611,0,-14,5,19,0.05,3.0
1.611,0,-14,5,19,0.05,3.0
1.611,0,-14,5,19,0.05,3.0
1.611,0,-14,5,19,0.05,3.0
1.612,0,-14,5,19,0.05,3.0
1.612,0,-14,5,19,0.05,3.0
1.612,0,-14,5,19,0.05,3.0
1.613,0,-14,5,19,0.05,3.0
1.613,0,-14,5,19,0.05,3.0
1.613,0,-14,5,19,0.05,3.0
1.613,0,-14,5,19,0.05,3.0
1.614,0,-14,5,19,0.05,3.0
1.614,0,-14,5,19,0.05,3.0
1.614,0,-14,5,19,0.05,3.0
1.614,0,-14,5,19,0.05,3.0
1.615,0,-14,5,19,0.05,3.0
1.615,0,-14,5,19,0.05,3.0
1.615,0,-14,5,19,0.05,3.0
1.616,0,-14,5,19,0.05,3.0
1.616,0,-14,5,19,0.05,3.0
1.616,0,-14,5,19,0.05,3.0
1.616,0,-14,5,19,0.05,3.0
1.617,0,-14,5,19,0.05,3.0
1.617,0,-14,5,19,0.05,3.0
1.617,0,-14,5,19,0.05,3.0
1.617,0,-14,5,19,0.05,3.0
1.618,0,-14,5,19,0.05,3.0
1.618,0,-14,5,19,0.05,3.0
1.618,0,-14,5,19,0.05,3.0
1.619,0,-14,5,19,0.05,3.0
1.619,0,-14,5,19,0.05,3.0
1.619,0,-14,5,19,0.05,3.0
1.619,0,-14,5,19,0.05,3.0
1.62,0,-14,5,19,0.05,3.0
1.62,0,-14,5,19,0.05,3.0
1.62,0,-14,5,19,0.05,3.0
1.621,0,-14,5,19,0.05,3.0
1.621,0,-14,5,19,0.05,3.0
1.621,0,-14,5,19,0.05,3.0
1.621,0,-14,5,19,0.05,3.0
1.622,0,-14,5,19,0.05,3.0
1.622,0,-14,5,19,0.05,3.0
1.622,0,-14,5,19,0.05,3.0
1.622,0,-14,5,19,0.05,3.0
1.623,0,-14,5,19,0.05,3.0
1.623,0,-14,5,19,0.05,3.0
1.623,0,-14,5,19,0.05,3.0
1.624,0,-14,5,19,0.05,3.0
1.624,0,-14,5,19,0.05,3.0
1.624,0,-14,5,19,0.05,3.0
1.624,0,-14,5,19,0.05,3.0
1.625,0,-14,5,19,0.05,3.0
1.625,0,-14,5,19,0.05,3.0
1.625,0,-14,5,19,0.05,3.0
1.625,0,-14,5,19,0.05,3.0
1.626,0,-14,5,19,0.05,3.0
1.626,0,-14,5,19,0.05,3.0
1.626,0,-14,5,19,0.05,3.0
1.627,0,-14,5,19,0.05,3.0
1.627,0,-14,5,19,0.05,3.0
1.627,0,-14,5,19,0.05,3.0
1.627,0,-14,5,19,0.05,3.0
1.628,0,-14,5,19,0.05,3.0
1.628,0,-14,5,19,0.05,3.0
1.628,0,-14,5,19,0.05,3.0
1.629,0,-14,5,19,0.05,3.0
1.629,0,-14,5,19,0.05,3.0
1.629,0,-14,5,19,0.05,3.0
1.629,0,-14,5,19,0.05,3.0
1.63,0,-14,5,19,0.05,3.0
1.63,0,-14,5,19,0.05,3.0
1.63,0,-14,5,19,0.05,3.0
1.63,0,-14,5,19,0.05,3.0
1.631,0,-14,5,19,0.05,3.0
1.631,0,-14,5,19,0.05,3.0
1.631,0,-14,5,19,0.05,3.0
1.632,0,-14,5,19,0.05,3.0
1.632,0,-14,5,19,0.05,3.0
1.632,0,-14,5,19,0.05,3.0
1.632,0,-14,5,19,0.05,3.0
1.633,0,-14,5,19,0.05,3.0
1.633,0,-14,5,19,0.05,3.0
1.633,0,-14,5,19,0.05,3.0
1.634,0,-14,5,19,0.05,3.0
1.634,0,-14,5,19,0.05,3.0
1.634,0,-14,5,19,0.05,3.0
1.634,1,-13,6,19,0.05,3.15
1.635,0,-13,6,19,0.05,3.15
1.635,0,-13,6,19,0.05,3.15
1.635,0,-13,6,19,0.05,3.15
1.636,0,-13,6,19,0.05,3.15
1.636,0,-13,6,19,0.05,3.15
1.636,0,-13,6,19,0.05,3.15
1.636,0,-13,6,19,0.05,3.15
1.637,0,-13,6,19,0.05,3.15
1.637,0,-13,6,19,0.05,3.15
1.637,0,-13,6,19,0.05,3.15
1.637,0,-13,6,19,0.05,3.15
1.638,0,-13,6,19,0.05,3.15
1.638,0,-13,6,19,0.05,3.15
1.638,0,-13,6,19,0.05,3.15
1.639,0,-13,6,19,0.05,3.15
1.639,0,-13,6,19,0.05,3.15
1.639,0,-13,6,19,0.05,3.15
1.639,0,-13,6,19,0.05,3.15
1.64,0,-13,6,19,0.05,3.15
1.64,0,-13,6,19,0.05,3.15
1.64,0,-13,6,19,0.05,3.15
1.641,0,-13,6,19,0.05,3.15
1.641,0,-13,6,19,0.05,3.15
1.641,0,-13,6,19,0.05,3.15
1.641,0,-13,6,19,0.05,3.15
1.642,0,-13,6,19,0.05,3.15
1.642,0,-13,6,19,0.05,3.15
1.642,0,-13,6,19,0.05,3.15
1.642,0,-13,6,19,0.05,3.15
1.643,0,-13,6,19,0.05,3.15
1.643,0,-13,6,19,0.05,3.15
1.643,0,-13,6,19,0.05,3.15
1.644,0,-13,6,19,0.05,3.15
1.644,0,-13,6,19,0.05,3.15
1.644,0,-13,6,19,0.05,3.15
1.644,0,-13,6,19,0.05,3.15
1.645,0,-13,6,19,0.05,3.15
1.645,0,-13,6,19,0.05,3.15
1.645,0,-13,6,19,0.05,3.15
1.645,0,-13,6,19,0.05,3.15
1.646,0,-13,6,19,0.05,3.15
1.646,0,-13,6,19,0.05,3.15
1.646,0,-13,6,19,0.05,3.15
1.647,0,-13,6,19,0.05,3.15
1.647,0,-13,6,19,0.05,3.15
1.647,0,-13,6,19,0.05,3.15
1.647,0,-13,6,19,0.05,3.15
1.648,0,-13,6,19,0.05,3.15
1.648,0,-13,6,19,0.05,3.15
1.648,0,-13,6,19,0.05,3.15
1.649,0,-13,6,19,0.05,3.15
1.649,0,-13,6,19,0.05,3.15
1.649,0,-13,6,19,0.05,3.15
1.649,0,-13,6,19,0.05,3.15
1.65,0,-13,6,19,0.05,3.15
1.65,0,-13,6,19,0.05,3.15
1.65,0,-13,6,19,0.05,3.15
1.65,0,-13,6,19,0.05,3.15
1.651,0,-13,6,19,0.05,3.15
1.651,0,-13,6,19,0.05,3.15
1.651,0,-13,6,19,0.05,3.15
1.652,0,-13,6,19,0.05,3.15
1.652,0,-13,6,19,0.05,3.15
1.652,0,-13,6,19,0.05,3.15
1.652,0,-13,6,19,0.05,3.15
1.653,0,-13,6,19,0.05,3.15
1.653,0,-13,6,19,0.05,3.15
1.653,0,-13,6,19,0.05,3.15
1.653,0,-13,6,19,0.05,3.15
1.654,0,-13,6,19,0.05,3.15
1.654,0,-13,6,19,0.05,3.15
1.654,0,-13,6,19,0.05,3.15
1.655,0,-13,6,19,0.05,3.15
1.655,0,-13,6,19,0.05,3.15
1.655,0,-13,6,19,0.05,3.15
1.655,0,-13,6,19,0.05,3.15
1.656,0,-13,6,19,0.05,3.15
1.656,0,-13,6,19,0.05,3.15
1.656,0,-13,6,19,0.05,3.15
1.657,0,-13,6,19,0.05,3.15
1.657,0,-13,6,19,0.05,3.15
1.657,0,-13,6,19,0.05,3.15
1.657,0,-13,6,19,0.05,3.15
1.658,0,-13,6,19,0.05,3.15
1.658,0,-13,6,19,0.05,3.15
1.658,0,-13,6,19,0.05,3.15
1.659,0,-13,6,19,0.05,3.15
1.659,0,-13,6,19,0.05,3.15
1.659,0,-13,6,19,0.05,3.15
1.659,0,-13,6,19,0.05,3.15
1.66,0,-13,6,19,0.05,3.15
1.66,0,-13,6,19,0.05,3.15
1.66,0,-13,6,19,0.05,3.15
1.66,0,-13,6,19,0.05,3.15
1.661,0,-13,6,19,0.05,3.15
1.661,0,-13,6,19,0.05,3.15
1.661,0,-13,6,19,0.05,3.15
1.662,0,-13,6,19,0.05,3.15
1.662,0,-13,6,19,0.05,3.15
1.662,0,-13,6,19,0.05,3.15
1.662,0,-13,6,19,0.05,3.15
1.663,0,-13,6,19,0.05,3.15
1.663,0,-13,6,19,0.05,3.15
1.663,0,-13,6,19,0.05,3.15
1.663,0,-13,6,19,0.05,3.15
1.664,0,-13,6,19,0.05,3.15
1.664,0,-13,6,19,0.05,3.15
1.664,0,-13,6,19,0.05,3.15
1.665,0,-13,6,19,0.05,3.15
1.665,0,-13,6,19,0.05,3.15
1.665,0,-13,6,19,0.05,3.15
1.665,0,-13,6,19,0.05,3.15
1.666,0,-13,6,19,0.05,3.15
1.666,0,-13,6,19,0.05,3.15
1.666,0,-13,6,19,0.05,3.15
1.667,0,-13,6,19,0.05,3.15
1.667,0,-13,6,19,0.05,3.15
1.667,0,-13,6,19,0.05,3.15
1.667,0,-13,6,19,0.05,3.15
1.668,0,-13,6,19,0.05,3.15
1.668,0,-13,6,19,0.05,3.15
1.668,0,-13,6,19,0.05,3.15
1.668,0,-13,6,19,0.05,3.15
1.669,0,-13,6,19,0.05,3.15
1.669,0,-13,6,19,0.05,3.15
1.669,0,-13,6,19,0.05,3.15
1.67,0,-13,6,19,0.05,3.15
1.67,0,-13,6,19,0.05,3.15
1.67,0,-13,6,19,0.05,3.15
1.67,0,-13,6,19,0.05,3.15
1.671,0,-13,6,19,0.05,3.15
1.671,0,-13,6,19,0.05,3.15
1.671,0,-13,6,19,0.05,3.15
1.671,0,-13,6,19,0.05,3.15
1.672,0,-13,6,19,0.05,3.15
1.672,0,-13,6,19,0.05,3.15
1.672,0,-13,6,19,0.05,3.15
1.673,0,-13,6,19,0.05,3.15
1.673,0,-13,6,19,0.05,3.15
1.673,0,-13,6,19,0.05,3.15
1.673,0,-13,6,19,0.05,3.15
1.674,0,-13,6,19,0.05,3.15
1.674,0,-13,6,19,0.05,3.15
1.674,0,-13,6,19,0.05,3.15
1.675,0,-13,6,19,0.05,3.15
1.675,0,-13,6,19,0.05,3.15
1.675,0,-13,6,19,0.05,3.15
1.675,0,-13,6,19,0.05,3.15
1.676,0,-13,6,19,0.05,3.15
1.676,0,-13,6,19,0.05,3.15
1.676,0,-13,6,19,0.05,3.15
1.677,0,-13,6,19,0.05,3.15
1.677,0,-13,6,19,0.05,3.15
1.677,0,-13,6,19,0.05,3.15
1.677,0,-13,6,19,0.05,3.15
1.678,0,-13,6,19,0.05,3.15
1.678,0,-13,6,19,0.05,3.15
1.678,0,-13,6,19,0.05,3.15
1.679,0,-13,6,19,0.05,3.15
1.679,0,-13,6,19,0.05,3.15
1.679,0,-13,6,19,0.05,3.15
1.679,0,-13,6,19,0.05,3.15
1.68,0,-13,6,19,0.05,3.15
1.68,0,-13,6,19,0.05,3.15
1.68,0,-13,6,19,0.05,3.15
1.681,0,-13,6,19,0.05,3.15
1.681,0,-13,6,19,0.05,3.15
1.681,0,-13,6,19,0.05,3.15
1.681,0,-13,6,19,0.05,3.15
1.682,0,-13,6,19,0.05,3.15
1.682,0,-13,6,19,0.05,3.15
1.682,0,-13,6,19,0.05,3.15
1.682,0,-13,6,19,0.05,3.15
1.683,0,-13,6,19,0.05,3.15
1.683,0,-13,6,19,0.05,3.15
1.683,0,-13,6,19,0.05,3.15
1.684,0,-13,6,19,0.05,3.15
1.684,0,-13,6,19,0.05,3.15
1.684,0,-13,6,19,0.05,3.15
1.684,0,-13,6,19,0.05,3.15
1.685,0,-13,6,19,0.05,3.15
1.685,0,-13,6,19,0.05,3.15
1.685,0,-13,6,19,0.05,3.15
1.685,0,-13,6,19,0.05,3.15
1.686,0,-13,6,19,0.05,3.15
1.686,0,-13,6,19,0.05,3.15
1.686,0,-13,6,19,0.05,3.15
1.687,0,-13,6,19,0.05,3.15
1.687,0,-13,6,19,0.05,3.15
1.687,0,-13,6,19,0.05,3.15
1.687,0,-13,6,19,0.05,3.15
1.688,0,-13,6,19,0.05,3.15
1.688,0,-13,6,19,0.05,3.15
1.688,0,-13,6,19,0.05,3.15
1.689,0,-13,6,19,0.05,3.15
1.689,0,-13,6,19,0.05,3.15
1.689,0,-13,6,19,0.05,3.15
1.689,0,-13,6,19,0.05,3.15
1.69,0,-13,6,19,0.05,3.15
1.69,0,-13,6,19,0.05,3.15
1.69,0,-13,6,19,0.05,3.15
1.691,0,-13,6,19,0.05,3.15
1.691,0,-13,6,19,0.05,3.15
1.691,0,-13,6,19,0.05,3.15
1.691,0,-13,6,19,0.05,3.15
1.692,0,-13,6,19,0.05,3.15
1.692,0,-13,6,19,0.05,3.15
1.692,0,-13,6,19,0.05,3.15
1.692,0,-13,6,19,0.05,3.15
1.693,0,-13,6,19,0.05,3.15
1.693,0,-13,6,19,0.05,3.15
1.693,0,-13,6,19,0.05,3.15
1.694,0,-13,6,19,0.05,3.15
1.694,0,-13,6,19,0.05,3.15
1.694,0,-13,6,19,0.05,3.15
1.694,0,-13,6,19,0.05,3.15
1.695,0,-13,6,19,0.05,3.15
1.695,0,-13,6,19,0.05,3.15
1.695,0,-13,6,19,0.05,3.15
1.696,0,-13,6,19,0.05,3.15
1.696,0,-13,6,19,0.05,3.15
1.696,0,-13,6,19,0.05,3.15
1.696,0,-13,6,19,0.05,3.15
1.697,0,-13,6,19,0.05,3.15
1.697,0,-13,6,19,0.05,3.15
1.697,0,-13,6,19,0.05,3.15
1.697,0,-13,6,19,0.05,3.15
1.698,0,-13,6,19,0.05,3.15
1.698,0,-13,6,19,0.05,3.15
1.698,0,-13,6,19,0.05,3.15
1.699,0,-13,6,19,0.05,3.15
1.699,0,-13,6,19,0.05,3.15
1.699,0,-13,6,19,0.05,3.15
1.699,0,-13,6,19,0.05,3.15
1.7,0,-13,6,19,0.05,3.15
1.7,0,-13,6,19,0.05,3.15
1.7,0,-13,6,19,0.05,3.15
1.701,0,-13,6,19,0.05,3.15
1.701,0,-13,6,19,0.05,3.15
1.701,0,-13,6,19,0.05,3.15
1.701,0,-13,6,19,0.05,3.15
1.702,0,-13,6,19,0.05,3.15
1.702,0,-13,6,19,0.05,3.15
1.702,0,-13,6,19,0.05,3.15
1.703,0,-13,6,19,0.05,3.15
1.703,0,-13,6,19,0.05,3.15
1.703,0,-13,6,19,0.05,3.15
1.703,0,-13,6,19,0.05,3.15
1.704,0,-13,6,19,0.05,3.15
1.704,0,-13,6,19,0.05,3.15
1.704,0,-13,6,19,0.05,3.15
1.704,0,-13,6,19,0.05,3.15
1.705,0,-13,6,19,0.05,3.15
1.705,0,-13,6,19,0.05,3.15
1.705,0,-13,6,19,0.05,3.15
1.706,0,-13,6,19,0.05,3.15
1.706,0,-13,6,19,0.05,3.15
1.706,0,-13,6,19,0.05,3.15
1.706,0,-13,6,19,0.05,3.15
1.707,0,-13,6,19,0.05,3.15
1.707,0,-13,6,19,0.05,3.15
1.707,0,-13,6,19,0.05,3.15
1.707,0,-13,6,19,0.05,3.15
1.708,0,-13,6,19,0.05,3.15
1.708,0,-13,6,19,0.05,3.15
1.708,0,-13,6,19,0.05,3.15
1.709,0,-13,6,19,0.05,3.15
1.709,0,-13,6,19,0.05,3.15
1.709,0,-13,6,19,0.05,3.15
1.709,0,-13,6,19,0.05,3.15
1.71,0,-13,6,19,0.05,3.15
1.71,0,-13,6,19,0.05,3.15
1.71,0,-13,6,19,0.05,3.15
1.711,0,-13,6,19,0.05,3.15
1.711,0,-13,6,19,0.05,3.15
1.711,0,-13,6,19,0.05,3.15
1.711,0,-13,6,19,0.05,3.15
1.712,0,-13,6,19,0.05,3.15
1.712,0,-13,6,19,0.05,3.15
1.712,0,-13,6,19,0.05,3.15
1.712,0,-13,6,19,0.05,3.15
1.713,0,-13,6,19,0.05,3.15
1.713,0,-13,6,19,0.05,3.15
1.713,0,-13,6,19,0.05,3.15
1.714,0,-13,6,19,0.05,3.15
1.714,0,-13,6,19,0.05,3.15
1.714,0,-13,6,19,0.05,3.15
1.714,0,-13,6,19,0.05,3.15
1.715,0,-13,6,19,0.05,3.15
1.715,0,-13,6,19,0.05,3.15
1.715,0,-13,6,19,0.05,3.15
1.716,0,-13,6,19,0.05,3.15
1.716,0,-13,6,19,0.05,3.15
1.716,0,-13,6,19,0.05,3.15
1.716,0,-13,6,19,0.05,3.15
1.717,0,-13,6,19,0.05,3.15
1.717,0,-13,6,19,0.05,3.15
1.717,0,-13,6,19,0.05,3.15
1.717,0,-13,6,19,0.05,3.15
1.718,0,-13,6,19,0.05,3.15
1.718,0,-13,6,19,0.05,3.15
1.718,0,-13,6,19,0.05,3.15
1.719,0,-13,6,19,0.05,3.15
1.719,0,-13,6,19,0.05,3.15
1.719,0,-13,6,19,0.05,3.15
1.719,0,-13,6,19,0.05,3.15
1.72,0,-13,6,19,0.05,3.15
1.72,0,-13,6,19,0.05,3.15
1.72,0,-13,6,19,0.05,3.15
1.72,0,-13,6,19,0.05,3.15
1.721,0,-13,6,19,0.05,3.15
1.721,0,-13,6,19,0.05,3.15
1.721,0,-13,6,19,0.05,3.15
1.722,0,-13,6,19,0.05,3.15
1.722,0,-13,6,19,0.05,3.15
1.722,0,-13,6,19,0.05,3.15
1.723,0,-13,6,19,0.05,3.15
1.723,0,-13,6,19,0.05,3.15
1.723,0,-13,6,19,0.05,3.15
1.724,0,-13,6,19,0.05,3.15
1.724,0,-13,6,19,0.05,3.15
1.724,0,-13,6,19,0.05,3.15
1.724,0,-13,6,19,0.05,3.15
1.725,0,-13,6,19,0.05,3.15
1.725,0,-13,6,19,0.05,3.15
1.725,0,-13,6,19,0.05,3.15
1.726,0,-13,6,19,0.05,3.15
1.726,0,-13,6,19,0.05,3.15
1.726,0,-13,6,19,0.05,3.15
1.726,0,-13,6,19,0.05,3.15
1.727,0,-13,6,19,0.05,3.15
1.727,0,-13,6,19,0.05,3.15
1.727,0,-13,6,19,0.05,3.15
1.727,0,-13,6,19,0.05,3.15
1.728,0,-13,6,19,0.05,3.15
1.728,0,-13,6,19,0.05,3.15
1.728,0,-13,6,19,0.05,3.15
1.729,0,-13,6,19,0.05,3.15
1.729,0,-13,6,19,0.05,3.15
1.729,0,-13,6,19,0.05,3.15
1.729,0,-13,6,19,0.05,3.15
1.73,0,-13,6,19,0.05,3.15
1.73,0,-13,6,19,0.05,3.15
1.73,0,-13,6,19,0.05,3.15
1.731,0,-13,6,19,0.05,3.15
1.731,0,-13,6,19,0.05,3.15
1.731,0,-13,6,19,0.05,3.15
1.731,0,-13,6,19,0.05,3.15
1.732,0,-13,6,19,0.05,3.15
1.732,0,-13,6,19,0.05,3.15
1.732,0,-13,6,19,0.05,3.15
1.732,0,-13,6,19,0.05,3.15
1.733,0,-13,6,19,0.05,3.15
1.733,0,-13,6,19,0.05,3.15
1.733,0,-13,6,19,0.05,3.15
1.734,0,-13,6,19,0.05,3.15
1.734,0,-13,6,19,0.05,3.15
1.734,0,-13,6,19,0.05,3.15
1.734,0,-13,6,19,0.05,3.15
1.735,0,-13,6,19,0.05,3.15
1.735,0,-13,6,19,0.05,3.15
1.735,0,-13,6,19,0.05,3.15
1.736,0,-13,6,19,0.05,3.15
1.736,0,-13,6,19,0.05,3.15
1.736,0,-13,6,19,0.05,3.15
1.736,0,-13,6,19,0.05,3.15
1.737,0,-13,6,19,0.05,3.15
1.737,0,-13,6,19,0.05,3.15
1.737,0,-13,6,19,0.05,3.15
1.738,0,-13,6,19,0.05,3.15
1.738,0,-13,6,19,0.05,3.15
1.738,0,-13,6,19,0.05,3.15
1.738,0,-13,6,19,0.05,3.15
1.739,0,-13,6,19,0.05,3.15
1.739,0,-13,6,19,0.05,3.15
1.739,0,-13,6,19,0.05,3.15
1.74,0,-13,6,19,0.05,3.15
1.74,0,-13,6,19,0.05,3.15
1.74,0,-13,6,19,0.05,3.15
1.74,0,-13,6,19,0.05,3.15
1.741,0,-13,6,19,0.05,3.15
1.741,0,-13,6,19,0.05,3.15
1.741,0,-13,6,19,0.05,3.15
1.741,0,-13,6,19,0.05,3.15
1.742,0,-13,6,19,0.05,3.15
1.742,0,-13,6,19,0.05,3.15
1.742,0,-13,6,19,0.05,3.15
1.743,0,-13,6,19,0.05,3.15
1.743,0,-13,6,19,0.05,3.15
1.743,0,-13,6,19,0.05,3.15
1.743,0,-13,6,19,0.05,3.15
1.744,0,-13,6,19,0.05,3.15
1.744,0,-13,6,19,0.05,3.15
1.744,0,-13,6,19,0.05,3.15
1.745,0,-13,6,19,0.05,3.15
1.745,0,-13,6,19,0.05,3.15
1.745,0,-13,6,19,0.05,3.15
1.745,0,-13,6,19,0.05,3.15
1.746,-1,-14,6,20,0.05,3.0
1.746,0,-14,6,20,0.05,3.0
1.746,0,-14,6,20,0.05,3.0
1.747,0,-14,6,20,0.05,3.0
1.747,0,-14,6,20,0.05,3.0
1.747,0,-14,6,20,0.05,3.0
1.747,0,-14,6,20,0.05,3.0
1.748,0,-14,6,20,0.05,3.0
1.748,0,-14,6,20,0.05,3.0
1.748,0,-14,6,20,0.05,3.0
1.748,0,-14,6,20,0.05,3.0
1.749,0,-14,6,20,0.05,3.0
1.749,0,-14,6,20,0.05,3.0
1.749,0,-14,6,20,0.05,3.0
1.75,0,-14,6,20,0.05,3.0
1.75,0,-14,6,20,0.05,3.0
1.75,0,-14,6,20,0.05,3.0
1.75,0,-14,6,20,0.05,3.0
1.751,0,-14,6,20,0.05,3.0
1.751,0,-14,6,20,0.05,3.0
1.751,0,-14,6,20,0.05,3.0
1.751,0,-14,6,20,0.05,3.0
1.752,0,-14,6,20,0.05,3.0
1.752,0,-14,6,20,0.05,3.0
1.752,0,-14,6,20,0.05,3.0
1.753,0,-14,6,20,0.05,3.0
1.753,0,-14,6,20,0.05,3.0
1.753,0,-14,6,20,0.05,3.0
1.753,0,-14,6,20,0.05,3.0
1.754,0,-14,6,20,0.05,3.0
1.754,0,-14,6,20,0.05,3.0
1.754,0,-14,6,20,0.05,3.0
1.754,0,-14,6,20,0.05,3.0
1.755,0,-14,6,20,0.05,3.0
1.755,0,-14,6,20,0.05,3.0
1.755,0,-14,6,20,0.05,3.0
1.756,0,-14,6,20,0.05,3.0
1.756,0,-14,6,20,0.05,3.0
1.756,0,-14,6,20,0.05,3.0
1.756,0,-14,6,20,0.05,3.0
1.757,0,-14,6,20,0.05,3.0
1.757,0,-14,6,20,0.05,3.0
1.757,0,-14,6,20,0.05,3.0
1.758,0,-14,6,20,0.05,3.0
1.758,0,-14,6,20,0.05,3.0
1.758,0,-14,6,20,0.05,3.0
1.758,0,-14,6,20,0.05,3.0
1.759,0,-14,6,20,0.05,3.0
1.759,0,-14,6,20,0.05,3.0
1.759,0,-14,6,20,0.05,3.0
1.759,0,-14,6,20,0.05,3.0
1.76,0,-14,6,20,0.05,3.0
1.76,0,-14,6,20,0.05,3.0
1.76,0,-14,6,20,0.05,3.0
1.761,0,-14,6,20,0.05,3.0
1.761,0,-14,6,20,0.05,3.0
1.761,0,-14,6,20,0.05,3.0
1.761,0,-14,6,20,0.05,3.0
1.762,0,-14,6,20,0.05,3.0
1.762,0,-14,6,20,0.05,3.0
1.762,0,-14,6,20,0.05,3.0
1.763,0,-14,6,20,0.05,3.0
1.763,0,-14,6,20,0.05,3.0
1.763,0,-14,6,20,0.05,3.0
1.763,0,-14,6,20,0.05,3.0
1.764,0,-14,6,20,0.05,3.0
1.764,0,-14,6,20,0.05,3.0
1.764,0,-14,6,20,0.05,3.0
1.764,0,-14,6,20,0.05,3.0
1.765,0,-14,6,20,0.05,3.0
1.765,0,-14,6,20,0.05,3.0
1.765,0,-14,6,20,0.05,3.0
1.766,0,-14,6,20,0.05,3.0
1.766,0,-14,6,20,0.05,3.0
1.766,0,-14,6,20,0.05,3.0
1.766,0,-14,6,20,0.05,3.0
1.767,0,-14,6,20,0.05,3.0
1.767,0,-14,6,20,0.05,3.0
1.767,0,-14,6,20,0.05,3.0
1.768,0,-14,6,20,0.05,3.0
1.768,0,-14,6,20,0.05,3.0
1.768,0,-14,6,20,0.05,3.0
1.768,0,-14,6,20,0.05,3.0
1.769,0,-14,6,20,0.05,3.0
1.769,0,-14,6,20,0.05,3.0
1.769,0,-14,6,20,0.05,3.0
1.77,0,-14,6,20,0.05,3.0
1.77,0,-14,6,20,0.05,3.0
1.77,0,-14,6,20,0.05,3.0
1.77,0,-14,6,20,0.05,3.0
1.771,0,-14,6,20,0.05,3.0
1.771,0,-14,6,20,0.05,3.0
1.771,0,-14,6,20,0.05,3.0
1.772,0,-14,6,20,0.05,3.0
1.772,0,-14,6,20,0.05,3.0
1.772,0,-14,6,20,0.05,3.0
1.772,0,-14,6,20,0.05,3.0
1.773,0,-14,6,20,0.05,3.0
1.773,0,-14,6,20,0.05,3.0
1.773,0,-14,6,20,0.05,3.0
1.774,0,-14,6,20,0.05,3.0
1.774,0,-14,6,20,0.05,3.0
1.774,0,-14,6,20,0.05,3.0
1.774,0,-14,6,20,0.05,3.0
1.775,0,-14,6,20,0.05,3.0
1.775,0,-14,6,20,0.05,3.0
1.775,0,-14,6,20,0.05,3.0
1.776,0,-14,6,20,0.05,3.0
1.776,0,-14,6,20,0.05,3.0
1.776,0,-14,6,20,0.05,3.0
1.776,0,-14,6,20,0.05,3.0
1.777,0,-14,6,20,0.05,3.0
1.777,0,-14,6,20,0.05,3.0
1.777,0,-14,6,20,0.05,3.0
1.777,0,-14,6,20,0.05,3.0
1.778,0,-14,6,20,0.05,3.0
1.778,0,-14,6,20,0.05,3.0
1.778,0,-14,6,20,0.05,3.0
1.779,0,-14,6,20,0.05,3.0
1.779,0,-14,6,20,0.05,3.0
1.779,0,-14,6,20,0.05,3.0
1.779,0,-14,6,20,0.05,3.0
1.78,0,-14,6,20,0.05,3.0
1.78,0,-14,6,20,0.05,3.0
1.78,0,-14,6,20,0.05,3.0
1.78,0,-14,6,20,0.05,3.0
1.781,0,-14,6,20,0.05,3.0
1.781,0,-14,6,20,0.05,3.0
1.781,0,-14,6,20,0.05,3.0
1.782,0,-14,6,20,0.05,3.0
1.782,0,-14,6,20,0.05,3.0
1.782,0,-14,6,20,0.05,3.0
1.782,0,-14,6,20,0.05,3.0
1.783,0,-14,6,20,0.05,3.0
1.783,0,-14,6,20,0.05,3.0
1.783,0,-14,6,20,0.05,3.0
1.784,0,-14,6,20,0.05,3.0
1.784,0,-14,6,20,0.05,3.0
1.784,0,-14,6,20,0.05,3.0
1.784,0,-14,6,20,0.05,3.0
1.785,0,-14,6,20,0.05,3.0
1.785,0,-14,6,20,0.05,3.0
1.785,0,-14,6,20,0.05,3.0
1.786,0,-14,6,20,0.05,3.0
1.786,0,-14,6,20,0.05,3.0
1.786,0,-14,6,20,0.05,3.0
1.786,0,-14,6,20,0.05,3.0
1.787,0,-14,6,20,0.05,3.0
1.787,0,-14,6,20,0.05,3.0
1.787,0,-14,6,20,0.05,3.0
1.787,0,-14,6,20,0.05,3.0
1.788,0,-14,6,20,0.05,3.0
1.788,0,-14,6,20,0.05,3.0
1.788,0,-14,6,20,0.05,3.0
1.789,0,-14,6,20,0.05,3.0
1.789,0,-14,6,20,0.05,3.0
1.789,0,-14,6,20,0.05,3.0
1.789,0,-14,6,20,0.05,3.0
1.79,0,-14,6,20,0.05,3.0
1.79,0,-14,6,20,0.05,3.0
1.79,0,-14,6,20,0.05,3.0
1.79,0,-14,6,20,0.05,3.0
1.791,0,-14,6,20,0.05,3.0
1.791,0,-14,6,20,0.05,3.0
1.791,0,-14,6,20,0.05,3.0
1.792,0,-14,6,20,0.05,3.0
1.792,0,-14,6,20,0.05,3.0
1.792,0,-14,6,20,0.05,3.0
1.792,0,-14,6,20,0.05,3.0
1.793,0,-14,6,20,0.05,3.0
1.793,0,-14,6,20,0.05,3.0
1.793,0,-14,6,20,0.05,3.0
1.794,0,-14,6,20,0.05,3.0
1.794,0,-14,6,20,0.05,3.0
1.794,0,-14,6,20,0.05,3.0
1.794,0,-14,6,20,0.05,3.0
1.795,0,-14,6,20,0.05,3.0
1.795,0,-14,6,20,0.05,3.0
1.795,0,-14,6,20,0.05,3.0
1.795,0,-14,6,20,0.05,3.0
1.796,0,-14,6,20,0.05,3.0
1.796,0,-14,6,20,0.05,3.0
1.796,0,-14,6,20,0.05,3.0
1.797,0,-14,6,20,0.05,3.0
1.797,0,-14,6,20,0.05,3.0
1.797,0,-14,6,20,0.05,3.0
1.797,0,-14,6,20,0.05,3.0
1.798,0,-14,6,20,0.05,3.0
1.798,0,-14,6,20,0.05,3.0
1.798,0,-14,6,20,0.05,3.0
1.798,0,-14,6,20,0.05,3.0
1.799,0,-14,6,20,0.05,3.0
1.799,0,-14,6,20,0.05,3.0
1.799,0,-14,6,20,0.05,3.0
1.8,0,-14,6,20,0.05,3.0
1.8,0,-14,6,20,0.05,3.0
1.8,0,-14,6,20,0.05,3.0
1.8,0,-14,6,20,0.05,3.0
1.801,0,-14,6,20,0.05,3.0
1.801,0,-14,6,20,0.05,3.0
1.801,0,-14,6,20,0.05,3.0
1.802,0,-14,6,20,0.05,3.0
1.802,0,-14,6,20,0.05,3.0
1.802,0,-14,6,20,0.05,3.0
1.802,0,-14,6,20,0.05,3.0
1.803,0,-14,6,20,0.05,3.0
1.803,0,-14,6,20,0.05,3.0
1.803,0,-14,6,20,0.05,3.0
1.803,0,-14,6,20,0.05,3.0
1.804,0,-14,6,20,0.05,3.0
1.804,0,-14,6,20,0.05,3.0
1.804,0,-14,6,20,0.05,3.0
1.805,0,-14,6,20,0.05,3.0
1.805,0,-14,6,20,0.05,3.0
1.805,0,-14,6,20,0.05,3.0
1.805,0,-14,6,20,0.05,3.0
1.806,0,-14,6,20,0.05,3.0
1.806,0,-14,6,20,0.05,3.0
1.806,0,-14,6,20,0.05,3.0
1.806,0,-14,6,20,0.05,3.0
1.807,0,-14,6,20,0.05,3.0
1.807,0,-14,6,20,0.05,3.0
1.807,0,-14,6,20,0.05,3.0
1.808,0,-14,6,20,0.05,3.0
1.808,0,-14,6,20,0.05,3.0
1.808,0,-14,6,20,0.05,3.0
1.808,0,-14,6,20,0.05,3.0
1.809,0,-14,6,20,0.05,3.0
1.809,0,-14,6,20,0.05,3.0
1.809,0,-14,6,20,0.05,3.0
1.81,0,-14,6,20,0.05,3.0
1.81,0,-14,6,20,0.05,3.0
1.81,0,-14,6,20,0.05,3.0
1.81,0,-14,6,20,0.05,3.0
1.811,0,-14,6,20,0.05,3.0
1.811,0,-14,6,20,0.05,3.0
1.811,0,-14,6,20,0.05,3.0
1.812,0,-14,6,20,0.05,3.0
1.812,0,-14,6,20,0.05,3.0
1.812,0,-14,6,20,0.05,3.0
1.812,0,-14,6,20,0.05,3.0
1.813,0,-14,6,20,0.05,3.0
1.813,0,-14,6,20,0.05,3.0
1.813,0,-14,6,20,0.05,3.0
1.813,0,-14,6,20,0.05,3.0
1.814,0,-14,6,20,0.05,3.0
1.814,0,-14,6,20,0.05,3.0
1.814,0,-14,6,20,0.05,3.0
1.815,0,-14,6,20,0.05,3.0
1.815,0,-14,6,20,0.05,3.0
1.815,0,-14,6,20,0.05,3.0
1.815,0,-14,6,20,0.05,3.0
1.816,0,-14,6,20,0.05,3.0
1.816,0,-14,6,20,0.05,3.0
1.816,0,-14,6,20,0.05,3.0
1.817,0,-14,6,20,0.05,3.0
1.817,0,-14,6,20,0.05,3.0
1.817,0,-14,6,20,0.05,3.0
1.817,0,-14,6,20,0.05,3.0
1.818,0,-14,6,20,0.05,3.0
1.818,0,-14,6,20,0.05,3.0
1.818,0,-14,6,20,0.05,3.0
1.818,0,-14,6,20,0.05,3.0
1.819,0,-14,6,20,0.05,3.0
1.819,0,-14,6,20,0.05,3.0
1.819,0,-14,6,20,0.05,3.0
1.82,0,-14,6,20,0.05,3.0
1.82,0,-14,6,20,0.05,3.0
1.82,0,-14,6,20,0.05,3.0
1.82,0,-14,6,20,0.05,3.0
1.821,0,-14,6,20,0.05,3.0
1.821,0,-14,6,20,0.05,3.0
1.821,0,-14,6,20,0.05,3.0
1.822,0,-14,6,20,0.05,3.0
1.822,0,-14,6,20,0.05,3.0
1.822,0,-14,6,20,0.05,3.0
1.822,0,-14,6,20,0.05,3.0
1.823,0,-14,6,20,0.05,3.0
1.823,0,-14,6,20,0.05,3.0
1.823,0,-14,6,20,0.05,3.0
1.823,0,-14,6,20,0.05,3.0
1.824,0,-14,6,20,0.05,3.0
1.824,0,-14,6,20,0.05,3.0
1.824,0,-14,6,20,0.05,3.0
1.825,0,-14,6,20,0.05,3.0
1.825,0,-14,6,20,0.05,3.0
1.825,0,-14,6,20,0.05,3.0
1.825,0,-14,6,20,0.05,3.0
1.826,0,-14,6,20,0.05,3.0
1.826,0,-14,6,20,0.05,3.0
1.826,0,-14,6,20,0.05,3.0
1.827,0,-14,6,20,0.05,3.0
1.827,0,-14,6,20,0.05,3.0
1.827,0,-14,6,20,0.05,3.0
1.827,0,-14,6,20,0.05,3.0
1.828,0,-14,6,20,0.05,3.0
1.828,0,-14,6,20,0.05,3.0
1.828,0,-14,6,20,0.05,3.0
1.828,0,-14,6,20,0.05,3.0
1.829,0,-14,6,20,0.05,3.0
1.829,-1,-15,6,21,0.05,3.0
1.829,0,-15,6,21,0.05,3.0
1.83,0,-15,6,21,0.05,3.0
1.83,0,-15,6,21,0.05,3.0
1.83,0,-15,6,21,0.05,3.0
1.83,0,-15,6,21,0.05,3.0
1.831,0,-15,6,21,0.05,3.0
1.831,0,-15,6,21,0.05,3.0
1.831,0,-15,6,21,0.05,3.0
1.832,0,-15,6,21,0.05,3.0
1.832,0,-15,6,21,0.05,3.0
1.832,0,-15,6,21,0.05,3.0
1.832,0,-15,6,21,0.05,3.0
1.833,0,-15,6,21,0.05,3.0
1.833,0,-15,6,21,0.05,3.0
1.833,0,-15,6,21,0.05,3.0
1.833,0,-15,6,21,0.05,3.0
1.834,0,-15,6,21,0.05,3.0
1.834,0,-15,6,21,0.05,3.0
1.834,0,-15,6,21,0.05,3.0
1.835,0,-15,6,21,0.05,3.0
1.835,0,-15,6,21,0.05,3.0
1.835,0,-15,6,21,0.05,3.0
1.835,0,-15,6,21,0.05,3.0
1.836,0,-15,6,21,0.05,3.0
1.836,0,-15,6,21,0.05,3.0
1.836,0,-15,6,21,0.05,3.0
1.837,0,-15,6,21,0.05,3.0
1.837,0,-15,6,21,0.05,3.0
1.837,0,-15,6,21,0.05,3.0
1.837,0,-15,6,21,0.05,3.0
1.838,0,-15,6,21,0.05,3.0
1.838,0,-15,6,21,0.05,3.0
1.838,0,-15,6,21,0.05,3.0
1.839,0,-15,6,21,0.05,3.0
1.839,0,-15,6,21,0.05,3.0
1.839,0,-15,6,21,0.05,3.0
1.839,0,-15,6,21,0.05,3.0
1.84,0,-15,6,21,0.05,3.0
1.84,0,-15,6,21,0.05,3.0
1.84,0,-15,6,21,0.05,3.0
1.84,0,-15,6,21,0.05,3.0
1.841,0,-15,6,21,0.05,3.0
1.841,0,-15,6,21,0.05,3.0
1.841,0,-15,6,21,0.05,3.0
1.842,0,-15,6,21,0.05,3.0
1.842,0,-15,6,21,0.05,3.0
1.842,0,-15,6,21,0.05,3.0
1.842,0,-15,6,21,0.05,3.0
1.843,0,-15,6,21,0.05,3.0
1.843,0,-15,6,21,0.05,3.0
1.843,0,-15,6,21,0.05,3.0
1.844,0,-15,6,21,0.05,3.0
1.844,0,-15,6,21,0.05,3.0
1.844,0,-15,6,21,0.05,3.0
1.844,0,-15,6,21,0.05,3.0
1.845,0,-15,6,21,0.05,3.0
1.845,0,-15,6,21,0.05,3.0
1.845,0,-15,6,21,0.05,3.0
1.845,0,-15,6,21,0.05,3.0
1.846,0,-15,6,21,0.05,3.0
1.846,0,-15,6,21,0.05,3.0
1.846,0,-15,6,21,0.05,3.0
1.847,0,-15,6,21,0.05,3.0
1.847,0,-15,6,21,0.05,3.0
1.847,0,-15,6,21,0.05,3.0
1.847,0,-15,6,21,0.05,3.0
1.848,0,-15,6,21,0.05,3.0
1.848,0,-15,6,21,0.05,3.0
1.848,0,-15,6,21,0.05,3.0
1.849,0,-15,6,21,0.05,3.0
1.849,0,-15,6,21,0.05,3.0
1.849,0,-15,6,21,0.05,3.0
1.849,0,-15,6,21,0.05,3.0
1.85,0,-15,6,21,0.05,3.0
1.85,0,-15,6,21,0.05,3.0
1.85,0,-15,6,21,0.05,3.0
1.85,0,-15,6,21,0.05,3.0
1.851,0,-15,6,21,0.05,3.0
1.851,0,-15,6,21,0.05,3.0
1.851,0,-15,6,21,0.05,3.0
1.852,0,-15,6,21,0.05,3.0
1.852,0,-15,6,21,0.05,3.0
1.852,0,-15,6,21,0.05,3.0
1.852,0,-15,6,21,0.05,3.0
1.853,0,-15,6,21,0.05,3.0
1.853,0,-15,6,21,0.05,3.0
1.853,0,-15,6,21,0.05,3.0
1.854,0,-15,6,21,0.05,3.0
1.854,0,-15,6,21,0.05,3.0
1.854,0,-15,6,21,0.05,3.0
1.854,0,-15,6,21,0.05,3.0
1.855,0,-15,6,21,0.05,3.0
1.855,0,-15,6,21,0.05,3.0
1.855,0,-15,6,21,0.05,3.0
1.855,0,-15,6,21,0.05,3.0
1.856,0,-15,6,21,0.05,3.0
1.856,0,-15,6,21,0.05,3.0
1.856,0,-15,6,21,0.05,3.0
1.857,0,-15,6,21,0.05,3.0
1.857,0,-15,6,21,0.05,3.0
1.857,0,-15,6,21,0.05,3.0
1.857,0,-15,6,21,0.05,3.0
1.858,0,-15,6,21,0.05,3.0
1.858,0,-15,6,21,0.05,3.0
1.858,0,-15,6,21,0.05,3.0
1.859,0,-15,6,21,0.05,3.0
1.859,0,-15,6,21,0.05,3.0
1.859,0,-15,6,21,0.05,3.0
1.859,0,-15,6,21,0.05,3.0
1.86,0,-15,6,21,0.05,3.0
1.86,0,-15,6,21,0.05,3.0
1.86,0,-15,6,21,0.05,3.0
1.86,0,-15,6,21,0.05,3.0
1.861,0,-15,6,21,0.05,3.0
1.861,0,-15,6,21,0.05,3.0
1.861,0,-15,6,21,0.05,3.0
1.862,0,-15,6,21,0.05,3.0
1.862,0,-15,6,21,0.05,3.0
1.862,0,-15,6,21,0.05,3.0
1.862,0,-15,6,21,0.05,3.0
1.863,0,-15,6,21,0.05,3.0
1.863,0,-15,6,21,0.05,3.0
1.863,0,-15,6,21,0.05,3.0
1.863,0,-15,6,21,0.05,3.0
1.864,0,-15,6,21,0.05,3.0
1.864,0,-15,6,21,0.05,3.0
1.864,0,-15,6,21,0.05,3.0
1.865,0,-15,6,21,0.05,3.0
1.865,0,-15,6,21,0.05,3.0
1.865,0,-15,6,21,0.05,3.0
1.865,0,-15,6,21,0.05,3.0
1.866,0,-15,6,21,0.05,3.0
1.866,0,-15,6,21,0.05,3.0
1.866,0,-15,6,21,0.05,3.0
1.867,0,-15,6,21,0.05,3.0
1.867,0,-15,6,21,0.05,3.0
1.867,0,-15,6,21,0.05,3.0
1.867,0,-15,6,21,0.05,3.0
1.868,0,-15,6,21,0.05,3.0
1.868,0,-15,6,21,0.05,3.0
1.868,0,-15,6,21,0.05,3.0
1.868,0,-15,6,21,0.05,3.0
1.869,0,-15,6,21,0.05,3.0
1.869,0,-15,6,21,0.05,3.0
1.869,0,-15,6,21,0.05,3.0
1.869,0,-15,6,21,0.05,3.0
1.87,0,-15,6,21,0.05,3.0
1.87,0,-15,6,21,0.05,3.0
1.87,0,-15,6,21,0.05,3.0
1.871,0,-15,6,21,0.05,3.0
1.871,0,-15,6,21,0.05,3.0
1.871,0,-15,6,21,0.05,3.0
1.871,0,-15,6,21,0.05,3.0
1.872,0,-15,6,21,0.05,3.0
1.872,0,-15,6,21,0.05,3.0
1.872,0,-15,6,21,0.05,3.0
1.873,0,-15,6,21,0.05,3.0
1.873,0,-15,6,21,0.05,3.0
1.873,0,-15,6,21,0.05,3.0
1.873,0,-15,6,21,0.05,3.0
1.874,0,-15,6,21,0.05,3.0
1.874,0,-15,6,21,0.05,3.0
1.874,0,-15,6,21,0.05,3.0
1.875,0,-15,6,21,0.05,3.0
1.875,0,-15,6,21,0.05,3.0
1.875,0,-15,6,21,0.05,3.0
1.875,0,-15,6,21,0.05,3.0
1.876,0,-15,6,21,0.05,3.0
1.876,0,-15,6,21,0.05,3.0
1.876,0,-15,6,21,0.05,3.0
1.876,0,-15,6,21,0.05,3.0
1.877,0,-15,6,21,0.05,3.0
1.877,0,-15,6,21,0.05,3.0
1.877,0,-15,6,21,0.05,3.0
1.878,0,-15,6,21,0.05,3.0
1.878,0,-15,6,21,0.05,3.0
1.878,0,-15,6,21,0.05,3.0
1.878,0,-15,6,21,0.05,3.0
1.879,0,-15,6,21,0.05,3.0
1.879,0,-15,6,21,0.05,3.0
1.879,0,-15,6,21,0.05,3.0
1.88,0,-15,6,21,0.05,3.0
1.88,0,-15,6,21,0.05,3.0
1.88,0,-15,6,21,0.05,3.0
1.88,0,-15,6,21,0.05,3.0
1.881,0,-15,6,21,0.05,3.0
1.881,0,-15,6,21,0.05,3.0
1.881,0,-15,6,21,0.05,3.0
1.882,0,-15,6,21,0.05,3.0
1.882,0,-15,6,21,0.05,3.0
1.882,0,-15,6,21,0.05,3.0
1.882,0,-15,6,21,0.05,3.0
1.883,0,-15,6,21,0.05,3.0
1.883,0,-15,6,21,0.05,3.0
1.883,0,-15,6,21,0.05,3.0
1.883,0,-15,6,21,0.05,3.0
1.884,0,-15,6,21,0.05,3.0
1.884,0,-15,6,21,0.05,3.0
1.884,0,-15,6,21,0.05,3.0
1.885,0,-15,6,21,0.05,3.0
1.885,0,-15,6,21,0.05,3.0
1.885,0,-15,6,21,0.05,3.0
1.885,0,-15,6,21,0.05,3.0
1.886,0,-15,6,21,0.05,3.0
1.886,0,-15,6,21,0.05,3.0
1.886,0,-15,6,21,0.05,3.0
1.887,0,-15,6,21,0.05,3.0
1.887,0,-15,6,21,0.05,3.0
1.887,0,-15,6,21,0.05,3.0
1.887,0,-15,6,21,0.05,3.0
1.888,0,-15,6,21,0.05,3.0
1.888,0,-15,6,21,0.05,3.0
1.888,0,-15,6,21,0.05,3.0
1.889,0,-15,6,21,0.05,3.0
1.889,0,-15,6,21,0.05,3.0
1.889,0,-15,6,21,0.05,3.0
1.89,0,-15,6,21,0.05,3.0
1.89,0,-15,6,21,0.05,3.0
1.89,0,-15,6,21,0.05,3.0
1.89,0,-15,6,21,0.05,3.0
1.891,0,-15,6,21,0.05,3.0
1.891,0,-15,6,21,0.05,3.0
1.891,0,-15,6,21,0.05,3.0
1.892,0,-15,6,21,0.05,3.0
1.892,0,-15,6,21,0.05,3.0
1.892,0,-15,6,21,0.05,3.0
1.893,0,-15,6,21,0.05,3.0
1.893,0,-15,6,21,0.05,3.0
1.893,0,-15,6,21,0.05,3.0
1.894,0,-15,6,21,0.05,3.0
1.894,0,-15,6,21,0.05,3.0
1.894,0,-15,6,21,0.05,3.0
1.895,0,-15,6,21,0.05,3.0
1.895,0,-15,6,21,0.05,3.0
1.895,0,-15,6,21,0.05,3.0
1.895,0,-15,6,21,0.05,3.0
1.896,0,-15,6,21,0.05,3.0
1.896,0,-15,6,21,0.05,3.0
1.896,0,-15,6,21,0.05,3.0
1.897,0,-15,6,21,0.05,3.0
1.897,0,-15,6,21,0.05,3.0
1.897,0,-15,6,21,0.05,3.0
1.897,0,-15,6,21,0.05,3.0
1.898,0,-15,6,21,0.05,3.0
1.898,0,-15,6,21,0.05,3.0
1.898,0,-15,6,21,0.05,3.0
1.898,0,-15,6,21,0.05,3.0
1.899,0,-15,6,21,0.05,3.0
1.899,0,-15,6,21,0.05,3.0
1.899,0,-15,6,21,0.05,3.0
1.9,0,-15,6,21,0.05,3.0
1.9,0,-15,6,21,0.05,3.0
1.9,0,-15,6,21,0.05,3.0
1.9,0,-15,6,21,0.05,3.0
1.901,0,-15,6,21,0.05,3.0
1.901,0,-15,6,21,0.05,3.0
1.901,0,-15,6,21,0.05,3.0
1.901,0,-15,6,21,0.05,3.0
1.902,0,-15,6,21,0.05,3.0
1.902,0,-15,6,21,0.05,3.0
1.902,0,-15,6,21,0.05,3.0
1.903,0,-15,6,21,0.05,3.0
1.903,0,-15,6,21,0.05,3.0
1.903,0,-15,6,21,0.05,3.0
1.903,0,-15,6,21,0.05,3.0
1.904,0,-15,6,21,0.05,3.0
1.904,0,-15,6,21,0.05,3.0
1.904,0,-15,6,21,0.05,3.0
1.905,0,-15,6,21,0.05,3.0
1.905,0,-15,6,21,0.05,3.0
1.905,0,-15,6,21,0.05,3.0
1.905,0,-15,6,21,0.05,3.0
1.906,0,-15,6,21,0.05,3.0
1.906,0,-15,6,21,0.05,3.0
1.906,0,-15,6,21,0.05,3.0
1.907,0,-15,6,21,0.05,3.0
1.907,0,-15,6,21,0.05,3.0
1.907,0,-15,6,21,0.05,3.0
1.907,0,-15,6,21,0.05,3.0
1.908,0,-15,6,21,0.05,3.0
1.908,0,-15,6,21,0.05,3.0
1.908,0,-15,6,21,0.05,3.0
1.908,0,-15,6,21,0.05,3.0
1.909,0,-15,6,21,0.05,3.0
1.909,0,-15,6,21,0.05,3.0
1.909,0,-15,6,21,0.05,3.0
1.91,0,-15,6,21,0.05,3.0
1.91,0,-15,6,21,0.05,3.0
1.91,0,-15,6,21,0.05,3.0
1.91,0,-15,6,21,0.05,3.0
1.911,0,-15,6,21,0.05,3.0
1.911,0,-15,6,21,0.05,3.0
1.911,0,-15,6,21,0.05,3.0
1.912,0,-15,6,21,0.05,3.0
1.912,0,-15,6,21,0.05,3.0
1.912,0,-15,6,21,0.05,3.0
1.912,0,-15,6,21,0.05,3.0
1.913,0,-15,6,21,0.05,3.0
1.913,0,-15,6,21,0.05,3.0
1.913,-1,-16,6,22,0.05,3.0
1.913,0,-16,6,22,0.05,3.0
1.914,0,-16,6,22,0.05,3.0
1.914,0,-16,6,22,0.05,3.0
1.914,0,-16,6,22,0.05,3.0
1.915,0,-16,6,22,0.05,3.0
1.915,0,-16,6,22,0.05,3.0
1.915,0,-16,6,22,0.05,3.0
1.915,0,-16,6,22,0.05,3.0
1.916,0,-16,6,22,0.05,3.0
1.916,0,-16,6,22,0.05,3.0
1.916,0,-16,6,22,0.05,3.0
1.917,0,-16,6,22,0.05,3.0
1.917,0,-16,6,22,0.05,3.0
1.917,0,-16,6,22,0.05,3.0
1.917,0,-16,6,22,0.05,3.0
1.918,0,-16,6,22,0.05,3.0
1.918,0,-16,6,22,0.05,3.0
1.918,0,-16,6,22,0.05,3.0
1.919,0,-16,6,22,0.05,3.0
1.919,0,-16,6,22,0.05,3.0
1.919,0,-16,6,22,0.05,3.0
1.919,0,-16,6,22,0.05,3.0
1.92,0,-16,6,22,0.05,3.0
1.92,0,-16,6,22,0.05,3.0
1.92,0,-16,6,22,0.05,3.0
1.92,0,-16,6,22,0.05,3.0
1.921,0,-16,6,22,0.05,3.0
1.921,0,-16,6,22,0.05,3.0
1.921,0,-16,6,22,0.05,3.0
1.922,0,-16,6,22,0.05,3.0
1.922,0,-16,6,22,0.05,3.0
1.922,0,-16,6,22,0.05,3.0
1.922,0,-16,6,22,0.05,3.0
1.923,0,-16,6,22,0.05,3.0
1.923,0,-16,6,22,0.05,3.0
1.923,0,-16,6,22,0.05,3.0
1.923,0,-16,6,22,0.05,3.0
1.924,0,-16,6,22,0.05,3.0
1.924,0,-16,6,22,0.05,3.0
1.924,0,-16,6,22,0.05,3.0
1.925,0,-16,6,22,0.05,3.0
1.925,0,-16,6,22,0.05,3.0
1.925,0,-16,6,22,0.05,3.0
1.925,0,-16,6,22,0.05,3.0
1.926,0,-16,6,22,0.05,3.0
1.926,0,-16,6,22,0.05,3.0
1.926,0,-16,6,22,0.05,3.0
1.927,0,-16,6,22,0.05,3.0
1.927,0,-16,6,22,0.05,3.0
1.927,0,-16,6,22,0.05,3.0
1.928,0,-16,6,22,0.05,3.0
1.928,0,-16,6,22,0.05,3.0
1.928,0,-16,6,22,0.05,3.0
1.928,0,-16,6,22,0.05,3.0
1.929,0,-16,6,22,0.05,3.0
1.929,0,-16,6,22,0.05,3.0
1.929,0,-16,6,22,0.05,3.0
1.929,0,-16,6,22,0.05,3.0
1.93,0,-16,6,22,0.05,3.0
1.93,0,-16,6,22,0.05,3.0
1.93,0,-16,6,22,0.05,3.0
1.931,0,-16,6,22,0.05,3.0
1.931,0,-16,6,22,0.05,3.0
1.931,0,-16,6,22,0.05,3.0
1.931,0,-16,6,22,0.05,3.0
1.932,0,-16,6,22,0.05,3.0
1.932,0,-16,6,22,0.05,3.0
1.932,0,-16,6,22,0.05,3.0
1.933,0,-16,6,22,0.05,3.0
1.933,0,-16,6,22,0.05,3.0
1.933,0,-16,6,22,0.05,3.0
1.933,0,-16,6,22,0.05,3.0
1.934,0,-16,6,22,0.05,3.0
1.934,0,-16,6,22,0.05,3.0
1.934,0,-16,6,22,0.05,3.0
1.935,0,-16,6,22,0.05,3.0
1.935,0,-16,6,22,0.05,3.0
1.935,0,-16,6,22,0.05,3.0
1.935,0,-16,6,22,0.05,3.0
1.936,0,-16,6,22,0.05,3.0
1.936,0,-16,6,22,0.05,3.0
1.936,0,-16,6,22,0.05,3.0
1.936,0,-16,6,22,0.05,3.0
1.937,0,-16,6,22,0.05,3.0
1.937,0,-16,6,22,0.05,3.0
1.937,0,-16,6,22,0.05,3.0
1.938,0,-16,6,22,0.05,3.0
1.938,0,-16,6,22,0.05,3.0
1.938,0,-16,6,22,0.05,3.0
1.938,0,-16,6,22,0.05,3.0
1.939,0,-16,6,22,0.05,3.0
1.939,0,-16,6,22,0.05,3.0
1.939,0,-16,6,22,0.05,3.0
1.94,0,-16,6,22,0.05,3.0
1.94,0,-16,6,22,0.05,3.0
1.94,0,-16,6,22,0.05,3.0
1.94,0,-16,6,22,0.05,3.0
1.941,0,-16,6,22,0.05,3.0
1.941,0,-16,6,22,0.05,3.0
1.941,0,-16,6,22,0.05,3.0
1.941,0,-16,6,22,0.05,3.0
1.942,0,-16,6,22,0.05,3.0
1.942,0,-16,6,22,0.05,3.0
1.942,0,-16,6,22,0.05,3.0
1.943,0,-16,6,22,0.05,3.0
1.943,0,-16,6,22,0.05,3.0
1.943,0,-16,6,22,0.05,3.0
1.943,0,-16,6,22,0.05,3.0
1.944,0,-16,6,22,0.05,3.0
1.944,0,-16,6,22,0.05,3.0
1.944,0,-16,6,22,0.05,3.0
1.945,0,-16,6,22,0.05,3.0
1.945,0,-16,6,22,0.05,3.0
1.945,0,-16,6,22,0.05,3.0
1.945,0,-16,6,22,0.05,3.0
1.946,0,-16,6,22,0.05,3.0
1.946,0,-16,6,22,0.05,3.0
1.946,0,-16,6,22,0.05,3.0
1.946,0,-16,6,22,0.05,3.0
1.947,0,-16,6,22,0.05,3.0
1.947,0,-16,6,22,0.05,3.0
1.947,0,-16,6,22,0.05,3.0
1.948,0,-16,6,22,0.05,3.0
1.948,0,-16,6,22,0.05,3.0
1.948,0,-16,6,22,0.05,3.0
1.948,0,-16,6,22,0.05,3.0
1.949,0,-16,6,22,0.05,3.0
1.949,0,-16,6,22,0.05,3.0
1.949,0,-16,6,22,0.05,3.0
1.95,0,-16,6,22,0.05,3.0
1.95,0,-16,6,22,0.05,3.0
1.95,0,-16,6,22,0.05,3.0
1.95,0,-16,6,22,0.05,3.0
1.951,0,-16,6,22,0.05,3.0
1.951,0,-16,6,22,0.05,3.0
1.951,0,-16,6,22,0.05,3.0
1.952,0,-16,6,22,0.05,3.0
1.952,0,-16,6,22,0.05,3.0
1.952,0,-16,6,22,0.05,3.0
1.952,0,-16,6,22,0.05,3.0
1.953,0,-16,6,22,0.05,3.0
1.953,0,-16,6,22,0.05,3.0
1.953,0,-16,6,22,0.05,3.0
1.953,0,-16,6,22,0.05,3.0
1.954,0,-16,6,22,0.05,3.0
1.954,0,-16,6,22,0.05,3.0
1.954,0,-16,6,22,0.05,3.0
1.955,0,-16,6,22,0.05,3.0
1.955,0,-16,6,22,0.05,3.0
1.955,0,-16,6,22,0.05,3.0
1.955,0,-16,6,22,0.05,3.0
1.956,0,-16,6,22,0.05,3.0
1.956,0,-16,6,22,0.05,3.0
1.956,0,-16,6,22,0.05,3.0
1.957,0,-16,6,22,0.05,3.0
1.957,0,-16,6,22,0.05,3.0
1.957,0,-16,6,22,0.05,3.0
1.957,0,-16,6,22,0.05,3.0
1.958,0,-16,6,22,0.05,3.0
1.958,0,-16,6,22,0.05,3.0
1.958,0,-16,6,22,0.05,3.0
1.958,0,-16,6,22,0.05,3.0
1.959,0,-16,6,22,0.05,3.0
1.959,0,-16,6,22,0.05,3.0
1.959,0,-16,6,22,0.05,3.0
1.96,0,-16,6,22,0.05,3.0
1.96,0,-16,6,22,0.05,3.0
1.96,0,-16,6,22,0.05,3.0
1.96,0,-16,6,22,0.05,3.0
1.961,0,-16,6,22,0.05,3.0
1.961,0,-16,6,22,0.05,3.0
1.961,0,-16,6,22,0.05,3.0
1.962,0,-16,6,22,0.05,3.0
1.962,0,-16,6,22,0.05,3.0
1.962,0,-16,6,22,0.05,3.0
1.962,0,-16,6,22,0.05,3.0
1.963,0,-16,6,22,0.05,3.0
1.963,0,-16,6,22,0.05,3.0
1.963,0,-16,6,22,0.05,3.0
1.964,0,-16,6,22,0.05,3.0
1.964,0,-16,6,22,0.05,3.0
1.964,0,-16,6,22,0.05,3.0
1.965,0,-16,6,22,0.05,3.0
1.965,0,-16,6,22,0.05,3.0
1.965,0,-16,6,22,0.05,3.0
1.966,0,-16,6,22,0.05,3.0
1.966,0,-16,6,22,0.05,3.0
1.966,0,-16,6,22,0.05,3.0
1.966,0,-16,6,22,0.05,3.0
1.967,0,-16,6,22,0.05,3.0
1.967,0,-16,6,22,0.05,3.0
1.968,0,-16,6,22,0.05,3.0
1.968,0,-16,6,22,0.05,3.0
1.968,0,-16,6,22,0.05,3.0
1.968,0,-16,6,22,0.05,3.0
1.969,0,-16,6,22,0.05,3.0
1.969,0,-16,6,22,0.05,3.0
1.969,0,-16,6,22,0.05,3.0
1.97,0,-16,6,22,0.05,3.0
1.97,0,-16,6,22,0.05,3.0
1.97,0,-16,6,22,0.05,3.0
1.97,0,-16,6,22,0.05,3.0
1.971,0,-16,6,22,0.05,3.0
1.971,0,-16,6,22,0.05,3.0
1.971,0,-16,6,22,0.05,3.0
1.972,0,-16,6,22,0.05,3.0
1.972,0,-16,6,22,0.05,3.0
1.972,0,-16,6,22,0.05,3.0
1.973,0,-16,6,22,0.05,3.0
1.973,0,-16,6,22,0.05,3.0
1.973,0,-16,6,22,0.05,3.0
1.973,0,-16,6,22,0.05,3.0
1.974,0,-16,6,22,0.05,3.0
1.974,0,-16,6,22,0.05,3.0
1.974,0,-16,6,22,0.05,3.0
1.974,0,-16,6,22,0.05,3.0
1.975,0,-16,6,22,0.05,3.0
1.975,0,-16,6,22,0.05,3.0
1.975,0,-16,6,22,0.05,3.0
1.976,0,-16,6,22,0.05,3.0
1.976,0,-16,6,22,0.05,3.0
1.976,0,-16,6,22,0.05,3.0
1.976,0,-16,6,22,0.05,3.0
1.977,0,-16,6,22,0.05,3.0
1.977,0,-16,6,22,0.05,3.0
1.977,0,-16,6,22,0.05,3.0
1.978,0,-16,6,22,0.05,3.0
1.978,0,-16,6,22,0.05,3.0
1.978,0,-16,6,22,0.05,3.0
1.979,0,-16,6,22,0.05,3.0
1.979,0,-16,6,22,0.05,3.0
1.979,0,-16,6,22,0.05,3.0
1.979,0,-16,6,22,0.05,3.0
1.98,0,-16,6,22,0.05,3.0
1.98,0,-16,6,22,0.05,3.0
1.98,0,-16,6,22,0.05,3.0
1.981,0,-16,6,22,0.05,3.0
1.981,0,-16,6,22,0.05,3.0
1.981,0,-16,6,22,0.05,3.0
1.981,0,-16,6,22,0.05,3.0
1.982,0,-16,6,22,0.05,3.0
1.982,0,-16,6,22,0.05,3.0
1.982,0,-16,6,22,0.05,3.0
1.982,0,-16,6,22,0.05,3.0
1.983,0,-16,6,22,0.05,3.0
1.983,0,-16,6,22,0.05,3.0
1.983,0,-16,6,22,0.05,3.0
1.984,0,-16,6,22,0.05,3.0
1.984,0,-16,6,22,0.05,3.0
1.984,0,-16,6,22,0.05,3.0
1.984,0,-16,6,22,0.05,3.0
1.985,0,-16,6,22,0.05,3.0
1.985,0,-16,6,22,0.05,3.0
1.985,0,-16,6,22,0.05,3.0
1.986,0,-16,6,22,0.05,3.0
1.986,0,-16,6,22,0.05,3.0
1.986,0,-16,6,22,0.05,3.0
1.986,0,-16,6,22,0.05,3.0
1.987,0,-16,6,22,0.05,3.0
1.987,0,-16,6,22,0.05,3.0
1.987,0,-16,6,22,0.05,3.0
1.988,0,-16,6,22,0.05,3.0
1.988,0,-16,6,22,0.05,3.0
1.988,0,-16,6,22,0.05,3.0
1.988,0,-16,6,22,0.05,3.0
1.989,0,-16,6,22,0.05,3.0
1.989,0,-16,6,22,0.05,3.0
1.989,0,-16,6,22,0.05,3.0
1.99,0,-16,6,22,0.05,3.0
1.99,0,-16,6,22,0.05,3.0
1.99,0,-16,6,22,0.05,3.0
1.99,0,-16,6,22,0.05,3.0
1.991,0,-16,6,22,0.05,3.0
1.991,0,-16,6,22,0.05,3.0
1.991,0,-16,6,22,0.05,3.0
1.992,0,-16,6,22,0.05,3.0
1.992,0,-16,6,22,0.05,3.0
1.992,0,-16,6,22,0.05,3.0
1.992,0,-16,6,22,0.05,3.0
1.993,0,-16,6,22,0.05,3.0
1.993,0,-16,6,22,0.05,3.0
1.993,0,-16,6,22,0.05,3.0
1.993,0,-16,6,22,0.05,3.0
1.994,0,-16,6,22,0.05,3.0
1.994,0,-16,6,22,0.05,3.0
1.994,0,-16,6,22,0.05,3.0
1.995,0,-16,6,22,0.05,3.0
1.995,0,-16,6,22,0.05,3.0
1.995,0,-16,6,22,0.05,3.0
1.995,0,-16,6,22,0.05,3.0
1.996,0,-16,6,22,0.05,3.0
1.996,0,-16,6,22,0.05,3.0
1.996,0,-16,6,22,0.05,3.0
1.997,0,-16,6,22,0.05,3.0
1.997,0,-16,6,22,0.05,3.0
1.997,0,-16,6,22,0.05,3.0
1.997,0,-16,6,22,0.05,3.0
1.998,0,-16,6,22,0.05,3.0
1.998,0,-16,6,22,0.05,3.0
1.998,-1,-17,6,23,0.05,3.0
1.998,0,-17,6,23,0.05,3.0
1.999,0,-17,6,23,0.05,3.0
1.999,0,-17,6,23,0.05,3.0
1.999,0,-17,6,23,0.05,3.0
2.0,0,-17,6,23,0.05,3.0
2.0,0,-17,6,23,0.05,3.0
2.0,0,-17,6,23,0.05,3.0
2.0,0,-17,6,23,0.05,3.0
2.001,0,-17,6,23,0.05,3.0
2.001,0,-17,6,23,0.05,3.0
2.001,0,-17,6,23,0.05,3.0
2.002,0,-17,6,23,0.05,3.0
2.002,0,-17,6,23,0.05,3.0
2.002,0,-17,6,23,0.05,3.0
2.002,0,-17,6,23,0.05,3.0
2.003,0,-17,6,23,0.05,3.0
2.003,0,-17,6,23,0.05,3.0
2.003,0,-17,6,23,0.05,3.0
2.004,0,-17,6,23,0.05,3.0
2.004,0,-17,6,23,0.05,3.0
2.004,0,-17,6,23,0.05,3.0
2.004,0,-17,6,23,0.05,3.0
2.005,0,-17,6,23,0.05,3.0
2.005,0,-17,6,23,0.05,3.0
2.005,0,-17,6,23,0.05,3.0
2.005,0,-17,6,23,0.05,3.0
2.006,0,-17,6,23,0.05,3.0
2.006,0,-17,6,23,0.05,3.0
2.006,0,-17,6,23,0.05,3.0
2.007,0,-17,6,23,0.05,3.0
2.007,0,-17,6,23,0.05,3.0
2.007,0,-17,6,23,0.05,3.0
2.007,0,-17,6,23,0.05,3.0
2.008,0,-17,6,23,0.05,3.0
2.008,0,-17,6,23,0.05,3.0
2.008,0,-17,6,23,0.05,3.0
2.009,0,-17,6,23,0.05,3.0
2.009,0,-17,6,23,0.05,3.0
2.009,0,-17,6,23,0.05,3.0
2.009,0,-17,6,23,0.05,3.0
2.01,0,-17,6,23,0.05,3.0
2.01,0,-17,6,23,0.05,3.0
2.01,0,-17,6,23,0.05,3.0
2.011,0,-17,6,23,0.05,3.0
2.011,0,-17,6,23,0.05,3.0
2.011,0,-17,6,23,0.05,3.0
2.011,0,-17,6,23,0.05,3.0
2.012,0,-17,6,23,0.05,3.0
2.012,0,-17,6,23,0.05,3.0
2.012,0,-17,6,23,0.05,3.0
2.012,0,-17,6,23,0.05,3.0
2.013,0,-17,6,23,0.05,3.0
2.013,0,-17,6,23,0.05,3.0
2.013,0,-17,6,23,0.05,3.0
2.014,0,-17,6,23,0.05,3.0
2.014,0,-17,6,23,0.05,3.0
2.014,0,-17,6,23,0.05,3.0
2.014,0,-17,6,23,0.05,3.0
2.015,0,-17,6,23,0.05,3.0
2.015,0,-17,6,23,0.05,3.0
2.015,0,-17,6,23,0.05,3.0
2.015,0,-17,6,23,0.05,3.0
2.016,0,-17,6,23,0.05,3.0
2.016,0,-17,6,23,0.05,3.0
2.016,0,-17,6,23,0.05,3.0
2.017,0,-17,6,23,0.05,3.0
2.017,0,-17,6,23,0.05,3.0
2.017,0,-17,6,23,0.05,3.0
2.017,0,-17,6,23,0.05,3.0
2.018,0,-17,6,23,0.05,3.0
2.018,0,-17,6,23,0.05,3.0
2.018,0,-17,6,23,0.05,3.0
2.019,0,-17,6,23,0.05,3.0
2.019,0,-17,6,23,0.05,3.0
2.019,0,-17,6,23,0.05,3.0
2.019,0,-17,6,23,0.05,3.0
2.02,0,-17,6,23,0.05,3.0
2.02,0,-17,6,23,0.05,3.0
2.02,0,-17,6,23,0.05,3.0
2.02,0,-17,6,23,0.05,3.0
2.021,0,-17,6,23,0.05,3.0
2.021,0,-17,6,23,0.05,3.0
2.021,0,-17,6,23,0.05,3.0
2.022,0,-17,6,23,0.05,3.0
2.022,0,-17,6,23,0.05,3.0
2.022,0,-17,6,23,0.05,3.0
2.022,0,-17,6,23,0.05,3.0
2.023,0,-17,6,23,0.05,3.0
2.023,0,-17,6,23,0.05,3.0
2.023,0,-17,6,23,0.05,3.0
2.024,0,-17,6,23,0.05,3.0
2.024,0,-17,6,23,0.05,3.0
2.024,0,-17,6,23,0.05,3.0
2.024,0,-17,6,23,0.05,3.0
2.025,0,-17,6,23,0.05,3.0
2.025,0,-17,6,23,0.05,3.0
2.025,0,-17,6,23,0.05,3.0
2.025,0,-17,6,23,0.05,3.0
2.026,0,-17,6,23,0.05,3.0
2.026,0,-17,6,23,0.05,3.0
2.026,0,-17,6,23,0.05,3.0
2.027,0,-17,6,23,0.05,3.0
2.027,0,-17,6,23,0.05,3.0
2.027,0,-17,6,23,0.05,3.0
2.027,0,-17,6,23,0.05,3.0
2.028,0,-17,6,23,0.05,3.0
2.028,0,-17,6,23,0.05,3.0
2.028,0,-17,6,23,0.05,3.0
2.029,0,-17,6,23,0.05,3.0
2.029,0,-17,6,23,0.05,3.0
2.029,0,-17,6,23,0.05,3.0
2.029,0,-17,6,23,0.05,3.0
2.03,0,-17,6,23,0.05,3.0
2.03,0,-17,6,23,0.05,3.0
2.03,0,-17,6,23,0.05,3.0
2.03,0,-17,6,23,0.05,3.0
2.031,0,-17,6,23,0.05,3.0
2.031,0,-17,6,23,0.05,3.0
2.031,0,-17,6,23,0.05,3.0
2.032,0,-17,6,23,0.05,3.0
2.032,0,-17,6,23,0.05,3.0
2.032,0,-17,6,23,0.05,3.0
2.032,0,-17,6,23,0.05,3.0
2.033,0,-17,6,23,0.05,3.0
2.033,0,-17,6,23,0.05,3.0
2.033,0,-17,6,23,0.05,3.0
2.034,0,-17,6,23,0.05,3.0
2.034,0,-17,6,23,0.05,3.0
2.034,0,-17,6,23,0.05,3.0
2.034,0,-17,6,23,0.05,3.0
2.035,0,-17,6,23,0.05,3.0
2.035,0,-17,6,23,0.05,3.0
2.035,0,-17,6,23,0.05,3.0
2.035,0,-17,6,23,0.05,3.0
2.036,0,-17,6,23,0.05,3.0
2.036,0,-17,6,23,0.05,3.0
2.036,0,-17,6,23,0.05,3.0
2.037,0,-17,6,23,0.05,3.0
2.037,0,-17,6,23,0.05,3.0
2.037,0,-17,6,23,0.05,3.0
2.037,0,-17,6,23,0.05,3.0
2.038,0,-17,6,23,0.05,3.0
2.038,0,-17,6,23,0.05,3.0
2.038,0,-17,6,23,0.05,3.0
2.038,0,-17,6,23,0.05,3.0
2.039,0,-17,6,23,0.05,3.0
2.039,0,-17,6,23,0.05,3.0
2.039,0,-17,6,23,0.05,3.0
2.04,0,-17,6,23,0.05,3.0
2.04,0,-17,6,23,0.05,3.0
2.04,0,-17,6,23,0.05,3.0
2.04,0,-17,6,23,0.05,3.0
2.041,0,-17,6,23,0.05,3.0
2.041,0,-17,6,23,0.05,3.0
2.041,0,-17,6,23,0.05,3.0
2.041,0,-17,6,23,0.05,3.0
2.042,0,-17,6,23,0.05,3.0
2.042,0,-17,6,23,0.05,3.0
2.042,0,-17,6,23,0.05,3.0
2.043,0,-17,6,23,0.05,3.0
2.043,0,-17,6,23,0.05,3.0
2.043,0,-17,6,23,0.05,3.0
2.043,0,-17,6,23,0.05,3.0
2.044,0,-17,6,23,0.05,3.0
2.044,0,-17,6,23,0.05,3.0
2.044,0,-17,6,23,0.05,3.0
2.045,0,-17,6,23,0.05,3.0
2.045,0,-17,6,23,0.05,3.0
2.045,0,-17,6,23,0.05,3.0
2.045,0,-17,6,23,0.05,3.0
2.046,0,-17,6,23,0.05,3.0
2.046,0,-17,6,23,0.05,3.0
2.046,0,-17,6,23,0.05,3.0
2.047,0,-17,6,23,0.05,3.0
2.047,0,-17,6,23,0.05,3.0
2.047,0,-17,6,23,0.05,3.0
2.047,0,-17,6,23,0.05,3.0
2.048,0,-17,6,23,0.05,3.0
2.048,0,-17,6,23,0.05,3.0
2.048,0,-17,6,23,0.05,3.0
2.049,0,-17,6,23,0.05,3.0
2.049,0,-17,6,23,0.05,3.0
2.049,0,-17,6,23,0.05,3.0
2.05,0,-17,6,23,0.05,3.0
2.05,0,-17,6,23,0.05,3.0
2.05,0,-17,6,23,0.05,3.0
2.05,0,-17,6,23,0.05,3.0
2.051,0,-17,6,23,0.05,3.0
2.051,0,-17,6,23,0.05,3.0
2.051,0,-17,6,23,0.05,3.0
2.051,0,-17,6,23,0.05,3.0
2.052,0,-17,6,23,0.05,3.0
2.052,0,-17,6,23,0.05,3.0
2.052,0,-17,6,23,0.05,3.0
2.053,0,-17,6,23,0.05,3.0
2.053,0,-17,6,23,0.05,3.0
2.053,0,-17,6,23,0.05,3.0
2.053,0,-17,6,23,0.05,3.0
2.054,0,-17,6,23,0.05,3.0
2.054,0,-17,6,23,0.05,3.0
2.054,0,-17,6,23,0.05,3.0
2.055,0,-17,6,23,0.05,3.0
2.055,0,-17,6,23,0.05,3.0
2.055,0,-17,6,23,0.05,3.0
2.055,0,-17,6,23,0.05,3.0
2.056,0,-17,6,23,0.05,3.0
2.056,0,-17,6,23,0.05,3.0
2.056,0,-17,6,23,0.05,3.0
2.056,0,-17,6,23,0.05,3.0
2.057,0,-17,6,23,0.05,3.0
2.057,0,-17,6,23,0.05,3.0
2.057,0,-17,6,23,0.05,3.0
2.058,0,-17,6,23,0.05,3.0
2.058,0,-17,6,23,0.05,3.0
2.058,0,-17,6,23,0.05,3.0
2.058,0,-17,6,23,0.05,3.0
2.059,0,-17,6,23,0.05,3.0
2.059,0,-17,6,23,0.05,3.0
2.059,0,-17,6,23,0.05,3.0
2.06,0,-17,6,23,0.05,3.0
2.06,0,-17,6,23,0.05,3.0
2.06,0,-17,6,23,0.05,3.0
2.06,0,-17,6,23,0.05,3.0
2.061,0,-17,6,23,0.05,3.0
2.061,0,-17,6,23,0.05,3.0
2.061,0,-17,6,23,0.05,3.0
2.062,0,-17,6,23,0.05,3.0
2.062,0,-17,6,23,0.05,3.0
2.062,0,-17,6,23,0.05,3.0
2.062,0,-17,6,23,0.05,3.0
2.063,0,-17,6,23,0.05,3.0
2.063,0,-17,6,23,0.05,3.0
2.063,0,-17,6,23,0.05,3.0
2.063,0,-17,6,23,0.05,3.0
2.064,0,-17,6,23,0.05,3.0
2.064,0,-17,6,23,0.05,3.0
2.064,0,-17,6,23,0.05,3.0
2.065,0,-17,6,23,0.05,3.0
2.065,0,-17,6,23,0.05,3.0
2.065,0,-17,6,23,0.05,3.0
2.066,0,-17,6,23,0.05,3.0
2.066,0,-17,6,23,0.05,3.0
2.066,0,-17,6,23,0.05,3.0
2.066,0,-17,6,23,0.05,3.0
2.067,0,-17,6,23,0.05,3.0
2.067,0,-17,6,23,0.05,3.0
2.067,0,-17,6,23,0.05,3.0
2.067,0,-17,6,23,0.05,3.0
2.068,0,-17,6,23,0.05,3.0
2.068,0,-17,6,23,0.05,3.0
2.068,0,-17,6,23,0.05,3.0
2.069,0,-17,6,23,0.05,3.0
2.069,0,-17,6,23,0.05,3.0
2.069,0,-17,6,23,0.05,3.0
2.069,0,-17,6,23,0.05,3.0
2.07,0,-17,6,23,0.05,3.0
2.07,0,-17,6,23,0.05,3.0
2.07,0,-17,6,23,0.05,3.0
2.071,0,-17,6,23,0.05,3.0
2.071,0,-17,6,23,0.05,3.0
2.071,0,-17,6,23,0.05,3.0
2.071,0,-17,6,23,0.05,3.0
2.072,0,-17,6,23,0.05,3.0
2.072,0,-17,6,23,0.05,3.0
2.072,0,-17,6,23,0.05,3.0
2.073,0,-17,6,23,0.05,3.0
2.073,0,-17,6,23,0.05,3.0
2.073,0,-17,6,23,0.05,3.0
2.073,0,-17,6,23,0.05,3.0
2.074,0,-17,6,23,0.05,3.0
2.074,0,-17,6,23,0.05,3.0
2.074,0,-17,6,23,0.05,3.0
2.075,0,-17,6,23,0.05,3.0
2.075,0,-17,6,23,0.05,3.0
2.075,0,-17,6,23,0.05,3.0
2.075,0,-17,6,23,0.05,3.0
2.076,0,-17,6,23,0.05,3.0
2.076,0,-17,6,23,0.05,3.0
2.076,0,-17,6,23,0.05,3.0
2.076,0,-17,6,23,0.05,3.0
2.077,0,-17,6,23,0.05,3.0
2.077,0,-17,6,23,0.05,3.0
2.077,0,-17,6,23,0.05,3.0
2.078,0,-17,6,23,0.05,3.0
2.078,0,-17,6,23,0.05,3.0
2.078,0,-17,6,23,0.05,3.0
2.078,0,-17,6,23,0.05,3.0
2.079,0,-17,6,23,0.05,3.0
2.079,0,-17,6,23,0.05,3.0
2.079,0,-17,6,23,0.05,3.0
2.08,0,-17,6,23,0.05,3.0
2.08,0,-17,6,23,0.05,3.0
2.08,0,-17,6,23,0.05,3.0
2.08,0,-17,6,23,0.05,3.0
2.081,0,-17,6,23,0.05,3.0
2.081,0,-17,6,23,0.05,3.0
2.081,0,-17,6,23,0.05,3.0
2.081,0,-17,6,23,0.05,3.0
2.082,0,-17,6,23,0.05,3.0
2.082,-1,-18,6,24,0.05,3.0
2.082,0,-18,6,24,0.05,3.0
2.083,0,-18,6,24,0.05,3.0
2.083,0,-18,6,24,0.05,3.0
2.083,0,-18,6,24,0.05,3.0
2.083,0,-18,6,24,0.05,3.0
2.084,0,-18,6,24,0.05,3.0
2.084,0,-18,6,24,0.05,3.0
2.084,0,-18,6,24,0.05,3.0
2.085,0,-18,6,24,0.05,3.0
2.085,0,-18,6,24,0.05,3.0
2.085,0,-18,6,24,0.05,3.0
2.085,0,-18,6,24,0.05,3.0
2.086,0,-18,6,24,0.05,3.0
2.086,0,-18,6,24,0.05,3.0
2.086,0,-18,6,24,0.05,3.0
2.086,0,-18,6,24,0.05,3.0
2.087,0,-18,6,24,0.05,3.0
2.087,0,-18,6,24,0.05,3.0
2.087,0,-18,6,24,0.05,3.0
2.088,0,-18,6,24,0.05,3.0
2.088,0,-18,6,24,0.05,3.0
2.088,0,-18,6,24,0.05,3.0
2.088,0,-18,6,24,0.05,3.0
2.089,0,-18,6,24,0.05,3.0
2.089,0,-18,6,24,0.05,3.0
2.089,0,-18,6,24,0.05,3.0
2.09,0,-18,6,24,0.05,3.0
2.09,0,-18,6,24,0.05,3.0
2.09,0,-18,6,24,0.05,3.0
2.09,0,-18,6,24,0.05,3.0
2.091,0,-18,6,24,0.05,3.0
2.091,0,-18,6,24,0.05,3.0
2.091,0,-18,6,24,0.05,3.0
2.091,0,-18,6,24,0.05,3.0
2.092,0,-18,6,24,0.05,3.0
2.092,0,-18,6,24,0.05,3.0
2.092,0,-18,6,24,0.05,3.0
2.093,0,-18,6,24,0.05,3.0
2.093,0,-18,6,24,0.05,3.0
2.093,0,-18,6,24,0.05,3.0
2.094,0,-18,6,24,0.05,3.0
2.094,0,-18,6,24,0.05,3.0
2.094,0,-18,6,24,0.05,3.0
2.094,0,-18,6,24,0.05,3.0
2.095,0,-18,6,24,0.05,3.0
2.095,0,-18,6,24,0.05,3.0
2.095,0,-18,6,24,0.05,3.0
2.096,0,-18,6,24,0.05,3.0
2.096,0,-18,6,24,0.05,3.0
2.096,0,-18,6,24,0.05,3.0
2.096,0,-18,6,24,0.05,3.0
2.097,0,-18,6,24,0.05,3.0
2.097,0,-18,6,24,0.05,3.0
2.097,0,-18,6,24,0.05,3.0
2.098,0,-18,6,24,0.05,3.0
2.098,0,-18,6,24,0.05,3.0
2.098,0,-18,6,24,0.05,3.0
2.098,0,-18,6,24,0.05,3.0
2.099,0,-18,6,24,0.05,3.0
2.099,0,-18,6,24,0.05,3.0
2.099,0,-18,6,24,0.05,3.0
2.1,0,-18,6,24,0.05,3.0
2.1,0,-18,6,24,0.05,3.0
2.1,0,-18,6,24,0.05,3.0
2.1,0,-18,6,24,0.05,3.0
2.101,0,-18,6,24,0.05,3.0
2.101,0,-18,6,24,0.05,3.0
2.101,0,-18,6,24,0.05,3.0
2.101,0,-18,6,24,0.05,3.0
2.102,0,-18,6,24,0.05,3.0
2.102,0,-18,6,24,0.05,3.0
2.102,0,-18,6,24,0.05,3.0
2.103,0,-18,6,24,0.05,3.0
2.103,0,-18,6,24,0.05,3.0
2.103,0,-18,6,24,0.05,3.0
2.103,0,-18,6,24,0.05,3.0
2.104,0,-18,6,24,0.05,3.0
2.104,0,-18,6,24,0.05,3.0
2.104,0,-18,6,24,0.05,3.0
2.104,0,-18,6,24,0.05,3.0
2.105,0,-18,6,24,0.05,3.0
2.105,0,-18,6,24,0.05,3.0
2.105,0,-18,6,24,0.05,3.0
2.106,0,-18,6,24,0.05,3.0
2.106,0,-18,6,24,0.05,3.0
2.106,0,-18,6,24,0.05,3.0
2.106,0,-18,6,24,0.05,3.0
2.107,0,-18,6,24,0.05,3.0
2.107,0,-18,6,24,0.05,3.0
2.107,0,-18,6,24,0.05,3.0
2.108,0,-18,6,24,0.05,3.0
2.108,0,-18,6,24,0.05,3.0
2.108,0,-18,6,24,0.05,3.0
2.108,0,-18,6,24,0.05,3.0
2.109,0,-18,6,24,0.05,3.0
2.109,0,-18,6,24,0.05,3.0
2.109,0,-18,6,24,0.05,3.0
2.109,0,-18,6,24,0.05,3.0
2.11,1,-17,7,24,0.05,3.15
2.11,0,-17,7,24,0.05,3.15
2.11,0,-17,7,24,0.05,3.15
2.111,0,-17,7,24,0.05,3.15
2.111,0,-17,7,24,0.05,3.15
2.111,0,-17,7,24,0.05,3.15
2.111,0,-17,7,24,0.05,3.15
2.112,0,-17,7,24,0.05,3.15
2.112,0,-17,7,24,0.05,3.15
2.112,0,-17,7,24,0.05,3.15
2.113,0,-17,7,24,0.05,3.15
2.113,0,-17,7,24,0.05,3.15
2.113,0,-17,7,24,0.05,3.15
2.113,0,-17,7,24,0.05,3.15
2.114,0,-17,7,24,0.05,3.15
2.114,0,-17,7,24,0.05,3.15
2.114,0,-17,7,24,0.05,3.15
2.114,0,-17,7,24,0.05,3.15
2.115,0,-17,7,24,0.05,3.15
2.115,0,-17,7,24,0.05,3.15
2.115,0,-17,7,24,0.05,3.15
2.116,0,-17,7,24,0.05,3.15
2.116,0,-17,7,24,0.05,3.15
2.116,0,-17,7,24,0.05,3.15
2.116,0,-17,7,24,0.05,3.15
2.117,0,-17,7,24,0.05,3.15
2.117,0,-17,7,24,0.05,3.15
2.117,0,-17,7,24,0.05,3.15
2.118,0,-17,7,24,0.05,3.15
2.118,0,-17,7,24,0.05,3.15
2.118,0,-17,7,24,0.05,3.15
2.118,0,-17,7,24,0.05,3.15
2.119,0,-17,7,24,0.05,3.15
2.119,0,-17,7,24,0.05,3.15
2.119,0,-17,7,24,0.05,3.15
2.119,0,-17,7,24,0.05,3.15
2.12,0,-17,7,24,0.05,3.15
2.12,0,-17,7,24,0.05,3.15
2.12,0,-17,7,24,0.05,3.15
2.121,0,-17,7,24,0.05,3.15
2.121,0,-17,7,24,0.05,3.15
2.121,0,-17,7,24,0.05,3.15
2.121,0,-17,7,24,0.05,3.15
2.122,0,-17,7,24,0.05,3.15
2.122,0,-17,7,24,0.05,3.15
2.122,0,-17,7,24,0.05,3.15
2.123,0,-17,7,24,0.05,3.15
2.123,0,-17,7,24,0.05,3.15
2.123,0,-17,7,24,0.05,3.15
2.123,0,-17,7,24,0.05,3.15
2.124,0,-17,7,24,0.05,3.15
2.124,0,-17,7,24,0.05,3.15
2.124,0,-17,7,24,0.05,3.15
2.125,0,-17,7,24,0.05,3.15
2.125,0,-17,7,24,0.05,3.15
2.125,0,-17,7,24,0.05,3.15
2.125,0,-17,7,24,0.05,3.15
2.126,0,-17,7,24,0.05,3.15
2.126,0,-17,7,24,0.05,3.15
2.126,0,-17,7,24,0.05,3.15
2.127,0,-17,7,24,0.05,3.15
2.127,0,-17,7,24,0.05,3.15
2.127,0,-17,7,24,0.05,3.15
2.127,0,-17,7,24,0.05,3.15
2.128,0,-17,7,24,0.05,3.15
2.128,0,-17,7,24,0.05,3.15
2.128,0,-17,7,24,0.05,3.15
2.128,0,-17,7,24,0.05,3.15
2.129,0,-17,7,24,0.05,3.15
2.129,0,-17,7,24,0.05,3.15
2.129,0,-17,7,24,0.05,3.15
2.13,0,-17,7,24,0.05,3.15
2.13,0,-17,7,24,0.05,3.15
2.13,0,-17,7,24,0.05,3.15
2.13,0,-17,7,24,0.05,3.15
2.131,0,-17,7,24,0.05,3.15
2.131,0,-17,7,24,0.05,3.15
2.131,0,-17,7,24,0.05,3.15
2.132,0,-17,7,24,0.05,3.15
2.132,0,-17,7,24,0.05,3.15
2.132,0,-17,7,24,0.05,3.15
2.132,0,-17,7,24,0.05,3.15
2.133,0,-17,7,24,0.05,3.15
2.133,0,-17,7,24,0.05,3.15
2.133,0,-17,7,24,0.05,3.15
2.134,0,-17,7,24,0.05,3.15
2.134,0,-17,7,24,0.05,3.15
2.134,0,-17,7,24,0.05,3.15
2.134,0,-17,7,24,0.05,3.15
2.135,0,-17,7,24,0.05,3.15
2.135,0,-17,7,24,0.05,3.15
2.135,0,-17,7,24,0.05,3.15
2.135,0,-17,7,24,0.05,3.15
2.136,0,-17,7,24,0.05,3.15
2.136,0,-17,7,24,0.05,3.15
2.136,0,-17,7,24,0.05,3.15
2.137,0,-17,7,24,0.05,3.15
2.137,0,-17,7,24,0.05,3.15
2.137,0,-17,7,24,0.05,3.15
2.137,0,-17,7,24,0.05,3.15
2.138,0,-17,7,24,0.05,3.15
2.138,0,-17,7,24,0.05,3.15
2.138,0,-17,7,24,0.05,3.15
2.138,0,-17,7,24,0.05,3.15
2.139,0,-17,7,24,0.05,3.15
2.139,0,-17,7,24,0.05,3.15
2.139,0,-17,7,24,0.05,3.15
2.14,0,-17,7,24,0.05,3.15
2.14,0,-17,7,24,0.05,3.15
2.14,0,-17,7,24,0.05,3.15
2.14,0,-17,7,24,0.05,3.15
2.141,0,-17,7,24,0.05,3.15
2.141,0,-17,7,24,0.05,3.15
2.141,0,-17,7,24,0.05,3.15
2.142,0,-17,7,24,0.05,3.15
2.142,0,-17,7,24,0.05,3.15
2.142,0,-17,7,24,0.05,3.15
2.142,0,-17,7,24,0.05,3.15
2.143,0,-17,7,24,0.05,3.15
2.143,0,-17,7,24,0.05,3.15
2.143,0,-17,7,24,0.05,3.15
2.143,0,-17,7,24,0.05,3.15
2.144,0,-17,7,24,0.05,3.15
2.144,0,-17,7,24,0.05,3.15
2.144,0,-17,7,24,0.05,3.15
2.145,0,-17,7,24,0.05,3.15
2.145,0,-17,7,24,0.05,3.15
2.145,0,-17,7,24,0.05,3.15
2.145,0,-17,7,24,0.05,3.15
2.146,0,-17,7,24,0.05,3.15
2.146,0,-17,7,24,0.05,3.15
2.146,0,-17,7,24,0.05,3.15
2.147,0,-17,7,24,0.05,3.15
2.147,0,-17,7,24,0.05,3.15
2.147,0,-17,7,24,0.05,3.15
2.147,0,-17,7,24,0.05,3.15
2.148,0,-17,7,24,0.05,3.15
2.148,0,-17,7,24,0.05,3.15
2.148,0,-17,7,24,0.05,3.15
2.148,0,-17,7,24,0.05,3.15
2.149,0,-17,7,24,0.05,3.15
2.149,0,-17,7,24,0.05,3.15
2.149,0,-17,7,24,0.05,3.15
2.15,0,-17,7,24,0.05,3.15
2.15,0,-17,7,24,0.05,3.15
2.15,0,-17,7,24,0.05,3.15
2.15,0,-17,7,24,0.05,3.15
2.151,0,-17,7,24,0.05,3.15
2.151,0,-17,7,24,0.05,3.15
2.151,0,-17,7,24,0.05,3.15
2.151,0,-17,7,24,0.05,3.15
2.152,0,-17,7,24,0.05,3.15
2.152,0,-17,7,24,0.05,3.15
2.152,0,-17,7,24,0.05,3.15
2.153,0,-17,7,24,0.05,3.15
2.153,0,-17,7,24,0.05,3.15
2.153,0,-17,7,24,0.05,3.15
2.154,0,-17,7,24,0.05,3.15
2.154,0,-17,7,24,0.05,3.15
2.154,0,-17,7,24,0.05,3.15
2.155,0,-17,7,24,0.05,3.15
2.155,0,-17,7,24,0.05,3.15
2.155,0,-17,7,24,0.05,3.15
2.155,0,-17,7,24,0.05,3.15
2.156,0,-17,7,24,0.05,3.15
2.156,0,-17,7,24,0.05,3.15
2.156,0,-17,7,24,0.05,3.15
2.156,0,-17,7,24,0.05,3.15
2.157,0,-17,7,24,0.05,3.15
2.157,0,-17,7,24,0.05,3.15
2.157,0,-17,7,24,0.05,3.15
2.158,0,-17,7,24,0.05,3.15
2.158,0,-17,7,24,0.05,3.15
2.158,0,-17,7,24,0.05,3.15
2.158,0,-17,7,24,0.05,3.15
2.159,0,-17,7,24,0.05,3.15
2.159,0,-17,7,24,0.05,3.15
2.159,0,-17,7,24,0.05,3.15
2.16,0,-17,7,24,0.05,3.15
2.16,0,-17,7,24,0.05,3.15
2.16,0,-17,7,24,0.05,3.15
2.16,0,-17,7,24,0.05,3.15
2.161,0,-17,7,24,0.05,3.15
2.161,0,-17,7,24,0.05,3.15
2.161,0,-17,7,24,0.05,3.15
2.161,0,-17,7,24,0.05,3.15
2.162,0,-17,7,24,0.05,3.15
2.162,0,-17,7,24,0.05,3.15
2.162,0,-17,7,24,0.05,3.15
2.163,0,-17,7,24,0.05,3.15
2.163,0,-17,7,24,0.05,3.15
2.163,0,-17,7,24,0.05,3.15
2.163,0,-17,7,24,0.05,3.15
2.164,0,-17,7,24,0.05,3.15
2.164,0,-17,7,24,0.05,3.15
2.164,0,-17,7,24,0.05,3.15
2.164,0,-17,7,24,0.05,3.15
2.165,0,-17,7,24,0.05,3.15
2.165,0,-17,7,24,0.05,3.15
2.165,0,-17,7,24,0.05,3.15
2.166,0,-17,7,24,0.05,3.15
2.166,0,-17,7,24,0.05,3.15
2.166,0,-17,7,24,0.05,3.15
2.166,0,-17,7,24,0.05,3.15
2.167,0,-17,7,24,0.05,3.15
2.167,0,-17,7,24,0.05,3.15
2.167,0,-17,7,24,0.05,3.15
2.168,0,-17,7,24,0.05,3.15
2.168,0,-17,7,24,0.05,3.15
2.168,0,-17,7,24,0.05,3.15
2.168,0,-17,7,24,0.05,3.15
2.169,0,-17,7,24,0.05,3.15
2.169,0,-17,7,24,0.05,3.15
2.169,0,-17,7,24,0.05,3.15
2.17,0,-17,7,24,0.05,3.15
2.17,0,-17,7,24,0.05,3.15
2.17,0,-17,7,24,0.05,3.15
2.17,0,-17,7,24,0.05,3.15
2.171,0,-17,7,24,0.05,3.15
2.171,0,-17,7,24,0.05,3.15
2.171,0,-17,7,24,0.05,3.15
2.171,0,-17,7,24,0.05,3.15
2.172,0,-17,7,24,0.05,3.15
2.172,0,-17,7,24,0.05,3.15
2.172,0,-17,7,24,0.05,3.15
2.173,0,-17,7,24,0.05,3.15
2.173,0,-17,7,24,0.05,3.15
2.173,0,-17,7,24,0.05,3.15
2.173,0,-17,7,24,0.05,3.15
2.174,0,-17,7,24,0.05,3.15
2.174,0,-17,7,24,0.05,3.15
2.174,0,-17,7,24,0.05,3.15
2.174,0,-17,7,24,0.05,3.15
2.175,0,-17,7,24,0.05,3.15
2.175,0,-17,7,24,0.05,3.15
2.175,0,-17,7,24,0.05,3.15
2.176,0,-17,7,24,0.05,3.15
2.176,0,-17,7,24,0.05,3.15
2.176,0,-17,7,24,0.05,3.15
2.176,0,-17,7,24,0.05,3.15
2.177,0,-17,7,24,0.05,3.15
2.177,0,-17,7,24,0.05,3.15
2.177,0,-17,7,24,0.05,3.15
2.177,0,-17,7,24,0.05,3.15
2.178,0,-17,7,24,0.05,3.15
2.178,0,-17,7,24,0.05,3.15
2.178,0,-17,7,24,0.05,3.15
2.179,0,-17,7,24,0.05,3.15
2.179,0,-17,7,24,0.05,3.15
2.179,0,-17,7,24,0.05,3.15
2.179,0,-17,7,24,0.05,3.15
2.18,0,-17,7,24,0.05,3.15
2.18,0,-17,7,24,0.05,3.15
2.18,0,-17,7,24,0.05,3.15
2.18,0,-17,7,24,0.05,3.15
2.181,0,-17,7,24,0.05,3.15
2.181,0,-17,7,24,0.05,3.15
2.181,0,-17,7,24,0.05,3.15
2.182,0,-17,7,24,0.05,3.15
2.182,0,-17,7,24,0.05,3.15
2.182,0,-17,7,24,0.05,3.15
2.182,0,-17,7,24,0.05,3.15
2.183,0,-17,7,24,0.05,3.15
2.183,0,-17,7,24,0.05,3.15
2.183,0,-17,7,24,0.05,3.15
2.184,0,-17,7,24,0.05,3.15
2.184,0,-17,7,24,0.05,3.15
2.184,0,-17,7,24,0.05,3.15
2.184,0,-17,7,24,0.05,3.15
2.185,0,-17,7,24,0.05,3.15
2.185,0,-17,7,24,0.05,3.15
2.185,0,-17,7,24,0.05,3.15
2.185,0,-17,7,24,0.05,3.15
2.186,0,-17,7,24,0.05,3.15
2.186,0,-17,7,24,0.05,3.15
2.186,0,-17,7,24,0.05,3.15
2.187,0,-17,7,24,0.05,3.15
2.187,0,-17,7,24,0.05,3.15
2.187,0,-17,7,24,0.05,3.15
2.187,0,-17,7,24,0.05,3.15
2.188,0,-17,7,24,0.05,3.15
2.188,0,-17,7,24,0.05,3.15
2.188,0,-17,7,24,0.05,3.15
2.188,0,-17,7,24,0.05,3.15
2.189,0,-17,7,24,0.05,3.15
2.189,0,-17,7,24,0.05,3.15
2.189,0,-17,7,24,0.05,3.15
2.19,0,-17,7,24,0.05,3.15
2.19,0,-17,7,24,0.05,3.15
2.19,0,-17,7,24,0.05,3.15
2.19,0,-17,7,24,0.05,3.15
2.191,0,-17,7,24,0.05,3.15
2.191,0,-17,7,24,0.05,3.15
2.191,0,-17,7,24,0.05,3.15
2.192,0,-17,7,24,0.05,3.15
2.192,0,-17,7,24,0.05,3.15
2.192,0,-17,7,24,0.05,3.15
2.192,0,-17,7,24,0.05,3.15
2.193,0,-17,7,24,0.05,3.15
2.193,0,-17,7,24,0.05,3.15
2.193,0,-17,7,24,0.05,3.15
2.193,0,-17,7,24,0.05,3.15
2.194,0,-17,7,24,0.05,3.15
2.194,0,-17,7,24,0.05,3.15
2.194,0,-17,7,24,0.05,3.15
2.195,0,-17,7,24,0.05,3.15
2.195,0,-17,7,24,0.05,3.15
2.195,0,-17,7,24,0.05,3.15
2.195,0,-17,7,24,0.05,3.15
2.196,0,-17,7,24,0.05,3.15
2.196,0,-17,7,24,0.05,3.15
2.196,0,-17,7,24,0.05,3.15
2.197,0,-17,7,24,0.05,3.15
2.197,0,-17,7,24,0.05,3.15
2.197,0,-17,7,24,0.05,3.15
2.197,0,-17,7,24,0.05,3.15
2.198,0,-17,7,24,0.05,3.15
2.198,0,-17,7,24,0.05,3.15
2.198,0,-17,7,24,0.05,3.15
2.199,0,-17,7,24,0.05,3.15
2.199,0,-17,7,24,0.05,3.15
2.199,0,-17,7,24,0.05,3.15
2.199,0,-17,7,24,0.05,3.15
2.2,0,-17,7,24,0.05,3.15
2.2,0,-17,7,24,0.05,3.15
2.2,0,-17,7,24,0.05,3.15
2.2,0,-17,7,24,0.05,3.15
2.201,0,-17,7,24,0.05,3.15
2.201,0,-17,7,24,0.05,3.15
2.201,0,-17,7,24,0.05,3.15
2.202,0,-17,7,24,0.05,3.15
2.202,0,-17,7,24,0.05,3.15
2.202,0,-17,7,24,0.05,3.15
2.202,0,-17,7,24,0.05,3.15
2.203,0,-17,7,24,0.05,3.15
2.203,0,-17,7,24,0.05,3.15
2.203,0,-17,7,24,0.05,3.15
2.204,0,-17,7,24,0.05,3.15
2.204,0,-17,7,24,0.05,3.15
2.204,0,-17,7,24,0.05,3.15
2.204,0,-17,7,24,0.05,3.15
2.205,0,-17,7,24,0.05,3.15
2.205,0,-17,7,24,0.05,3.15
2.205,0,-17,7,24,0.05,3.15
2.205,0,-17,7,24,0.05,3.15
2.206,0,-17,7,24,0.05,3.15
2.206,0,-17,7,24,0.05,3.15
2.206,0,-17,7,24,0.05,3.15
2.207,0,-17,7,24,0.05,3.15
2.207,0,-17,7,24,0.05,3.15
2.207,0,-17,7,24,0.05,3.15
2.207,0,-17,7,24,0.05,3.15
2.208,0,-17,7,24,0.05,3.15
2.208,0,-17,7,24,0.05,3.15
2.208,0,-17,7,24,0.05,3.15
2.209,0,-17,7,24,0.05,3.15
2.209,0,-17,7,24,0.05,3.15
2.209,0,-17,7,24,0.05,3.15
2.209,0,-17,7,24,0.05,3.15
2.21,0,-17,7,24,0.05,3.15
2.21,0,-17,7,24,0.05,3.15
2.21,0,-17,7,24,0.05,3.15
2.211,0,-17,7,24,0.05,3.15
2.211,0,-17,7,24,0.05,3.15
2.211,0,-17,7,24,0.05,3.15
2.211,0,-17,7,24,0.05,3.15
2.212,0,-17,7,24,0.05,3.15
2.212,0,-17,7,24,0.05,3.15
2.212,0,-17,7,24,0.05,3.15
2.212,0,-17,7,24,0.05,3.15
2.213,0,-17,7,24,0.05,3.15
2.213,0,-17,7,24,0.05,3.15
2.213,0,-17,7,24,0.05,3.15
2.214,0,-17,7,24,0.05,3.15
2.214,0,-17,7,24,0.05,3.15
2.214,0,-17,7,24,0.05,3.15
2.214,0,-17,7,24,0.05,3.15
2.215,0,-17,7,24,0.05,3.15
2.215,0,-17,7,24,0.05,3.15
2.215,0,-17,7,24,0.05,3.15
2.215,0,-17,7,24,0.05,3.15
2.216,0,-17,7,24,0.05,3.15
2.216,0,-17,7,24,0.05,3.15
2.216,0,-17,7,24,0.05,3.15
2.217,0,-17,7,24,0.05,3.15
2.217,0,-17,7,24,0.05,3.15
2.217,0,-17,7,24,0.05,3.15
2.217,0,-17,7,24,0.05,3.15
2.218,0,-17,7,24,0.05,3.15
2.218,0,-17,7,24,0.05,3.15
2.218,0,-17,7,24,0.05,3.15
2.219,0,-17,7,24,0.05,3.15
2.219,0,-17,7,24,0.05,3.15
2.219,0,-17,7,24,0.05,3.15
2.219,0,-17,7,24,0.05,3.15
2.22,0,-17,7,24,0.05,3.15
2.22,0,-17,7,24,0.05,3.15
2.22,0,-17,7,24,0.05,3.15
2.22,0,-17,7,24,0.05,3.15
2.221,-1,-18,7,25,0.05,3.0
2.221,0,-18,7,25,0.05,3.0
2.221,0,-18,7,25,0.05,3.0
2.222,0,-18,7,25,0.05,3.0
2.222,0,-18,7,25,0.05,3.0
2.222,0,-18,7,25,0.05,3.0
2.223,0,-18,7,25,0.05,3.0
2.223,0,-18,7,25,0.05,3.0
2.223,0,-18,7,25,0.05,3.0
2.223,0,-18,7,25,0.05,3.0
2.224,0,-18,7,25,0.05,3.0
2.224,0,-18,7,25,0.05,3.0
2.224,0,-18,7,25,0.05,3.0
2.225,0,-18,7,25,0.05,3.0
2.225,0,-18,7,25,0.05,3.0
2.225,0,-18,7,25,0.05,3.0
2.225,0,-18,7,25,0.05,3.0
2.226,0,-18,7,25,0.05,3.0
2.226,0,-18,7,25,0.05,3.0
2.226,0,-18,7,25,0.05,3.0
2.226,0,-18,7,25,0.05,3.0
2.227,0,-18,7,25,0.05,3.0
2.227,0,-18,7,25,0.05,3.0
2.227,0,-18,7,25,0.05,3.0
2.228,0,-18,7,25,0.05,3.0
2.228,0,-18,7,25,0.05,3.0
2.228,0,-18,7,25,0.05,3.0
2.228,0,-18,7,25,0.05,3.0
2.229,0,-18,7,25,0.05,3.0
2.229,0,-18,7,25,0.05,3.0
2.229,0,-18,7,25,0.05,3.0
2.23,0,-18,7,25,0.05,3.0
2.23,0,-18,7,25,0.05,3.0
2.23,0,-18,7,25,0.05,3.0
2.23,0,-18,7,25,0.05,3.0
2.231,0,-18,7,25,0.05,3.0
2.231,0,-18,7,25,0.05,3.0
2.231,0,-18,7,25,0.05,3.0
2.232,0,-18,7,25,0.05,3.0
2.232,0,-18,7,25,0.05,3.0
2.232,0,-18,7,25,0.05,3.0
2.232,0,-18,7,25,0.05,3.0
2.233,0,-18,7,25,0.05,3.0
2.233,0,-18,7,25,0.05,3.0
2.233,0,-18,7,25,0.05,3.0
2.234,0,-18,7,25,0.05,3.0
2.234,0,-18,7,25,0.05,3.0
2.234,0,-18,7,25,0.05,3.0
2.234,0,-18,7,25,0.05,3.0
2.235,0,-18,7,25,0.05,3.0
2.235,0,-18,7,25,0.05,3.0
2.235,0,-18,7,25,0.05,3.0
2.235,0,-18,7,25,0.05,3.0
2.236,0,-18,7,25,0.05,3.0
2.236,0,-18,7,25,0.05,3.0
2.236,0,-18,7,25,0.05,3.0
2.237,0,-18,7,25,0.05,3.0
2.237,0,-18,7,25,0.05,3.0
2.237,0,-18,7,25,0.05,3.0
2.237,0,-18,7,25,0.05,3.0
2.238,0,-18,7,25,0.05,3.0
2.238,0,-18,7,25,0.05,3.0
2.238,0,-18,7,25,0.05,3.0
2.239,0,-18,7,25,0.05,3.0
2.239,0,-18,7,25,0.05,3.0
2.239,0,-18,7,25,0.05,3.0
2.239,0,-18,7,25,0.05,3.0
2.24,0,-18,7,25,0.05,3.0
2.24,0,-18,7,25,0.05,3.0
2.24,0,-18,7,25,0.05,3.0
2.24,0,-18,7,25,0.05,3.0
2.241,0,-18,7,25,0.05,3.0
2.241,0,-18,7,25,0.05,3.0
2.241,0,-18,7,25,0.05,3.0
2.242,0,-18,7,25,0.05,3.0
2.242,0,-18,7,25,0.05,3.0
2.242,0,-18,7,25,0.05,3.0
2.242,0,-18,7,25,0.05,3.0
2.243,0,-18,7,25,0.05,3.0
2.243,0,-18,7,25,0.05,3.0
2.243,0,-18,7,25,0.05,3.0
2.243,0,-18,7,25,0.05,3.0
2.244,0,-18,7,25,0.05,3.0
2.244,0,-18,7,25,0.05,3.0
2.244,0,-18,7,25,0.05,3.0
2.245,0,-18,7,25,0.05,3.0
2.245,0,-18,7,25,0.05,3.0
2.245,0,-18,7,25,0.05,3.0
2.246,0,-18,7,25,0.05,3.0
2.246,0,-18,7,25,0.05,3.0
2.246,0,-18,7,25,0.05,3.0
2.246,0,-18,7,25,0.05,3.0
2.247,0,-18,7,25,0.05,3.0
2.247,0,-18,7,25,0.05,3.0
2.247,0,-18,7,25,0.05,3.0
2.247,0,-18,7,25,0.05,3.0
2.248,0,-18,7,25,0.05,3.0
2.248,0,-18,7,25,0.05,3.0
2.248,0,-18,7,25,0.05,3.0
2.249,0,-18,7,25,0.05,3.0
2.249,0,-18,7,25,0.05,3.0
2.249,0,-18,7,25,0.05,3.0
2.249,0,-18,7,25,0.05,3.0
2.25,0,-18,7,25,0.05,3.0
2.25,0,-18,7,25,0.05,3.0
2.25,0,-18,7,25,0.05,3.0
2.251,0,-18,7,25,0.05,3.0
2.251,0,-18,7,25,0.05,3.0
2.251,0,-18,7,25,0.05,3.0
2.251,0,-18,7,25,0.05,3.0
2.252,0,-18,7,25,0.05,3.0
2.252,0,-18,7,25,0.05,3.0
2.252,0,-18,7,25,0.05,3.0
2.252,0,-18,7,25,0.05,3.0
2.253,0,-18,7,25,0.05,3.0
2.253,0,-18,7,25,0.05,3.0
2.253,0,-18,7,25,0.05,3.0
2.254,0,-18,7,25,0.05,3.0
2.254,0,-18,7,25,0.05,3.0
2.254,0,-18,7,25,0.05,3.0
2.254,0,-18,7,25,0.05,3.0
2.255,0,-18,7,25,0.05,3.0
2.255,0,-18,7,25,0.05,3.0
2.255,0,-18,7,25,0.05,3.0
2.255,0,-18,7,25,0.05,3.0
2.256,0,-18,7,25,0.05,3.0
2.256,0,-18,7,25,0.05,3.0
2.256,0,-18,7,25,0.05,3.0
2.257,0,-18,7,25,0.05,3.0
2.257,0,-18,7,25,0.05,3.0
2.257,0,-18,7,25,0.05,3.0
2.257,0,-18,7,25,0.05,3.0
2.258,0,-18,7,25,0.05,3.0
2.258,0,-18,7,25,0.05,3.0
2.258,0,-18,7,25,0.05,3.0
2.259,0,-18,7,25,0.05,3.0
2.259,0,-18,7,25,0.05,3.0
2.259,0,-18,7,25,0.05,3.0
2.26,0,-18,7,25,0.05,3.0
2.26,0,-18,7,25,0.05,3.0
2.26,0,-18,7,25,0.05,3.0
2.26,0,-18,7,25,0.05,3.0
2.261,0,-18,7,25,0.05,3.0
2.261,0,-18,7,25,0.05,3.0
2.261,0,-18,7,25,0.05,3.0
2.261,0,-18,7,25,0.05,3.0
2.262,0,-18,7,25,0.05,3.0
2.262,0,-18,7,25,0.05,3.0
2.262,0,-18,7,25,0.05,3.0
2.262,0,-18,7,25,0.05,3.0
2.263,0,-18,7,25,0.05,3.0
2.263,0,-18,7,25,0.05,3.0
2.263,0,-18,7,25,0.05,3.0
2.264,0,-18,7,25,0.05,3.0
2.264,0,-18,7,25,0.05,3.0
2.264,0,-18,7,25,0.05,3.0
2.264,0,-18,7,25,0.05,3.0
2.265,0,-18,7,25,0.05,3.0
2.265,0,-18,7,25,0.05,3.0
2.265,0,-18,7,25,0.05,3.0
2.265,0,-18,7,25,0.05,3.0
2.266,0,-18,7,25,0.05,3.0
2.266,0,-18,7,25,0.05,3.0
2.266,0,-18,7,25,0.05,3.0
2.267,0,-18,7,25,0.05,3.0
2.267,0,-18,7,25,0.05,3.0
2.267,0,-18,7,25,0.05,3.0
2.268,0,-18,7,25,0.05,3.0
2.268,0,-18,7,25,0.05,3.0
2.268,0,-18,7,25,0.05,3.0
2.268,0,-18,7,25,0.05,3.0
2.269,0,-18,7,25,0.05,3.0
2.269,0,-18,7,25,0.05,3.0
2.269,0,-18,7,25,0.05,3.0
2.269,0,-18,7,25,0.05,3.0
2.27,0,-18,7,25,0.05,3.0
2.27,0,-18,7,25,0.05,3.0
2.27,0,-18,7,25,0.05,3.0
2.271,0,-18,7,25,0.05,3.0
2.271,0,-18,7,25,0.05,3.0
2.271,0,-18,7,25,0.05,3.0
2.271,0,-18,7,25,0.05,3.0
2.272,0,-18,7,25,0.05,3.0
2.272,0,-18,7,25,0.05,3.0
2.272,0,-18,7,25,0.05,3.0
2.273,0,-18,7,25,0.05,3.0
2.273,0,-18,7,25,0.05,3.0
2.273,0,-18,7,25,0.05,3.0
2.273,0,-18,7,25,0.05,3.0
2.274,0,-18,7,25,0.05,3.0
2.274,0,-18,7,25,0.05,3.0
2.274,0,-18,7,25,0.05,3.0
2.274,0,-18,7,25,0.05,3.0
2.275,0,-18,7,25,0.05,3.0
2.275,0,-18,7,25,0.05,3.0
2.275,0,-18,7,25,0.05,3.0
2.276,0,-18,7,25,0.05,3.0
2.276,0,-18,7,25,0.05,3.0
2.276,0,-18,7,25,0.05,3.0
2.276,0,-18,7,25,0.05,3.0
2.277,0,-18,7,25,0.05,3.0
2.277,0,-18,7,25,0.05,3.0
2.277,0,-18,7,25,0.05,3.0
2.277,0,-18,7,25,0.05,3.0
2.278,0,-18,7,25,0.05,3.0
2.278,0,-18,7,25,0.05,3.0
2.278,0,-18,7,25,0.05,3.0
2.279,0,-18,7,25,0.05,3.0
2.279,0,-18,7,25,0.05,3.0
2.279,0,-18,7,25,0.05,3.0
2.279,0,-18,7,25,0.05,3.0
2.28,0,-18,7,25,0.05,3.0
2.28,0,-18,7,25,0.05,3.0
2.28,0,-18,7,25,0.05,3.0
2.28,0,-18,7,25,0.05,3.0
2.281,0,-18,7,25,0.05,3.0
2.281,0,-18,7,25,0.05,3.0
2.281,0,-18,7,25,0.05,3.0
2.282,0,-18,7,25,0.05,3.0
2.282,0,-18,7,25,0.05,3.0
2.282,0,-18,7,25,0.05,3.0
2.282,0,-18,7,25,0.05,3.0
2.283,0,-18,7,25,0.05,3.0
2.283,0,-18,7,25,0.05,3.0
2.283,0,-18,7,25,0.05,3.0
2.283,0,-18,7,25,0.05,3.0
2.284,0,-18,7,25,0.05,3.0
2.284,0,-18,7,25,0.05,3.0
2.284,0,-18,7,25,0.05,3.0
2.285,0,-18,7,25,0.05,3.0
2.285,0,-18,7,25,0.05,3.0
2.285,0,-18,7,25,0.05,3.0
2.285,0,-18,7,25,0.05,3.0
2.286,0,-18,7,25,0.05,3.0
2.286,0,-18,7,25,0.05,3.0
2.286,0,-18,7,25,0.05,3.0
2.287,0,-18,7,25,0.05,3.0
2.287,0,-18,7,25,0.05,3.0
2.287,0,-18,7,25,0.05,3.0
2.287,0,-18,7,25,0.05,3.0
2.288,0,-18,7,25,0.05,3.0
2.288,0,-18,7,25,0.05,3.0
2.288,0,-18,7,25,0.05,3.0
2.288,0,-18,7,25,0.05,3.0
2.289,0,-18,7,25,0.05,3.0
2.289,0,-18,7,25,0.05,3.0
2.289,0,-18,7,25,0.05,3.0
2.29,0,-18,7,25,0.05,3.0
2.29,0,-18,7,25,0.05,3.0
2.29,0,-18,7,25,0.05,3.0
2.291,0,-18,7,25,0.05,3.0
2.291,0,-18,7,25,0.05,3.0
2.291,0,-18,7,25,0.05,3.0
2.291,0,-18,7,25,0.05,3.0
2.292,0,-18,7,25,0.05,3.0
2.292,0,-18,7,25,0.05,3.0
2.292,0,-18,7,25,0.05,3.0
2.293,0,-18,7,25,0.05,3.0
2.293,0,-18,7,25,0.05,3.0
2.293,0,-18,7,25,0.05,3.0
2.293,0,-18,7,25,0.05,3.0
2.294,0,-18,7,25,0.05,3.0
2.294,0,-18,7,25,0.05,3.0
2.294,0,-18,7,25,0.05,3.0
2.294,0,-18,7,25,0.05,3.0
2.295,0,-18,7,25,0.05,3.0
2.295,0,-18,7,25,0.05,3.0
2.295,0,-18,7,25,0.05,3.0
2.296,0,-18,7,25,0.05,3.0
2.296,0,-18,7,25,0.05,3.0
2.296,0,-18,7,25,0.05,3.0
2.296,0,-18,7,25,0.05,3.0
2.297,0,-18,7,25,0.05,3.0
2.297,0,-18,7,25,0.05,3.0
2.297,0,-18,7,25,0.05,3.0
2.298,0,-18,7,25,0.05,3.0
2.298,0,-18,7,25,0.05,3.0
2.298,0,-18,7,25,0.05,3.0
2.298,0,-18,7,25,0.05,3.0
2.299,0,-18,7,25,0.05,3.0
2.299,0,-18,7,25,0.05,3.0
2.299,0,-18,7,25,0.05,3.0
2.299,0,-18,7,25,0.05,3.0
2.3,0,-18,7,25,0.05,3.0
2.3,0,-18,7,25,0.05,3.0
2.3,0,-18,7,25,0.05,3.0
2.301,0,-18,7,25,0.05,3.0
2.301,0,-18,7,25,0.05,3.0
2.301,0,-18,7,25,0.05,3.0
2.301,0,-18,7,25,0.05,3.0
2.302,0,-18,7,25,0.05,3.0
2.302,0,-18,7,25,0.05,3.0
2.302,0,-18,7,25,0.05,3.0
2.303,0,-18,7,25,0.05,3.0
2.303,0,-18,7,25,0.05,3.0
2.303,0,-18,7,25,0.05,3.0
2.303,0,-18,7,25,0.05,3.0
2.304,0,-18,7,25,0.05,3.0
2.304,0,-18,7,25,0.05,3.0
2.304,0,-18,7,25,0.05,3.0
2.305,-1,-19,7,26,0.05,3.0
2.305,0,-19,7,26,0.05,3.0
2.305,0,-19,7,26,0.05,3.0
2.305,0,-19,7,26,0.05,3.0
2.306,0,-19,7,26,0.05,3.0
2.306,0,-19,7,26,0.05,3.0
2.306,0,-19,7,26,0.05,3.0
2.306,0,-19,7,26,0.05,3.0
2.307,0,-19,7,26,0.05,3.0
2.307,0,-19,7,26,0.05,3.0
2.307,0,-19,7,26,0.05,3.0
2.308,0,-19,7,26,0.05,3.0
2.308,0,-19,7,26,0.05,3.0
2.308,0,-19,7,26,0.05,3.0
2.308,0,-19,7,26,0.05,3.0
2.309,0,-19,7,26,0.05,3.0
2.309,0,-19,7,26,0.05,3.0
2.309,0,-19,7,26,0.05,3.0
2.31,0,-19,7,26,0.05,3.0
2.31,0,-19,7,26,0.05,3.0
2.31,0,-19,7,26,0.05,3.0
2.31,0,-19,7,26,0.05,3.0
2.311,0,-19,7,26,0.05,3.0
2.311,0,-19,7,26,0.05,3.0
2.311,0,-19,7,26,0.05,3.0
2.312,0,-19,7,26,0.05,3.0
2.312,0,-19,7,26,0.05,3.0
2.312,0,-19,7,26,0.05,3.0
2.312,0,-19,7,26,0.05,3.0
2.313,0,-19,7,26,0.05,3.0
2.313,0,-19,7,26,0.05,3.0
2.313,0,-19,7,26,0.05,3.0
2.313,0,-19,7,26,0.05,3.0
2.314,0,-19,7,26,0.05,3.0
2.314,0,-19,7,26,0.05,3.0
2.314,0,-19,7,26,0.05,3.0
2.315,0,-19,7,26,0.05,3.0
2.315,0,-19,7,26,0.05,3.0
2.315,0,-19,7,26,0.05,3.0
2.315,0,-19,7,26,0.05,3.0
2.316,0,-19,7,26,0.05,3.0
2.316,0,-19,7,26,0.05,3.0
2.316,0,-19,7,26,0.05,3.0
2.316,0,-19,7,26,0.05,3.0
2.317,0,-19,7,26,0.05,3.0
2.317,0,-19,7,26,0.05,3.0
2.317,0,-19,7,26,0.05,3.0
2.317,0,-19,7,26,0.05,3.0
2.318,0,-19,7,26,0.05,3.0
2.318,0,-19,7,26,0.05,3.0
2.318,0,-19,7,26,0.05,3.0
2.319,0,-19,7,26,0.05,3.0
2.319,0,-19,7,26,0.05,3.0
2.319,0,-19,7,26,0.05,3.0
2.319,0,-19,7,26,0.05,3.0
2.32,0,-19,7,26,0.05,3.0
2.32,0,-19,7,26,0.05,3.0
2.32,0,-19,7,26,0.05,3.0
2.321,0,-19,7,26,0.05,3.0
2.321,0,-19,7,26,0.05,3.0
2.321,0,-19,7,26,0.05,3.0
2.321,0,-19,7,26,0.05,3.0
2.322,0,-19,7,26,0.05,3.0
2.322,0,-19,7,26,0.05,3.0
2.322,0,-19,7,26,0.05,3.0
2.322,0,-19,7,26,0.05,3.0
2.323,0,-19,7,26,0.05,3.0
2.323,0,-19,7,26,0.05,3.0
2.323,0,-19,7,26,0.05,3.0
2.324,0,-19,7,26,0.05,3.0
2.324,0,-19,7,26,0.05,3.0
2.324,0,-19,7,26,0.05,3.0
2.324,0,-19,7,26,0.05,3.0
2.325,0,-19,7,26,0.05,3.0
2.325,0,-19,7,26,0.05,3.0
2.325,0,-19,7,26,0.05,3.0
2.326,0,-19,7,26,0.05,3.0
2.326,0,-19,7,26,0.05,3.0
2.326,0,-19,7,26,0.05,3.0
2.326,0,-19,7,26,0.05,3.0
2.327,0,-19,7,26,0.05,3.0
2.327,0,-19,7,26,0.05,3.0
2.327,0,-19,7,26,0.05,3.0
2.328,0,-19,7,26,0.05,3.0
2.328,0,-19,7,26,0.05,3.0
2.328,0,-19,7,26,0.05,3.0
2.328,0,-19,7,26,0.05,3.0
2.329,0,-19,7,26,0.05,3.0
2.329,0,-19,7,26,0.05,3.0
2.329,0,-19,7,26,0.05,3.0
2.329,0,-19,7,26,0.05,3.0
2.33,0,-19,7,26,0.05,3.0
2.33,0,-19,7,26,0.05,3.0
2.33,0,-19,7,26,0.05,3.0
2.331,0,-19,7,26,0.05,3.0
2.331,0,-19,7,26,0.05,3.0
2.331,0,-19,7,26,0.05,3.0
2.331,0,-19,7,26,0.05,3.0
2.332,0,-19,7,26,0.05,3.0
2.332,0,-19,7,26,0.05,3.0
2.332,0,-19,7,26,0.05,3.0
2.333,0,-19,7,26,0.05,3.0
2.333,-1,-20,7,27,0.05,3.0
2.333,0,-20,7,27,0.05,3.0
2.333,0,-20,7,27,0.05,3.0
2.334,0,-20,7,27,0.05,3.0
2.334,0,-20,7,27,0.05,3.0
2.334,0,-20,7,27,0.05,3.0
2.334,0,-20,7,27,0.05,3.0
2.335,0,-20,7,27,0.05,3.0
2.335,0,-20,7,27,0.05,3.0
2.335,0,-20,7,27,0.05,3.0
2.336,0,-20,7,27,0.05,3.0
2.336,0,-20,7,27,0.05,3.0
2.336,0,-20,7,27,0.05,3.0
2.336,0,-20,7,27,0.05,3.0
2.337,0,-20,7,27,0.05,3.0
2.337,0,-20,7,27,0.05,3.0
2.337,0,-20,7,27,0.05,3.0
2.338,0,-20,7,27,0.05,3.0
2.338,0,-20,7,27,0.05,3.0
2.338,0,-20,7,27,0.05,3.0
2.338,0,-20,7,27,0.05,3.0
2.339,0,-20,7,27,0.05,3.0
2.339,0,-20,7,27,0.05,3.0
2.339,0,-20,7,27,0.05,3.0
2.339,0,-20,7,27,0.05,3.0
2.34,0,-20,7,27,0.05,3.0
2.34,0,-20,7,27,0.05,3.0
2.34,0,-20,7,27,0.05,3.0
2.341,0,-20,7,27,0.05,3.0
2.341,0,-20,7,27,0.05,3.0
2.341,0,-20,7,27,0.05,3.0
2.342,0,-20,7,27,0.05,3.0
2.342,0,-20,7,27,0.05,3.0
2.342,0,-20,7,27,0.05,3.0
2.342,0,-20,7,27,0.05,3.0
2.343,0,-20,7,27,0.05,3.0
2.343,0,-20,7,27,0.05,3.0
2.343,0,-20,7,27,0.05,3.0
2.343,0,-20,7,27,0.05,3.0
2.344,0,-20,7,27,0.05,3.0
2.344,0,-20,7,27,0.05,3.0
2.344,0,-20,7,27,0.05,3.0
2.345,0,-20,7,27,0.05,3.0
2.345,0,-20,7,27,0.05,3.0
2.345,0,-20,7,27,0.05,3.0
2.345,0,-20,7,27,0.05,3.0
2.346,0,-20,7,27,0.05,3.0
2.346,0,-20,7,27,0.05,3.0
2.346,0,-20,7,27,0.05,3.0
2.346,0,-20,7,27,0.05,3.0
2.347,0,-20,7,27,0.05,3.0
2.347,0,-20,7,27,0.05,3.0
2.347,0,-20,7,27,0.05,3.0
2.348,0,-20,7,27,0.05,3.0
2.348,0,-20,7,27,0.05,3.0
2.348,0,-20,7,27,0.05,3.0
2.348,0,-20,7,27,0.05,3.0
2.349,0,-20,7,27,0.05,3.0
2.349,0,-20,7,27,0.05,3.0
2.349,0,-20,7,27,0.05,3.0
2.35,0,-20,7,27,0.05,3.0
2.35,0,-20,7,27,0.05,3.0
2.35,0,-20,7,27,0.05,3.0
2.35,0,-20,7,27,0.05,3.0
2.351,0,-20,7,27,0.05,3.0
2.351,0,-20,7,27,0.05,3.0
2.351,0,-20,7,27,0.05,3.0
2.352,0,-20,7,27,0.05,3.0
2.352,0,-20,7,27,0.05,3.0
2.352,0,-20,7,27,0.05,3.0
2.352,0,-20,7,27,0.05,3.0
2.353,0,-20,7,27,0.05,3.0
2.353,0,-20,7,27,0.05,3.0
2.353,0,-20,7,27,0.05,3.0
2.353,0,-20,7,27,0.05,3.0
2.354,0,-20,7,27,0.05,3.0
2.354,0,-20,7,27,0.05,3.0
2.354,0,-20,7,27,0.05,3.0
2.355,0,-20,7,27,0.05,3.0
2.355,0,-20,7,27,0.05,3.0
2.355,0,-20,7,27,0.05,3.0
2.355,0,-20,7,27,0.05,3.0
2.356,0,-20,7,27,0.05,3.0
2.356,0,-20,7,27,0.05,3.0
2.356,0,-20,7,27,0.05,3.0
2.357,0,-20,7,27,0.05,3.0
2.357,0,-20,7,27,0.05,3.0
2.357,0,-20,7,27,0.05,3.0
2.357,0,-20,7,27,0.05,3.0
2.358,0,-20,7,27,0.05,3.0
2.358,0,-20,7,27,0.05,3.0
2.358,0,-20,7,27,0.05,3.0
2.359,0,-20,7,27,0.05,3.0
2.359,0,-20,7,27,0.05,3.0
2.359,0,-20,7,27,0.05,3.0
2.359,0,-20,7,27,0.05,3.0
2.36,0,-20,7,27,0.05,3.0
2.36,0,-20,7,27,0.05,3.0
2.36,0,-20,7,27,0.05,3.0
2.36,0,-20,7,27,0.05,3.0
2.361,0,-20,7,27,0.05,3.0
2.361,0,-20,7,27,0.05,3.0
2.362,0,-20,7,27,0.05,3.0
2.362,0,-20,7,27,0.05,3.0
2.362,0,-20,7,27,0.05,3.0
2.362,0,-20,7,27,0.05,3.0
2.363,0,-20,7,27,0.05,3.0
2.363,0,-20,7,27,0.05,3.0
2.363,0,-20,7,27,0.05,3.0
2.363,0,-20,7,27,0.05,3.0
2.364,0,-20,7,27,0.05,3.0
2.364,0,-20,7,27,0.05,3.0
2.364,0,-20,7,27,0.05,3.0
2.365,0,-20,7,27,0.05,3.0
2.365,0,-20,7,27,0.05,3.0
2.365,0,-20,7,27,0.05,3.0
2.365,0,-20,7,27,0.05,3.0
2.366,0,-20,7,27,0.05,3.0
2.366,0,-20,7,27,0.05,3.0
2.366,0,-20,7,27,0.05,3.0
2.366,0,-20,7,27,0.05,3.0
2.367,0,-20,7,27,0.05,3.0
2.367,0,-20,7,27,0.05,3.0
2.367,0,-20,7,27,0.05,3.0
2.368,0,-20,7,27,0.05,3.0
2.368,0,-20,7,27,0.05,3.0
2.368,0,-20,7,27,0.05,3.0
2.368,0,-20,7,27,0.05,3.0
2.369,0,-20,7,27,0.05,3.0
2.369,0,-20,7,27,0.05,3.0
2.369,0,-20,7,27,0.05,3.0
2.37,0,-20,7,27,0.05,3.0
2.37,0,-20,7,27,0.05,3.0
2.37,0,-20,7,27,0.05,3.0
2.37,0,-20,7,27,0.05,3.0
2.371,0,-20,7,27,0.05,3.0
2.371,0,-20,7,27,0.05,3.0
2.371,0,-20,7,27,0.05,3.0
2.371,0,-20,7,27,0.05,3.0
2.372,0,-20,7,27,0.05,3.0
2.372,0,-20,7,27,0.05,3.0
2.372,0,-20,7,27,0.05,3.0
2.373,0,-20,7,27,0.05,3.0
2.373,0,-20,7,27,0.05,3.0
2.373,0,-20,7,27,0.05,3.0
2.373,0,-20,7,27,0.05,3.0
2.374,0,-20,7,27,0.05,3.0
2.374,0,-20,7,27,0.05,3.0
2.374,0,-20,7,27,0.05,3.0
2.375,0,-20,7,27,0.05,3.0
2.375,0,-20,7,27,0.05,3.0
2.375,0,-20,7,27,0.05,3.0
2.375,0,-20,7,27,0.05,3.0
2.376,0,-20,7,27,0.05,3.0
2.376,0,-20,7,27,0.05,3.0
2.376,0,-20,7,27,0.05,3.0
2.377,0,-20,7,27,0.05,3.0
2.377,0,-20,7,27,0.05,3.0
2.377,0,-20,7,27,0.05,3.0
2.377,0,-20,7,27,0.05,3.0
2.378,0,-20,7,27,0.05,3.0
2.378,0,-20,7,27,0.05,3.0
2.378,0,-20,7,27,0.05,3.0
2.378,0,-20,7,27,0.05,3.0
2.379,0,-20,7,27,0.05,3.0
2.379,0,-20,7,27,0.05,3.0
2.379,0,-20,7,27,0.05,3.0
2.38,0,-20,7,27,0.05,3.0
2.38,0,-20,7,27,0.05,3.0
2.38,0,-20,7,27,0.05,3.0
2.38,0,-20,7,27,0.05,3.0
2.381,0,-20,7,27,0.05,3.0
2.381,0,-20,7,27,0.05,3.0
2.381,0,-20,7,27,0.05,3.0
2.381,0,-20,7,27,0.05,3.0
2.382,0,-20,7,27,0.05,3.0
2.382,0,-20,7,27,0.05,3.0
2.382,0,-20,7,27,0.05,3.0
2.383,0,-20,7,27,0.05,3.0
2.383,0,-20,7,27,0.05,3.0
2.383,0,-20,7,27,0.05,3.0
2.383,0,-20,7,27,0.05,3.0
2.384,0,-20,7,27,0.05,3.0
2.384,0,-20,7,27,0.05,3.0
2.384,0,-20,7,27,0.05,3.0
2.385,0,-20,7,27,0.05,3.0
2.385,0,-20,7,27,0.05,3.0
2.385,0,-20,7,27,0.05,3.0
2.385,0,-20,7,27,0.05,3.0
2.386,0,-20,7,27,0.05,3.0
2.386,0,-20,7,27,0.05,3.0
2.386,0,-20,7,27,0.05,3.0
2.386,0,-20,7,27,0.05,3.0
2.387,0,-20,7,27,0.05,3.0
2.387,0,-20,7,27,0.05,3.0
2.387,0,-20,7,27,0.05,3.0
2.388,0,-20,7,27,0.05,3.0
2.388,0,-20,7,27,0.05,3.0
2.388,0,-20,7,27,0.05,3.0
2.388,0,-20,7,27,0.05,3.0
2.389,0,-20,7,27,0.05,3.0
2.389,0,-20,7,27,0.05,3.0
2.389,0,-20,7,27,0.05,3.0
2.39,0,-20,7,27,0.05,3.0
2.39,0,-20,7,27,0.05,3.0
2.39,0,-20,7,27,0.05,3.0
2.39,0,-20,7,27,0.05,3.0
2.391,0,-20,7,27,0.05,3.0
2.391,0,-20,7,27,0.05,3.0
2.391,0,-20,7,27,0.05,3.0
2.391,0,-20,7,27,0.05,3.0
2.392,0,-20,7,27,0.05,3.0
2.392,0,-20,7,27,0.05,3.0
2.392,0,-20,7,27,0.05,3.0
2.393,0,-20,7,27,0.05,3.0
2.393,0,-20,7,27,0.05,3.0
2.393,0,-20,7,27,0.05,3.0
2.393,0,-20,7,27,0.05,3.0
2.394,0,-20,7,27,0.05,3.0
2.394,0,-20,7,27,0.05,3.0
2.394,0,-20,7,27,0.05,3.0
2.394,0,-20,7,27,0.05,3.0
2.395,0,-20,7,27,0.05,3.0
2.395,0,-20,7,27,0.05,3.0
2.395,0,-20,7,27,0.05,3.0
2.396,0,-20,7,27,0.05,3.0
2.396,0,-20,7,27,0.05,3.0
2.396,0,-20,7,27,0.05,3.0
2.396,0,-20,7,27,0.05,3.0
2.397,0,-20,7,27,0.05,3.0
2.397,0,-20,7,27,0.05,3.0
2.397,0,-20,7,27,0.05,3.0
2.397,0,-20,7,27,0.05,3.0
2.398,0,-20,7,27,0.05,3.0
2.398,0,-20,7,27,0.05,3.0
2.398,0,-20,7,27,0.05,3.0
2.399,0,-20,7,27,0.05,3.0
2.399,0,-20,7,27,0.05,3.0
2.399,0,-20,7,27,0.05,3.0
2.399,0,-20,7,27,0.05,3.0
2.4,0,-20,7,27,0.05,3.0
2.4,0,-20,7,27,0.05,3.0
2.4,0,-20,7,27,0.05,3.0
2.401,0,-20,7,27,0.05,3.0
2.401,0,-20,7,27,0.05,3.0
2.401,0,-20,7,27,0.05,3.0
2.401,0,-20,7,27,0.05,3.0
2.402,0,-20,7,27,0.05,3.0
2.402,0,-20,7,27,0.05,3.0
2.402,0,-20,7,27,0.05,3.0
2.402,0,-20,7,27,0.05,3.0
2.403,0,-20,7,27,0.05,3.0
2.403,0,-20,7,27,0.05,3.0
2.403,0,-20,7,27,0.05,3.0
2.404,0,-20,7,27,0.05,3.0
2.404,0,-20,7,27,0.05,3.0
2.404,0,-20,7,27,0.05,3.0
2.404,0,-20,7,27,0.05,3.0
2.405,0,-20,7,27,0.05,3.0
2.405,0,-20,7,27,0.05,3.0
2.405,0,-20,7,27,0.05,3.0
2.405,0,-20,7,27,0.05,3.0
2.406,0,-20,7,27,0.05,3.0
2.406,0,-20,7,27,0.05,3.0
2.406,0,-20,7,27,0.05,3.0
2.407,0,-20,7,27,0.05,3.0
2.407,0,-20,7,27,0.05,3.0
2.407,0,-20,7,27,0.05,3.0
2.407,0,-20,7,27,0.05,3.0
2.408,0,-20,7,27,0.05,3.0
2.408,0,-20,7,27,0.05,3.0
2.408,0,-20,7,27,0.05,3.0
2.409,0,-20,7,27,0.05,3.0
2.409,0,-20,7,27,0.05,3.0
2.409,0,-20,7,27,0.05,3.0
2.409,0,-20,7,27,0.05,3.0
2.41,0,-20,7,27,0.05,3.0
2.41,0,-20,7,27,0.05,3.0
2.41,0,-20,7,27,0.05,3.0
2.41,0,-20,7,27,0.05,3.0
2.411,0,-20,7,27,0.05,3.0
2.411,0,-20,7,27,0.05,3.0
2.411,0,-20,7,27,0.05,3.0
2.412,0,-20,7,27,0.05,3.0
2.412,0,-20,7,27,0.05,3.0
2.412,0,-20,7,27,0.05,3.0
2.412,0,-20,7,27,0.05,3.0
2.413,0,-20,7,27,0.05,3.0
2.413,0,-20,7,27,0.05,3.0
2.413,0,-20,7,27,0.05,3.0
2.413,0,-20,7,27,0.05,3.0
2.414,0,-20,7,27,0.05,3.0
2.414,0,-20,7,27,0.05,3.0
2.414,0,-20,7,27,0.05,3.0
2.415,0,-20,7,27,0.05,3.0
2.415,0,-20,7,27,0.05,3.0
2.415,0,-20,7,27,0.05,3.0
2.415,0,-20,7,27,0.05,3.0
2.416,0,-20,7,27,0.05,3.0
2.416,0,-20,7,27,0.05,3.0
2.416,-1,-21,7,28,0.05,3.0
2.417,0,-21,7,28,0.05,3.0
2.417,0,-21,7,28,0.05,3.0
2.417,0,-21,7,28,0.05,3.0
2.417,0,-21,7,28,0.05,3.0
2.418,0,-21,7,28,0.05,3.0
2.418,0,-21,7,28,0.05,3.0
2.418,0,-21,7,28,0.05,3.0
2.418,0,-21,7,28,0.05,3.0
2.419,0,-21,7,28,0.05,3.0
2.419,0,-21,7,28,0.05,3.0
2.419,0,-21,7,28,0.05,3.0
2.42,0,-21,7,28,0.05,3.0
2.42,0,-21,7,28,0.05,3.0
2.42,0,-21,7,28,0.05,3.0
2.42,0,-21,7,28,0.05,3.0
2.421,0,-21,7,28,0.05,3.0
2.421,0,-21,7,28,0.05,3.0
2.421,0,-21,7,28,0.05,3.0
2.422,0,-21,7,28,0.05,3.0
2.422,0,-21,7,28,0.05,3.0
2.422,0,-21,7,28,0.05,3.0
2.422,0,-21,7,28,0.05,3.0
2.423,0,-21,7,28,0.05,3.0
2.423,0,-21,7,28,0.05,3.0
2.423,0,-21,7,28,0.05,3.0
2.423,0,-21,7,28,0.05,3.0
2.424,0,-21,7,28,0.05,3.0
2.424,0,-21,7,28,0.05,3.0
2.424,0,-21,7,28,0.05,3.0
2.425,0,-21,7,28,0.05,3.0
2.425,0,-21,7,28,0.05,3.0
2.425,0,-21,7,28,0.05,3.0
2.426,0,-21,7,28,0.05,3.0
2.426,0,-21,7,28,0.05,3.0
2.426,0,-21,7,28,0.05,3.0
2.426,0,-21,7,28,0.05,3.0
2.427,0,-21,7,28,0.05,3.0
2.427,0,-21,7,28,0.05,3.0
2.427,0,-21,7,28,0.05,3.0
2.428,0,-21,7,28,0.05,3.0
2.428,0,-21,7,28,0.05,3.0
2.428,0,-21,7,28,0.05,3.0
2.428,0,-21,7,28,0.05,3.0
2.429,0,-21,7,28,0.05,3.0
2.429,0,-21,7,28,0.05,3.0
2.429,0,-21,7,28,0.05,3.0
2.429,0,-21,7,28,0.05,3.0
2.43,0,-21,7,28,0.05,3.0
2.43,0,-21,7,28,0.05,3.0
2.43,0,-21,7,28,0.05,3.0
2.43,0,-21,7,28,0.05,3.0
2.431,0,-21,7,28,0.05,3.0
2.431,0,-21,7,28,0.05,3.0
2.431,0,-21,7,28,0.05,3.0
2.432,0,-21,7,28,0.05,3.0
2.432,0,-21,7,28,0.05,3.0
2.432,0,-21,7,28,0.05,3.0
2.432,0,-21,7,28,0.05,3.0
2.433,0,-21,7,28,0.05,3.0
2.433,0,-21,7,28,0.05,3.0
2.433,0,-21,7,28,0.05,3.0
2.433,0,-21,7,28,0.05,3.0
2.434,0,-21,7,28,0.05,3.0
2.434,0,-21,7,28,0.05,3.0
2.434,0,-21,7,28,0.05,3.0
2.435,0,-21,7,28,0.05,3.0
2.435,0,-21,7,28,0.05,3.0
2.435,0,-21,7,28,0.05,3.0
2.435,0,-21,7,28,0.05,3.0
2.436,0,-21,7,28,0.05,3.0
2.436,0,-21,7,28,0.05,3.0
2.436,0,-21,7,28,0.05,3.0
2.437,0,-21,7,28,0.05,3.0
2.437,0,-21,7,28,0.05,3.0
2.437,0,-21,7,28,0.05,3.0
2.437,0,-21,7,28,0.05,3.0
2.438,0,-21,7,28,0.05,3.0
2.438,0,-21,7,28,0.05,3.0
2.438,0,-21,7,28,0.05,3.0
2.438,0,-21,7,28,0.05,3.0
2.439,0,-21,7,28,0.05,3.0
2.439,0,-21,7,28,0.05,3.0
2.439,0,-21,7,28,0.05,3.0
2.44,0,-21,7,28,0.05,3.0
2.44,0,-21,7,28,0.05,3.0
2.44,0,-21,7,28,0.05,3.0
2.44,0,-21,7,28,0.05,3.0
2.441,0,-21,7,28,0.05,3.0
2.441,0,-21,7,28,0.05,3.0
2.441,0,-21,7,28,0.05,3.0
2.441,0,-21,7,28,0.05,3.0
2.442,0,-21,7,28,0.05,3.0
2.442,0,-21,7,28,0.05,3.0
2.442,0,-21,7,28,0.05,3.0
2.443,0,-21,7,28,0.05,3.0
2.443,0,-21,7,28,0.05,3.0
2.443,0,-21,7,28,0.05,3.0
2.443,0,-21,7,28,0.05,3.0
2.444,0,-21,7,28,0.05,3.0
2.444,0,-21,7,28,0.05,3.0
2.444,0,-21,7,28,0.05,3.0
2.445,0,-21,7,28,0.05,3.0
2.445,0,-21,7,28,0.05,3.0
2.445,0,-21,7,28,0.05,3.0
2.445,0,-21,7,28,0.05,3.0
2.446,0,-21,7,28,0.05,3.0
2.446,0,-21,7,28,0.05,3.0
2.446,0,-21,7,28,0.05,3.0
2.447,0,-21,7,28,0.05,3.0
2.447,0,-21,7,28,0.05,3.0
2.447,0,-21,7,28,0.05,3.0
2.447,0,-21,7,28,0.05,3.0
2.448,0,-21,7,28,0.05,3.0
2.448,0,-21,7,28,0.05,3.0
2.448,0,-21,7,28,0.05,3.0
2.448,0,-21,7,28,0.05,3.0
2.449,0,-21,7,28,0.05,3.0
2.449,0,-21,7,28,0.05,3.0
2.449,0,-21,7,28,0.05,3.0
2.45,0,-21,7,28,0.05,3.0
2.45,0,-21,7,28,0.05,3.0
2.45,0,-21,7,28,0.05,3.0
2.45,0,-21,7,28,0.05,3.0
2.451,0,-21,7,28,0.05,3.0
2.451,0,-21,7,28,0.05,3.0
2.451,0,-21,7,28,0.05,3.0
2.451,0,-21,7,28,0.05,3.0
2.452,0,-21,7,28,0.05,3.0
2.452,0,-21,7,28,0.05,3.0
2.452,0,-21,7,28,0.05,3.0
2.453,0,-21,7,28,0.05,3.0
2.453,0,-21,7,28,0.05,3.0
2.453,0,-21,7,28,0.05,3.0
2.453,0,-21,7,28,0.05,3.0
2.454,0,-21,7,28,0.05,3.0
2.454,0,-21,7,28,0.05,3.0
2.454,0,-21,7,28,0.05,3.0
2.455,0,-21,7,28,0.05,3.0
2.455,0,-21,7,28,0.05,3.0
2.455,0,-21,7,28,0.05,3.0
2.455,0,-21,7,28,0.05,3.0
2.456,0,-21,7,28,0.05,3.0
2.456,0,-21,7,28,0.05,3.0
2.456,0,-21,7,28,0.05,3.0
2.456,0,-21,7,28,0.05,3.0
2.457,0,-21,7,28,0.05,3.0
2.457,0,-21,7,28,0.05,3.0
2.457,0,-21,7,28,0.05,3.0
2.458,0,-21,7,28,0.05,3.0
2.458,0,-21,7,28,0.05,3.0
2.458,0,-21,7,28,0.05,3.0
2.458,0,-21,7,28,0.05,3.0
2.459,0,-21,7,28,0.05,3.0
2.459,0,-21,7,28,0.05,3.0
2.459,0,-21,7,28,0.05,3.0
2.459,0,-21,7,28,0.05,3.0
2.46,0,-21,7,28,0.05,3.0
2.46,0,-21,7,28,0.05,3.0
2.46,0,-21,7,28,0.05,3.0
2.461,0,-21,7,28,0.05,3.0
2.461,0,-21,7,28,0.05,3.0
2.461,0,-21,7,28,0.05,3.0
2.461,0,-21,7,28,0.05,3.0
2.462,0,-21,7,28,0.05,3.0
2.462,0,-21,7,28,0.05,3.0
2.462,0,-21,7,28,0.05,3.0
2.463,0,-21,7,28,0.05,3.0
2.463,0,-21,7,28,0.05,3.0
2.463,0,-21,7,28,0.05,3.0
2.463,0,-21,7,28,0.05,3.0
2.464,0,-21,7,28,0.05,3.0
2.464,0,-21,7,28,0.05,3.0
2.464,0,-21,7,28,0.05,3.0
2.465,0,-21,7,28,0.05,3.0
2.465,0,-21,7,28,0.05,3.0
2.465,0,-21,7,28,0.05,3.0
2.465,0,-21,7,28,0.05,3.0
2.466,0,-21,7,28,0.05,3.0
2.466,0,-21,7,28,0.05,3.0
2.466,0,-21,7,28,0.05,3.0
2.466,0,-21,7,28,0.05,3.0
2.467,0,-21,7,28,0.05,3.0
2.467,0,-21,7,28,0.05,3.0
2.467,0,-21,7,28,0.05,3.0
2.467,0,-21,7,28,0.05,3.0
2.468,0,-21,7,28,0.05,3.0
2.468,0,-21,7,28,0.05,3.0
2.468,0,-21,7,28,0.05,3.0
2.469,0,-21,7,28,0.05,3.0
2.469,0,-21,7,28,0.05,3.0
2.469,0,-21,7,28,0.05,3.0
2.469,0,-21,7,28,0.05,3.0
2.47,0,-21,7,28,0.05,3.0
2.47,0,-21,7,28,0.05,3.0
2.47,0,-21,7,28,0.05,3.0
2.471,0,-21,7,28,0.05,3.0
2.471,0,-21,7,28,0.05,3.0
2.471,0,-21,7,28,0.05,3.0
2.471,0,-21,7,28,0.05,3.0
2.472,0,-21,7,28,0.05,3.0
2.472,0,-21,7,28,0.05,3.0
2.472,0,-21,7,28,0.05,3.0
2.472,0,-21,7,28,0.05,3.0
2.473,0,-21,7,28,0.05,3.0
2.473,0,-21,7,28,0.05,3.0
2.473,0,-21,7,28,0.05,3.0
2.474,0,-21,7,28,0.05,3.0
2.474,0,-21,7,28,0.05,3.0
2.474,0,-21,7,28,0.05,3.0
2.474,0,-21,7,28,0.05,3.0
2.475,0,-21,7,28,0.05,3.0
2.475,0,-21,7,28,0.05,3.0
2.475,0,-21,7,28,0.05,3.0
2.475,0,-21,7,28,0.05,3.0
2.476,0,-21,7,28,0.05,3.0
2.476,0,-21,7,28,0.05,3.0
2.476,0,-21,7,28,0.05,3.0
2.477,0,-21,7,28,0.05,3.0
2.477,0,-21,7,28,0.05,3.0
2.477,0,-21,7,28,0.05,3.0
2.477,0,-21,7,28,0.05,3.0
2.478,0,-21,7,28,0.05,3.0
2.478,0,-21,7,28,0.05,3.0
2.478,0,-21,7,28,0.05,3.0
2.479,0,-21,7,28,0.05,3.0
2.479,0,-21,7,28,0.05,3.0
2.479,0,-21,7,28,0.05,3.0
2.479,0,-21,7,28,0.05,3.0
2.48,0,-21,7,28,0.05,3.0
2.48,0,-21,7,28,0.05,3.0
2.48,0,-21,7,28,0.05,3.0
2.481,0,-21,7,28,0.05,3.0
2.481,0,-21,7,28,0.05,3.0
2.481,0,-21,7,28,0.05,3.0
2.481,0,-21,7,28,0.05,3.0
2.482,0,-21,7,28,0.05,3.0
2.482,0,-21,7,28,0.05,3.0
2.482,0,-21,7,28,0.05,3.0
2.482,0,-21,7,28,0.05,3.0
2.483,0,-21,7,28,0.05,3.0
2.483,0,-21,7,28,0.05,3.0
2.483,0,-21,7,28,0.05,3.0
2.484,0,-21,7,28,0.05,3.0
2.484,0,-21,7,28,0.05,3.0
2.484,0,-21,7,28,0.05,3.0
2.484,0,-21,7,28,0.05,3.0
2.485,0,-21,7,28,0.05,3.0
2.485,0,-21,7,28,0.05,3.0
2.485,0,-21,7,28,0.05,3.0
2.485,0,-21,7,28,0.05,3.0
2.486,0,-21,7,28,0.05,3.0
2.486,0,-21,7,28,0.05,3.0
2.486,0,-21,7,28,0.05,3.0
2.487,0,-21,7,28,0.05,3.0
2.487,0,-21,7,28,0.05,3.0
2.487,0,-21,7,28,0.05,3.0
2.487,0,-21,7,28,0.05,3.0
2.488,0,-21,7,28,0.05,3.0
2.488,0,-21,7,28,0.05,3.0
2.488,0,-21,7,28,0.05,3.0
2.488,0,-21,7,28,0.05,3.0
2.489,0,-21,7,28,0.05,3.0
2.489,0,-21,7,28,0.05,3.0
2.489,0,-21,7,28,0.05,3.0
2.49,0,-21,7,28,0.05,3.0
2.49,0,-21,7,28,0.05,3.0
2.49,0,-21,7,28,0.05,3.0
2.49,0,-21,7,28,0.05,3.0
2.491,0,-21,7,28,0.05,3.0
2.491,0,-21,7,28,0.05,3.0
2.491,0,-21,7,28,0.05,3.0
2.491,0,-21,7,28,0.05,3.0
2.492,0,-21,7,28,0.05,3.0
2.492,0,-21,7,28,0.05,3.0
2.492,0,-21,7,28,0.05,3.0
2.493,0,-21,7,28,0.05,3.0
2.493,0,-21,7,28,0.05,3.0
2.493,0,-21,7,28,0.05,3.0
2.493,0,-21,7,28,0.05,3.0
2.494,0,-21,7,28,0.05,3.0
2.494,0,-21,7,28,0.05,3.0
2.494,0,-21,7,28,0.05,3.0
2.495,0,-21,7,28,0.05,3.0
2.495,0,-21,7,28,0.05,3.0
2.495,0,-21,7,28,0.05,3.0
2.495,0,-21,7,28,0.05,3.0
2.496,0,-21,7,28,0.05,3.0
2.496,0,-21,7,28,0.05,3.0
2.496,0,-21,7,28,0.05,3.0
2.497,0,-21,7,28,0.05,3.0
2.497,0,-21,7,28,0.05,3.0
2.497,0,-21,7,28,0.05,3.0
2.497,0,-21,7,28,0.05,3.0
2.498,0,-21,7,28,0.05,3.0
2.498,0,-21,7,28,0.05,3.0
2.498,0,-21,7,28,0.05,3.0
2.498,0,-21,7,28,0.05,3.0
2.499,0,-21,7,28,0.05,3.0
2.499,0,-21,7,28,0.05,3.0
2.499,-1,-22,7,29,0.05,3.0
2.5,0,-22,7,29,0.05,3.0
2.5,0,-22,7,29,0.05,3.0
2.5,0,-22,7,29,0.05,3.0
2.5,0,-22,7,29,0.05,3.0
2.501,0,-22,7,29,0.05,3.0
2.501,0,-22,7,29,0.05,3.0
2.501,0,-22,7,29,0.05,3.0
2.501,0,-22,7,29,0.05,3.0
2.502,0,-22,7,29,0.05,3.0
2.502,0,-22,7,29,0.05,3.0
2.502,0,-22,7,29,0.05,3.0
2.503,0,-22,7,29,0.05,3.0
2.503,0,-22,7,29,0.05,3.0
2.503,0,-22,7,29,0.05,3.0
2.503,0,-22,7,29,0.05,3.0
2.504,0,-22,7,29,0.05,3.0
2.504,0,-22,7,29,0.05,3.0
2.504,0,-22,7,29,0.05,3.0
2.505,0,-22,7,29,0.05,3.0
2.505,0,-22,7,29,0.05,3.0
2.505,0,-22,7,29,0.05,3.0
2.505,0,-22,7,29,0.05,3.0
2.506,0,-22,7,29,0.05,3.0
2.506,0,-22,7,29,0.05,3.0
2.506,0,-22,7,29,0.05,3.0
2.507,0,-22,7,29,0.05,3.0
2.507,0,-22,7,29,0.05,3.0
2.507,0,-22,7,29,0.05,3.0
2.507,0,-22,7,29,0.05,3.0
2.508,0,-22,7,29,0.05,3.0
2.508,0,-22,7,29,0.05,3.0
2.508,0,-22,7,29,0.05,3.0
2.508,0,-22,7,29,0.05,3.0
2.509,0,-22,7,29,0.05,3.0
2.509,0,-22,7,29,0.05,3.0
2.509,0,-22,7,29,0.05,3.0
2.51,0,-22,7,29,0.05,3.0
2.51,0,-22,7,29,0.05,3.0
2.51,0,-22,7,29,0.05,3.0
2.51,0,-22,7,29,0.05,3.0
2.511,0,-22,7,29,0.05,3.0
2.511,0,-22,7,29,0.05,3.0
2.511,0,-22,7,29,0.05,3.0
2.511,0,-22,7,29,0.05,3.0
2.512,0,-22,7,29,0.05,3.0
2.512,0,-22,7,29,0.05,3.0
2.512,0,-22,7,29,0.05,3.0
2.513,0,-22,7,29,0.05,3.0
2.513,0,-22,7,29,0.05,3.0
2.513,0,-22,7,29,0.05,3.0
2.513,0,-22,7,29,0.05,3.0
2.514,0,-22,7,29,0.05,3.0
2.514,0,-22,7,29,0.05,3.0
2.514,0,-22,7,29,0.05,3.0
2.515,0,-22,7,29,0.05,3.0
2.515,0,-22,7,29,0.05,3.0
2.515,0,-22,7,29,0.05,3.0
2.515,0,-22,7,29,0.05,3.0
2.516,0,-22,7,29,0.05,3.0
2.516,0,-22,7,29,0.05,3.0
2.516,0,-22,7,29,0.05,3.0
2.516,0,-22,7,29,0.05,3.0
2.517,0,-22,7,29,0.05,3.0
2.517,0,-22,7,29,0.05,3.0
2.517,0,-22,7,29,0.05,3.0
2.518,0,-22,7,29,0.05,3.0
2.518,0,-22,7,29,0.05,3.0
2.518,0,-22,7,29,0.05,3.0
2.518,0,-22,7,29,0.05,3.0
2.519,0,-22,7,29,0.05,3.0
2.519,0,-22,7,29,0.05,3.0
2.519,0,-22,7,29,0.05,3.0
2.519,0,-22,7,29,0.05,3.0
2.52,0,-22,7,29,0.05,3.0
2.52,0,-22,7,29,0.05,3.0
2.52,0,-22,7,29,0.05,3.0
2.521,0,-22,7,29,0.05,3.0
2.521,0,-22,7,29,0.05,3.0
2.521,0,-22,7,29,0.05,3.0
2.521,0,-22,7,29,0.05,3.0
2.522,0,-22,7,29,0.05,3.0
2.522,0,-22,7,29,0.05,3.0
2.522,0,-22,7,29,0.05,3.0
2.523,0,-22,7,29,0.05,3.0
2.523,0,-22,7,29,0.05,3.0
2.523,0,-22,7,29,0.05,3.0
2.523,0,-22,7,29,0.05,3.0
2.524,0,-22,7,29,0.05,3.0
2.524,0,-22,7,29,0.05,3.0
2.524,0,-22,7,29,0.05,3.0
2.524,0,-22,7,29,0.05,3.0
2.525,0,-22,7,29,0.05,3.0
2.525,0,-22,7,29,0.05,3.0
2.525,0,-22,7,29,0.05,3.0
2.526,0,-22,7,29,0.05,3.0
2.526,0,-22,7,29,0.05,3.0
2.526,0,-22,7,29,0.05,3.0
2.526,0,-22,7,29,0.05,3.0
2.527,0,-22,7,29,0.05,3.0
2.527,0,-22,7,29,0.05,3.0
2.527,0,-22,7,29,0.05,3.0
2.527,0,-22,7,29,0.05,3.0
2.528,0,-22,7,29,0.05,3.0
2.528,0,-22,7,29,0.05,3.0
2.528,0,-22,7,29,0.05,3.0
2.529,0,-22,7,29,0.05,3.0
2.529,0,-22,7,29,0.05,3.0
2.529,0,-22,7,29,0.05,3.0
2.53,0,-22,7,29,0.05,3.0
2.53,0,-22,7,29,0.05,3.0
2.53,0,-22,7,29,0.05,3.0
2.53,0,-22,7,29,0.05,3.0
2.531,0,-22,7,29,0.05,3.0
2.531,0,-22,7,29,0.05,3.0
2.531,0,-22,7,29,0.05,3.0
2.531,0,-22,7,29,0.05,3.0
2.532,0,-22,7,29,0.05,3.0
2.532,0,-22,7,29,0.05,3.0
2.532,0,-22,7,29,0.05,3.0
2.533,0,-22,7,29,0.05,3.0
2.533,0,-22,7,29,0.05,3.0
2.533,0,-22,7,29,0.05,3.0
2.533,0,-22,7,29,0.05,3.0
2.534,0,-22,7,29,0.05,3.0
2.534,0,-22,7,29,0.05,3.0
2.534,0,-22,7,29,0.05,3.0
2.535,0,-22,7,29,0.05,3.0
2.535,0,-22,7,29,0.05,3.0
2.535,0,-22,7,29,0.05,3.0
2.535,0,-22,7,29,0.05,3.0
2.536,0,-22,7,29,0.05,3.0
2.536,0,-22,7,29,0.05,3.0
2.536,0,-22,7,29,0.05,3.0
2.536,0,-22,7,29,0.05,3.0
2.537,0,-22,7,29,0.05,3.0
2.537,0,-22,7,29,0.05,3.0
2.537,0,-22,7,29,0.05,3.0
2.538,0,-22,7,29,0.05,3.0
2.538,0,-22,7,29,0.05,3.0
2.538,0,-22,7,29,0.05,3.0
2.538,0,-22,7,29,0.05,3.0
2.539,0,-22,7,29,0.05,3.0
2.539,0,-22,7,29,0.05,3.0
2.539,0,-22,7,29,0.05,3.0
2.54,0,-22,7,29,0.05,3.0
2.54,0,-22,7,29,0.05,3.0
2.54,0,-22,7,29,0.05,3.0
2.541,0,-22,7,29,0.05,3.0
2.541,0,-22,7,29,0.05,3.0
2.541,0,-22,7,29,0.05,3.0
2.541,0,-22,7,29,0.05,3.0
2.542,0,-22,7,29,0.05,3.0
2.542,0,-22,7,29,0.05,3.0
2.542,0,-22,7,29,0.05,3.0
2.542,0,-22,7,29,0.05,3.0
2.543,0,-22,7,29,0.05,3.0
2.543,0,-22,7,29,0.05,3.0
2.543,0,-22,7,29,0.05,3.0
2.543,0,-22,7,29,0.05,3.0
2.544,0,-22,7,29,0.05,3.0
2.544,0,-22,7,29,0.05,3.0
2.544,0,-22,7,29,0.05,3.0
2.545,0,-22,7,29,0.05,3.0
2.545,0,-22,7,29,0.05,3.0
2.545,0,-22,7,29,0.05,3.0
2.545,0,-22,7,29,0.05,3.0
2.546,0,-22,7,29,0.05,3.0
2.546,0,-22,7,29,0.05,3.0
2.546,0,-22,7,29,0.05,3.0
2.547,0,-22,7,29,0.05,3.0
2.547,0,-22,7,29,0.05,3.0
2.547,0,-22,7,29,0.05,3.0
2.547,0,-22,7,29,0.05,3.0
2.548,0,-22,7,29,0.05,3.0
2.548,0,-22,7,29,0.05,3.0
2.548,0,-22,7,29,0.05,3.0
2.548,0,-22,7,29,0.05,3.0
2.549,0,-22,7,29,0.05,3.0
2.549,0,-22,7,29,0.05,3.0
2.549,0,-22,7,29,0.05,3.0
2.55,0,-22,7,29,0.05,3.0
2.55,0,-22,7,29,0.05,3.0
2.55,0,-22,7,29,0.05,3.0
2.55,0,-22,7,29,0.05,3.0
2.551,0,-22,7,29,0.05,3.0
2.551,0,-22,7,29,0.05,3.0
2.551,0,-22,7,29,0.05,3.0
2.551,0,-22,7,29,0.05,3.0
2.552,0,-22,7,29,0.05,3.0
2.552,0,-22,7,29,0.05,3.0
2.552,0,-22,7,29,0.05,3.0
2.553,0,-22,7,29,0.05,3.0
2.553,0,-22,7,29,0.05,3.0
2.553,0,-22,7,29,0.05,3.0
2.553,0,-22,7,29,0.05,3.0
2.554,0,-22,7,29,0.05,3.0
2.554,0,-22,7,29,0.05,3.0
2.554,0,-22,7,29,0.05,3.0
2.554,0,-22,7,29,0.05,3.0
2.555,0,-22,7,29,0.05,3.0
2.555,0,-22,7,29,0.05,3.0
2.555,0,-22,7,29,0.05,3.0
2.556,0,-22,7,29,0.05,3.0
2.556,0,-22,7,29,0.05,3.0
2.556,0,-22,7,29,0.05,3.0
2.556,0,-22,7,29,0.05,3.0
2.557,0,-22,7,29,0.05,3.0
2.557,0,-22,7,29,0.05,3.0
2.557,0,-22,7,29,0.05,3.0
2.558,0,-22,7,29,0.05,3.0
2.558,0,-22,7,29,0.05,3.0
2.558,0,-22,7,29,0.05,3.0
2.558,0,-22,7,29,0.05,3.0
2.559,0,-22,7,29,0.05,3.0
2.559,0,-22,7,29,0.05,3.0
2.559,0,-22,7,29,0.05,3.0
2.56,0,-22,7,29,0.05,3.0
2.56,0,-22,7,29,0.05,3.0
2.56,0,-22,7,29,0.05,3.0
2.56,0,-22,7,29,0.05,3.0
2.561,0,-22,7,29,0.05,3.0
2.561,0,-22,7,29,0.05,3.0
2.561,0,-22,7,29,0.05,3.0
2.562,0,-22,7,29,0.05,3.0
2.562,0,-22,7,29,0.05,3.0
2.562,0,-22,7,29,0.05,3.0
2.562,0,-22,7,29,0.05,3.0
2.563,0,-22,7,29,0.05,3.0
2.563,0,-22,7,29,0.05,3.0
2.563,0,-22,7,29,0.05,3.0
2.564,0,-22,7,29,0.05,3.0
2.564,0,-22,7,29,0.05,3.0
2.564,0,-22,7,29,0.05,3.0
2.564,0,-22,7,29,0.05,3.0
2.565,0,-22,7,29,0.05,3.0
2.565,0,-22,7,29,0.05,3.0
2.565,0,-22,7,29,0.05,3.0
2.565,0,-22,7,29,0.05,3.0
2.566,0,-22,7,29,0.05,3.0
2.566,0,-22,7,29,0.05,3.0
2.566,0,-22,7,29,0.05,3.0
2.567,0,-22,7,29,0.05,3.0
2.567,0,-22,7,29,0.05,3.0
2.567,0,-22,7,29,0.05,3.0
2.567,0,-22,7,29,0.05,3.0
2.568,0,-22,7,29,0.05,3.0
2.568,0,-22,7,29,0.05,3.0
2.568,0,-22,7,29,0.05,3.0
2.569,0,-22,7,29,0.05,3.0
2.569,0,-22,7,29,0.05,3.0
2.569,0,-22,7,29,0.05,3.0
2.569,0,-22,7,29,0.05,3.0
2.57,0,-22,7,29,0.05,3.0
2.57,0,-22,7,29,0.05,3.0
2.57,0,-22,7,29,0.05,3.0
2.57,0,-22,7,29,0.05,3.0
2.571,0,-22,7,29,0.05,3.0
2.571,0,-22,7,29,0.05,3.0
2.571,0,-22,7,29,0.05,3.0
2.572,0,-22,7,29,0.05,3.0
2.572,0,-22,7,29,0.05,3.0
2.572,0,-22,7,29,0.05,3.0
2.572,0,-22,7,29,0.05,3.0
2.573,0,-22,7,29,0.05,3.0
2.573,0,-22,7,29,0.05,3.0
2.573,0,-22,7,29,0.05,3.0
2.574,0,-22,7,29,0.05,3.0
2.574,0,-22,7,29,0.05,3.0
2.574,0,-22,7,29,0.05,3.0
2.574,0,-22,7,29,0.05,3.0
2.575,0,-22,7,29,0.05,3.0
2.575,0,-22,7,29,0.05,3.0
2.575,0,-22,7,29,0.05,3.0
2.576,0,-22,7,29,0.05,3.0
2.576,0,-22,7,29,0.05,3.0
2.576,0,-22,7,29,0.05,3.0
2.576,0,-22,7,29,0.05,3.0
2.577,0,-22,7,29,0.05,3.0
2.577,0,-22,7,29,0.05,3.0
2.577,0,-22,7,29,0.05,3.0
2.577,0,-22,7,29,0.05,3.0
2.578,0,-22,7,29,0.05,3.0
2.578,0,-22,7,29,0.05,3.0
2.578,0,-22,7,29,0.05,3.0
2.579,0,-22,7,29,0.05,3.0
2.579,0,-22,7,29,0.05,3.0
2.579,0,-22,7,29,0.05,3.0
2.579,0,-22,7,29,0.05,3.0
2.58,0,-22,7,29,0.05,3.0
2.58,0,-22,7,29,0.05,3.0
2.58,0,-22,7,29,0.05,3.0
2.581,0,-22,7,29,0.05,3.0
2.581,0,-22,7,29,0.05,3.0
2.581,0,-22,7,29,0.05,3.0
2.581,0,-22,7,29,0.05,3.0
2.582,0,-22,7,29,0.05,3.0
2.582,0,-22,7,29,0.05,3.0
2.582,0,-22,7,29,0.05,3.0
2.582,0,-22,7,29,0.05,3.0
2.583,-1,-23,7,30,0.05,3.0
2.583,0,-23,7,30,0.05,3.0
2.583,0,-23,7,30,0.05,3.0
2.584,0,-23,7,30,0.05,3.0
2.584,0,-23,7,30,0.05,3.0
2.584,0,-23,7,30,0.05,3.0
2.584,0,-23,7,30,0.05,3.0
2.585,0,-23,7,30,0.05,3.0
2.585,0,-23,7,30,0.05,3.0
2.585,0,-23,7,30,0.05,3.0
2.586,0,-23,7,30,0.05,3.0
2.586,0,-23,7,30,0.05,3.0
2.586,0,-23,7,30,0.05,3.0
2.586,0,-23,7,30,0.05,3.0
2.587,0,-23,7,30,0.05,3.0
2.587,0,-23,7,30,0.05,3.0
2.587,0,-23,7,30,0.05,3.0
2.587,0,-23,7,30,0.05,3.0
2.588,0,-23,7,30,0.05,3.0
2.588,0,-23,7,30,0.05,3.0
2.588,0,-23,7,30,0.05,3.0
2.589,0,-23,7,30,0.05,3.0
2.589,0,-23,7,30,0.05,3.0
2.589,0,-23,7,30,0.05,3.0
2.589,0,-23,7,30,0.05,3.0
2.59,0,-23,7,30,0.05,3.0
2.59,0,-23,7,30,0.05,3.0
2.59,0,-23,7,30,0.05,3.0
2.591,0,-23,7,30,0.05,3.0
2.591,0,-23,7,30,0.05,3.0
2.591,0,-23,7,30,0.05,3.0
2.591,0,-23,7,30,0.05,3.0
2.592,0,-23,7,30,0.05,3.0
2.592,0,-23,7,30,0.05,3.0
2.592,0,-23,7,30,0.05,3.0
2.592,0,-23,7,30,0.05,3.0
2.593,0,-23,7,30,0.05,3.0
2.593,0,-23,7,30,0.05,3.0
2.593,0,-23,7,30,0.05,3.0
2.594,0,-23,7,30,0.05,3.0
2.594,0,-23,7,30,0.05,3.0
2.594,0,-23,7,30,0.05,3.0
2.594,0,-23,7,30,0.05,3.0
2.595,0,-23,7,30,0.05,3.0
2.595,0,-23,7,30,0.05,3.0
2.595,0,-23,7,30,0.05,3.0
2.596,0,-23,7,30,0.05,3.0
2.596,0,-23,7,30,0.05,3.0
2.596,0,-23,7,30,0.05,3.0
2.596,0,-23,7,30,0.05,3.0
2.597,0,-23,7,30,0.05,3.0
2.597,0,-23,7,30,0.05,3.0
2.597,0,-23,7,30,0.05,3.0
2.597,0,-23,7,30,0.05,3.0
2.598,0,-23,7,30,0.05,3.0
2.598,0,-23,7,30,0.05,3.0
2.598,0,-23,7,30,0.05,3.0
2.599,0,-23,7,30,0.05,3.0
2.599,0,-23,7,30,0.05,3.0
2.599,0,-23,7,30,0.05,3.0
2.599,0,-23,7,30,0.05,3.0
2.6,0,-23,7,30,0.05,3.0
2.6,0,-23,7,30,0.05,3.0
2.6,0,-23,7,30,0.05,3.0
2.601,0,-23,7,30,0.05,3.0
2.601,0,-23,7,30,0.05,3.0
2.601,0,-23,7,30,0.05,3.0
2.601,0,-23,7,30,0.05,3.0
2.602,0,-23,7,30,0.05,3.0
2.602,0,-23,7,30,0.05,3.0
2.602,0,-23,7,30,0.05,3.0
2.602,0,-23,7,30,0.05,3.0
2.603,0,-23,7,30,0.05,3.0
2.603,0,-23,7,30,0.05,3.0
2.603,0,-23,7,30,0.05,3.0
2.604,0,-23,7,30,0.05,3.0
2.604,0,-23,7,30,0.05,3.0
2.604,0,-23,7,30,0.05,3.0
2.604,0,-23,7,30,0.05,3.0
2.605,0,-23,7,30,0.05,3.0
2.605,0,-23,7,30,0.05,3.0
2.605,0,-23,7,30,0.05,3.0
2.606,0,-23,7,30,0.05,3.0
2.606,0,-23,7,30,0.05,3.0
2.606,0,-23,7,30,0.05,3.0
2.606,0,-23,7,30,0.05,3.0
2.607,0,-23,7,30,0.05,3.0
2.607,0,-23,7,30,0.05,3.0
2.607,0,-23,7,30,0.05,3.0
2.607,0,-23,7,30,0.05,3.0
2.608,0,-23,7,30,0.05,3.0
2.608,0,-23,7,30,0.05,3.0
2.608,0,-23,7,30,0.05,3.0
2.609,0,-23,7,30,0.05,3.0
2.609,0,-23,7,30,0.05,3.0
2.609,0,-23,7,30,0.05,3.0
2.609,0,-23,7,30,0.05,3.0
2.61,0,-23,7,30,0.05,3.0
2.61,0,-23,7,30,0.05,3.0
2.61,0,-23,7,30,0.05,3.0
2.611,0,-23,7,30,0.05,3.0
2.611,0,-23,7,30,0.05,3.0
2.611,-1,-24,7,31,0.05,3.0
2.611,0,-24,7,31,0.05,3.0
2.612,0,-24,7,31,0.05,3.0
2.612,0,-24,7,31,0.05,3.0
2.612,0,-24,7,31,0.05,3.0
2.613,0,-24,7,31,0.05,3.0
2.613,0,-24,7,31,0.05,3.0
2.613,0,-24,7,31,0.05,3.0
2.613,0,-24,7,31,0.05,3.0
2.614,0,-24,7,31,0.05,3.0
2.614,0,-24,7,31,0.05,3.0
2.614,0,-24,7,31,0.05,3.0
2.614,0,-24,7,31,0.05,3.0
2.615,0,-24,7,31,0.05,3.0
2.615,0,-24,7,31,0.05,3.0
2.615,0,-24,7,31,0.05,3.0
2.616,0,-24,7,31,0.05,3.0
2.616,0,-24,7,31,0.05,3.0
2.616,0,-24,7,31,0.05,3.0
2.616,0,-24,7,31,0.05,3.0
2.617,0,-24,7,31,0.05,3.0
2.617,0,-24,7,31,0.05,3.0
2.617,0,-24,7,31,0.05,3.0
2.618,0,-24,7,31,0.05,3.0
2.618,0,-24,7,31,0.05,3.0
2.618,0,-24,7,31,0.05,3.0
2.618,0,-24,7,31,0.05,3.0
2.619,0,-24,7,31,0.05,3.0
2.619,0,-24,7,31,0.05,3.0
2.619,0,-24,7,31,0.05,3.0
2.619,0,-24,7,31,0.05,3.0
2.62,0,-24,7,31,0.05,3.0
2.62,0,-24,7,31,0.05,3.0
2.62,0,-24,7,31,0.05,3.0
2.621,0,-24,7,31,0.05,3.0
2.621,0,-24,7,31,0.05,3.0
2.621,0,-24,7,31,0.05,3.0
2.621,0,-24,7,31,0.05,3.0
2.622,0,-24,7,31,0.05,3.0
2.622,0,-24,7,31,0.05,3.0
2.622,0,-24,7,31,0.05,3.0
2.623,0,-24,7,31,0.05,3.0
2.623,0,-24,7,31,0.05,3.0
2.623,0,-24,7,31,0.05,3.0
2.623,0,-24,7,31,0.05,3.0
2.624,0,-24,7,31,0.05,3.0
2.624,0,-24,7,31,0.05,3.0
2.624,0,-24,7,31,0.05,3.0
2.625,0,-24,7,31,0.05,3.0
2.625,0,-24,7,31,0.05,3.0
2.625,0,-24,7,31,0.05,3.0
2.625,0,-24,7,31,0.05,3.0
2.626,0,-24,7,31,0.05,3.0
2.626,0,-24,7,31,0.05,3.0
2.626,0,-24,7,31,0.05,3.0
2.626,0,-24,7,31,0.05,3.0
2.627,0,-24,7,31,0.05,3.0
2.627,0,-24,7,31,0.05,3.0
2.627,0,-24,7,31,0.05,3.0
2.628,0,-24,7,31,0.05,3.0
2.628,0,-24,7,31,0.05,3.0
2.628,0,-24,7,31,0.05,3.0
2.628,0,-24,7,31,0.05,3.0
2.629,0,-24,7,31,0.05,3.0
2.629,0,-24,7,31,0.05,3.0
2.629,0,-24,7,31,0.05,3.0
2.629,0,-24,7,31,0.05,3.0
2.63,0,-24,7,31,0.05,3.0
2.63,0,-24,7,31,0.05,3.0
2.63,0,-24,7,31,0.05,3.0
2.631,0,-24,7,31,0.05,3.0
2.631,0,-24,7,31,0.05,3.0
2.631,0,-24,7,31,0.05,3.0
2.631,0,-24,7,31,0.05,3.0
2.632,0,-24,7,31,0.05,3.0
2.632,0,-24,7,31,0.05,3.0
2.632,0,-24,7,31,0.05,3.0
2.633,0,-24,7,31,0.05,3.0
2.633,0,-24,7,31,0.05,3.0
2.633,0,-24,7,31,0.05,3.0
2.633,0,-24,7,31,0.05,3.0
2.634,0,-24,7,31,0.05,3.0
2.634,0,-24,7,31,0.05,3.0
2.634,0,-24,7,31,0.05,3.0
2.634,0,-24,7,31,0.05,3.0
2.635,0,-24,7,31,0.05,3.0
2.635,0,-24,7,31,0.05,3.0
2.635,0,-24,7,31,0.05,3.0
2.636,0,-24,7,31,0.05,3.0
2.636,0,-24,7,31,0.05,3.0
2.636,0,-24,7,31,0.05,3.0
2.636,0,-24,7,31,0.05,3.0
2.637,0,-24,7,31,0.05,3.0
2.637,0,-24,7,31,0.05,3.0
2.637,0,-24,7,31,0.05,3.0
2.638,0,-24,7,31,0.05,3.0
2.638,0,-24,7,31,0.05,3.0
2.638,0,-24,7,31,0.05,3.0
2.638,0,-24,7,31,0.05,3.0
2.639,0,-24,7,31,0.05,3.0
2.639,0,-24,7,31,0.05,3.0
2.639,0,-24,7,31,0.05,3.0
2.639,-1,-25,7,32,0.05,3.0
2.64,0,-25,7,32,0.05,3.0
2.64,0,-25,7,32,0.05,3.0
2.64,0,-25,7,32,0.05,3.0
2.641,0,-25,7,32,0.05,3.0
2.641,0,-25,7,32,0.05,3.0
2.641,0,-25,7,32,0.05,3.0
2.641,0,-25,7,32,0.05,3.0
2.642,0,-25,7,32,0.05,3.0
2.642,0,-25,7,32,0.05,3.0
2.642,0,-25,7,32,0.05,3.0
2.643,0,-25,7,32,0.05,3.0
2.643,0,-25,7,32,0.05,3.0
2.643,0,-25,7,32,0.05,3.0
2.643,0,-25,7,32,0.05,3.0
2.644,0,-25,7,32,0.05,3.0
2.644,0,-25,7,32,0.05,3.0
2.644,0,-25,7,32,0.05,3.0
2.645,0,-25,7,32,0.05,3.0
2.645,0,-25,7,32,0.05,3.0
2.645,0,-25,7,32,0.05,3.0
2.645,0,-25,7,32,0.05,3.0
2.646,0,-25,7,32,0.05,3.0
2.646,0,-25,7,32,0.05,3.0
2.646,0,-25,7,32,0.05,3.0
2.646,0,-25,7,32,0.05,3.0
2.647,0,-25,7,32,0.05,3.0
2.647,0,-25,7,32,0.05,3.0
2.647,0,-25,7,32,0.05,3.0
2.648,0,-25,7,32,0.05,3.0
2.648,0,-25,7,32,0.05,3.0
2.648,0,-25,7,32,0.05,3.0
2.648,0,-25,7,32,0.05,3.0
2.649,0,-25,7,32,0.05,3.0
2.649,0,-25,7,32,0.05,3.0
2.649,0,-25,7,32,0.05,3.0
2.65,0,-25,7,32,0.05,3.0
2.65,0,-25,7,32,0.05,3.0
2.65,0,-25,7,32,0.05,3.0
2.65,0,-25,7,32,0.05,3.0
2.651,0,-25,7,32,0.05,3.0
2.651,0,-25,7,32,0.05,3.0
2.651,0,-25,7,32,0.05,3.0
2.651,0,-25,7,32,0.05,3.0
2.652,0,-25,7,32,0.05,3.0
2.652,0,-25,7,32,0.05,3.0
2.652,0,-25,7,32,0.05,3.0
2.653,0,-25,7,32,0.05,3.0
2.653,0,-25,7,32,0.05,3.0
2.653,0,-25,7,32,0.05,3.0
2.654,0,-25,7,32,0.05,3.0
2.654,0,-25,7,32,0.05,3.0
2.654,0,-25,7,32,0.05,3.0
2.654,0,-25,7,32,0.05,3.0
2.655,0,-25,7,32,0.05,3.0
2.655,0,-25,7,32,0.05,3.0
2.655,0,-25,7,32,0.05,3.0
2.655,0,-25,7,32,0.05,3.0
2.656,0,-25,7,32,0.05,3.0
2.656,0,-25,7,32,0.05,3.0
2.656,0,-25,7,32,0.05,3.0
2.657,0,-25,7,32,0.05,3.0
2.657,0,-25,7,32,0.05,3.0
2.657,0,-25,7,32,0.05,3.0
2.657,0,-25,7,32,0.05,3.0
2.658,0,-25,7,32,0.05,3.0
2.658,0,-25,7,32,0.05,3.0
2.658,0,-25,7,32,0.05,3.0
2.659,0,-25,7,32,0.05,3.0
2.659,0,-25,7,32,0.05,3.0
2.659,0,-25,7,32,0.05,3.0
2.659,0,-25,7,32,0.05,3.0
2.66,0,-25,7,32,0.05,3.0
2.66,0,-25,7,32,0.05,3.0
2.66,0,-25,7,32,0.05,3.0
2.661,0,-25,7,32,0.05,3.0
2.661,0,-25,7,32,0.05,3.0
2.661,0,-25,7,32,0.05,3.0
2.661,0,-25,7,32,0.05,3.0
2.662,0,-25,7,32,0.05,3.0
2.662,0,-25,7,32,0.05,3.0
2.662,0,-25,7,32,0.05,3.0
2.663,0,-25,7,32,0.05,3.0
2.663,0,-25,7,32,0.05,3.0
2.663,0,-25,7,32,0.05,3.0
2.663,0,-25,7,32,0.05,3.0
2.664,0,-25,7,32,0.05,3.0
2.664,0,-25,7,32,0.05,3.0
2.664,0,-25,7,32,0.05,3.0
2.664,0,-25,7,32,0.05,3.0
2.665,0,-25,7,32,0.05,3.0
2.665,0,-25,7,32,0.05,3.0
2.665,0,-25,7,32,0.05,3.0
2.666,0,-25,7,32,0.05,3.0
2.666,0,-25,7,32,0.05,3.0
2.666,0,-25,7,32,0.05,3.0
2.666,0,-25,7,32,0.05,3.0
2.667,0,-25,7,32,0.05,3.0
2.667,0,-25,7,32,0.05,3.0
2.667,0,-25,7,32,0.05,3.0
2.667,0,-25,7,32,0.05,3.0
2.668,0,-25,7,32,0.05,3.0
2.668,-1,-26,7,33,0.05,3.0
2.668,0,-26,7,33,0.05,3.0
2.669,0,-26,7,33,0.05,3.0
2.669,0,-26,7,33,0.05,3.0
2.669,0,-26,7,33,0.05,3.0
2.669,0,-26,7,33,0.05,3.0
2.67,0,-26,7,33,0.05,3.0
2.67,0,-26,7,33,0.05,3.0
2.67,0,-26,7,33,0.05,3.0
2.671,0,-26,7,33,0.05,3.0
2.671,0,-26,7,33,0.05,3.0
2.671,0,-26,7,33,0.05,3.0
2.671,0,-26,7,33,0.05,3.0
2.672,0,-26,7,33,0.05,3.0
2.672,0,-26,7,33,0.05,3.0
2.672,0,-26,7,33,0.05,3.0
2.672,0,-26,7,33,0.05,3.0
2.673,0,-26,7,33,0.05,3.0
2.673,0,-26,7,33,0.05,3.0
2.673,0,-26,7,33,0.05,3.0
2.674,0,-26,7,33,0.05,3.0
2.674,0,-26,7,33,0.05,3.0
2.674,0,-26,7,33,0.05,3.0
2.674,0,-26,7,33,0.05,3.0
2.675,0,-26,7,33,0.05,3.0
2.675,0,-26,7,33,0.05,3.0
2.675,0,-26,7,33,0.05,3.0
2.675,0,-26,7,33,0.05,3.0
2.676,0,-26,7,33,0.05,3.0
2.676,0,-26,7,33,0.05,3.0
2.676,0,-26,7,33,0.05,3.0
2.677,0,-26,7,33,0.05,3.0
2.677,0,-26,7,33,0.05,3.0
2.677,0,-26,7,33,0.05,3.0
2.677,0,-26,7,33,0.05,3.0
2.678,0,-26,7,33,0.05,3.0
2.678,0,-26,7,33,0.05,3.0
2.678,0,-26,7,33,0.05,3.0
2.679,0,-26,7,33,0.05,3.0
2.679,0,-26,7,33,0.05,3.0
2.679,0,-26,7,33,0.05,3.0
2.679,0,-26,7,33,0.05,3.0
2.68,0,-26,7,33,0.05,3.0
2.68,0,-26,7,33,0.05,3.0
2.68,0,-26,7,33,0.05,3.0
2.681,0,-26,7,33,0.05,3.0
2.681,0,-26,7,33,0.05,3.0
2.681,0,-26,7,33,0.05,3.0
2.681,0,-26,7,33,0.05,3.0
2.682,0,-26,7,33,0.05,3.0
2.682,0,-26,7,33,0.05,3.0
2.682,0,-26,7,33,0.05,3.0
2.683,0,-26,7,33,0.05,3.0
2.683,0,-26,7,33,0.05,3.0
2.683,0,-26,7,33,0.05,3.0
2.684,0,-26,7,33,0.05,3.0
2.684,0,-26,7,33,0.05,3.0
2.684,0,-26,7,33,0.05,3.0
2.684,0,-26,7,33,0.05,3.0
2.685,0,-26,7,33,0.05,3.0
2.685,0,-26,7,33,0.05,3.0
2.685,0,-26,7,33,0.05,3.0
2.685,0,-26,7,33,0.05,3.0
2.686,0,-26,7,33,0.05,3.0
2.686,0,-26,7,33,0.05,3.0
2.686,0,-26,7,33,0.05,3.0
2.687,0,-26,7,33,0.05,3.0
2.687,0,-26,7,33,0.05,3.0
2.687,0,-26,7,33,0.05,3.0
2.687,0,-26,7,33,0.05,3.0
2.688,0,-26,7,33,0.05,3.0
2.688,0,-26,7,33,0.05,3.0
2.688,0,-26,7,33,0.05,3.0
2.689,0,-26,7,33,0.05,3.0
2.689,0,-26,7,33,0.05,3.0
2.689,0,-26,7,33,0.05,3.0
2.689,0,-26,7,33,0.05,3.0
2.69,0,-26,7,33,0.05,3.0
2.69,0,-26,7,33,0.05,3.0
2.69,0,-26,7,33,0.05,3.0
2.69,0,-26,7,33,0.05,3.0
2.691,0,-26,7,33,0.05,3.0
2.691,0,-26,7,33,0.05,3.0
2.691,0,-26,7,33,0.05,3.0
2.692,0,-26,7,33,0.05,3.0
2.692,0,-26,7,33,0.05,3.0
2.692,0,-26,7,33,0.05,3.0
2.692,0,-26,7,33,0.05,3.0
2.693,0,-26,7,33,0.05,3.0
2.693,0,-26,7,33,0.05,3.0
2.693,0,-26,7,33,0.05,3.0
2.693,0,-26,7,33,0.05,3.0
2.694,0,-26,7,33,0.05,3.0
2.694,0,-26,7,33,0.05,3.0
2.694,0,-26,7,33,0.05,3.0
2.695,0,-26,7,33,0.05,3.0
2.695,0,-26,7,33,0.05,3.0
2.695,0,-26,7,33,0.05,3.0
2.695,0,-26,7,33,0.05,3.0
2.696,0,-26,7,33,0.05,3.0
2.696,0,-26,7,33,0.05,3.0
2.696,0,-26,7,33,0.05,3.0
2.696,-1,-27,7,34,0.05,3.0
2.697,0,-27,7,34,0.05,3.0
2.697,0,-27,7,34,0.05,3.0
2.697,0,-27,7,34,0.05,3.0
2.698,0,-27,7,34,0.05,3.0
2.698,0,-27,7,34,0.05,3.0
2.698,0,-27,7,34,0.05,3.0
2.698,0,-27,7,34,0.05,3.0
2.699,0,-27,7,34,0.05,3.0
2.699,0,-27,7,34,0.05,3.0
2.699,0,-27,7,34,0.05,3.0
2.7,0,-27,7,34,0.05,3.0
2.7,0,-27,7,34,0.05,3.0
2.7,0,-27,7,34,0.05,3.0
2.7,0,-27,7,34,0.05,3.0
2.701,0,-27,7,34,0.05,3.0
2.701,0,-27,7,34,0.05,3.0
2.701,0,-27,7,34,0.05,3.0
2.702,0,-27,7,34,0.05,3.0
2.702,0,-27,7,34,0.05,3.0
2.702,0,-27,7,34,0.05,3.0
2.703,0,-27,7,34,0.05,3.0
2.703,0,-27,7,34,0.05,3.0
2.703,0,-27,7,34,0.05,3.0
2.703,0,-27,7,34,0.05,3.0
2.704,0,-27,7,34,0.05,3.0
2.704,0,-27,7,34,0.05,3.0
2.704,0,-27,7,34,0.05,3.0
2.704,0,-27,7,34,0.05,3.0
2.705,0,-27,7,34,0.05,3.0
2.705,0,-27,7,34,0.05,3.0
2.705,0,-27,7,34,0.05,3.0
2.705,0,-27,7,34,0.05,3.0
2.706,0,-27,7,34,0.05,3.0
2.706,0,-27,7,34,0.05,3.0
2.706,0,-27,7,34,0.05,3.0
2.707,0,-27,7,34,0.05,3.0
2.707,0,-27,7,34,0.05,3.0
2.707,0,-27,7,34,0.05,3.0
2.707,0,-27,7,34,0.05,3.0
2.708,0,-27,7,34,0.05,3.0
2.708,0,-27,7,34,0.05,3.0
2.708,0,-27,7,34,0.05,3.0
2.709,0,-27,7,34,0.05,3.0
2.709,0,-27,7,34,0.05,3.0
2.709,0,-27,7,34,0.05,3.0
2.709,0,-27,7,34,0.05,3.0
2.71,0,-27,7,34,0.05,3.0
2.71,0,-27,7,34,0.05,3.0
2.71,0,-27,7,34,0.05,3.0
2.711,0,-27,7,34,0.05,3.0
2.711,0,-27,7,34,0.05,3.0
2.711,0,-27,7,34,0.05,3.0
2.711,0,-27,7,34,0.05,3.0
2.712,0,-27,7,34,0.05,3.0
2.712,0,-27,7,34,0.05,3.0
2.712,0,-27,7,34,0.05,3.0
2.712,0,-27,7,34,0.05,3.0
2.713,0,-27,7,34,0.05,3.0
2.713,0,-27,7,34,0.05,3.0
2.713,0,-27,7,34,0.05,3.0
2.714,0,-27,7,34,0.05,3.0
2.714,0,-27,7,34,0.05,3.0
2.714,0,-27,7,34,0.05,3.0
2.714,0,-27,7,34,0.05,3.0
2.715,0,-27,7,34,0.05,3.0
2.715,0,-27,7,34,0.05,3.0
2.715,0,-27,7,34,0.05,3.0
2.715,0,-27,7,34,0.05,3.0
2.716,0,-27,7,34,0.05,3.0
2.716,0,-27,7,34,0.05,3.0
2.716,0,-27,7,34,0.05,3.0
2.717,0,-27,7,34,0.05,3.0
2.717,0,-27,7,34,0.05,3.0
2.717,0,-27,7,34,0.05,3.0
2.717,0,-27,7,34,0.05,3.0
2.718,0,-27,7,34,0.05,3.0
2.718,0,-27,7,34,0.05,3.0
2.718,0,-27,7,34,0.05,3.0
2.719,0,-27,7,34,0.05,3.0
2.719,0,-27,7,34,0.05,3.0
2.719,0,-27,7,34,0.05,3.0
2.719,0,-27,7,34,0.05,3.0
2.72,0,-27,7,34,0.05,3.0
2.72,0,-27,7,34,0.05,3.0
2.72,0,-27,7,34,0.05,3.0
2.72,0,-27,7,34,0.05,3.0
2.721,0,-27,7,34,0.05,3.0
2.721,0,-27,7,34,0.05,3.0
2.721,0,-27,7,34,0.05,3.0
2.722,0,-27,7,34,0.05,3.0
2.722,0,-27,7,34,0.05,3.0
2.722,0,-27,7,34,0.05,3.0
2.723,0,-27,7,34,0.05,3.0
2.723,0,-27,7,34,0.05,3.0
2.723,0,-27,7,34,0.05,3.0
2.724,0,-27,7,34,0.05,3.0
2.724,0,-27,7,34,0.05,3.0
2.724,0,-27,7,34,0.05,3.0
2.724,0,-27,7,34,0.05,3.0
2.725,0,-27,7,34,0.05,3.0
2.725,0,-27,7,34,0.05,3.0
2.725,0,-27,7,34,0.05,3.0
2.725,0,-27,7,34,0.05,3.0
2.726,0,-27,7,34,0.05,3.0
2.726,0,-27,7,34,0.05,3.0
2.726,0,-27,7,34,0.05,3.0
2.727,0,-27,7,34,0.05,3.0
2.727,0,-27,7,34,0.05,3.0
2.727,0,-27,7,34,0.05,3.0
2.727,0,-27,7,34,0.05,3.0
2.728,0,-27,7,34,0.05,3.0
2.728,0,-27,7,34,0.05,3.0
2.728,0,-27,7,34,0.05,3.0
2.728,0,-27,7,34,0.05,3.0
2.729,0,-27,7,34,0.05,3.0
2.729,0,-27,7,34,0.05,3.0
2.729,0,-27,7,34,0.05,3.0
2.73,0,-27,7,34,0.05,3.0
2.73,0,-27,7,34,0.05,3.0
2.73,0,-27,7,34,0.05,3.0
2.73,0,-27,7,34,0.05,3.0
2.731,0,-27,7,34,0.05,3.0
2.731,0,-27,7,34,0.05,3.0
2.731,0,-27,7,34,0.05,3.0
2.732,0,-27,7,34,0.05,3.0
2.732,0,-27,7,34,0.05,3.0
2.732,0,-27,7,34,0.05,3.0
2.732,0,-27,7,34,0.05,3.0
2.733,0,-27,7,34,0.05,3.0
2.733,0,-27,7,34,0.05,3.0
2.733,0,-27,7,34,0.05,3.0
2.733,0,-27,7,34,0.05,3.0
2.734,0,-27,7,34,0.05,3.0
2.734,0,-27,7,34,0.05,3.0
2.734,0,-27,7,34,0.05,3.0
2.735,0,-27,7,34,0.05,3.0
2.735,0,-27,7,34,0.05,3.0
2.735,0,-27,7,34,0.05,3.0
2.735,0,-27,7,34,0.05,3.0
2.736,0,-27,7,34,0.05,3.0
2.736,0,-27,7,34,0.05,3.0
2.736,0,-27,7,34,0.05,3.0
2.736,0,-27,7,34,0.05,3.0
2.737,0,-27,7,34,0.05,3.0
2.737,0,-27,7,34,0.05,3.0
2.737,0,-27,7,34,0.05,3.0
2.738,0,-27,7,34,0.05,3.0
2.738,0,-27,7,34,0.05,3.0
2.738,0,-27,7,34,0.05,3.0
2.738,0,-27,7,34,0.05,3.0
2.739,0,-27,7,34,0.05,3.0
2.739,0,-27,7,34,0.05,3.0
2.739,0,-27,7,34,0.05,3.0
2.739,0,-27,7,34,0.05,3.0
2.74,0,-27,7,34,0.05,3.0
2.74,0,-27,7,34,0.05,3.0
2.74,0,-27,7,34,0.05,3.0
2.741,0,-27,7,34,0.05,3.0
2.741,0,-27,7,34,0.05,3.0
2.741,0,-27,7,34,0.05,3.0
2.741,0,-27,7,34,0.05,3.0
2.742,0,-27,7,34,0.05,3.0
2.742,0,-27,7,34,0.05,3.0
2.742,0,-27,7,34,0.05,3.0
2.743,0,-27,7,34,0.05,3.0
2.743,0,-27,7,34,0.05,3.0
2.743,0,-27,7,34,0.05,3.0
2.743,0,-27,7,34,0.05,3.0
2.744,0,-27,7,34,0.05,3.0
2.744,0,-27,7,34,0.05,3.0
2.744,0,-27,7,34,0.05,3.0
2.745,0,-27,7,34,0.05,3.0
2.745,0,-27,7,34,0.05,3.0
2.745,0,-27,7,34,0.05,3.0
2.745,0,-27,7,34,0.05,3.0
2.746,0,-27,7,34,0.05,3.0
2.746,0,-27,7,34,0.05,3.0
2.746,0,-27,7,34,0.05,3.0
2.747,0,-27,7,34,0.05,3.0
2.747,0,-27,7,34,0.05,3.0
2.747,0,-27,7,34,0.05,3.0
2.747,0,-27,7,34,0.05,3.0
2.748,0,-27,7,34,0.05,3.0
2.748,0,-27,7,34,0.05,3.0
2.748,0,-27,7,34,0.05,3.0
2.749,0,-27,7,34,0.05,3.0
2.749,0,-27,7,34,0.05,3.0
2.749,0,-27,7,34,0.05,3.0
2.749,0,-27,7,34,0.05,3.0
2.75,0,-27,7,34,0.05,3.0
2.75,0,-27,7,34,0.05,3.0
2.75,0,-27,7,34,0.05,3.0
2.75,0,-27,7,34,0.05,3.0
2.751,0,-27,7,34,0.05,3.0
2.751,0,-27,7,34,0.05,3.0
2.751,0,-27,7,34,0.05,3.0
2.752,0,-27,7,34,0.05,3.0
2.752,0,-27,7,34,0.05,3.0
2.752,0,-27,7,34,0.05,3.0
2.752,0,-27,7,34,0.05,3.0
2.753,0,-27,7,34,0.05,3.0
2.753,0,-27,7,34,0.05,3.0
2.753,0,-27,7,34,0.05,3.0
2.753,0,-27,7,34,0.05,3.0
2.754,0,-27,7,34,0.05,3.0
2.754,0,-27,7,34,0.05,3.0
2.754,0,-27,7,34,0.05,3.0
2.755,0,-27,7,34,0.05,3.0
2.755,0,-27,7,34,0.05,3.0
2.755,0,-27,7,34,0.05,3.0
2.755,0,-27,7,34,0.05,3.0
2.756,0,-27,7,34,0.05,3.0
2.756,0,-27,7,34,0.05,3.0
2.756,0,-27,7,34,0.05,3.0
2.756,0,-27,7,34,0.05,3.0
2.757,0,-27,7,34,0.05,3.0
2.757,0,-27,7,34,0.05,3.0
2.757,0,-27,7,34,0.05,3.0
2.758,0,-27,7,34,0.05,3.0
2.758,0,-27,7,34,0.05,3.0
2.758,0,-27,7,34,0.05,3.0
2.758,0,-27,7,34,0.05,3.0
2.759,0,-27,7,34,0.05,3.0
2.759,0,-27,7,34,0.05,3.0
2.759,0,-27,7,34,0.05,3.0
2.759,0,-27,7,34,0.05,3.0
2.76,0,-27,7,34,0.05,3.0
2.76,0,-27,7,34,0.05,3.0
2.76,0,-27,7,34,0.05,3.0
2.761,0,-27,7,34,0.05,3.0
2.761,0,-27,7,34,0.05,3.0
2.761,0,-27,7,34,0.05,3.0
2.761,0,-27,7,34,0.05,3.0
2.762,0,-27,7,34,0.05,3.0
2.762,0,-27,7,34,0.05,3.0
2.762,0,-27,7,34,0.05,3.0
2.763,0,-27,7,34,0.05,3.0
2.763,0,-27,7,34,0.05,3.0
2.763,0,-27,7,34,0.05,3.0
2.763,0,-27,7,34,0.05,3.0
2.764,0,-27,7,34,0.05,3.0
2.764,0,-27,7,34,0.05,3.0
2.764,0,-27,7,34,0.05,3.0
2.765,0,-27,7,34,0.05,3.0
2.765,0,-27,7,34,0.05,3.0
2.765,0,-27,7,34,0.05,3.0
2.765,0,-27,7,34,0.05,3.0
2.766,0,-27,7,34,0.05,3.0
2.766,0,-27,7,34,0.05,3.0
2.766,0,-27,7,34,0.05,3.0
2.766,0,-27,7,34,0.05,3.0
2.767,0,-27,7,34,0.05,3.0
2.767,0,-27,7,34,0.05,3.0
2.767,0,-27,7,34,0.05,3.0
2.768,0,-27,7,34,0.05,3.0
2.768,0,-27,7,34,0.05,3.0
2.768,0,-27,7,34,0.05,3.0
2.768,0,-27,7,34,0.05,3.0
2.769,0,-27,7,34,0.05,3.0
2.769,0,-27,7,34,0.05,3.0
2.769,0,-27,7,34,0.05,3.0
2.769,0,-27,7,34,0.05,3.0
2.77,0,-27,7,34,0.05,3.0
2.77,0,-27,7,34,0.05,3.0
2.77,0,-27,7,34,0.05,3.0
2.771,0,-27,7,34,0.05,3.0
2.771,0,-27,7,34,0.05,3.0
2.771,0,-27,7,34,0.05,3.0
2.771,0,-27,7,34,0.05,3.0
2.772,0,-27,7,34,0.05,3.0
2.772,0,-27,7,34,0.05,3.0
2.772,0,-27,7,34,0.05,3.0
2.773,0,-27,7,34,0.05,3.0
2.773,0,-27,7,34,0.05,3.0
2.773,0,-27,7,34,0.05,3.0
2.773,0,-27,7,34,0.05,3.0
2.774,0,-27,7,34,0.05,3.0
2.774,0,-27,7,34,0.05,3.0
2.774,0,-27,7,34,0.05,3.0
2.774,0,-27,7,34,0.05,3.0
2.775,0,-27,7,34,0.05,3.0
2.775,0,-27,7,34,0.05,3.0
2.776,0,-27,7,34,0.05,3.0
2.776,0,-27,7,34,0.05,3.0
2.776,0,-27,7,34,0.05,3.0
2.776,0,-27,7,34,0.05,3.0
2.777,0,-27,7,34,0.05,3.0
2.777,0,-27,7,34,0.05,3.0
2.777,0,-27,7,34,0.05,3.0
2.778,0,-27,7,34,0.05,3.0
2.778,0,-27,7,34,0.05,3.0
2.779,0,-27,7,34,0.05,3.0
2.779,0,-27,7,34,0.05,3.0
2.779,0,-27,7,34,0.05,3.0
2.78,0,-27,7,34,0.05,3.0
2.78,0,-27,7,34,0.05,3.0
2.78,0,-27,7,34,0.05,3.0
2.781,0,-27,7,34,0.05,3.0
2.781,0,-27,7,34,0.05,3.0
2.781,-1,-28,7,35,0.05,3.0
2.781,0,-28,7,35,0.05,3.0
2.782,0,-28,7,35,0.05,3.0
2.782,0,-28,7,35,0.05,3.0
2.782,0,-28,7,35,0.05,3.0
2.783,0,-28,7,35,0.05,3.0
2.783,0,-28,7,35,0.05,3.0
2.783,0,-28,7,35,0.05,3.0
2.784,0,-28,7,35,0.05,3.0
2.784,0,-28,7,35,0.05,3.0
2.784,0,-28,7,35,0.05,3.0
2.785,0,-28,7,35,0.05,3.0
2.785,0,-28,7,35,0.05,3.0
2.785,0,-28,7,35,0.05,3.0
2.786,0,-28,7,35,0.05,3.0
2.786,0,-28,7,35,0.05,3.0
2.786,0,-28,7,35,0.05,3.0
2.786,0,-28,7,35,0.05,3.0
2.787,0,-28,7,35,0.05,3.0
2.787,0,-28,7,35,0.05,3.0
2.787,0,-28,7,35,0.05,3.0
2.788,0,-28,7,35,0.05,3.0
2.788,0,-28,7,35,0.05,3.0
2.789,0,-28,7,35,0.05,3.0
2.789,0,-28,7,35,0.05,3.0
2.789,0,-28,7,35,0.05,3.0
2.789,0,-28,7,35,0.05,3.0
2.79,0,-28,7,35,0.05,3.0
2.79,0,-28,7,35,0.05,3.0
2.79,0,-28,7,35,0.05,3.0
2.791,0,-28,7,35,0.05,3.0
2.791,0,-28,7,35,0.05,3.0
2.791,0,-28,7,35,0.05,3.0
2.791,0,-28,7,35,0.05,3.0
2.792,0,-28,7,35,0.05,3.0
2.792,0,-28,7,35,0.05,3.0
2.792,0,-28,7,35,0.05,3.0
2.792,0,-28,7,35,0.05,3.0
2.793,0,-28,7,35,0.05,3.0
2.793,0,-28,7,35,0.05,3.0
2.793,0,-28,7,35,0.05,3.0
2.794,0,-28,7,35,0.05,3.0
2.794,0,-28,7,35,0.05,3.0
2.794,0,-28,7,35,0.05,3.0
2.794,0,-28,7,35,0.05,3.0
2.795,0,-28,7,35,0.05,3.0
2.795,0,-28,7,35,0.05,3.0
2.795,0,-28,7,35,0.05,3.0
2.796,0,-28,7,35,0.05,3.0
2.796,0,-28,7,35,0.05,3.0
2.796,0,-28,7,35,0.05,3.0
2.796,0,-28,7,35,0.05,3.0
2.797,0,-28,7,35,0.05,3.0
2.797,0,-28,7,35,0.05,3.0
2.797,0,-28,7,35,0.05,3.0
2.797,0,-28,7,35,0.05,3.0
2.798,0,-28,7,35,0.05,3.0
2.798,0,-28,7,35,0.05,3.0
2.798,0,-28,7,35,0.05,3.0
2.799,0,-28,7,35,0.05,3.0
2.799,0,-28,7,35,0.05,3.0
2.799,0,-28,7,35,0.05,3.0
2.799,0,-28,7,35,0.05,3.0
2.8,0,-28,7,35,0.05,3.0
2.8,0,-28,7,35,0.05,3.0
2.8,0,-28,7,35,0.05,3.0
2.801,0,-28,7,35,0.05,3.0
2.801,0,-28,7,35,0.05,3.0
2.801,0,-28,7,35,0.05,3.0
2.802,0,-28,7,35,0.05,3.0
2.802,0,-28,7,35,0.05,3.0
2.802,0,-28,7,35,0.05,3.0
2.802,0,-28,7,35,0.05,3.0
2.803,0,-28,7,35,0.05,3.0
2.803,0,-28,7,35,0.05,3.0
2.803,0,-28,7,35,0.05,3.0
2.804,0,-28,7,35,0.05,3.0
2.804,0,-28,7,35,0.05,3.0
2.804,0,-28,7,35,0.05,3.0
2.804,0,-28,7,35,0.05,3.0
2.805,0,-28,7,35,0.05,3.0
2.805,0,-28,7,35,0.05,3.0
2.805,0,-28,7,35,0.05,3.0
2.806,0,-28,7,35,0.05,3.0
2.806,0,-28,7,35,0.05,3.0
2.806,0,-28,7,35,0.05,3.0
2.807,0,-28,7,35,0.05,3.0
2.807,0,-28,7,35,0.05,3.0
2.807,0,-28,7,35,0.05,3.0
2.807,0,-28,7,35,0.05,3.0
2.808,0,-28,7,35,0.05,3.0
2.808,0,-28,7,35,0.05,3.0
2.808,0,-28,7,35,0.05,3.0
2.808,0,-28,7,35,0.05,3.0
2.809,0,-28,7,35,0.05,3.0
2.809,0,-28,7,35,0.05,3.0
2.809,0,-28,7,35,0.05,3.0
2.81,0,-28,7,35,0.05,3.0
2.81,0,-28,7,35,0.05,3.0
2.81,0,-28,7,35,0.05,3.0
2.81,0,-28,7,35,0.05,3.0
2.811,0,-28,7,35,0.05,3.0
2.811,0,-28,7,35,0.05,3.0
2.811,0,-28,7,35,0.05,3.0
2.812,0,-28,7,35,0.05,3.0
2.812,0,-28,7,35,0.05,3.0
2.812,0,-28,7,35,0.05,3.0
2.812,0,-28,7,35,0.05,3.0
2.813,0,-28,7,35,0.05,3.0
2.813,0,-28,7,35,0.05,3.0
2.813,0,-28,7,35,0.05,3.0
2.813,0,-28,7,35,0.05,3.0
2.814,0,-28,7,35,0.05,3.0
2.814,0,-28,7,35,0.05,3.0
2.814,0,-28,7,35,0.05,3.0
2.815,0,-28,7,35,0.05,3.0
2.815,0,-28,7,35,0.05,3.0
2.815,0,-28,7,35,0.05,3.0
2.815,0,-28,7,35,0.05,3.0
2.816,0,-28,7,35,0.05,3.0
2.816,0,-28,7,35,0.05,3.0
2.816,0,-28,7,35,0.05,3.0
2.817,0,-28,7,35,0.05,3.0
2.817,0,-28,7,35,0.05,3.0
2.817,0,-28,7,35,0.05,3.0
2.817,0,-28,7,35,0.05,3.0
2.818,0,-28,7,35,0.05,3.0
2.818,0,-28,7,35,0.05,3.0
2.818,0,-28,7,35,0.05,3.0
2.819,0,-28,7,35,0.05,3.0
2.819,0,-28,7,35,0.05,3.0
2.819,0,-28,7,35,0.05,3.0
2.819,0,-28,7,35,0.05,3.0
2.82,0,-28,7,35,0.05,3.0
2.82,0,-28,7,35,0.05,3.0
2.82,0,-28,7,35,0.05,3.0
2.821,0,-28,7,35,0.05,3.0
2.821,0,-28,7,35,0.05,3.0
2.821,0,-28,7,35,0.05,3.0
2.821,0,-28,7,35,0.05,3.0
2.822,0,-28,7,35,0.05,3.0
2.822,0,-28,7,35,0.05,3.0
2.822,0,-28,7,35,0.05,3.0
2.822,0,-28,7,35,0.05,3.0
2.823,0,-28,7,35,0.05,3.0
2.823,0,-28,7,35,0.05,3.0
2.823,0,-28,7,35,0.05,3.0
2.823,0,-28,7,35,0.05,3.0
2.824,0,-28,7,35,0.05,3.0
2.824,0,-28,7,35,0.05,3.0
2.824,0,-28,7,35,0.05,3.0
2.825,0,-28,7,35,0.05,3.0
2.825,0,-28,7,35,0.05,3.0
2.825,0,-28,7,35,0.05,3.0
2.825,0,-28,7,35,0.05,3.0
2.826,0,-28,7,35,0.05,3.0
2.826,0,-28,7,35,0.05,3.0
2.826,0,-28,7,35,0.05,3.0
2.827,0,-28,7,35,0.05,3.0
2.827,0,-28,7,35,0.05,3.0
2.827,0,-28,7,35,0.05,3.0
2.827,0,-28,7,35,0.05,3.0
2.828,0,-28,7,35,0.05,3.0
2.828,0,-28,7,35,0.05,3.0
2.828,0,-28,7,35,0.05,3.0
2.828,0,-28,7,35,0.05,3.0
2.829,0,-28,7,35,0.05,3.0
2.829,0,-28,7,35,0.05,3.0
2.829,0,-28,7,35,0.05,3.0
2.83,0,-28,7,35,0.05,3.0
2.83,0,-28,7,35,0.05,3.0
2.83,0,-28,7,35,0.05,3.0
2.83,0,-28,7,35,0.05,3.0
2.831,0,-28,7,35,0.05,3.0
2.831,0,-28,7,35,0.05,3.0
2.831,0,-28,7,35,0.05,3.0
2.831,0,-28,7,35,0.05,3.0
2.832,0,-28,7,35,0.05,3.0
2.832,0,-28,7,35,0.05,3.0
2.832,0,-28,7,35,0.05,3.0
2.833,0,-28,7,35,0.05,3.0
2.833,0,-28,7,35,0.05,3.0
2.833,0,-28,7,35,0.05,3.0
2.833,0,-28,7,35,0.05,3.0
2.834,0,-28,7,35,0.05,3.0
2.834,0,-28,7,35,0.05,3.0
2.834,0,-28,7,35,0.05,3.0
2.834,0,-28,7,35,0.05,3.0
2.835,0,-28,7,35,0.05,3.0
2.835,0,-28,7,35,0.05,3.0
2.836,0,-28,7,35,0.05,3.0
2.836,0,-28,7,35,0.05,3.0
2.836,0,-28,7,35,0.05,3.0
2.836,0,-28,7,35,0.05,3.0
2.837,0,-28,7,35,0.05,3.0
2.837,0,-28,7,35,0.05,3.0
2.837,0,-28,7,35,0.05,3.0
2.837,0,-28,7,35,0.05,3.0
2.838,0,-28,7,35,0.05,3.0
2.838,0,-28,7,35,0.05,3.0
2.838,0,-28,7,35,0.05,3.0
2.839,0,-28,7,35,0.05,3.0
2.839,0,-28,7,35,0.05,3.0
2.839,0,-28,7,35,0.05,3.0
2.839,0,-28,7,35,0.05,3.0
2.84,0,-28,7,35,0.05,3.0
2.84,0,-28,7,35,0.05,3.0
2.84,0,-28,7,35,0.05,3.0
2.841,0,-28,7,35,0.05,3.0
2.841,0,-28,7,35,0.05,3.0
2.841,0,-28,7,35,0.05,3.0
2.841,0,-28,7,35,0.05,3.0
2.842,0,-28,7,35,0.05,3.0
2.842,0,-28,7,35,0.05,3.0
2.842,0,-28,7,35,0.05,3.0
2.842,0,-28,7,35,0.05,3.0
2.843,0,-28,7,35,0.05,3.0
2.843,0,-28,7,35,0.05,3.0
2.843,0,-28,7,35,0.05,3.0
2.844,0,-28,7,35,0.05,3.0
2.844,0,-28,7,35,0.05,3.0
2.844,0,-28,7,35,0.05,3.0
2.844,0,-28,7,35,0.05,3.0
2.845,0,-28,7,35,0.05,3.0
2.845,0,-28,7,35,0.05,3.0
2.845,0,-28,7,35,0.05,3.0
2.845,0,-28,7,35,0.05,3.0
2.846,0,-28,7,35,0.05,3.0
2.846,0,-28,7,35,0.05,3.0
2.846,0,-28,7,35,0.05,3.0
2.847,0,-28,7,35,0.05,3.0
2.847,0,-28,7,35,0.05,3.0
2.847,0,-28,7,35,0.05,3.0
2.847,0,-28,7,35,0.05,3.0
2.848,0,-28,7,35,0.05,3.0
2.848,0,-28,7,35,0.05,3.0
2.848,0,-28,7,35,0.05,3.0
2.849,0,-28,7,35,0.05,3.0
2.849,0,-28,7,35,0.05,3.0
2.849,0,-28,7,35,0.05,3.0
2.849,0,-28,7,35,0.05,3.0
2.85,0,-28,7,35,0.05,3.0
2.85,0,-28,7,35,0.05,3.0
2.85,0,-28,7,35,0.05,3.0
2.851,0,-28,7,35,0.05,3.0
2.851,0,-28,7,35,0.05,3.0
2.851,0,-28,7,35,0.05,3.0
2.851,0,-28,7,35,0.05,3.0
2.852,0,-28,7,35,0.05,3.0
2.852,0,-28,7,35,0.05,3.0
2.852,0,-28,7,35,0.05,3.0
2.852,0,-28,7,35,0.05,3.0
2.853,0,-28,7,35,0.05,3.0
2.853,0,-28,7,35,0.05,3.0
2.853,0,-28,7,35,0.05,3.0
2.854,0,-28,7,35,0.05,3.0
2.854,0,-28,7,35,0.05,3.0
2.854,0,-28,7,35,0.05,3.0
2.854,0,-28,7,35,0.05,3.0
2.855,0,-28,7,35,0.05,3.0
2.855,0,-28,7,35,0.05,3.0
2.855,0,-28,7,35,0.05,3.0
2.855,0,-28,7,35,0.05,3.0
2.856,0,-28,7,35,0.05,3.0
2.856,0,-28,7,35,0.05,3.0
2.856,0,-28,7,35,0.05,3.0
2.857,0,-28,7,35,0.05,3.0
2.857,0,-28,7,35,0.05,3.0
2.857,0,-28,7,35,0.05,3.0
2.857,0,-28,7,35,0.05,3.0
2.858,0,-28,7,35,0.05,3.0
2.858,0,-28,7,35,0.05,3.0
2.858,0,-28,7,35,0.05,3.0
2.859,0,-28,7,35,0.05,3.0
2.859,0,-28,7,35,0.05,3.0
2.859,0,-28,7,35,0.05,3.0
2.859,0,-28,7,35,0.05,3.0
2.86,0,-28,7,35,0.05,3.0
2.86,0,-28,7,35,0.05,3.0
2.86,0,-28,7,35,0.05,3.0
2.861,0,-28,7,35,0.05,3.0
2.861,0,-28,7,35,0.05,3.0
2.861,0,-28,7,35,0.05,3.0
2.861,0,-28,7,35,0.05,3.0
2.862,0,-28,7,35,0.05,3.0
2.862,0,-28,7,35,0.05,3.0
2.862,0,-28,7,35,0.05,3.0
2.862,0,-28,7,35,0.05,3.0
2.863,0,-28,7,35,0.05,3.0
2.863,0,-28,7,35,0.05,3.0
2.863,0,-28,7,35,0.05,3.0
2.864,0,-28,7,35,0.05,3.0
2.864,0,-28,7,35,0.05,3.0
2.864,0,-28,7,35,0.05,3.0
2.864,0,-28,7,35,0.05,3.0
2.865,0,-28,7,35,0.05,3.0
2.865,0,-28,7,35,0.05,3.0
2.865,0,-28,7,35,0.05,3.0
2.866,0,-28,7,35,0.05,3.0
2.866,0,-28,7,35,0.05,3.0
2.866,-1,-29,7,36,0.05,3.0
2.866,0,-29,7,36,0.05,3.0
2.867,0,-29,7,36,0.05,3.0
2.867,0,-29,7,36,0.05,3.0
2.867,0,-29,7,36,0.05,3.0
2.868,0,-29,7,36,0.05,3.0
2.868,0,-29,7,36,0.05,3.0
2.868,0,-29,7,36,0.05,3.0
2.868,0,-29,7,36,0.05,3.0
2.869,0,-29,7,36,0.05,3.0
2.869,0,-29,7,36,0.05,3.0
2.869,0,-29,7,36,0.05,3.0
2.869,0,-29,7,36,0.05,3.0
2.87,0,-29,7,36,0.05,3.0
2.87,0,-29,7,36,0.05,3.0
2.87,0,-29,7,36,0.05,3.0
2.871,0,-29,7,36,0.05,3.0
2.871,0,-29,7,36,0.05,3.0
2.871,0,-29,7,36,0.05,3.0
2.871,0,-29,7,36,0.05,3.0
2.872,0,-29,7,36,0.05,3.0
2.872,0,-29,7,36,0.05,3.0
2.872,0,-29,7,36,0.05,3.0
2.873,0,-29,7,36,0.05,3.0
2.873,0,-29,7,36,0.05,3.0
2.873,0,-29,7,36,0.05,3.0
2.874,0,-29,7,36,0.05,3.0
2.874,0,-29,7,36,0.05,3.0
2.874,0,-29,7,36,0.05,3.0
2.874,0,-29,7,36,0.05,3.0
2.874,0,-29,7,36,0.05,3.0
2.875,0,-29,7,36,0.05,3.0
2.875,0,-29,7,36,0.05,3.0
2.875,0,-29,7,36,0.05,3.0
2.876,0,-29,7,36,0.05,3.0
2.876,0,-29,7,36,0.05,3.0
2.876,0,-29,7,36,0.05,3.0
2.876,0,-29,7,36,0.05,3.0
2.877,0,-29,7,36,0.05,3.0
2.877,0,-29,7,36,0.05,3.0
2.877,0,-29,7,36,0.05,3.0
2.878,0,-29,7,36,0.05,3.0
2.878,0,-29,7,36,0.05,3.0
2.878,0,-29,7,36,0.05,3.0
2.878,0,-29,7,36,0.05,3.0
2.879,0,-29,7,36,0.05,3.0
2.879,0,-29,7,36,0.05,3.0
2.879,0,-29,7,36,0.05,3.0
2.879,0,-29,7,36,0.05,3.0
2.88,0,-29,7,36,0.05,3.0
2.88,0,-29,7,36,0.05,3.0
2.88,0,-29,7,36,0.05,3.0
2.881,0,-29,7,36,0.05,3.0
2.881,0,-29,7,36,0.05,3.0
2.881,0,-29,7,36,0.05,3.0
2.881,0,-29,7,36,0.05,3.0
2.882,0,-29,7,36,0.05,3.0
2.882,0,-29,7,36,0.05,3.0
2.882,0,-29,7,36,0.05,3.0
2.882,0,-29,7,36,0.05,3.0
2.883,0,-29,7,36,0.05,3.0
2.883,0,-29,7,36,0.05,3.0
2.883,0,-29,7,36,0.05,3.0
2.884,0,-29,7,36,0.05,3.0
2.884,0,-29,7,36,0.05,3.0
2.884,0,-29,7,36,0.05,3.0
2.884,0,-29,7,36,0.05,3.0
2.885,0,-29,7,36,0.05,3.0
2.885,0,-29,7,36,0.05,3.0
2.885,0,-29,7,36,0.05,3.0
2.885,0,-29,7,36,0.05,3.0
2.886,0,-29,7,36,0.05,3.0
2.886,0,-29,7,36,0.05,3.0
2.886,0,-29,7,36,0.05,3.0
2.887,0,-29,7,36,0.05,3.0
2.887,0,-29,7,36,0.05,3.0
2.887,0,-29,7,36,0.05,3.0
2.887,0,-29,7,36,0.05,3.0
2.888,0,-29,7,36,0.05,3.0
2.888,0,-29,7,36,0.05,3.0
2.888,0,-29,7,36,0.05,3.0
2.889,0,-29,7,36,0.05,3.0
2.889,0,-29,7,36,0.05,3.0
2.889,0,-29,7,36,0.05,3.0
2.889,0,-29,7,36,0.05,3.0
2.89,0,-29,7,36,0.05,3.0
2.89,0,-29,7,36,0.05,3.0
2.89,0,-29,7,36,0.05,3.0
2.89,0,-29,7,36,0.05,3.0
2.891,0,-29,7,36,0.05,3.0
2.891,0,-29,7,36,0.05,3.0
2.891,0,-29,7,36,0.05,3.0
2.892,0,-29,7,36,0.05,3.0
2.892,0,-29,7,36,0.05,3.0
2.892,0,-29,7,36,0.05,3.0
2.892,0,-29,7,36,0.05,3.0
2.893,0,-29,7,36,0.05,3.0
2.893,0,-29,7,36,0.05,3.0
2.893,0,-29,7,36,0.05,3.0
2.893,0,-29,7,36,0.05,3.0
2.894,0,-29,7,36,0.05,3.0
2.894,0,-29,7,36,0.05,3.0
2.894,0,-29,7,36,0.05,3.0
2.895,0,-29,7,36,0.05,3.0
2.895,0,-29,7,36,0.05,3.0
2.895,0,-29,7,36,0.05,3.0
2.896,0,-29,7,36,0.05,3.0
2.896,0,-29,7,36,0.05,3.0
2.896,0,-29,7,36,0.05,3.0
2.896,0,-29,7,36,0.05,3.0
2.897,0,-29,7,36,0.05,3.0
2.897,0,-29,7,36,0.05,3.0
2.897,0,-29,7,36,0.05,3.0
2.897,0,-29,7,36,0.05,3.0
2.898,0,-29,7,36,0.05,3.0
2.898,0,-29,7,36,0.05,3.0
2.898,0,-29,7,36,0.05,3.0
2.899,0,-29,7,36,0.05,3.0
2.899,0,-29,7,36,0.05,3.0
2.899,0,-29,7,36,0.05,3.0
2.899,0,-29,7,36,0.05,3.0
2.9,0,-29,7,36,0.05,3.0
2.9,0,-29,7,36,0.05,3.0
2.9,0,-29,7,36,0.05,3.0
2.901,0,-29,7,36,0.05,3.0
2.901,0,-29,7,36,0.05,3.0
2.901,0,-29,7,36,0.05,3.0
2.901,0,-29,7,36,0.05,3.0
2.902,0,-29,7,36,0.05,3.0
2.902,0,-29,7,36,0.05,3.0
2.902,0,-29,7,36,0.05,3.0
2.903,0,-29,7,36,0.05,3.0
2.903,0,-29,7,36,0.05,3.0
2.903,0,-29,7,36,0.05,3.0
2.903,0,-29,7,36,0.05,3.0
2.904,0,-29,7,36,0.05,3.0
2.904,0,-29,7,36,0.05,3.0
2.904,0,-29,7,36,0.05,3.0
2.905,0,-29,7,36,0.05,3.0
2.905,0,-29,7,36,0.05,3.0
2.905,0,-29,7,36,0.05,3.0
2.905,0,-29,7,36,0.05,3.0
2.906,0,-29,7,36,0.05,3.0
2.906,0,-29,7,36,0.05,3.0
2.906,0,-29,7,36,0.05,3.0
2.907,0,-29,7,36,0.05,3.0
2.907,0,-29,7,36,0.05,3.0
2.907,0,-29,7,36,0.05,3.0
2.907,0,-29,7,36,0.05,3.0
2.908,0,-29,7,36,0.05,3.0
2.908,0,-29,7,36,0.05,3.0
2.908,0,-29,7,36,0.05,3.0
2.908,0,-29,7,36,0.05,3.0
2.909,0,-29,7,36,0.05,3.0
2.909,0,-29,7,36,0.05,3.0
2.909,0,-29,7,36,0.05,3.0
2.91,0,-29,7,36,0.05,3.0
2.91,0,-29,7,36,0.05,3.0
2.91,0,-29,7,36,0.05,3.0
2.91,0,-29,7,36,0.05,3.0
2.911,0,-29,7,36,0.05,3.0
2.911,0,-29,7,36,0.05,3.0
2.911,0,-29,7,36,0.05,3.0
2.911,0,-29,7,36,0.05,3.0
2.912,0,-29,7,36,0.05,3.0
2.912,0,-29,7,36,0.05,3.0
2.912,0,-29,7,36,0.05,3.0
2.913,0,-29,7,36,0.05,3.0
2.913,0,-29,7,36,0.05,3.0
2.913,0,-29,7,36,0.05,3.0
2.913,0,-29,7,36,0.05,3.0
2.914,0,-29,7,36,0.05,3.0
2.914,0,-29,7,36,0.05,3.0
2.914,0,-29,7,36,0.05,3.0
2.914,0,-29,7,36,0.05,3.0
2.915,0,-29,7,36,0.05,3.0
2.915,0,-29,7,36,0.05,3.0
2.915,0,-29,7,36,0.05,3.0
2.916,0,-29,7,36,0.05,3.0
2.916,0,-29,7,36,0.05,3.0
2.916,0,-29,7,36,0.05,3.0
2.916,0,-29,7,36,0.05,3.0
2.917,0,-29,7,36,0.05,3.0
2.917,0,-29,7,36,0.05,3.0
2.917,0,-29,7,36,0.05,3.0
2.918,0,-29,7,36,0.05,3.0
2.918,0,-29,7,36,0.05,3.0
2.918,0,-29,7,36,0.05,3.0
2.918,0,-29,7,36,0.05,3.0
2.919,0,-29,7,36,0.05,3.0
2.919,0,-29,7,36,0.05,3.0
2.919,0,-29,7,36,0.05,3.0
2.92,0,-29,7,36,0.05,3.0
2.92,0,-29,7,36,0.05,3.0
2.92,0,-29,7,36,0.05,3.0
2.92,0,-29,7,36,0.05,3.0
2.921,0,-29,7,36,0.05,3.0
2.921,0,-29,7,36,0.05,3.0
2.921,0,-29,7,36,0.05,3.0
2.921,0,-29,7,36,0.05,3.0
2.922,0,-29,7,36,0.05,3.0
2.922,0,-29,7,36,0.05,3.0
2.922,0,-29,7,36,0.05,3.0
2.923,0,-29,7,36,0.05,3.0
2.923,0,-29,7,36,0.05,3.0
2.923,0,-29,7,36,0.05,3.0
2.923,0,-29,7,36,0.05,3.0
2.924,0,-29,7,36,0.05,3.0
2.924,0,-29,7,36,0.05,3.0
2.924,0,-29,7,36,0.05,3.0
2.924,0,-29,7,36,0.05,3.0
2.925,0,-29,7,36,0.05,3.0
2.925,0,-29,7,36,0.05,3.0
2.925,0,-29,7,36,0.05,3.0
2.926,0,-29,7,36,0.05,3.0
2.926,0,-29,7,36,0.05,3.0
2.926,0,-29,7,36,0.05,3.0
2.927,0,-29,7,36,0.05,3.0
2.927,0,-29,7,36,0.05,3.0
2.927,0,-29,7,36,0.05,3.0
2.928,0,-29,7,36,0.05,3.0
2.928,0,-29,7,36,0.05,3.0
2.928,0,-29,7,36,0.05,3.0
2.928,0,-29,7,36,0.05,3.0
2.929,0,-29,7,36,0.05,3.0
2.929,0,-29,7,36,0.05,3.0
2.929,0,-29,7,36,0.05,3.0
2.929,0,-29,7,36,0.05,3.0
2.93,0,-29,7,36,0.05,3.0
2.93,0,-29,7,36,0.05,3.0
2.93,0,-29,7,36,0.05,3.0
2.931,0,-29,7,36,0.05,3.0
2.931,0,-29,7,36,0.05,3.0
2.931,0,-29,7,36,0.05,3.0
2.931,0,-29,7,36,0.05,3.0
2.932,0,-29,7,36,0.05,3.0
2.932,0,-29,7,36,0.05,3.0
2.932,0,-29,7,36,0.05,3.0
2.932,0,-29,7,36,0.05,3.0
2.933,0,-29,7,36,0.05,3.0
2.933,0,-29,7,36,0.05,3.0
2.933,0,-29,7,36,0.05,3.0
2.934,0,-29,7,36,0.05,3.0
2.934,0,-29,7,36,0.05,3.0
2.934,0,-29,7,36,0.05,3.0
2.934,0,-29,7,36,0.05,3.0
2.935,0,-29,7,36,0.05,3.0
2.935,0,-29,7,36,0.05,3.0
2.935,0,-29,7,36,0.05,3.0
2.936,0,-29,7,36,0.05,3.0
2.936,0,-29,7,36,0.05,3.0
2.936,0,-29,7,36,0.05,3.0
2.936,0,-29,7,36,0.05,3.0
2.937,0,-29,7,36,0.05,3.0
2.937,0,-29,7,36,0.05,3.0
2.937,0,-29,7,36,0.05,3.0
2.937,0,-29,7,36,0.05,3.0
2.938,0,-29,7,36,0.05,3.0
2.938,0,-29,7,36,0.05,3.0
2.938,0,-29,7,36,0.05,3.0
2.939,0,-29,7,36,0.05,3.0
2.939,0,-29,7,36,0.05,3.0
2.939,0,-29,7,36,0.05,3.0
2.939,0,-29,7,36,0.05,3.0
2.94,0,-29,7,36,0.05,3.0
2.94,0,-29,7,36,0.05,3.0
2.94,0,-29,7,36,0.05,3.0
2.94,0,-29,7,36,0.05,3.0
2.941,0,-29,7,36,0.05,3.0
2.941,0,-29,7,36,0.05,3.0
2.941,0,-29,7,36,0.05,3.0
2.942,0,-29,7,36,0.05,3.0
2.942,0,-29,7,36,0.05,3.0
2.942,0,-29,7,36,0.05,3.0
2.942,0,-29,7,36,0.05,3.0
2.943,0,-29,7,36,0.05,3.0
2.943,0,-29,7,36,0.05,3.0
2.943,0,-29,7,36,0.05,3.0
2.944,0,-29,7,36,0.05,3.0
2.944,0,-29,7,36,0.05,3.0
2.944,0,-29,7,36,0.05,3.0
2.944,0,-29,7,36,0.05,3.0
2.945,0,-29,7,36,0.05,3.0
2.945,0,-29,7,36,0.05,3.0
2.945,0,-29,7,36,0.05,3.0
2.945,0,-29,7,36,0.05,3.0
2.946,0,-29,7,36,0.05,3.0
2.946,0,-29,7,36,0.05,3.0
2.946,0,-29,7,36,0.05,3.0
2.947,0,-29,7,36,0.05,3.0
2.947,0,-29,7,36,0.05,3.0
2.947,0,-29,7,36,0.05,3.0
2.947,0,-29,7,36,0.05,3.0
2.948,0,-29,7,36,0.05,3.0
2.948,0,-29,7,36,0.05,3.0
2.948,0,-29,7,36,0.05,3.0
2.949,0,-29,7,36,0.05,3.0
2.949,0,-29,7,36,0.05,3.0
2.949,0,-29,7,36,0.05,3.0
2.95,0,-29,7,36,0.05,3.0
2.95,-1,-30,7,37,0.05,3.0
2.95,0,-30,7,37,0.05,3.0
2.95,0,-30,7,37,0.05,3.0
2.951,0,-30,7,37,0.05,3.0
2.951,0,-30,7,37,0.05,3.0
2.951,0,-30,7,37,0.05,3.0
2.951,0,-30,7,37,0.05,3.0
2.952,0,-30,7,37,0.05,3.0
2.952,0,-30,7,37,0.05,3.0
2.952,0,-30,7,37,0.05,3.0
2.953,0,-30,7,37,0.05,3.0
2.953,0,-30,7,37,0.05,3.0
2.953,0,-30,7,37,0.05,3.0
2.953,0,-30,7,37,0.05,3.0
2.954,0,-30,7,37,0.05,3.0
2.954,0,-30,7,37,0.05,3.0
2.954,0,-30,7,37,0.05,3.0
2.955,0,-30,7,37,0.05,3.0
2.955,0,-30,7,37,0.05,3.0
2.955,0,-30,7,37,0.05,3.0
2.955,0,-30,7,37,0.05,3.0
2.956,0,-30,7,37,0.05,3.0
2.956,0,-30,7,37,0.05,3.0
2.956,0,-30,7,37,0.05,3.0
2.956,0,-30,7,37,0.05,3.0
2.957,0,-30,7,37,0.05,3.0
2.957,0,-30,7,37,0.05,3.0
2.957,0,-30,7,37,0.05,3.0
2.958,0,-30,7,37,0.05,3.0
2.958,0,-30,7,37,0.05,3.0
2.958,0,-30,7,37,0.05,3.0
2.958,0,-30,7,37,0.05,3.0
2.959,0,-30,7,37,0.05,3.0
2.959,0,-30,7,37,0.05,3.0
2.959,0,-30,7,37,0.05,3.0
2.959,0,-30,7,37,0.05,3.0
2.96,0,-30,7,37,0.05,3.0
2.96,0,-30,7,37,0.05,3.0
2.96,0,-30,7,37,0.05,3.0
2.961,0,-30,7,37,0.05,3.0
2.961,0,-30,7,37,0.05,3.0
2.961,0,-30,7,37,0.05,3.0
2.962,0,-30,7,37,0.05,3.0
2.962,0,-30,7,37,0.05,3.0
2.962,0,-30,7,37,0.05,3.0
2.962,0,-30,7,37,0.05,3.0
2.963,0,-30,7,37,0.05,3.0
2.963,0,-30,7,37,0.05,3.0
2.963,0,-30,7,37,0.05,3.0
2.963,0,-30,7,37,0.05,3.0
2.964,0,-30,7,37,0.05,3.0
2.964,0,-30,7,37,0.05,3.0
2.964,0,-30,7,37,0.05,3.0
2.965,0,-30,7,37,0.05,3.0
2.965,0,-30,7,37,0.05,3.0
2.965,0,-30,7,37,0.05,3.0
2.965,0,-30,7,37,0.05,3.0
2.966,0,-30,7,37,0.05,3.0
2.966,0,-30,7,37,0.05,3.0
2.966,0,-30,7,37,0.05,3.0
2.967,0,-30,7,37,0.05,3.0
2.967,0,-30,7,37,0.05,3.0
2.967,0,-30,7,37,0.05,3.0
2.967,0,-30,7,37,0.05,3.0
2.968,0,-30,7,37,0.05,3.0
2.968,0,-30,7,37,0.05,3.0
2.968,0,-30,7,37,0.05,3.0
2.968,0,-30,7,37,0.05,3.0
2.969,0,-30,7,37,0.05,3.0
2.969,0,-30,7,37,0.05,3.0
2.969,0,-30,7,37,0.05,3.0
2.97,0,-30,7,37,0.05,3.0
2.97,0,-30,7,37,0.05,3.0
2.97,0,-30,7,37,0.05,3.0
2.97,0,-30,7,37,0.05,3.0
2.971,0,-30,7,37,0.05,3.0
2.971,0,-30,7,37,0.05,3.0
2.971,0,-30,7,37,0.05,3.0
2.972,0,-30,7,37,0.05,3.0
2.972,0,-30,7,37,0.05,3.0
2.972,0,-30,7,37,0.05,3.0
2.972,0,-30,7,37,0.05,3.0
2.973,0,-30,7,37,0.05,3.0
2.973,0,-30,7,37,0.05,3.0
2.973,0,-30,7,37,0.05,3.0
2.974,0,-30,7,37,0.05,3.0
2.974,0,-30,7,37,0.05,3.0
2.974,0,-30,7,37,0.05,3.0
2.974,0,-30,7,37,0.05,3.0
2.975,0,-30,7,37,0.05,3.0
2.975,0,-30,7,37,0.05,3.0
2.975,0,-30,7,37,0.05,3.0
2.976,0,-30,7,37,0.05,3.0
2.976,0,-30,7,37,0.05,3.0
2.976,0,-30,7,37,0.05,3.0
2.976,0,-30,7,37,0.05,3.0
2.977,0,-30,7,37,0.05,3.0
2.977,0,-30,7,37,0.05,3.0
2.977,0,-30,7,37,0.05,3.0
2.978,0,-30,7,37,0.05,3.0
2.978,0,-30,7,37,0.05,3.0
2.978,0,-30,7,37,0.05,3.0
2.978,0,-30,7,37,0.05,3.0
2.979,0,-30,7,37,0.05,3.0
2.979,0,-30,7,37,0.05,3.0
2.979,0,-30,7,37,0.05,3.0
2.979,0,-30,7,37,0.05,3.0
2.98,0,-30,7,37,0.05,3.0
2.98,0,-30,7,37,0.05,3.0
2.98,0,-30,7,37,0.05,3.0
2.98,0,-30,7,37,0.05,3.0
2.981,0,-30,7,37,0.05,3.0
2.981,0,-30,7,37,0.05,3.0
2.981,0,-30,7,37,0.05,3.0
2.982,0,-30,7,37,0.05,3.0
2.982,0,-30,7,37,0.05,3.0
2.982,0,-30,7,37,0.05,3.0
2.982,0,-30,7,37,0.05,3.0
2.983,0,-30,7,37,0.05,3.0
2.983,0,-30,7,37,0.05,3.0
2.983,0,-30,7,37,0.05,3.0
2.983,0,-30,7,37,0.05,3.0
2.984,0,-30,7,37,0.05,3.0
2.984,0,-30,7,37,0.05,3.0
2.984,0,-30,7,37,0.05,3.0
2.985,0,-30,7,37,0.05,3.0
2.985,0,-30,7,37,0.05,3.0
2.985,0,-30,7,37,0.05,3.0
2.985,0,-30,7,37,0.05,3.0
2.986,0,-30,7,37,0.05,3.0
2.986,0,-30,7,37,0.05,3.0
2.987,0,-30,7,37,0.05,3.0
2.987,0,-30,7,37,0.05,3.0
2.987,0,-30,7,37,0.05,3.0
2.987,0,-30,7,37,0.05,3.0
2.988,0,-30,7,37,0.05,3.0
2.988,0,-30,7,37,0.05,3.0
2.988,0,-30,7,37,0.05,3.0
2.989,0,-30,7,37,0.05,3.0
2.989,0,-30,7,37,0.05,3.0
2.989,0,-30,7,37,0.05,3.0
2.989,0,-30,7,37,0.05,3.0
2.99,0,-30,7,37,0.05,3.0
2.99,0,-30,7,37,0.05,3.0
2.99,0,-30,7,37,0.05,3.0
2.99,0,-30,7,37,0.05,3.0
2.991,0,-30,7,37,0.05,3.0
2.991,0,-30,7,37,0.05,3.0
2.991,0,-30,7,37,0.05,3.0
2.991,0,-30,7,37,0.05,3.0
2.992,0,-30,7,37,0.05,3.0
2.992,0,-30,7,37,0.05,3.0
2.992,0,-30,7,37,0.05,3.0
2.993,0,-30,7,37,0.05,3.0
2.993,0,-30,7,37,0.05,3.0
2.993,0,-30,7,37,0.05,3.0
2.993,0,-30,7,37,0.05,3.0
2.994,0,-30,7,37,0.05,3.0
2.994,0,-30,7,37,0.05,3.0
2.994,0,-30,7,37,0.05,3.0
2.995,0,-30,7,37,0.05,3.0
2.995,0,-30,7,37,0.05,3.0
2.995,0,-30,7,37,0.05,3.0
2.995,0,-30,7,37,0.05,3.0
2.996,0,-30,7,37,0.05,3.0
2.996,0,-30,7,37,0.05,3.0
2.996,0,-30,7,37,0.05,3.0
2.997,0,-30,7,37,0.05,3.0
2.997,0,-30,7,37,0.05,3.0
2.997,0,-30,7,37,0.05,3.0
2.997,0,-30,7,37,0.05,3.0
2.998,0,-30,7,37,0.05,3.0
2.998,0,-30,7,37,0.05,3.0
2.998,0,-30,7,37,0.05,3.0
2.998,0,-30,7,37,0.05,3.0
2.999,0,-30,7,37,0.05,3.0
2.999,0,-30,7,37,0.05,3.0
2.999,0,-30,7,37,0.05,3.0
3.0,0,-30,7,37,0.05,3.0
3.0,0,-30,7,37,0.05,3.0
3.0,0,-30,7,37,0.05,3.0
3.0,0,-30,7,37,0.05,3.0
3.001,0,-30,7,37,0.05,3.0
3.001,0,-30,7,37,0.05,3.0
3.001,0,-30,7,37,0.05,3.0
3.001,0,-30,7,37,0.05,3.0
3.002,0,-30,7,37,0.05,3.0
3.002,0,-30,7,37,0.05,3.0
3.002,0,-30,7,37,0.05,3.0
3.003,0,-30,7,37,0.05,3.0
3.003,0,-30,7,37,0.05,3.0
3.003,0,-30,7,37,0.05,3.0
3.003,0,-30,7,37,0.05,3.0
3.004,0,-30,7,37,0.05,3.0
3.004,0,-30,7,37,0.05,3.0
3.004,0,-30,7,37,0.05,3.0
3.005,0,-30,7,37,0.05,3.0
3.005,0,-30,7,37,0.05,3.0
3.005,0,-30,7,37,0.05,3.0
3.005,0,-30,7,37,0.05,3.0
3.006,0,-30,7,37,0.05,3.0
3.006,0,-30,7,37,0.05,3.0
3.006,0,-30,7,37,0.05,3.0
3.006,0,-30,7,37,0.05,3.0
3.007,0,-30,7,37,0.05,3.0
3.007,0,-30,7,37,0.05,3.0
3.007,0,-30,7,37,0.05,3.0
3.008,0,-30,7,37,0.05,3.0
3.008,0,-30,7,37,0.05,3.0
3.008,0,-30,7,37,0.05,3.0
3.008,0,-30,7,37,0.05,3.0
3.009,0,-30,7,37,0.05,3.0
3.009,0,-30,7,37,0.05,3.0
3.009,0,-30,7,37,0.05,3.0
3.009,0,-30,7,37,0.05,3.0
3.01,0,-30,7,37,0.05,3.0
3.01,0,-30,7,37,0.05,3.0
3.01,0,-30,7,37,0.05,3.0
3.011,0,-30,7,37,0.05,3.0
3.011,0,-30,7,37,0.05,3.0
3.011,0,-30,7,37,0.05,3.0
3.011,0,-30,7,37,0.05,3.0
3.012,0,-30,7,37,0.05,3.0
3.012,0,-30,7,37,0.05,3.0
3.012,0,-30,7,37,0.05,3.0
3.012,0,-30,7,37,0.05,3.0
3.013,0,-30,7,37,0.05,3.0
3.013,0,-30,7,37,0.05,3.0
3.013,0,-30,7,37,0.05,3.0
3.014,0,-30,7,37,0.05,3.0
3.014,0,-30,7,37,0.05,3.0
3.014,0,-30,7,37,0.05,3.0
3.014,0,-30,7,37,0.05,3.0
3.015,0,-30,7,37,0.05,3.0
3.015,0,-30,7,37,0.05,3.0
3.015,0,-30,7,37,0.05,3.0
3.015,0,-30,7,37,0.05,3.0
3.016,0,-30,7,37,0.05,3.0
3.016,0,-30,7,37,0.05,3.0
3.016,0,-30,7,37,0.05,3.0
3.017,0,-30,7,37,0.05,3.0
3.017,0,-30,7,37,0.05,3.0
3.017,0,-30,7,37,0.05,3.0
3.018,0,-30,7,37,0.05,3.0
3.018,0,-30,7,37,0.05,3.0
3.018,0,-30,7,37,0.05,3.0
3.018,0,-30,7,37,0.05,3.0
3.019,0,-30,7,37,0.05,3.0
3.019,0,-30,7,37,0.05,3.0
3.019,0,-30,7,37,0.05,3.0
3.019,0,-30,7,37,0.05,3.0
3.02,0,-30,7,37,0.05,3.0
3.02,0,-30,7,37,0.05,3.0
3.02,0,-30,7,37,0.05,3.0
3.021,0,-30,7,37,0.05,3.0
3.021,0,-30,7,37,0.05,3.0
3.021,0,-30,7,37,0.05,3.0
3.021,0,-30,7,37,0.05,3.0
3.022,0,-30,7,37,0.05,3.0
3.022,0,-30,7,37,0.05,3.0
3.022,0,-30,7,37,0.05,3.0
3.023,0,-30,7,37,0.05,3.0
3.023,0,-30,7,37,0.05,3.0
3.023,0,-30,7,37,0.05,3.0
3.023,0,-30,7,37,0.05,3.0
3.024,0,-30,7,37,0.05,3.0
3.024,0,-30,7,37,0.05,3.0
3.024,0,-30,7,37,0.05,3.0
3.024,0,-30,7,37,0.05,3.0
3.025,0,-30,7,37,0.05,3.0
3.025,0,-30,7,37,0.05,3.0
3.025,0,-30,7,37,0.05,3.0
3.026,0,-30,7,37,0.05,3.0
3.026,0,-30,7,37,0.05,3.0
3.026,0,-30,7,37,0.05,3.0
3.026,0,-30,7,37,0.05,3.0
3.027,0,-30,7,37,0.05,3.0
3.027,0,-30,7,37,0.05,3.0
3.027,0,-30,7,37,0.05,3.0
3.027,0,-30,7,37,0.05,3.0
3.028,0,-30,7,37,0.05,3.0
3.028,0,-30,7,37,0.05,3.0
3.028,0,-30,7,37,0.05,3.0
3.029,0,-30,7,37,0.05,3.0
3.029,0,-30,7,37,0.05,3.0
3.029,0,-30,7,37,0.05,3.0
3.029,0,-30,7,37,0.05,3.0
3.03,0,-30,7,37,0.05,3.0
3.03,0,-30,7,37,0.05,3.0
3.03,0,-30,7,37,0.05,3.0
3.03,0,-30,7,37,0.05,3.0
3.031,0,-30,7,37,0.05,3.0
3.031,0,-30,7,37,0.05,3.0
3.031,0,-30,7,37,0.05,3.0
3.032,0,-30,7,37,0.05,3.0
3.032,0,-30,7,37,0.05,3.0
3.032,0,-30,7,37,0.05,3.0
3.032,0,-30,7,37,0.05,3.0
3.033,0,-30,7,37,0.05,3.0
3.033,0,-30,7,37,0.05,3.0
3.033,-1,-31,7,38,0.05,3.0
3.034,0,-31,7,38,0.05,3.0
3.034,0,-31,7,38,0.05,3.0
3.034,0,-31,7,38,0.05,3.0
3.034,0,-31,7,38,0.05,3.0
3.035,0,-31,7,38,0.05,3.0
3.035,0,-31,7,38,0.05,3.0
3.035,0,-31,7,38,0.05,3.0
3.035,0,-31,7,38,0.05,3.0
3.036,0,-31,7,38,0.05,3.0
3.036,0,-31,7,38,0.05,3.0
3.036,0,-31,7,38,0.05,3.0
3.037,0,-31,7,38,0.05,3.0
3.037,0,-31,7,38,0.05,3.0
3.037,0,-31,7,38,0.05,3.0
3.037,0,-31,7,38,0.05,3.0
3.038,0,-31,7,38,0.05,3.0
3.038,0,-31,7,38,0.05,3.0
3.038,0,-31,7,38,0.05,3.0
3.039,0,-31,7,38,0.05,3.0
3.039,0,-31,7,38,0.05,3.0
3.039,0,-31,7,38,0.05,3.0
3.039,0,-31,7,38,0.05,3.0
3.04,0,-31,7,38,0.05,3.0
3.04,0,-31,7,38,0.05,3.0
3.04,0,-31,7,38,0.05,3.0
3.041,0,-31,7,38,0.05,3.0
3.041,0,-31,7,38,0.05,3.0
3.041,0,-31,7,38,0.05,3.0
3.041,0,-31,7,38,0.05,3.0
3.042,0,-31,7,38,0.05,3.0
3.042,0,-31,7,38,0.05,3.0
3.042,0,-31,7,38,0.05,3.0
3.042,0,-31,7,38,0.05,3.0
3.043,0,-31,7,38,0.05,3.0
3.043,0,-31,7,38,0.05,3.0
3.043,0,-31,7,38,0.05,3.0
3.043,0,-31,7,38,0.05,3.0
3.044,0,-31,7,38,0.05,3.0
3.044,0,-31,7,38,0.05,3.0
3.044,0,-31,7,38,0.05,3.0
3.045,0,-31,7,38,0.05,3.0
3.045,0,-31,7,38,0.05,3.0
3.045,0,-31,7,38,0.05,3.0
3.045,0,-31,7,38,0.05,3.0
3.046,0,-31,7,38,0.05,3.0
3.046,0,-31,7,38,0.05,3.0
3.046,0,-31,7,38,0.05,3.0
3.047,0,-31,7,38,0.05,3.0
3.047,0,-31,7,38,0.05,3.0
3.047,0,-31,7,38,0.05,3.0
3.047,0,-31,7,38,0.05,3.0
3.048,0,-31,7,38,0.05,3.0
3.048,0,-31,7,38,0.05,3.0
3.048,0,-31,7,38,0.05,3.0
3.048,0,-31,7,38,0.05,3.0
3.049,0,-31,7,38,0.05,3.0
3.049,0,-31,7,38,0.05,3.0
3.049,0,-31,7,38,0.05,3.0
3.05,0,-31,7,38,0.05,3.0
3.05,0,-31,7,38,0.05,3.0
3.05,0,-31,7,38,0.05,3.0
3.05,0,-31,7,38,0.05,3.0
3.051,0,-31,7,38,0.05,3.0
3.051,0,-31,7,38,0.05,3.0
3.051,0,-31,7,38,0.05,3.0
3.051,0,-31,7,38,0.05,3.0
3.052,0,-31,7,38,0.05,3.0
3.052,0,-31,7,38,0.05,3.0
3.052,0,-31,7,38,0.05,3.0
3.053,0,-31,7,38,0.05,3.0
3.053,0,-31,7,38,0.05,3.0
3.053,0,-31,7,38,0.05,3.0
3.053,0,-31,7,38,0.05,3.0
3.054,0,-31,7,38,0.05,3.0
3.054,0,-31,7,38,0.05,3.0
3.054,0,-31,7,38,0.05,3.0
3.054,0,-31,7,38,0.05,3.0
3.055,0,-31,7,38,0.05,3.0
3.055,0,-31,7,38,0.05,3.0
3.055,0,-31,7,38,0.05,3.0
3.056,0,-31,7,38,0.05,3.0
3.056,0,-31,7,38,0.05,3.0
3.056,0,-31,7,38,0.05,3.0
3.056,0,-31,7,38,0.05,3.0
3.057,0,-31,7,38,0.05,3.0
3.057,0,-31,7,38,0.05,3.0
3.057,0,-31,7,38,0.05,3.0
3.058,0,-31,7,38,0.05,3.0
3.058,0,-31,7,38,0.05,3.0
3.058,0,-31,7,38,0.05,3.0
3.058,0,-31,7,38,0.05,3.0
3.059,0,-31,7,38,0.05,3.0
3.059,0,-31,7,38,0.05,3.0
3.059,0,-31,7,38,0.05,3.0
3.059,0,-31,7,38,0.05,3.0
3.06,0,-31,7,38,0.05,3.0
3.06,0,-31,7,38,0.05,3.0
3.06,0,-31,7,38,0.05,3.0
3.061,1,-30,8,38,0.05,3.15
3.061,0,-30,8,38,0.05,3.15
3.061,0,-30,8,38,0.05,3.15
3.061,0,-30,8,38,0.05,3.15
3.062,0,-30,8,38,0.05,3.15
3.062,0,-30,8,38,0.05,3.15
3.062,0,-30,8,38,0.05,3.15
3.063,0,-30,8,38,0.05,3.15
3.063,0,-30,8,38,0.05,3.15
3.063,0,-30,8,38,0.05,3.15
3.063,0,-30,8,38,0.05,3.15
3.064,0,-30,8,38,0.05,3.15
3.064,0,-30,8,38,0.05,3.15
3.064,0,-30,8,38,0.05,3.15
3.065,0,-30,8,38,0.05,3.15
3.065,0,-30,8,38,0.05,3.15
3.065,0,-30,8,38,0.05,3.15
3.065,0,-30,8,38,0.05,3.15
3.066,0,-30,8,38,0.05,3.15
3.066,0,-30,8,38,0.05,3.15
3.066,0,-30,8,38,0.05,3.15
3.067,0,-30,8,38,0.05,3.15
3.067,0,-30,8,38,0.05,3.15
3.067,0,-30,8,38,0.05,3.15
3.067,0,-30,8,38,0.05,3.15
3.068,0,-30,8,38,0.05,3.15
3.068,0,-30,8,38,0.05,3.15
3.068,0,-30,8,38,0.05,3.15
3.068,0,-30,8,38,0.05,3.15
3.069,0,-30,8,38,0.05,3.15
3.069,0,-30,8,38,0.05,3.15
3.069,0,-30,8,38,0.05,3.15
3.07,0,-30,8,38,0.05,3.15
3.07,0,-30,8,38,0.05,3.15
3.07,0,-30,8,38,0.05,3.15
3.07,0,-30,8,38,0.05,3.15
3.071,0,-30,8,38,0.05,3.15
3.071,0,-30,8,38,0.05,3.15
3.071,0,-30,8,38,0.05,3.15
3.071,0,-30,8,38,0.05,3.15
3.072,0,-30,8,38,0.05,3.15
3.072,0,-30,8,38,0.05,3.15
3.072,0,-30,8,38,0.05,3.15
3.073,0,-30,8,38,0.05,3.15
3.073,0,-30,8,38,0.05,3.15
3.073,0,-30,8,38,0.05,3.15
3.073,0,-30,8,38,0.05,3.15
3.074,0,-30,8,38,0.05,3.15
3.074,0,-30,8,38,0.05,3.15
3.074,0,-30,8,38,0.05,3.15
3.075,0,-30,8,38,0.05,3.15
3.075,0,-30,8,38,0.05,3.15
3.075,0,-30,8,38,0.05,3.15
3.075,0,-30,8,38,0.05,3.15
3.076,0,-30,8,38,0.05,3.15
3.076,0,-30,8,38,0.05,3.15
3.076,0,-30,8,38,0.05,3.15
3.076,0,-30,8,38,0.05,3.15
3.077,0,-30,8,38,0.05,3.15
3.077,0,-30,8,38,0.05,3.15
3.077,0,-30,8,38,0.05,3.15
3.078,0,-30,8,38,0.05,3.15
3.078,0,-30,8,38,0.05,3.15
3.078,0,-30,8,38,0.05,3.15
3.078,0,-30,8,38,0.05,3.15
3.079,0,-30,8,38,0.05,3.15
3.079,0,-30,8,38,0.05,3.15
3.079,0,-30,8,38,0.05,3.15
3.079,0,-30,8,38,0.05,3.15
3.08,0,-30,8,38,0.05,3.15
3.08,0,-30,8,38,0.05,3.15
3.08,0,-30,8,38,0.05,3.15
3.081,0,-30,8,38,0.05,3.15
3.081,0,-30,8,38,0.05,3.15
3.081,0,-30,8,38,0.05,3.15
3.081,0,-30,8,38,0.05,3.15
3.082,0,-30,8,38,0.05,3.15
3.082,0,-30,8,38,0.05,3.15
3.082,0,-30,8,38,0.05,3.15
3.083,0,-30,8,38,0.05,3.15
3.083,0,-30,8,38,0.05,3.15
3.083,0,-30,8,38,0.05,3.15
3.083,0,-30,8,38,0.05,3.15
3.084,0,-30,8,38,0.05,3.15
3.084,0,-30,8,38,0.05,3.15
3.084,0,-30,8,38,0.05,3.15
3.085,0,-30,8,38,0.05,3.15
3.085,0,-30,8,38,0.05,3.15
3.085,0,-30,8,38,0.05,3.15
3.086,0,-30,8,38,0.05,3.15
3.086,0,-30,8,38,0.05,3.15
3.086,0,-30,8,38,0.05,3.15
3.086,0,-30,8,38,0.05,3.15
3.087,0,-30,8,38,0.05,3.15
3.087,0,-30,8,38,0.05,3.15
3.087,0,-30,8,38,0.05,3.15
3.088,0,-30,8,38,0.05,3.15
3.088,0,-30,8,38,0.05,3.15
3.088,0,-30,8,38,0.05,3.15
3.088,0,-30,8,38,0.05,3.15
3.089,0,-30,8,38,0.05,3.15
3.089,0,-30,8,38,0.05,3.15
3.089,0,-30,8,38,0.05,3.15
3.089,0,-30,8,38,0.05,3.15
3.09,0,-30,8,38,0.05,3.15
3.09,0,-30,8,38,0.05,3.15
3.09,0,-30,8,38,0.05,3.15
3.091,0,-30,8,38,0.05,3.15
3.091,0,-30,8,38,0.05,3.15
3.091,0,-30,8,38,0.05,3.15
3.091,0,-30,8,38,0.05,3.15
3.092,0,-30,8,38,0.05,3.15
3.092,0,-30,8,38,0.05,3.15
3.092,0,-30,8,38,0.05,3.15
3.092,0,-30,8,38,0.05,3.15
3.093,0,-30,8,38,0.05,3.15
3.093,0,-30,8,38,0.05,3.15
3.093,0,-30,8,38,0.05,3.15
3.094,0,-30,8,38,0.05,3.15
3.094,0,-30,8,38,0.05,3.15
3.094,0,-30,8,38,0.05,3.15
3.094,0,-30,8,38,0.05,3.15
3.095,0,-30,8,38,0.05,3.15
3.095,0,-30,8,38,0.05,3.15
3.095,0,-30,8,38,0.05,3.15
3.095,0,-30,8,38,0.05,3.15
3.096,0,-30,8,38,0.05,3.15
3.096,0,-30,8,38,0.05,3.15
3.096,0,-30,8,38,0.05,3.15
3.097,0,-30,8,38,0.05,3.15
3.097,0,-30,8,38,0.05,3.15
3.097,0,-30,8,38,0.05,3.15
3.097,0,-30,8,38,0.05,3.15
3.098,0,-30,8,38,0.05,3.15
3.098,0,-30,8,38,0.05,3.15
3.098,0,-30,8,38,0.05,3.15
3.098,0,-30,8,38,0.05,3.15
3.099,0,-30,8,38,0.05,3.15
3.099,0,-30,8,38,0.05,3.15
3.099,0,-30,8,38,0.05,3.15
3.1,0,-30,8,38,0.05,3.15
3.1,0,-30,8,38,0.05,3.15
3.1,0,-30,8,38,0.05,3.15
3.1,0,-30,8,38,0.05,3.15
3.101,0,-30,8,38,0.05,3.15
3.101,0,-30,8,38,0.05,3.15
3.101,0,-30,8,38,0.05,3.15
3.102,0,-30,8,38,0.05,3.15
3.102,0,-30,8,38,0.05,3.15
3.102,0,-30,8,38,0.05,3.15
3.102,0,-30,8,38,0.05,3.15
3.103,0,-30,8,38,0.05,3.15
3.103,0,-30,8,38,0.05,3.15
3.103,0,-30,8,38,0.05,3.15
3.103,0,-30,8,38,0.05,3.15
3.104,0,-30,8,38,0.05,3.15
3.104,0,-30,8,38,0.05,3.15
3.104,0,-30,8,38,0.05,3.15
3.105,0,-30,8,38,0.05,3.15
3.105,0,-30,8,38,0.05,3.15
3.105,0,-30,8,38,0.05,3.15
3.105,0,-30,8,38,0.05,3.15
3.106,0,-30,8,38,0.05,3.15
3.106,0,-30,8,38,0.05,3.15
3.106,0,-30,8,38,0.05,3.15
3.107,0,-30,8,38,0.05,3.15
3.107,0,-30,8,38,0.05,3.15
3.107,0,-30,8,38,0.05,3.15
3.107,0,-30,8,38,0.05,3.15
3.108,0,-30,8,38,0.05,3.15
3.108,0,-30,8,38,0.05,3.15
3.108,0,-30,8,38,0.05,3.15
3.108,0,-30,8,38,0.05,3.15
3.109,0,-30,8,38,0.05,3.15
3.109,0,-30,8,38,0.05,3.15
3.109,0,-30,8,38,0.05,3.15
3.11,0,-30,8,38,0.05,3.15
3.11,0,-30,8,38,0.05,3.15
3.11,0,-30,8,38,0.05,3.15
3.11,0,-30,8,38,0.05,3.15
3.111,0,-30,8,38,0.05,3.15
3.111,0,-30,8,38,0.05,3.15
3.111,0,-30,8,38,0.05,3.15
3.111,0,-30,8,38,0.05,3.15
3.112,0,-30,8,38,0.05,3.15
3.112,0,-30,8,38,0.05,3.15
3.112,0,-30,8,38,0.05,3.15
3.113,0,-30,8,38,0.05,3.15
3.113,0,-30,8,38,0.05,3.15
3.113,0,-30,8,38,0.05,3.15
3.113,0,-30,8,38,0.05,3.15
3.114,0,-30,8,38,0.05,3.15
3.114,0,-30,8,38,0.05,3.15
3.114,0,-30,8,38,0.05,3.15
3.115,0,-30,8,38,0.05,3.15
3.115,0,-30,8,38,0.05,3.15
3.115,0,-30,8,38,0.05,3.15
3.115,0,-30,8,38,0.05,3.15
3.116,0,-30,8,38,0.05,3.15
3.116,0,-30,8,38,0.05,3.15
3.116,0,-30,8,38,0.05,3.15
3.117,0,-30,8,38,0.05,3.15
3.117,0,-30,8,38,0.05,3.15
3.117,0,-30,8,38,0.05,3.15
3.117,0,-30,8,38,0.05,3.15
3.118,0,-30,8,38,0.05,3.15
3.118,0,-30,8,38,0.05,3.15
3.118,0,-30,8,38,0.05,3.15
3.118,0,-30,8,38,0.05,3.15
3.119,0,-30,8,38,0.05,3.15
3.119,0,-30,8,38,0.05,3.15
3.119,0,-30,8,38,0.05,3.15
3.12,0,-30,8,38,0.05,3.15
3.12,0,-30,8,38,0.05,3.15
3.12,0,-30,8,38,0.05,3.15
3.12,0,-30,8,38,0.05,3.15
3.121,0,-30,8,38,0.05,3.15
3.121,0,-30,8,38,0.05,3.15
3.121,0,-30,8,38,0.05,3.15
3.121,0,-30,8,38,0.05,3.15
3.122,0,-30,8,38,0.05,3.15
3.122,0,-30,8,38,0.05,3.15
3.122,0,-30,8,38,0.05,3.15
3.123,0,-30,8,38,0.05,3.15
3.123,0,-30,8,38,0.05,3.15
3.123,0,-30,8,38,0.05,3.15
3.123,0,-30,8,38,0.05,3.15
3.124,0,-30,8,38,0.05,3.15
3.124,0,-30,8,38,0.05,3.15
3.124,0,-30,8,38,0.05,3.15
3.125,0,-30,8,38,0.05,3.15
3.125,0,-30,8,38,0.05,3.15
3.125,0,-30,8,38,0.05,3.15
3.125,0,-30,8,38,0.05,3.15
3.126,0,-30,8,38,0.05,3.15
3.126,0,-30,8,38,0.05,3.15
3.126,0,-30,8,38,0.05,3.15
3.126,0,-30,8,38,0.05,3.15
3.127,0,-30,8,38,0.05,3.15
3.127,0,-30,8,38,0.05,3.15
3.127,0,-30,8,38,0.05,3.15
3.128,0,-30,8,38,0.05,3.15
3.128,0,-30,8,38,0.05,3.15
3.128,0,-30,8,38,0.05,3.15
3.128,0,-30,8,38,0.05,3.15
3.129,0,-30,8,38,0.05,3.15
3.129,0,-30,8,38,0.05,3.15
3.129,0,-30,8,38,0.05,3.15
3.13,0,-30,8,38,0.05,3.15
3.13,0,-30,8,38,0.05,3.15
3.13,0,-30,8,38,0.05,3.15
3.13,0,-30,8,38,0.05,3.15
3.131,0,-30,8,38,0.05,3.15
3.131,0,-30,8,38,0.05,3.15
3.131,0,-30,8,38,0.05,3.15
3.131,0,-30,8,38,0.05,3.15
3.132,0,-30,8,38,0.05,3.15
3.132,0,-30,8,38,0.05,3.15
3.132,0,-30,8,38,0.05,3.15
3.133,0,-30,8,38,0.05,3.15
3.133,0,-30,8,38,0.05,3.15
3.133,0,-30,8,38,0.05,3.15
3.133,0,-30,8,38,0.05,3.15
3.134,0,-30,8,38,0.05,3.15
3.134,0,-30,8,38,0.05,3.15
3.134,0,-30,8,38,0.05,3.15
3.135,0,-30,8,38,0.05,3.15
3.135,0,-30,8,38,0.05,3.15
3.135,0,-30,8,38,0.05,3.15
3.135,0,-30,8,38,0.05,3.15
3.136,0,-30,8,38,0.05,3.15
3.136,0,-30,8,38,0.05,3.15
3.136,0,-30,8,38,0.05,3.15
3.136,0,-30,8,38,0.05,3.15
3.137,0,-30,8,38,0.05,3.15
3.137,0,-30,8,38,0.05,3.15
3.137,0,-30,8,38,0.05,3.15
3.138,0,-30,8,38,0.05,3.15
3.138,0,-30,8,38,0.05,3.15
3.138,0,-30,8,38,0.05,3.15
3.138,0,-30,8,38,0.05,3.15
3.139,0,-30,8,38,0.05,3.15
3.139,0,-30,8,38,0.05,3.15
3.139,0,-30,8,38,0.05,3.15
3.14,0,-30,8,38,0.05,3.15
3.14,0,-30,8,38,0.05,3.15
3.14,0,-30,8,38,0.05,3.15
3.14,0,-30,8,38,0.05,3.15
3.141,0,-30,8,38,0.05,3.15
3.141,0,-30,8,38,0.05,3.15
3.141,0,-30,8,38,0.05,3.15
3.142,0,-30,8,38,0.05,3.15
3.142,0,-30,8,38,0.05,3.15
3.142,0,-30,8,38,0.05,3.15
3.142,0,-30,8,38,0.05,3.15
3.143,0,-30,8,38,0.05,3.15
3.143,0,-30,8,38,0.05,3.15
3.143,0,-30,8,38,0.05,3.15
3.143,0,-30,8,38,0.05,3.15
3.144,0,-30,8,38,0.05,3.15
3.144,0,-30,8,38,0.05,3.15
3.144,0,-30,8,38,0.05,3.15
3.144,0,-30,8,38,0.05,3.15
3.145,0,-30,8,38,0.05,3.15
3.145,0,-30,8,38,0.05,3.15
3.145,0,-30,8,38,0.05,3.15
3.146,0,-30,8,38,0.05,3.15
3.146,0,-30,8,38,0.05,3.15
3.146,0,-30,8,38,0.05,3.15
3.146,0,-30,8,38,0.05,3.15
3.147,0,-30,8,38,0.05,3.15
3.147,0,-30,8,38,0.05,3.15
3.147,0,-30,8,38,0.05,3.15
3.148,0,-30,8,38,0.05,3.15
3.148,0,-30,8,38,0.05,3.15
3.148,0,-30,8,38,0.05,3.15
3.148,0,-30,8,38,0.05,3.15
3.149,0,-30,8,38,0.05,3.15
3.149,0,-30,8,38,0.05,3.15
3.149,0,-30,8,38,0.05,3.15
3.15,0,-30,8,38,0.05,3.15
3.15,0,-30,8,38,0.05,3.15
3.15,0,-30,8,38,0.05,3.15
3.15,0,-30,8,38,0.05,3.15
3.151,0,-30,8,38,0.05,3.15
3.151,0,-30,8,38,0.05,3.15
3.151,0,-30,8,38,0.05,3.15
3.152,0,-30,8,38,0.05,3.15
3.152,0,-30,8,38,0.05,3.15
3.152,0,-30,8,38,0.05,3.15
3.152,0,-30,8,38,0.05,3.15
3.153,0,-30,8,38,0.05,3.15
3.153,0,-30,8,38,0.05,3.15
3.153,0,-30,8,38,0.05,3.15
3.153,0,-30,8,38,0.05,3.15
3.154,0,-30,8,38,0.05,3.15
3.154,0,-30,8,38,0.05,3.15
3.154,0,-30,8,38,0.05,3.15
3.155,0,-30,8,38,0.05,3.15
3.155,0,-30,8,38,0.05,3.15
3.155,0,-30,8,38,0.05,3.15
3.155,0,-30,8,38,0.05,3.15
3.156,0,-30,8,38,0.05,3.15
3.156,0,-30,8,38,0.05,3.15
3.156,0,-30,8,38,0.05,3.15
3.157,0,-30,8,38,0.05,3.15
3.157,0,-30,8,38,0.05,3.15
3.157,0,-30,8,38,0.05,3.15
3.157,0,-30,8,38,0.05,3.15
3.158,0,-30,8,38,0.05,3.15
3.158,0,-30,8,38,0.05,3.15
3.158,0,-30,8,38,0.05,3.15
3.159,0,-30,8,38,0.05,3.15
3.159,0,-30,8,38,0.05,3.15
3.159,0,-30,8,38,0.05,3.15
3.159,0,-30,8,38,0.05,3.15
3.16,0,-30,8,38,0.05,3.15
3.16,0,-30,8,38,0.05,3.15
3.16,0,-30,8,38,0.05,3.15
3.161,0,-30,8,38,0.05,3.15
3.161,0,-30,8,38,0.05,3.15
3.161,0,-30,8,38,0.05,3.15
3.162,0,-30,8,38,0.05,3.15
3.162,0,-30,8,38,0.05,3.15
3.162,0,-30,8,38,0.05,3.15
3.162,0,-30,8,38,0.05,3.15
3.163,0,-30,8,38,0.05,3.15
3.163,0,-30,8,38,0.05,3.15
3.163,0,-30,8,38,0.05,3.15
3.163,0,-30,8,38,0.05,3.15
3.164,0,-30,8,38,0.05,3.15
3.164,0,-30,8,38,0.05,3.15
3.164,0,-30,8,38,0.05,3.15
3.165,0,-30,8,38,0.05,3.15
3.165,0,-30,8,38,0.05,3.15
3.165,0,-30,8,38,0.05,3.15
3.165,0,-30,8,38,0.05,3.15
3.166,0,-30,8,38,0.05,3.15
3.166,0,-30,8,38,0.05,3.15
3.166,0,-30,8,38,0.05,3.15
3.167,0,-30,8,38,0.05,3.15
3.167,0,-30,8,38,0.05,3.15
3.167,0,-30,8,38,0.05,3.15
3.167,0,-30,8,38,0.05,3.15
3.168,0,-30,8,38,0.05,3.15
3.168,0,-30,8,38,0.05,3.15
3.168,0,-30,8,38,0.05,3.15
3.168,0,-30,8,38,0.05,3.15
3.169,0,-30,8,38,0.05,3.15
3.169,0,-30,8,38,0.05,3.15
3.169,0,-30,8,38,0.05,3.15
3.17,0,-30,8,38,0.05,3.15
3.17,0,-30,8,38,0.05,3.15
3.17,0,-30,8,38,0.05,3.15
3.17,0,-30,8,38,0.05,3.15
3.171,0,-30,8,38,0.05,3.15
3.171,0,-30,8,38,0.05,3.15
3.171,0,-30,8,38,0.05,3.15
3.172,0,-30,8,38,0.05,3.15
3.172,-1,-31,8,39,0.05,3.0
3.172,0,-31,8,39,0.05,3.0
3.172,0,-31,8,39,0.05,3.0
3.173,0,-31,8,39,0.05,3.0
3.173,0,-31,8,39,0.05,3.0
3.173,0,-31,8,39,0.05,3.0
3.174,0,-31,8,39,0.05,3.0
3.174,0,-31,8,39,0.05,3.0
3.174,0,-31,8,39,0.05,3.0
3.174,0,-31,8,39,0.05,3.0
3.175,0,-31,8,39,0.05,3.0
3.175,0,-31,8,39,0.05,3.0
3.175,0,-31,8,39,0.05,3.0
3.176,0,-31,8,39,0.05,3.0
3.176,0,-31,8,39,0.05,3.0
3.176,0,-31,8,39,0.05,3.0
3.177,0,-31,8,39,0.05,3.0
3.177,0,-31,8,39,0.05,3.0
3.177,0,-31,8,39,0.05,3.0
3.177,0,-31,8,39,0.05,3.0
3.178,0,-31,8,39,0.05,3.0
3.178,0,-31,8,39,0.05,3.0
3.178,0,-31,8,39,0.05,3.0
3.179,0,-31,8,39,0.05,3.0
3.179,0,-31,8,39,0.05,3.0
3.179,0,-31,8,39,0.05,3.0
3.179,0,-31,8,39,0.05,3.0
3.18,0,-31,8,39,0.05,3.0
3.18,0,-31,8,39,0.05,3.0
3.18,0,-31,8,39,0.05,3.0
3.18,0,-31,8,39,0.05,3.0
3.181,0,-31,8,39,0.05,3.0
3.181,0,-31,8,39,0.05,3.0
3.181,0,-31,8,39,0.05,3.0
3.182,0,-31,8,39,0.05,3.0
3.182,0,-31,8,39,0.05,3.0
3.182,0,-31,8,39,0.05,3.0
3.182,0,-31,8,39,0.05,3.0
3.183,0,-31,8,39,0.05,3.0
3.183,0,-31,8,39,0.05,3.0
3.183,0,-31,8,39,0.05,3.0
3.184,0,-31,8,39,0.05,3.0
3.184,0,-31,8,39,0.05,3.0
3.184,0,-31,8,39,0.05,3.0
3.184,0,-31,8,39,0.05,3.0
3.185,0,-31,8,39,0.05,3.0
3.185,0,-31,8,39,0.05,3.0
3.185,0,-31,8,39,0.05,3.0
3.186,0,-31,8,39,0.05,3.0
3.186,0,-31,8,39,0.05,3.0
3.186,0,-31,8,39,0.05,3.0
3.186,0,-31,8,39,0.05,3.0
3.187,0,-31,8,39,0.05,3.0
3.187,0,-31,8,39,0.05,3.0
3.187,0,-31,8,39,0.05,3.0
3.188,0,-31,8,39,0.05,3.0
3.188,0,-31,8,39,0.05,3.0
3.188,0,-31,8,39,0.05,3.0
3.188,0,-31,8,39,0.05,3.0
3.189,0,-31,8,39,0.05,3.0
3.189,0,-31,8,39,0.05,3.0
3.189,0,-31,8,39,0.05,3.0
3.189,0,-31,8,39,0.05,3.0
3.19,0,-31,8,39,0.05,3.0
3.19,0,-31,8,39,0.05,3.0
3.19,0,-31,8,39,0.05,3.0
3.191,0,-31,8,39,0.05,3.0
3.191,0,-31,8,39,0.05,3.0
3.191,0,-31,8,39,0.05,3.0
3.191,0,-31,8,39,0.05,3.0
3.192,0,-31,8,39,0.05,3.0
3.192,0,-31,8,39,0.05,3.0
3.192,0,-31,8,39,0.05,3.0
3.192,0,-31,8,39,0.05,3.0
3.193,0,-31,8,39,0.05,3.0
3.193,0,-31,8,39,0.05,3.0
3.193,0,-31,8,39,0.05,3.0
3.194,0,-31,8,39,0.05,3.0
3.194,0,-31,8,39,0.05,3.0
3.194,0,-31,8,39,0.05,3.0
3.194,0,-31,8,39,0.05,3.0
3.195,0,-31,8,39,0.05,3.0
3.195,0,-31,8,39,0.05,3.0
3.195,0,-31,8,39,0.05,3.0
3.196,0,-31,8,39,0.05,3.0
3.196,0,-31,8,39,0.05,3.0
3.196,0,-31,8,39,0.05,3.0
3.196,0,-31,8,39,0.05,3.0
3.197,0,-31,8,39,0.05,3.0
3.197,0,-31,8,39,0.05,3.0
3.197,0,-31,8,39,0.05,3.0
3.197,0,-31,8,39,0.05,3.0
3.198,0,-31,8,39,0.05,3.0
3.198,0,-31,8,39,0.05,3.0
3.198,0,-31,8,39,0.05,3.0
3.199,0,-31,8,39,0.05,3.0
3.199,0,-31,8,39,0.05,3.0
3.199,0,-31,8,39,0.05,3.0
3.199,0,-31,8,39,0.05,3.0
3.2,0,-31,8,39,0.05,3.0
3.2,0,-31,8,39,0.05,3.0
3.2,0,-31,8,39,0.05,3.0
3.201,0,-31,8,39,0.05,3.0
3.201,0,-31,8,39,0.05,3.0
3.201,0,-31,8,39,0.05,3.0
3.201,0,-31,8,39,0.05,3.0
3.202,0,-31,8,39,0.05,3.0
3.202,0,-31,8,39,0.05,3.0
3.202,0,-31,8,39,0.05,3.0
3.202,0,-31,8,39,0.05,3.0
3.203,0,-31,8,39,0.05,3.0
3.203,0,-31,8,39,0.05,3.0
3.203,0,-31,8,39,0.05,3.0
3.204,0,-31,8,39,0.05,3.0
3.204,0,-31,8,39,0.05,3.0
3.204,0,-31,8,39,0.05,3.0
3.204,0,-31,8,39,0.05,3.0
3.205,0,-31,8,39,0.05,3.0
3.205,0,-31,8,39,0.05,3.0
3.205,0,-31,8,39,0.05,3.0
3.206,0,-31,8,39,0.05,3.0
3.206,0,-31,8,39,0.05,3.0
3.206,0,-31,8,39,0.05,3.0
3.206,0,-31,8,39,0.05,3.0
3.207,0,-31,8,39,0.05,3.0
3.207,0,-31,8,39,0.05,3.0
3.207,0,-31,8,39,0.05,3.0
3.208,0,-31,8,39,0.05,3.0
3.208,0,-31,8,39,0.05,3.0
3.208,0,-31,8,39,0.05,3.0
3.208,0,-31,8,39,0.05,3.0
3.209,0,-31,8,39,0.05,3.0
3.209,0,-31,8,39,0.05,3.0
3.209,0,-31,8,39,0.05,3.0
3.209,0,-31,8,39,0.05,3.0
3.21,0,-31,8,39,0.05,3.0
3.21,0,-31,8,39,0.05,3.0
3.21,0,-31,8,39,0.05,3.0
3.211,0,-31,8,39,0.05,3.0
3.211,0,-31,8,39,0.05,3.0
3.211,0,-31,8,39,0.05,3.0
3.211,0,-31,8,39,0.05,3.0
3.212,0,-31,8,39,0.05,3.0
3.212,0,-31,8,39,0.05,3.0
3.212,0,-31,8,39,0.05,3.0
3.212,0,-31,8,39,0.05,3.0
3.213,0,-31,8,39,0.05,3.0
3.213,0,-31,8,39,0.05,3.0
3.213,0,-31,8,39,0.05,3.0
3.214,0,-31,8,39,0.05,3.0
3.214,0,-31,8,39,0.05,3.0
3.214,0,-31,8,39,0.05,3.0
3.214,0,-31,8,39,0.05,3.0
3.215,0,-31,8,39,0.05,3.0
3.215,0,-31,8,39,0.05,3.0
3.215,0,-31,8,39,0.05,3.0
3.216,0,-31,8,39,0.05,3.0
3.216,0,-31,8,39,0.05,3.0
3.216,0,-31,8,39,0.05,3.0
3.216,0,-31,8,39,0.05,3.0
3.217,0,-31,8,39,0.05,3.0
3.217,0,-31,8,39,0.05,3.0
3.217,0,-31,8,39,0.05,3.0
3.217,0,-31,8,39,0.05,3.0
3.218,0,-31,8,39,0.05,3.0
3.218,0,-31,8,39,0.05,3.0
3.218,0,-31,8,39,0.05,3.0
3.219,0,-31,8,39,0.05,3.0
3.219,0,-31,8,39,0.05,3.0
3.219,0,-31,8,39,0.05,3.0
3.219,0,-31,8,39,0.05,3.0
3.22,0,-31,8,39,0.05,3.0
3.22,0,-31,8,39,0.05,3.0
3.22,0,-31,8,39,0.05,3.0
3.22,0,-31,8,39,0.05,3.0
3.221,0,-31,8,39,0.05,3.0
3.221,0,-31,8,39,0.05,3.0
3.222,0,-31,8,39,0.05,3.0
3.222,0,-31,8,39,0.05,3.0
3.222,0,-31,8,39,0.05,3.0
3.222,0,-31,8,39,0.05,3.0
3.223,0,-31,8,39,0.05,3.0
3.223,0,-31,8,39,0.05,3.0
3.223,0,-31,8,39,0.05,3.0
3.224,0,-31,8,39,0.05,3.0
3.224,0,-31,8,39,0.05,3.0
3.224,0,-31,8,39,0.05,3.0
3.225,0,-31,8,39,0.05,3.0
3.225,0,-31,8,39,0.05,3.0
3.225,0,-31,8,39,0.05,3.0
3.226,0,-31,8,39,0.05,3.0
3.226,0,-31,8,39,0.05,3.0
3.226,0,-31,8,39,0.05,3.0
3.226,0,-31,8,39,0.05,3.0
3.227,0,-31,8,39,0.05,3.0
3.227,0,-31,8,39,0.05,3.0
3.227,0,-31,8,39,0.05,3.0
3.228,0,-31,8,39,0.05,3.0
3.228,0,-31,8,39,0.05,3.0
3.228,0,-31,8,39,0.05,3.0
3.228,0,-31,8,39,0.05,3.0
3.229,0,-31,8,39,0.05,3.0
3.229,0,-31,8,39,0.05,3.0
3.229,0,-31,8,39,0.05,3.0
3.23,0,-31,8,39,0.05,3.0
3.23,0,-31,8,39,0.05,3.0
3.23,0,-31,8,39,0.05,3.0
3.231,0,-31,8,39,0.05,3.0
3.231,0,-31,8,39,0.05,3.0
3.231,0,-31,8,39,0.05,3.0
3.231,0,-31,8,39,0.05,3.0
3.232,0,-31,8,39,0.05,3.0
3.232,0,-31,8,39,0.05,3.0
3.232,0,-31,8,39,0.05,3.0
3.232,0,-31,8,39,0.05,3.0
3.233,0,-31,8,39,0.05,3.0
3.233,0,-31,8,39,0.05,3.0
3.233,0,-31,8,39,0.05,3.0
3.233,0,-31,8,39,0.05,3.0
3.234,0,-31,8,39,0.05,3.0
3.234,0,-31,8,39,0.05,3.0
3.234,0,-31,8,39,0.05,3.0
3.235,0,-31,8,39,0.05,3.0
3.235,0,-31,8,39,0.05,3.0
3.235,0,-31,8,39,0.05,3.0
3.235,0,-31,8,39,0.05,3.0
3.236,0,-31,8,39,0.05,3.0
3.236,0,-31,8,39,0.05,3.0
3.236,0,-31,8,39,0.05,3.0
3.237,0,-31,8,39,0.05,3.0
3.237,0,-31,8,39,0.05,3.0
3.237,0,-31,8,39,0.05,3.0
3.237,0,-31,8,39,0.05,3.0
3.238,0,-31,8,39,0.05,3.0
3.238,0,-31,8,39,0.05,3.0
3.238,0,-31,8,39,0.05,3.0
3.239,0,-31,8,39,0.05,3.0
3.239,0,-31,8,39,0.05,3.0
3.239,0,-31,8,39,0.05,3.0
3.239,0,-31,8,39,0.05,3.0
3.24,0,-31,8,39,0.05,3.0
3.24,0,-31,8,39,0.05,3.0
3.24,0,-31,8,39,0.05,3.0
3.24,0,-31,8,39,0.05,3.0
3.241,0,-31,8,39,0.05,3.0
3.241,0,-31,8,39,0.05,3.0
3.241,0,-31,8,39,0.05,3.0
3.242,0,-31,8,39,0.05,3.0
3.242,0,-31,8,39,0.05,3.0
3.242,0,-31,8,39,0.05,3.0
3.242,0,-31,8,39,0.05,3.0
3.243,0,-31,8,39,0.05,3.0
3.243,0,-31,8,39,0.05,3.0
3.243,0,-31,8,39,0.05,3.0
3.244,0,-31,8,39,0.05,3.0
3.244,0,-31,8,39,0.05,3.0
3.244,0,-31,8,39,0.05,3.0
